node_id,distance_to_node,time,ego_id,foe_id,min_ttc,max_drac,pet
cluster_10917990606_663844223,5.891883475210951e-05,10.0,18,15,1.48,5.35,
13300645527,5.2912928823863096e-05,15.5,26,17,2.65,0.23,
13300645527,5.2912928823863096e-05,15.5,17,26,2.65,0.23,
13300645527,5.685941973287596e-05,18.0,17,28,2.33,2.41,
13300645527,5.685941973287596e-05,18.0,28,17,2.33,2.41,
13300645527,2.0656763855809276e-05,18.0,28,26,1.4,2.83,
13300645527,1.9554826036158026e-05,22.5,26,28,1.72,0.88,
cluster_10560867453_663943486,0.00010543338366181088,46.5,33,68,1.82,2.88,0.96
cluster_1177212073_13300645524_664471560,0.00013414391658935341,43.5,73,55,1.77,2.0,
1177161219,8.3571208400612e-05,54.0,46,32,2.4,3.11,
cluster_10560867453_663943486,0.00010543338366181088,46.5,68,33,1.82,2.88,0.96
cluster_1177211838_13300645525_13300645528,7.136593765422001e-05,10.5,15,11,2.76,1.76,
1177161219,5.401643628672777e-05,48.5,32,30,2.48,0.84,
1177161219,8.3571208400612e-05,54.0,32,46,2.4,3.11,
cluster_1177211838_13300645525_13300645528,7.136593765422001e-05,10.5,11,15,2.76,1.76,
1177161219,5.401643628672777e-05,48.5,30,32,2.48,0.84,
cluster_1177211353_1177211711,0.00019658982548097025,45.0,17,28,2.77,1.95,
13300645527,3.237757410457488e-05,25.5,28,40,1.92,2.44,
cluster_1177211353_1177211711,0.00019658982548097025,45.0,28,17,2.77,1.95,
13300645527,3.237757410457488e-05,25.5,40,28,1.92,2.44,
13300645527,6.346572709315531e-05,50.5,34,55,1.87,3.71,
cluster_11158897100_11158897101_11158897102_664471748_#1more,0.0002614506859606199,65.0,69,57,1.02,3.35,
cluster_10560867453_663943486,0.00018213333835517907,56.5,54,95,1.34,1.63,
13300645527,3.8147243780216634e-05,55.5,34,73,1.26,1.97,
cluster_10560867453_663943486,0.0001327605893672955,63.0,101,95,1.78,3.08,
13300645527,3.8147243780216634e-05,58.0,73,34,1.26,1.97,
cluster_11158897100_11158897101_11158897102_664471748_#1more,0.0002614506859606199,65.0,57,69,1.02,3.35,
cluster_10281958932_663804338,9.694282967108737e-05,72.0,109,29,3.47,3.33,3.16
cluster_10917990606_663844223,0.00015373908241920358,2.5,2,0,2.2,2.15,
cluster_10560867453_663943486,0.00018213333835517907,56.5,95,54,1.34,1.63,
cluster_10560867453_663943486,0.0001327605893672955,63.0,95,101,1.78,3.08,
cluster_10281958932_663804338,9.694282967108737e-05,72.0,29,109,3.47,3.33,3.16
cluster_13298747747_13298747748_13298747749_13298747755_#2more,0.0002106550814801728,71.5,67,10,1.79,2.45,
1177161219,7.75437669356153e-06,72.5,14,51,1.99,1.26,1.3
1177161219,7.75437669356153e-06,72.5,51,14,1.99,1.26,1.3
cluster_11158897100_11158897101_11158897102_664471748_#1more,0.0002614506859606199,76.0,94,69,1.16,2.95,
cluster_1177212073_13300645524_664471560,0.00013414391658935341,72.0,122,110,1.94,2.68,
cluster_1177211353_1177211711,7.783659425637149e-05,89.0,139,34,0.64,3.8,1.57
cluster_13298740740_664446558,6.527502140239539e-05,56.5,35,65,2.1,2.24,
cluster_13298740740_664446558,6.527502140239539e-05,56.5,65,35,2.1,2.24,
cluster_10917990606_663844223,6.008882388185018e-05,89.5,77,45,2.16,3.26,
cluster_11158897100_11158897101_11158897102_664471748_#1more,0.0002614506859606199,76.0,69,94,1.16,2.95,
1177160399,7.786277939573642e-05,54.0,62,84,1.27,1.94,
1177160399,6.938305102765993e-05,90.0,126,85,2.1,2.3,
1177160599,1.2732890240414851e-05,94.0,120,145,,2.25,1.76
1177160599,1.2732890240414851e-05,94.0,145,120,,2.25,1.76
664446557,5.25888510091186e-05,93.0,43,117,2.03,2.4,
1177160399,7.786277939573642e-05,54.0,84,62,1.27,1.94,
664446557,5.25888510091186e-05,93.0,117,43,2.03,2.4,
1174832855,4.0322916104895175e-05,98.0,164,159,,1.81,1.27
1177160403,9.440524066049858e-05,91.0,9,46,1.84,4.06,
cluster_10281958925_10281958926_6508834064_6508834065_#1more,0.00021310818610705747,95.5,76,135,2.66,1.79,
1177161219,5.324993540900527e-06,101.0,15,41,1.89,2.31,3.94
6544715978,2.025173250141523e-05,101.0,121,150,1.02,5.08,1.3
cluster_10281958925_10281958926_6508834064_6508834065_#1more,0.00021310818610705747,95.5,135,76,2.66,1.79,
1177160403,9.440524066049858e-05,91.0,46,9,1.84,4.06,
cluster_10917990606_663844223,0.00015373908241920358,1.5,0,1,1.03,2.55,
cluster_10917990606_663844223,0.00015373908241920358,2.5,0,2,2.2,2.15,
cluster_10917990606_663844223,0.00015373908241920358,1.5,1,0,1.03,2.55,
1177161219,3.682406587838244e-06,101.0,15,84,5.09,3.54,1.37
cluster_10281958925_10281958926_6508834064_6508834065_#1more,0.0002336252658530999,61.5,48,12,2.35,2.08,
cluster_13298747747_13298747748_13298747749_13298747755_#2more,0.00016461953327982282,74.5,99,112,1.07,2.07,
cluster_13298747747_13298747748_13298747749_13298747755_#2more,0.00013068577469212077,98.0,99,67,2.1,2.2,
cluster_11158897100_11158897101_11158897102_664471748_#1more,0.0002668010789563163,93.0,114,94,1.15,2.85,
6544715978,2.025173250141523e-05,101.0,150,121,1.02,5.08,1.3
11843639551,4.537969609069706e-05,101.5,39,1,1.18,4.36,1.74
cluster_10281958925_10281958926_6508834064_6508834065_#1more,0.0002943563565568203,63.0,48,16,1.36,2.6,
cluster_11158897100_11158897101_11158897102_664471748_#1more,0.0002668010789563163,93.0,94,114,1.15,2.85,
cluster_10281958925_10281958926_6508834064_6508834065_#1more,0.00019725959096935934,6.0,12,7,1.21,2.24,
cluster_11158897100_11158897101_11158897102_664471748_#1more,0.00030703517963717356,101.5,114,140,1.36,3.01,
1174832855,8.704322774999035e-05,100.5,166,159,1.86,0.75,
cluster_13298747747_13298747748_13298747749_13298747755_#2more,0.00013068577469212077,95.0,67,112,1.17,2.93,
cluster_13298747747_13298747748_13298747749_13298747755_#2more,0.00013068577469212077,98.0,67,99,2.1,2.2,
1177161022,0.00031330295407590455,88.0,138,70,1.27,2.83,
cluster_10281958925_10281958926_6508834064_6508834065_#1more,0.0003314028430226389,88.5,138,48,2.42,2.11,
1174832855,4.0322916104895175e-05,98.0,159,164,,1.81,1.27
cluster_13298747747_13298747748_13298747749_13298747755_#2more,0.00016461953327982282,74.5,112,99,1.07,2.07,
cluster_13298747747_13298747748_13298747749_13298747755_#2more,0.00013068577469212077,95.0,112,67,1.17,2.93,
cluster_10560867453_663943486,0.0001327605893672955,103.5,158,168,2.7,1.18,
cluster_10560867453_663943486,0.0001327605893672955,103.5,168,158,2.7,1.18,
1177160399,6.938305102765993e-05,67.5,84,41,2.38,2.0,
1177161219,3.682406587838244e-06,101.0,84,15,5.09,3.54,1.37
1177212077,0.00017493048442223646,2.5,2,1,1.45,1.84,
cluster_10281958925_10281958926_6508834064_6508834065_#1more,0.00029360536708060073,89.0,138,16,2.85,1.82,
1177212077,0.00017493048442223646,2.5,1,2,1.45,1.84,
1177161483,0.00011063106124423098,64.0,70,48,1.4,3.25,
cluster_10281958925_10281958926_6508834064_6508834065_#1more,0.00029360536708060073,64.5,70,16,2.74,1.96,
1174832855,8.704322774999035e-05,100.5,159,166,1.86,0.75,
11843639551,4.537969609069706e-05,101.5,1,39,1.18,4.36,1.74
cluster_1177211353_1177211711,0.0001133447619789012,59.0,34,50,1.35,3.3,
cluster_1177211353_1177211711,7.783659425637149e-05,87.5,34,139,0.64,3.8,1.57
cluster_1177211353_1177211711,0.0001133447619789012,59.0,50,34,1.35,3.3,
cluster_11158897100_11158897101_11158897102_664471748_#1more,0.00033385993880143664,106.5,59,140,1.86,2.07,
1177161022,0.00031330295407590455,88.0,70,138,1.27,2.83,
1177161022,0.00031330295407590455,100.5,70,35,1.92,2.95,
cluster_11158897100_11158897101_11158897102_664471748_#1more,0.00033385993880143664,100.0,140,59,1.86,2.07,
cluster_11158897100_11158897101_11158897102_664471748_#1more,0.00030703517963717356,101.5,140,114,1.36,3.01,
1177160403,5.160697091599688e-05,105.0,142,20,2.25,2.39,
1177211334,0.00012533091285834308,92.0,149,2,2.94,0.6,
1177161219,9.40477729396916e-06,114.5,18,90,,3.15,
1177160403,5.160697091599688e-05,105.0,20,142,2.25,2.39,
1177211334,0.00012533091285834308,92.0,2,149,2.94,0.6,
cluster_10279701142_664471710,9.771177239537115e-05,116.5,195,1,0.25,4.73,
cluster_10281958925_10281958926_6508834064_6508834065_#1more,8.411902004851337e-05,104.5,76,175,1.15,3.86,
cluster_10279701142_664471710,0.00012328089112983222,116.5,195,2,0.87,3.5,
664446557,8.093548506194578e-05,122.5,72,164,2.32,2.96,
cluster_10281958925_10281958926_6508834064_6508834065_#1more,8.411902004851337e-05,104.5,175,76,1.15,3.86,
cluster_10279701142_664471710,9.771177239537115e-05,116.5,1,195,0.25,4.73,
1177161219,9.40477729396916e-06,114.5,90,18,,3.15,
cluster_1177160373_664472773,6.405886550946e-05,121.5,183,154,,3.4,3.35
cluster_1177160373_664472773,3.370688134513571e-05,119.5,154,183,4.33,3.4,3.35
1177160399,6.938305102765993e-05,90.0,85,126,2.1,2.3,
cluster_10279701142_664471710,0.00012328089112983222,116.5,2,195,0.87,3.5,
cluster_10279701142_664471710,9.304437439200257e-05,117.0,2,98,2.32,1.23,
10281958928,4.2298195119675416e-05,123.5,104,48,2.39,2.85,
1177211785,0.0001051200405023818,108.0,171,180,1.18,3.35,
cluster_10281958922_663940594,0.00017467354081999979,45.5,55,73,0.98,3.93,
13300645527,6.346572709315531e-05,52.0,55,34,1.87,3.71,
cluster_10917990606_663844223,3.272779652125806e-05,54.0,55,0,,3.64,
cluster_10281958922_663940594,0.00017467354081999979,59.5,73,55,0.98,3.93,
10281958928,7.807310756327764e-05,123.5,205,104,1.21,1.12,
cluster_10281958925_10281958926_6508834064_6508834065_#1more,0.000230098486912942,110.0,61,35,1.6,2.55,
664446557,8.093548506194578e-05,122.5,164,72,2.32,2.96,
10281958928,7.807310756327764e-05,123.5,104,205,1.21,1.12,
cluster_13298740740_664446558,6.530116535994055e-05,122.0,155,58,2.3,2.08,
cluster_11944729366_664471711,0.00010592091378186864,125.0,107,169,2.87,1.61,3.25
cluster_10281958925_10281958926_6508834064_6508834065_#1more,0.00020207817636230875,110.5,61,138,2.77,1.75,
1174832475,4.279942021348056e-05,126.0,187,106,1.74,2.03,
1190128211,0.00020720425789387426,88.0,56,148,1.78,2.28,
1177161154,2.2194208963435854e-05,127.5,149,191,2.33,2.13,0.95
1177161154,2.2194208963435854e-05,127.5,191,149,2.33,2.13,0.95
1177211785,0.0001051200405023818,108.0,180,171,1.18,1.91,
cluster_1177212073_13300645524_664471560,0.00022672665192410214,88.0,148,38,1.47,1.52,
1177161219,8.3571208400612e-05,120.0,26,18,1.29,3.3,
cluster_10279701142_664471710,0.00011751796282509734,116.5,133,195,0.92,2.56,
cluster_10279701142_664471710,0.00011751796282509734,116.5,195,133,0.92,2.56,
1177160403,5.160697091599688e-05,129.0,15,5,2.51,3.42,
1177161219,8.3571208400612e-05,120.0,18,26,1.29,3.3,
1177161631,9.421949300349944e-06,131.0,123,160,,3.0,
1177160399,6.938305102765993e-05,67.5,41,84,2.38,2.0,
1177161219,5.324993540900527e-06,101.0,41,15,1.89,2.31,3.94
663825934,5.638438402216878e-06,112.5,41,24,2.3,1.55,7.63
1177160403,5.160697091599688e-05,129.0,15,8,1.84,2.44,
1177161022,0.0002739075259089312,100.0,35,138,1.05,3.49,
1177161022,0.00031330295407590455,100.5,35,70,1.92,2.95,
cluster_10281958925_10281958926_6508834064_6508834065_#1more,0.00029360536708060073,101.5,35,16,2.97,2.11,
cluster_10281958925_10281958926_6508834064_6508834065_#1more,0.0003314028430226389,101.5,35,48,2.64,2.37,
cluster_10281958925_10281958926_6508834064_6508834065_#1more,0.000230098486912942,110.0,35,61,1.6,2.55,
1190128211,0.00020720425789387426,88.0,148,56,1.78,2.28,
cluster_1177212073_13300645524_664471560,0.00018852552918598492,90.0,148,23,2.29,1.78,
cluster_1177212073_13300645524_664471560,0.00016289544074036722,95.0,148,116,2.65,1.53,
cluster_1177212073_13300645524_664471560,0.00013414391658935341,108.0,180,56,1.62,2.54,
1177161022,0.0002739075259089312,100.0,138,35,1.05,3.49,
cluster_10281958925_10281958926_6508834064_6508834065_#1more,0.00020207817636230875,110.5,138,61,2.77,1.75,
1177160403,5.160697091599688e-05,129.0,15,10,2.43,1.87,
cluster_13298747747_13298747748_13298747749_13298747755_#2more,0.00010174789666539226,134.5,225,99,2.44,1.41,
cluster_13298747747_13298747748_13298747749_13298747755_#2more,0.0001233597413124342,132.0,99,166,2.06,2.66,
cluster_10917990606_663844223,6.008882388185018e-05,132.5,190,122,2.51,2.52,
cluster_13298747747_13298747748_13298747749_13298747755_#2more,4.322076498563265e-05,134.5,225,166,2.12,1.1,
cluster_13298747747_13298747748_13298747749_13298747755_#2more,0.0001233597413124342,132.0,166,99,2.06,2.66,
cluster_13298747747_13298747748_13298747749_13298747755_#2more,4.322076498563265e-05,134.5,166,225,2.12,1.1,
cluster_11158897100_11158897101_11158897102_664471748_#1more,0.0002614506859606199,125.5,170,59,1.35,3.08,
cluster_10917990606_663844223,6.008882388185018e-05,132.5,190,116,2.24,1.98,
cluster_10281965682_663944134,0.00012309930443796385,134.5,215,32,1.12,3.51,
cluster_13298747747_13298747748_13298747749_13298747755_#2more,0.00010174789666539226,134.5,99,225,2.44,1.41,
cluster_13298740740_664446558,6.530116535994055e-05,110.0,117,58,2.78,1.4,
1177161483,0.00011063106124423098,64.0,48,70,1.4,3.25,
cluster_10281958925_10281958926_6508834064_6508834065_#1more,0.00019725959096935934,77.5,48,7,2.89,1.86,
cluster_10281958925_10281958926_6508834064_6508834065_#1more,0.0003314028430226389,88.5,48,138,2.42,2.11,
cluster_10281958925_10281958926_6508834064_6508834065_#1more,0.0003314028430226389,101.5,48,35,2.64,2.37,
10281958928,4.2298195119675416e-05,123.5,48,104,2.39,2.85,
cluster_10279761592_11942000229_11942000233_663943274,0.00011941785219705595,121.0,88,111,1.31,2.97,
cluster_10279761592_11942000229_11942000233_663943274,0.00011941785219705595,121.0,111,88,1.31,2.97,
cluster_5424222000_664446587,8.469705221756199e-05,138.0,75,80,1.97,4.46,
cluster_10279761592_11942000229_11942000233_663943274,0.00011941785219705595,131.5,111,103,1.84,2.67,
cluster_10281965682_663944134,0.00012309930443796385,134.5,32,215,1.12,3.51,
cluster_13298740740_664446558,6.530116535994055e-05,108.0,102,58,2.23,3.05,
cluster_13298747747_13298747748_13298747749_13298747755_#2more,0.00013068577469212077,4.5,5,8,1.23,1.82,
cluster_13298747747_13298747748_13298747749_13298747755_#2more,0.00013068577469212077,6.5,5,10,2.75,1.22,
1177160403,5.160697091599688e-05,129.0,5,15,2.51,3.42,
cluster_5424222000_664446587,8.469705221756199e-05,138.0,80,75,1.97,4.46,
cluster_13298747747_13298747748_13298747749_13298747755_#2more,0.00013068577469212077,4.5,8,5,1.23,1.82,
cluster_13298747747_13298747748_13298747749_13298747755_#2more,0.00013068577469212077,6.5,10,5,2.75,1.22,
cluster_11942000232_664472748,7.795572357906995e-05,137.5,184,153,2.16,2.35,
cluster_10281958922_663940594,0.0001085751381393415,144.0,77,138,1.29,1.95,0.6
664446557,0.00011887273279195319,114.5,53,106,2.75,1.46,
cluster_13298747747_13298747748_13298747749_13298747755_#2more,0.0001674960777077758,6.5,8,10,1.71,0.69,
1177160403,5.160697091599688e-05,129.0,8,15,1.84,2.44,
cluster_13298747747_13298747748_13298747749_13298747755_#2more,0.0001674960777077758,6.5,10,8,1.71,0.69,
cluster_13298747747_13298747748_13298747749_13298747755_#2more,0.0002106550814801728,71.5,10,67,1.79,2.45,
1177160403,5.160697091599688e-05,129.0,10,15,2.43,1.87,
1177161219,0.00010200880055214587,127.0,26,94,1.15,2.85,
cluster_11158897100_11158897101_11158897102_664471748_#1more,0.0002614506859606199,125.5,59,170,1.35,3.08,
1177161631,8.873386554343146e-05,144.5,123,51,1.91,4.07,
cluster_10281958925_10281958926_6508834064_6508834065_#1more,0.00019725959096935934,132.0,61,206,1.38,2.96,
cluster_10281958925_10281958926_6508834064_6508834065_#1more,0.00019725959096935934,132.0,206,61,1.38,2.96,
664446557,0.00011887273279195319,114.5,106,53,2.75,1.46,
1174832475,4.279942021348056e-05,126.0,106,187,1.74,2.03,
cluster_11942000227_11942000230_6173706992,0.00010614543381208975,119.5,46,130,2.55,2.88,
cluster_11942000227_11942000230_6173706992,0.00010614543381208975,119.5,130,46,2.55,2.88,
cluster_10281958922_663940594,0.0001085751381393415,144.0,138,77,1.29,1.95,0.6
1177161219,0.00010200880055214587,128.5,26,140,2.47,1.94,
cluster_664446535_8507351665_8507351666,5.4434519153010445e-05,147.5,211,52,2.12,2.17,
664446590,4.3854783801467487e-05,147.0,243,130,2.03,3.41,
cluster_664446535_8507351665_8507351666,5.4434519153010445e-05,147.5,211,57,2.48,1.73,
664446590,4.3854783801467487e-05,147.0,130,243,2.03,3.41,
cluster_11944729366_664471711,0.00014815942040774107,148.0,62,12,2.67,1.22,
cluster_10279701141_664472702,9.386762991074034e-05,153.0,170,209,1.7,2.13,
cluster_13298740740_664446558,1.910492868972921e-06,154.0,53,52,,3.64,
1177161631,8.873386554343146e-05,144.5,51,123,1.91,4.07,
cluster_10279701142_664471710,0.0001654233986334615,101.5,134,98,1.49,1.83,
cluster_10279701142_664471710,0.00012459178333715142,103.0,144,98,1.25,2.4,
cluster_10279701142_664471710,0.00016270771232772943,113.0,185,98,1.75,2.27,
cluster_13298740740_664446558,5.9092424454417275e-06,155.0,53,57,,3.34,
cluster_10279701142_664471710,0.00012459178333715142,108.5,134,144,2.33,1.95,
cluster_10279701142_664471710,0.00012459178333715142,108.0,144,134,2.33,1.95,
cluster_10279701142_664471710,0.00012459178333715142,123.5,144,185,2.3,1.91,
1177160864,5.882303348763076e-05,128.5,65,209,2.79,1.52,
1177160864,5.882303348763076e-05,128.5,209,65,2.79,1.52,
cluster_10279701141_664472702,9.386762991074034e-05,153.0,209,170,1.7,2.13,
1177160864,7.756573403145904e-05,156.5,209,101,1.08,3.99,
cluster_13298747733_13298747737_663825864,0.00012048693306874763,130.5,214,43,1.09,1.58,
cluster_13298747733_13298747737_663825864,0.00012048693306874763,138.5,43,214,1.09,1.58,
1190128320,1.2995452321157609e-05,159.5,107,146,2.06,3.14,1.33
1177160864,7.756573403145904e-05,159.5,209,229,2.31,3.34,
1177160864,7.756573403145904e-05,162.5,209,241,2.99,2.47,
cluster_10281958925_10281958926_6508834064_6508834065_#1more,0.00021882949897390083,149.0,206,102,1.2,3.18,
cluster_10281958925_10281958926_6508834064_6508834065_#1more,0.00021882949897390083,153.5,206,223,1.9,3.18,
cluster_10279701142_664471710,0.0001654233986334615,101.5,98,134,1.49,1.83,
cluster_10279701142_664471710,0.00012459178333715142,103.0,98,144,1.25,2.4,
cluster_10279701142_664471710,0.00016270771232772943,113.0,98,185,1.75,2.27,
cluster_10279701142_664471710,9.304437439200257e-05,117.0,98,2,2.32,1.23,
cluster_10279701142_664471710,9.771177239537115e-05,154.0,141,98,0.95,1.82,
13974625520,2.362732760235373e-05,163.5,215,212,3.02,2.68,1.39
1177160864,8.973246473213677e-05,144.0,241,229,1.29,3.58,
cluster_10281958925_10281958926_6508834064_6508834065_#1more,0.0002563532857863883,145.5,102,223,0.94,3.56,
cluster_10281958925_10281958926_6508834064_6508834065_#1more,0.00021882949897390083,149.0,102,206,1.2,3.18,
13974625520,2.362732760235373e-05,163.0,212,215,3.02,2.68,1.39
cluster_10281958925_10281958926_6508834064_6508834065_#1more,0.0002563532857863883,145.5,223,102,0.94,3.56,
cluster_10281958925_10281958926_6508834064_6508834065_#1more,0.00021882949897390083,153.5,223,206,1.9,3.18,
cluster_1177211394_1177211683,7.349511186572246e-05,166.5,260,90,2.3,3.05,
cluster_1177211394_1177211683,7.349511186572246e-05,166.5,90,260,2.3,3.05,
1177211785,0.00011987180067032146,151.0,189,217,1.14,2.6,
cluster_1177211838_13300645525_13300645528,0.00014170160987467872,151.5,189,220,1.79,2.21,
664446557,7.98238931608675e-05,168.0,202,258,1.77,1.87,4.26
cluster_1177211838_13300645525_13300645528,8.459605890151932e-05,132.0,217,201,2.75,1.01,
cluster_1177211838_13300645525_13300645528,8.558536953347514e-05,133.0,220,201,1.44,2.74,
cluster_13298747747_13298747748_13298747749_13298747755_#2more,0.00013068577469212077,160.5,231,108,1.28,2.66,
1186025330,1.3932768815839569e-05,170.5,19,275,0.65,5.65,2.41
1186025330,1.3932768815839569e-05,170.5,275,19,0.65,5.65,2.41
cluster_10279701142_664471710,9.771177239537115e-05,156.0,98,141,0.95,1.82,
cluster_10279701142_664471710,0.00012459178333715142,159.5,98,216,2.73,1.93,
cluster_1186025344_13298747727_13298747728_13298747738_#3more,0.0002527868846278348,122.5,57,52,1.0,3.54,
cluster_664446535_8507351665_8507351666,5.4434519153010445e-05,147.5,57,211,2.48,1.73,
cluster_13298740740_664446558,5.9092424454417275e-06,155.5,57,53,,3.34,
cluster_1189036595_13298747741,7.582029098176908e-05,163.5,57,72,2.33,1.51,
cluster_1186025344_13298747727_13298747728_13298747738_#3more,0.0002527868846278348,122.5,52,57,1.0,3.54,
cluster_664446535_8507351665_8507351666,5.4434519153010445e-05,147.5,52,211,2.12,2.17,
cluster_13298740740_664446558,1.910492868972921e-06,154.0,52,53,,3.64,
cluster_1177211838_13300645525_13300645528,8.459605890151932e-05,132.0,201,217,2.75,1.01,
cluster_1177211838_13300645525_13300645528,8.558536953347514e-05,133.0,201,220,1.44,2.74,
cluster_10281958925_10281958926_6508834064_6508834065_#1more,0.00019725959096935934,6.0,7,12,1.21,2.24,
cluster_10281958925_10281958926_6508834064_6508834065_#1more,0.00019725959096935934,62.5,7,16,2.43,1.94,
cluster_10281958925_10281958926_6508834064_6508834065_#1more,0.00019725959096935934,77.5,7,48,2.89,1.86,
cluster_11944729366_664471711,0.00012914710577009017,127.5,7,16,2.35,1.72,
cluster_13298747747_13298747748_13298747749_13298747755_#2more,0.000165506739251685,102.5,135,108,1.5,1.03,
cluster_13298747747_13298747748_13298747749_13298747755_#2more,0.00013068577469212077,163.0,135,231,2.25,1.77,
8021489624,0.00010328564890433726,167.0,240,108,1.22,2.28,
cluster_13298740740_664446558,9.516579088573399e-05,159.0,53,194,1.23,3.16,
cluster_13298740740_664446558,9.516579088573399e-05,160.5,53,137,2.16,2.26,
cluster_13298740740_664446558,9.516579088573399e-05,165.5,53,187,2.32,3.08,
1177211785,9.190726687617251e-05,157.5,263,189,1.08,2.68,
cluster_11944729366_664471711,0.00010153680858978512,174.0,227,178,2.77,1.44,2.79
1177161549,6.846807797006852e-05,153.0,245,126,2.52,2.86,
1177160864,8.078959136031907e-05,156.5,245,163,1.32,1.62,
cluster_10281958925_10281958926_6508834064_6508834065_#1more,0.00013983108825149987,176.5,205,292,1.99,0.84,
664446557,5.08964480386223e-06,168.0,75,202,,1.37,0.98
1177160864,3.1036435113832645e-05,147.0,101,229,2.38,2.12,
1177160864,7.756573403145904e-05,156.5,101,209,1.08,3.99,
1177160864,4.803639290523733e-05,162.5,101,241,2.81,2.47,
cluster_13298747747_13298747748_13298747749_13298747755_#2more,0.00013068577469212077,163.0,231,135,2.25,1.77,
cluster_10281958925_10281958926_6508834064_6508834065_#1more,0.00013983108825149987,176.5,292,205,1.99,0.84,
cluster_664446535_8507351665_8507351666,9.695203924335271e-05,156.0,211,175,1.17,3.52,
1177160864,8.973246473213677e-05,144.0,229,241,1.29,3.58,
1177160864,3.1036435113832645e-05,147.0,229,101,2.38,2.12,
1177160864,8.973246473213677e-05,152.5,229,126,2.65,2.28,
1177160864,7.756573403145904e-05,159.5,229,209,2.31,3.34,
cluster_13298747747_13298747748_13298747749_13298747755_#2more,0.000165506739251685,102.5,108,135,1.5,1.03,
cluster_13298747747_13298747748_13298747749_13298747755_#2more,0.00013068577469212077,160.5,108,231,1.28,2.66,
8021489624,0.00010328564890433726,167.0,108,240,1.22,2.28,
cluster_11944729366_664471711,0.00010153680858978512,174.0,178,227,2.77,1.44,2.79
664446557,5.08964480386223e-06,168.0,202,75,,1.37,0.98
cluster_664446535_8507351665_8507351666,9.695203924335271e-05,157.5,211,179,2.15,2.38,
664472699,4.2112382595158814e-05,161.5,252,163,2.24,2.85,
cluster_664446535_8507351665_8507351666,0.00012622536242626344,170.5,125,175,2.04,3.17,
1177160864,0.00013803271541119012,153.0,241,126,2.97,0.97,
1177160864,4.803639290523733e-05,162.5,241,101,2.81,2.47,
1177160864,7.756573403145904e-05,162.5,241,209,2.99,2.47,
1177160864,8.078959136031907e-05,156.5,163,245,1.32,1.62,
664472699,4.2112382595158814e-05,161.5,163,252,2.24,2.85,
1177160864,0.00013803271541119012,153.0,126,241,2.97,0.97,
1177161549,6.846807797006852e-05,153.0,126,245,2.52,2.86,
1177160864,8.973246473213677e-05,155.0,126,229,2.65,2.28,
cluster_10279701142_664471710,0.00015736817525605727,177.0,126,282,1.33,3.07,
1177212157,9.380756195165014e-05,99.0,13,105,1.04,4.17,
1177212157,9.283998643543631e-05,117.5,22,105,1.82,2.82,
1177212157,9.380756195165014e-05,99.0,105,13,1.04,4.17,
1177212157,9.283998643543631e-05,117.5,105,22,1.82,2.82,
1177212157,9.283998643543631e-05,123.0,105,30,2.5,2.66,
1177212157,9.283998643543631e-05,126.5,105,83,2.89,2.41,
13300645527,3.7459916734500704e-05,137.5,105,180,1.48,0.62,
1190128320,7.802819377341827e-05,148.0,239,146,1.0,2.26,
1177161219,9.40477729396916e-06,180.5,198,237,,2.52,1.69
cluster_664446535_8507351665_8507351666,0.00015549915217002465,170.5,125,179,1.77,3.47,
1190128320,7.802819377341827e-05,148.0,146,239,1.0,2.26,
1190128320,1.2995452321157609e-05,159.5,146,107,2.06,3.14,1.33
1177161154,0.00010896477009468989,115.5,193,160,0.96,1.77,
1177161219,9.40477729396916e-06,180.5,237,198,,2.52,1.69
1177212157,0.00012266840361160848,117.5,22,13,1.22,3.14,
cluster_10279761592_11942000229_11942000233_663943274,0.00015794744118605657,131.0,88,103,1.08,3.46,
cluster_10279761592_11942000229_11942000233_663943274,0.0001247070304955857,149.5,88,153,1.87,2.53,
cluster_10279761592_11942000229_11942000233_663943274,0.0001247070304955857,151.0,88,113,2.45,1.64,
cluster_10279761592_11942000229_11942000233_663943274,0.0001247070304955857,163.5,88,188,2.65,1.98,
cluster_10279761592_11942000229_11942000233_663943274,0.00015794744118605657,131.0,103,88,1.08,3.46,
cluster_10279761592_11942000229_11942000233_663943274,0.00011941785219705595,131.5,103,111,1.84,2.67,
cluster_664446535_8507351665_8507351666,0.0001586123772802133,111.0,145,179,1.69,2.38,
cluster_664446535_8507351665_8507351666,0.00012820466296385805,147.5,145,175,2.5,0.86,
cluster_664446535_8507351665_8507351666,0.0001586123772802133,111.0,179,145,1.69,2.38,
1177161154,3.0388487508796733e-05,181.5,248,160,,2.39,1.54
13300645527,4.6371916714681386e-05,176.0,105,220,2.72,2.18,
cluster_10279701142_664471710,0.00016240459418535858,186.0,178,282,2.46,2.27,
1189868548,8.608654052376692e-05,184.5,213,126,2.33,1.63,
1177161154,0.00010896477009468989,115.5,160,193,0.96,1.77,
1177161631,9.421949300349944e-06,131.0,160,123,,3.0,
1177161154,3.0388487508796733e-05,181.5,160,248,,2.39,1.54
6469564795,2.3995326782911355e-05,185.0,43,238,1.73,0.79,1.46
1189868548,8.608654052376692e-05,184.5,126,213,2.33,1.63,
1177160399,6.938305102765993e-05,181.0,236,272,2.39,2.35,
1177160399,6.938305102765993e-05,181.0,272,236,2.39,2.35,
1177161154,0.00010896477009468989,185.0,160,285,2.49,2.65,
cluster_10281958925_10281958926_6508834064_6508834065_#1more,0.00019725959096935934,165.0,223,58,1.18,2.98,
cluster_10281958925_10281958926_6508834064_6508834065_#1more,0.00019725959096935934,166.5,223,86,2.44,2.03,
cluster_10281958925_10281958926_6508834064_6508834065_#1more,0.00019725959096935934,171.0,223,155,2.63,2.33,
6469564795,2.3995326782911355e-05,186.0,238,43,1.73,0.79,1.46
1177161154,0.0001740738311989038,173.0,289,285,3.0,0.69,
cluster_664446535_8507351665_8507351666,9.695203924335271e-05,171.0,211,125,2.32,2.91,
1177161154,0.0001740738311989038,173.0,285,289,3.0,0.69,
cluster_10279701142_664471710,0.00020237598031764878,113.5,185,134,1.2,3.01,
cluster_10279701142_664471710,0.00012459178333715142,123.5,185,144,2.3,1.91,
cluster_10279701142_664471710,0.00015736817525605727,177.0,282,126,1.33,3.07,
cluster_10279701142_664471710,0.00016240459418535858,186.0,282,178,2.46,2.27,
1177161219,5.401643628672777e-05,194.0,146,147,2.43,2.62,
1177161549,6.846807797006852e-05,196.0,111,162,2.93,2.64,
1177161549,6.846807797006852e-05,196.0,162,111,2.93,2.64,
cluster_10279701142_664471710,0.00014509642250165041,166.5,222,173,1.18,2.35,
cluster_10279701142_664471710,0.00011751796282509734,171.0,222,141,1.83,1.78,
1177161483,3.553950797008535e-05,195.0,53,298,,4.12,
1177212157,0.0002558223841989502,49.5,83,3,1.08,4.08,
1177160403,9.851754739147887e-05,167.0,279,26,1.1,2.7,
1177160691,6.631194717834506e-05,196.0,328,267,1.84,4.64,
1177161219,5.401643628672777e-05,194.0,146,210,2.81,1.96,
1177161483,3.553950797008535e-05,195.0,298,53,,4.12,9.04
1177160403,9.851754739147887e-05,167.0,26,279,1.1,2.7,
cluster_10279701142_664471710,0.00020237598031764878,113.5,134,185,1.2,3.01,
cluster_10279701142_664471710,0.00016270771232772943,159.5,134,216,2.11,2.24,
cluster_10281958922_663940594,0.0001800449048907385,99.5,139,128,1.04,3.44,
1177160691,6.631194717834506e-05,196.0,267,328,1.84,4.64,
cluster_10279701142_664471710,0.00011751796282509734,176.0,285,193,1.07,3.57,
1177161154,0.00010896477009468989,185.0,285,160,2.49,2.65,
1177160765,0.00010954244420074983,194.0,324,193,2.18,1.98,
cluster_10279701142_664471710,9.249564618508908e-05,202.0,168,193,3.07,2.03,0.94
cluster_11944729366_664471711,0.00014815942040774107,198.5,252,206,2.69,1.97,
1177160403,0.00012887941683139678,167.0,279,0,1.55,2.01,
1177212157,0.0002558223841989502,49.5,3,83,1.08,4.08,
cluster_11944729366_664471711,0.00014278050579067224,105.5,3,4,1.86,2.92,
1177212157,0.00022502493750051973,126.5,3,30,2.14,2.25,
cluster_10279701142_664471710,0.00014509642250165041,166.5,173,222,1.18,2.35,
cluster_10279701142_664471710,0.00011751796282509734,175.5,193,285,1.07,3.57,
1177160765,0.00010954244420074983,194.0,193,324,2.18,1.98,
1177161483,0.00010494040058267115,202.5,53,194,1.39,3.06,
663825934,1.418212015440947e-05,203.5,132,273,,2.22,1.9
cluster_13298740740_664446558,0.00013788580516288463,143.5,137,194,1.42,1.16,
cluster_13298740740_664446558,9.516579088573399e-05,160.5,137,53,2.16,2.26,
663825934,1.418212015440947e-05,203.5,273,132,,2.22,1.9
1177160403,0.00013013990591638556,176.5,279,1,2.73,1.7,
cluster_1177212073_13300645524_664471560,0.00014280732914767556,28.0,47,45,0.96,2.74,
cluster_1189036595_13298747741,7.582029098176908e-05,162.0,52,72,1.38,1.37,
1177160864,7.756573403145904e-05,203.5,111,289,1.02,3.07,
1177212096,0.00020148215862242347,122.0,139,45,1.3,3.07,
1177160403,0.00012792816421086097,183.5,279,2,2.64,2.2,
1177160864,0.00011569436401662078,187.0,160,289,2.7,1.81,
cluster_10560867453_663943486,0.0001327605893672955,127.5,210,147,2.13,2.49,
1177161219,5.401643628672777e-05,194.0,210,146,2.81,1.96,
1177160403,0.00026043099377163884,179.0,221,2,0.96,1.78,
1177160403,0.00019086327302493276,185.5,221,0,2.47,2.41,
1177160403,0.00021932261205836377,185.5,221,1,2.1,2.56,
1177160864,0.00011569436401662078,187.5,289,160,2.7,1.81,
1177160864,7.756573403145904e-05,203.5,289,111,1.02,3.07,
1177212157,0.00012266840361160848,117.5,13,22,1.22,3.14,
1177212157,0.00012266840361160848,123.0,13,30,2.09,2.85,
1177212157,0.00012266840361160848,126.5,13,83,2.65,2.56,
cluster_10281958922_663940594,0.0001800449048907385,99.5,128,139,1.04,3.44,
cluster_1177212073_13300645524_664471560,8.61299118552604e-05,207.0,326,284,,1.37,0.95
1177160403,0.00026043099377163884,179.0,2,221,0.96,1.78,
cluster_1177212073_13300645524_664471560,0.00016729280856979503,48.5,47,74,1.29,2.54,
cluster_1177212073_13300645524_664471560,0.00020364841444410052,46.0,78,74,1.27,1.78,
cluster_1177211304_1177211692,0.0003675491389956663,117.5,37,6,1.7,0.71,
1177212157,0.0003251946700576398,126.5,37,4,2.95,0.89,
cluster_10279701142_664471710,9.249564618508908e-05,202.0,193,168,3.07,2.03,0.94
1177161483,0.00010494040058267115,192.0,322,137,2.43,1.04,
cluster_1189036595_13298747741,7.582029098176908e-05,162.0,72,52,1.38,1.37,
cluster_1189036595_13298747741,7.582029098176908e-05,163.5,72,57,2.33,1.51,
cluster_10560867453_663943486,0.0001327605893672955,127.5,147,210,2.13,2.49,
1177160403,0.00028225800599107685,194.0,221,191,1.5,3.92,
cluster_13298740740_664446558,0.00021443298474600335,204.0,130,75,2.52,2.86,
1177212096,0.00020369352579404436,123.5,139,47,2.02,2.03,
1177212096,0.00020464434404533996,126.5,139,74,2.99,1.15,
cluster_1177212073_13300645524_664471560,0.00014280732914767556,28.0,45,47,0.96,2.74,
cluster_13298740740_664446558,0.0002378420781101362,178.5,75,127,1.33,3.86,
cluster_13298740740_664446558,0.0002378420781101362,178.5,127,75,1.33,3.86,
cluster_13298740740_664446558,0.00020366659057722872,195.0,127,264,1.99,2.19,
cluster_13298740740_664446558,0.00016445463058341737,195.5,127,258,2.63,2.32,
8021489624,7.272784088003429e-05,187.5,243,240,2.1,2.0,
cluster_13908994425_13908994429_13908994430,0.00010779522657351412,137.5,13,180,1.98,0.88,
8021489624,7.272784088003429e-05,187.5,240,243,2.1,2.0,
1177161483,0.00013552156547654115,192.0,322,187,1.8,0.8,
1177160403,9.851754739147887e-05,175.0,26,0,1.98,2.34,
1177160403,9.851754739147887e-05,177.0,26,1,2.94,1.96,
1177160403,9.851754739147887e-05,183.5,26,2,2.94,2.04,
1177160403,0.0002708685987449246,196.0,221,257,2.69,2.67,
cluster_1177212073_13300645524_664471560,8.61299118552604e-05,207.0,284,326,,1.37,0.95
1177160864,4.086751896147213e-05,212.0,318,235,2.43,3.46,
1177161483,0.00010494040058267115,204.0,53,137,2.68,2.14,
cluster_1186025344_13298747727_13298747728_13298747738_#3more,0.0002527868846278348,176.5,149,84,1.08,3.35,
cluster_1177211838_13300645525_13300645528,8.459605890151932e-05,156.5,189,201,2.67,1.6,
1177211785,9.190726687617251e-05,157.5,189,263,1.08,2.68,
cluster_664446535_8507351665_8507351666,8.379574763301712e-05,205.0,149,225,1.18,2.85,
cluster_664446535_8507351665_8507351666,8.379574763301712e-05,206.5,149,231,2.37,1.37,
cluster_1186025344_13298747727_13298747728_13298747738_#3more,0.0002527868846278348,176.5,84,149,1.08,3.35,
cluster_13298740740_664446558,0.00013788580516288463,143.5,194,137,1.42,1.16,
cluster_13298740740_664446558,9.516579088573399e-05,159.0,194,53,1.23,3.16,
cluster_1177211838_13300645525_13300645528,8.459605890151932e-05,156.5,201,189,2.67,1.6,
cluster_1177211838_13300645525_13300645528,8.459605890151932e-05,160.0,201,263,2.89,1.5,
1177161483,3.4033806031009675e-05,211.0,313,137,,1.13,1.92
cluster_13298740740_664446558,0.0001356623158084721,165.0,194,187,1.66,3.18,
1177161483,0.00010494040058267115,202.5,194,53,1.39,3.06,
cluster_1177212073_13300645524_664471560,0.00020364841444410052,46.0,74,78,1.27,1.78,
cluster_1177212073_13300645524_664471560,0.00016729280856979503,48.5,74,47,1.29,2.54,
cluster_664446535_8507351665_8507351666,0.00015549915217002465,196.5,224,123,1.21,3.09,
cluster_664446535_8507351665_8507351666,0.00012622536242626344,197.0,224,125,1.91,2.79,
cluster_664446535_8507351665_8507351666,9.695203924335271e-05,197.0,224,145,2.26,2.55,
1177212157,0.00013046774554151364,72.5,92,110,1.68,0.67,
cluster_10279701142_664471710,0.00011751796282509734,170.0,173,141,1.0,3.4,
cluster_1177211838_13300645525_13300645528,5.377961215945763e-05,211.0,293,6,2.09,3.38,
1177160864,4.086751896147213e-05,215.0,318,147,2.6,3.28,
1177160864,5.027181869180461e-05,164.0,235,147,2.87,1.73,
1174832716,6.950382358891608e-05,214.0,186,323,1.81,2.94,
1177160864,4.086751896147213e-05,212.0,235,318,2.43,3.46,
1174832716,6.950382358891608e-05,214.0,323,186,1.81,2.94,
cluster_13908994425_13908994429_13908994430,0.00012325959274065782,169.5,13,220,2.14,1.07,
cluster_10279701142_664471710,0.00011751796282509734,170.0,141,173,1.0,3.4,
cluster_10279701142_664471710,0.00011751796282509734,171.0,141,222,1.83,1.78,
cluster_10917990606_663844223,0.00013007979982156994,198.0,327,277,0.97,4.04,
cluster_10281958925_10281958926_6508834064_6508834065_#1more,0.0001091234279094208,213.5,126,101,2.77,2.34,
1177160864,5.027181869180461e-05,164.0,147,235,2.87,1.73,
1177161219,5.401643628672777e-05,194.0,147,146,2.43,2.62,
1177212157,0.00013046774554151364,72.5,110,92,1.68,0.67,
1177212096,7.61725771364e-05,73.5,110,89,1.36,1.47,
cluster_1177212073_13300645524_664471560,0.00013414391658935341,74.5,110,122,1.94,2.68,
1177160864,4.086751896147213e-05,215.0,147,318,2.6,3.28,
664446557,0.00022452242116901983,172.0,265,32,2.68,0.91,
1177160403,0.0001930739985072508,134.0,0,1,1.15,1.73,
1177161219,0.00020072495266307465,146.5,0,140,1.96,3.25,
1177161219,0.00013499092425073756,147.0,0,94,2.76,2.77,
1177160403,0.00012887941683139678,167.0,0,279,1.55,2.01,
1177160403,9.851754739147887e-05,175.0,0,26,1.98,2.34,
1177160403,0.00019086327302493276,183.0,0,2,1.78,2.65,
1177160403,0.00019086327302493276,185.5,0,221,2.47,2.41,
1177212157,0.00028371495418055983,131.5,3,4,1.28,2.59,
1177212157,0.00028371495418055983,133.0,3,6,2.48,1.86,
1177160403,0.0001930739985072508,134.5,1,0,1.15,1.73,
1177160403,0.00013013990591638556,176.5,1,279,2.73,1.7,
1177160403,9.851754739147887e-05,177.0,1,26,2.94,1.96,
664446557,8.093548506194578e-05,172.5,46,124,1.4,1.54,
cluster_11944729366_664471711,0.0002590801448059957,220.0,223,266,1.24,3.02,
10279701147,4.18348256024283e-05,216.5,304,168,2.62,1.48,
664446557,0.00022452242116901983,172.0,32,265,2.68,0.91,
1174832475,4.279942021348056e-05,198.5,32,261,2.75,2.47,
1190128211,2.3725149711314645e-05,219.5,314,364,2.54,1.14,2.86
1177161154,3.1748998551555124e-05,220.5,348,325,,2.56,1.42
1177212096,0.00019476674014302697,81.5,92,136,2.28,1.48,
1177212096,7.61725771364e-05,83.5,92,89,2.93,1.03,
1177212157,0.00016443037764242663,104.0,92,122,2.94,1.87,
1177212096,0.00019476674014302697,81.5,136,92,2.28,1.48,
13300645529,0.0001701469615440011,83.0,136,122,2.1,2.05,
1189868548,0.00010067907723746367,204.5,213,319,0.99,2.91,
664446557,0.00014386903032468818,200.5,228,46,1.26,2.53,
1189868548,0.00010067907723746367,204.5,319,213,0.99,2.91,
cluster_13298740740_664446558,0.00016445463058341737,164.5,187,137,1.15,2.88,
cluster_13298740740_664446558,0.0001356623158084721,165.0,187,194,1.66,3.18,
cluster_13298740740_664446558,9.516579088573399e-05,165.5,187,53,2.32,3.08,
1177161483,0.00013552156547654115,192.0,187,322,1.8,0.8,
cluster_13908994425_13908994429_13908994430,0.0002679820501467331,192.0,315,274,1.57,0.73,
1177212157,0.0003251946700576398,4.0,4,6,1.9,0.69,
cluster_11944729366_664471711,0.00014278050579067224,105.5,4,3,1.86,2.92,
cluster_11944729366_664471711,0.00012914710577009017,106.0,4,83,2.79,1.91,
1177212157,0.0003251946700576398,126.5,4,37,2.95,0.89,
1177212157,0.00028371495418055983,131.5,4,3,1.28,2.59,
1177212157,0.00022502493750051973,131.5,4,30,2.37,2.4,
1177212157,0.000253885606253768,131.5,4,83,1.87,2.55,
1177212157,0.00032300810999881193,142.5,4,174,2.77,2.37,
1177212157,0.0003251946700576398,4.0,6,4,1.9,0.69,
cluster_1177211304_1177211692,0.0003675491389956663,115.5,6,37,1.7,1.23,
1177212157,0.00028371495418055983,133.0,6,3,2.48,1.86,
1177212157,0.000253885606253768,133.0,6,83,2.93,1.91,
cluster_1177211304_1177211692,0.0003685295456553075,142.5,6,174,1.8,2.86,
cluster_1177211304_1177211692,0.0003695100573403206,144.5,6,169,2.48,2.28,
cluster_1177211304_1177211692,0.00037166785051326377,151.0,6,207,2.98,2.3,
cluster_1177211838_13300645525_13300645528,5.377961215945763e-05,211.0,6,293,2.09,3.38,
cluster_10279761592_11942000229_11942000233_663943274,0.00015348537542009865,149.0,103,153,0.96,3.0,
cluster_10279761592_11942000229_11942000233_663943274,0.00015348537542009865,151.0,103,113,1.88,1.83,
cluster_10279761592_11942000229_11942000233_663943274,0.00015348537542009865,163.0,103,188,2.27,2.21,
cluster_10279761592_11942000229_11942000233_663943274,0.00015348537542009865,174.5,103,172,2.74,1.67,
1177161631,9.481605272324918e-05,213.0,356,192,1.38,1.92,
1177161219,9.40477729396916e-06,227.0,296,160,2.04,1.82,1.36
1174832475,4.279942021348056e-05,198.5,32,312,2.77,1.57,
664446557,0.0001837181007597068,204.5,32,228,1.63,2.45,
664446557,0.000142913832383183,205.5,32,46,2.35,2.66,
664446557,8.093548506194578e-05,172.5,124,46,1.4,1.54,
1177161219,9.40477729396916e-06,227.0,160,296,2.04,1.82,1.36
cluster_10917990606_663844223,0.00013007979982156994,198.0,277,327,0.97,4.04,
cluster_10917990606_663844223,0.00013007979982156994,209.0,277,307,1.66,3.64,
1177161154,2.8551847763369343e-05,220.5,348,234,2.26,0.94,2.88
1190128211,2.3725149711314645e-05,219.5,364,314,2.54,1.14,2.86
1177160403,0.00021932261205836377,182.5,1,2,1.23,2.91,
1177160403,0.00021932261205836377,185.5,1,221,2.1,2.56,
1177160403,0.00021078778582291882,194.5,1,191,2.56,3.11,
1177160403,0.00021932261205836377,182.5,2,1,1.23,2.91,
1177160403,0.00019086327302493276,183.0,2,0,1.78,2.65,
1177160403,9.851754739147887e-05,183.5,2,26,2.94,2.04,
1177160403,0.00012792816421086097,183.5,2,279,2.64,2.2,
1177160403,0.00025410660149587566,194.5,2,191,1.97,3.52,
cluster_1186025344_13298747727_13298747728_13298747738_#3more,0.0002527868846278348,59.5,58,86,1.29,2.82,
cluster_13298740740_664446558,6.530116535994055e-05,108.0,58,102,2.23,3.05,
cluster_13298740740_664446558,6.530116535994055e-05,110.0,58,117,2.78,1.4,
cluster_13298740740_664446558,6.530116535994055e-05,122.0,58,155,2.3,2.08,
cluster_10281958925_10281958926_6508834064_6508834065_#1more,0.00019725959096935934,165.0,58,223,1.18,2.98,
cluster_1186025344_13298747727_13298747728_13298747738_#3more,0.0002527868846278348,59.5,86,58,1.29,2.82,
cluster_11944729366_664471711,0.0002043082728461016,215.0,266,102,1.32,2.89,
664446557,0.00014386903032468818,200.5,46,228,1.26,2.53,
664446557,0.000142913832383183,205.5,46,32,2.35,2.66,
1186025330,1.1792149437449084e-05,222.5,46,367,2.4,2.83,
cluster_11944729366_664471711,0.00017301914923996406,215.5,266,206,2.15,2.34,
1186025330,4.502537626849378e-05,221.5,367,124,1.52,4.35,
1186025330,1.1792149437449084e-05,222.5,367,46,2.4,2.83,
6469564795,2.7394390466039936e-05,228.0,106,381,0.99,2.06,0.83
cluster_13298740740_664446558,0.00016445463058341737,164.5,137,187,1.15,2.88,
1177161483,0.00010494040058267115,192.0,137,322,2.43,1.04,
1177161483,0.00010494040058267115,204.0,137,53,2.68,2.14,
cluster_10279701142_664471710,0.00019108094458935977,159.0,185,216,1.65,2.55,
1190128211,0.00023334864377146694,54.5,89,78,1.24,3.36,
cluster_1177212073_13300645524_664471560,0.0002016641913827844,56.0,89,74,1.97,2.61,
cluster_1177212073_13300645524_664471560,0.00016120329611502997,58.5,89,47,2.67,1.75,
1177212096,7.61725771364e-05,72.0,89,110,1.36,1.47,
1177212096,7.61725771364e-05,83.5,89,92,2.93,1.03,
6469564795,2.7394390466039936e-05,228.0,381,106,0.99,2.06,0.83
cluster_1177212073_13300645524_664471560,0.00016729280856979503,51.5,47,78,2.15,1.56,
cluster_1177212073_13300645524_664471560,0.00016120329611502997,58.5,47,89,2.67,1.75,
1177212096,0.00020369352579404436,123.5,47,139,2.02,2.03,
cluster_10281958922_663940594,0.0001800449048907385,188.0,47,128,2.55,1.52,
cluster_1177212073_13300645524_664471560,0.00016729280856979503,51.5,78,47,2.15,1.56,
cluster_1177212073_13300645524_664471560,0.00014280732914767556,52.0,78,45,2.7,1.55,
cluster_11158897098_664472732,0.00010607818230628062,225.5,88,353,2.42,3.19,
664446557,9.900294811736808e-06,225.5,186,300,4.58,2.75,1.28
1177161483,9.065600057648521e-05,218.0,211,322,2.67,2.46,
1177161483,9.065600057648521e-05,218.0,322,211,2.67,2.46,
cluster_11158897098_664472732,0.00010607818230628062,225.5,353,88,2.42,3.19,
cluster_10281958925_10281958926_6508834064_6508834065_#1more,0.0002343331042374713,165.0,58,155,2.19,2.47,
cluster_10279701142_664471710,0.00019108094458935977,160.5,185,200,2.99,1.65,
1177161154,3.1748998551555124e-05,220.5,325,348,,2.56,1.42
cluster_10281958925_10281958926_6508834064_6508834065_#1more,8.526030418695589e-05,207.0,101,161,1.97,2.77,
cluster_10281958925_10281958926_6508834064_6508834065_#1more,0.0001192419376385957,207.0,101,292,1.3,3.37,
cluster_10281958925_10281958926_6508834064_6508834065_#1more,8.065662228044598e-05,207.0,101,73,2.31,2.45,
cluster_10281958925_10281958926_6508834064_6508834065_#1more,0.0001091234279094208,213.5,101,126,2.77,2.34,
1177161631,0.00028587815031223937,217.0,101,336,1.36,2.53,
1177161631,9.481605272324918e-05,201.0,192,73,2.74,1.73,
1177161631,0.00028587815031223937,217.5,336,101,1.36,2.53,
1190128211,0.00023334864377146694,54.0,78,89,1.24,3.36,
664446557,9.900294811736808e-06,225.5,300,186,4.58,2.75,1.28
cluster_10279701142_664471710,0.0001528176698194904,179.5,185,23,2.83,1.67,
1177160403,0.00032241462035422657,154.0,257,191,1.98,1.24,
1177160403,0.0002708685987449246,196.0,257,221,2.69,2.67,
1177211571,6.464400121772286e-05,225.5,173,282,2.76,0.83,
cluster_10281958922_663940594,0.0001800449048907385,122.0,128,45,2.17,2.11,
cluster_10281958922_663940594,0.0001800449048907385,188.0,128,47,2.55,1.52,
cluster_1177161169_664472775,1.8718966632673254e-05,223.5,128,267,,3.48,
cluster_11944729366_664471711,0.0002590801448059957,220.0,266,223,1.24,3.02,
cluster_1177212073_13300645524_664471560,0.00014280732914767556,210.5,334,335,1.22,2.97,
1177211769,1.4789214813813208e-05,233.5,173,277,2.0,3.82,1.48
1177160403,0.00032241462035422657,154.0,191,257,1.98,1.24,
1177160403,0.00028225800599107685,194.0,191,221,1.5,3.92,
1177160403,0.00021078778582291882,194.5,191,1,2.56,3.11,
1177160403,0.00025410660149587566,194.5,191,2,1.97,3.52,
cluster_13298747750_13298747754_7007141699,6.244733695349133e-05,135.5,179,175,1.12,1.26,
cluster_664446535_8507351665_8507351666,9.695203924335271e-05,157.5,179,211,2.15,2.38,
cluster_664446535_8507351665_8507351666,0.00015549915217002465,170.5,179,125,1.77,3.47,
cluster_664446535_8507351665_8507351666,0.0001444704554288138,177.5,179,123,2.53,2.34,
1177161631,0.0002575945966161623,222.0,336,292,2.07,2.54,
1174832699,0.00029806086848175304,215.0,135,359,1.04,2.8,
1174832699,0.0002762847458216008,235.5,135,393,1.44,1.95,
1177161154,2.8551847763369343e-05,220.5,234,348,2.26,0.94,2.88
cluster_10281958925_10281958926_6508834064_6508834065_#1more,8.065662228044598e-05,176.5,292,73,2.18,2.28,
1174832699,0.00029806086848175304,215.0,359,135,1.04,2.8,
1174832699,0.0002762847458216008,235.5,393,135,1.44,1.95,
cluster_13298747750_13298747754_7007141699,6.244733695349133e-05,124.0,175,179,1.12,1.26,
cluster_664446535_8507351665_8507351666,0.00012820466296385805,147.5,175,145,2.5,0.86,
cluster_664446535_8507351665_8507351666,9.695203924335271e-05,156.0,175,211,1.17,3.52,
cluster_664446535_8507351665_8507351666,0.00012622536242626344,170.5,175,125,2.04,3.17,
1177161631,9.481605272324918e-05,213.0,192,356,1.38,1.92,
1177212157,0.00022599296027632035,98.5,83,30,1.04,2.68,
cluster_11944729366_664471711,0.00012631161254914202,106.0,83,4,2.45,2.06,
1177212157,9.283998643543631e-05,126.5,83,105,2.89,2.41,
1177212157,0.00012266840361160848,126.5,83,13,2.65,2.56,
1177212157,0.0001619617273988698,126.5,83,22,2.27,2.8,
1177212157,0.000253885606253768,131.5,83,4,1.87,2.55,
1177212157,0.000253885606253768,133.0,83,6,2.93,1.91,
cluster_10281958925_10281958926_6508834064_6508834065_#1more,8.804572512477696e-05,176.5,292,161,1.48,1.19,
cluster_10281958925_10281958926_6508834064_6508834065_#1more,0.0001192419376385957,207.0,292,101,1.3,3.37,
1174833147,3.853259998128617e-05,235.0,32,345,,3.27,1.39
1177161631,0.00021615831113549225,222.0,336,161,2.53,2.44,
1177161631,0.0001868866626020309,226.5,336,73,2.87,2.31,
1174833147,3.853259998128617e-05,235.0,345,32,,3.27,1.39
8021489624,7.286182262061199e-05,224.0,374,331,2.31,0.94,
13300645527,3.653046862255877e-05,135.0,83,37,0.99,2.13,
13300645527,3.653046862255877e-05,218.5,83,326,2.49,2.81,
1177212157,0.00022599296027632035,98.5,30,83,1.04,2.68,
13300645527,3.653046862255877e-05,135.0,37,83,0.99,2.13,
cluster_1177212073_13300645524_664471560,0.00014280732914767556,48.5,74,45,1.86,2.05,
cluster_1177212073_13300645524_664471560,0.0002016641913827844,56.0,74,89,1.97,2.61,
10279701147,4.18348256024283e-05,216.5,168,304,2.62,1.48,
cluster_13908994425_13908994429_13908994430,0.0001953494520188069,157.5,218,263,2.03,0.68,
1177161631,0.0002575945966161623,217.0,292,336,2.07,2.54,
cluster_1177160373_664472773,5.584212661483146e-05,234.5,377,273,3.89,1.68,0.95
cluster_1177160373_664472773,5.584212661483146e-05,234.5,273,377,3.89,1.68,0.95
1174832475,6.138346445241702e-05,186.0,261,312,1.05,1.97,
1174832475,4.279942021348056e-05,198.5,261,32,2.75,2.47,
664446557,0.00021915494449886141,200.5,265,312,2.9,2.04,
cluster_10279701142_664471710,0.00040337387388007995,191.0,308,56,1.28,3.04,
cluster_10279701142_664471710,0.0003421221637327562,193.5,308,38,2.29,2.27,
cluster_10279701142_664471710,0.0003027742719744524,194.0,308,23,2.73,1.96,
cluster_10279701142_664471710,0.00011751796282509734,225.0,330,325,1.53,2.4,
cluster_1177211304_1177211692,0.0002998918272002872,136.5,174,169,1.18,1.53,
cluster_13908994425_13908994429_13908994430,0.0001953494520188069,157.5,263,218,2.03,0.68,
cluster_13908994425_13908994429_13908994430,0.00016562661133022086,159.0,263,217,1.24,2.41,
cluster_1177211838_13300645525_13300645528,0.00014170160987467872,159.5,263,220,2.13,2.12,
cluster_1177211838_13300645525_13300645528,8.459605890151932e-05,160.0,263,201,2.89,1.5,
1177211571,6.464400121772286e-05,236.0,371,373,1.39,1.44,
1177211769,1.4789214813813208e-05,235.5,277,173,2.0,3.82,1.48
1177211571,6.464400121772286e-05,237.0,373,371,1.39,1.44,
cluster_1177212073_13300645524_664471560,0.00014280732914767556,48.5,45,74,1.86,2.05,
cluster_1177212073_13300645524_664471560,0.00014280732914767556,52.0,45,78,2.7,1.55,
cluster_10917990606_663844223,6.008882388185018e-05,89.5,45,77,2.16,3.26,
cluster_10281958922_663940594,0.0001800449048907385,122.0,45,128,2.17,2.11,
1177212096,0.00020148215862242347,122.0,45,139,1.3,3.07,
1177160864,4.086751896147213e-05,233.5,162,348,2.67,1.25,
cluster_10281958925_10281958926_6508834064_6508834065_#1more,0.00013254714750415527,242.5,222,89,2.16,2.99,
1177211571,6.464400121772286e-05,225.5,282,173,2.76,0.83,
cluster_1177161169_664472775,1.4524908169875006e-05,222.0,303,267,,1.08,1.6
1177160864,4.086751896147213e-05,233.5,348,162,2.67,1.25,
1174832475,6.138346445241702e-05,186.0,312,261,1.05,1.97,
1174832475,4.279942021348056e-05,198.5,312,32,2.77,1.57,
664446557,0.00021915494449886141,200.5,312,265,2.9,2.04,
8021489624,7.49531077661848e-05,219.0,203,331,1.06,3.44,
1177212157,5.926545455183827e-05,217.5,326,37,2.2,3.0,
8021489624,7.49531077661848e-05,219.0,331,203,1.06,3.44,
8021489624,7.286182262061199e-05,224.0,331,374,2.31,0.94,
1177161483,3.387962361539443e-05,233.5,321,161,,0.97,1.19
cluster_13298747747_13298747748_13298747749_13298747755_#2more,8.832204917797694e-05,228.0,363,145,,3.05,
cluster_10943433501_10943433503,0.00015105732555858748,202.0,144,337,1.1,2.88,
cluster_1177211838_13300645525_13300645528,0.00010640821253049897,236.0,293,344,1.27,2.9,
cluster_10943433501_10943433503,0.00015105732555858748,202.0,337,144,1.1,2.88,
cluster_10281958925_10281958926_6508834064_6508834065_#1more,8.065662228044598e-05,174.5,73,161,1.1,3.93,
cluster_10281958925_10281958926_6508834064_6508834065_#1more,8.065662228044598e-05,176.5,73,292,2.18,2.28,
1177161631,9.481605272324918e-05,201.0,73,192,2.74,1.73,
cluster_10281958925_10281958926_6508834064_6508834065_#1more,8.065662228044598e-05,207.0,73,101,2.31,2.45,
1177161631,0.00016255794296169052,213.0,73,356,1.2,1.39,
1177161631,0.0001868866626020309,226.5,73,336,2.87,2.31,
cluster_10281958925_10281958926_6508834064_6508834065_#1more,8.065662228044598e-05,174.5,161,73,1.1,3.93,
cluster_10281958925_10281958926_6508834064_6508834065_#1more,8.804572512477696e-05,176.5,161,292,1.48,1.19,
cluster_10281958925_10281958926_6508834064_6508834065_#1more,8.526030418695589e-05,207.0,161,101,1.97,2.77,
1177161631,0.00016255794296169052,213.0,356,73,1.2,1.39,
1177161631,0.0001605807722823481,213.0,161,356,2.24,1.08,
1177161631,0.00021615831113549225,222.0,161,336,2.53,2.44,
1177161483,3.387962361539443e-05,233.5,161,321,,0.97,1.19
1177212096,0.00020464434404533996,126.5,74,139,2.99,1.15,
10279701147,3.2790721247698273e-05,249.5,273,251,2.99,2.48,2.34
cluster_1177212073_13300645524_664471560,0.00014280732914767556,210.5,335,334,1.22,2.97,
cluster_1177212073_13300645524_664471560,0.00014280732914767556,221.0,335,314,2.2,1.77,
1177161631,0.0001605807722823481,213.0,356,161,2.24,1.08,
664446590,4.3854783801467487e-05,245.0,316,404,1.83,1.78,
cluster_10279701142_664471710,0.00011751796282509734,225.0,325,330,1.53,2.4,
664446590,4.3854783801467487e-05,245.0,404,316,1.83,1.78,
cluster_10279701142_664471710,0.00024935864419654244,151.0,200,216,2.82,1.71,
cluster_10279701142_664471710,0.00019108094458935977,160.5,200,185,2.99,1.65,
cluster_10279701142_664471710,0.00027510499814592044,178.0,200,23,1.16,3.27,
cluster_10279701142_664471710,0.00027510499814592044,181.0,200,38,2.18,2.23,
cluster_10279701142_664471710,0.00027510499814592044,184.5,200,56,2.66,1.84,
cluster_664446535_8507351665_8507351666,0.00014249252264428931,224.0,208,242,1.23,3.05,
cluster_664446535_8507351665_8507351666,0.00010303391692855376,224.5,208,224,2.03,2.63,
cluster_11158897098_664472732,0.00010607818230628062,243.5,244,394,2.91,1.24,
cluster_5424222000_664446587,8.469705221756199e-05,237.0,340,24,1.74,3.93,
cluster_11158897098_664472732,0.00010607818230628062,243.5,394,244,2.91,1.24,
cluster_1177211304_1177211692,0.0003000851608495272,141.0,174,151,2.46,1.31,
cluster_1177211304_1177211692,0.0003397023334361538,142.0,174,37,1.25,3.07,
1177212157,0.00032300810999881193,142.5,174,4,2.77,2.37,
cluster_1177211304_1177211692,0.0003685295456553075,142.5,174,6,1.8,2.86,
cluster_1177211304_1177211692,0.0003000851608495272,150.5,174,207,2.14,3.02,
cluster_1177211304_1177211692,0.0003275420683015142,163.0,174,195,2.69,2.48,
1177211785,0.00012713644392900266,236.5,293,395,0.94,3.31,
13300645527,1.9878668094671008e-05,218.5,326,30,2.76,2.64,
13300645527,3.653046862255877e-05,218.5,326,83,2.49,2.81,
1177160864,4.086751896147213e-05,238.5,376,348,2.56,1.6,
cluster_10279701142_664471710,8.607006561742001e-05,229.5,325,308,1.42,1.67,2.29
cluster_1177211304_1177211692,0.0002694910683595934,117.0,169,151,1.54,0.89,
cluster_11944729366_664471711,0.00010592091378186864,125.0,169,107,2.87,1.61,3.25
cluster_1177211304_1177211692,0.0002998918272002872,136.5,169,174,1.18,1.53,
cluster_1177211304_1177211692,0.0003397023334361538,144.0,169,37,2.1,2.56,
cluster_1177211304_1177211692,0.0003695100573403206,144.5,169,6,2.48,2.28,
cluster_1177211304_1177211692,0.0002704719807494542,150.5,169,207,1.81,3.01,
cluster_1177211304_1177211692,0.0002724342219104952,152.0,169,157,2.52,2.23,
cluster_1177211304_1177211692,0.00029792917803326494,163.0,169,195,2.45,2.63,
cluster_1177211304_1177211692,0.0002998918272002872,170.0,169,62,2.93,2.12,
cluster_1177211838_13300645525_13300645528,9.040382152757964e-05,216.0,362,334,2.21,1.99,
1177212157,8.294051232062833e-05,235.5,326,335,1.21,3.65,
664446557,5.25888510091186e-05,243.5,212,386,2.87,0.78,
cluster_13298740740_664446558,8.400686890385633e-05,211.5,84,225,1.15,3.32,
cluster_1177211838_13300645525_13300645528,0.00010640821253049897,236.0,344,293,1.27,2.9,
cluster_1177211838_13300645525_13300645528,1.0739288261742679e-05,236.5,344,334,2.92,0.42,
cluster_1177211304_1177211692,0.0002694910683595934,117.5,151,169,1.54,0.89,
cluster_1177211304_1177211692,0.0003000851608495272,141.0,151,174,2.46,1.31,
cluster_1177212073_13300645524_664471560,0.00018852552918598492,22.0,23,38,1.17,2.5,
cluster_1177212073_13300645524_664471560,0.00016289544074036722,88.0,23,116,1.21,3.81,
cluster_1177212073_13300645524_664471560,0.00018852552918598492,89.5,23,148,2.29,1.78,
cluster_10279701142_664471710,0.00030361964320290666,152.5,23,56,2.16,2.02,
cluster_10279701142_664471710,0.00027510499814592044,178.0,23,200,1.16,3.27,
cluster_10279701142_664471710,0.00021368235170196004,178.5,23,216,2.04,2.21,
cluster_10279701142_664471710,0.0001528176698194904,179.5,23,185,2.83,1.67,
cluster_10279701142_664471710,0.0003027742719744524,194.0,23,308,2.73,1.96,
cluster_10279701142_664471710,0.00026927467819008835,214.5,23,301,2.94,1.71,
cluster_1177212073_13300645524_664471560,0.00018852552918598492,22.0,38,23,1.17,2.5,
cluster_13298740740_664446558,8.400686890385633e-05,213.0,84,231,2.17,2.23,
cluster_10279701142_664471710,0.0004083647411949146,211.0,308,301,1.07,3.39,
cluster_10279701142_664471710,0.0004083647411949146,214.0,308,309,1.94,2.02,
cluster_10279701142_664471710,8.607006561742001e-05,229.5,308,325,1.42,1.67,2.29
cluster_10279701142_664471710,0.00025433641728384645,240.0,308,299,2.68,1.88,
1177212157,8.294051232062833e-05,238.0,335,326,1.21,3.65,
cluster_1177211838_13300645525_13300645528,9.040382152757964e-05,220.5,314,334,1.29,2.33,
cluster_1177212073_13300645524_664471560,0.00014280732914767556,221.0,314,335,2.2,1.77,
cluster_10279701142_664471710,0.00034350418556096786,33.0,38,56,1.41,1.86,
cluster_1177212073_13300645524_664471560,0.00022672665192410214,88.0,38,148,1.47,1.52,
cluster_1177212073_13300645524_664471560,0.00016289544074036722,92.0,38,116,1.87,2.16,
cluster_10279701142_664471710,0.00027510499814592044,181.0,38,200,2.18,2.23,
cluster_10279701142_664471710,0.00021368235170196004,181.5,38,216,2.99,1.8,
cluster_10279701142_664471710,0.0003421221637327562,193.5,38,308,2.29,2.27,
cluster_10279701142_664471710,0.00030775889831368563,214.5,38,301,2.54,1.98,
cluster_10279701142_664471710,0.00034350418556096786,98.0,56,38,1.41,1.86,
cluster_1177212073_13300645524_664471560,0.00013414391658935341,110.5,56,180,1.62,2.54,
1177211785,9.785040141276107e-05,129.0,56,165,1.71,3.15,
cluster_10279701142_664471710,0.00030361964320290666,175.5,56,23,2.16,2.02,
cluster_10279701142_664471710,0.00027510499814592044,184.5,56,200,2.66,1.84,
cluster_10279701142_664471710,0.00040337387388007995,191.0,56,308,1.28,3.04,
cluster_10279701142_664471710,0.00036982843952624314,213.5,56,301,1.89,2.66,
cluster_10279701142_664471710,0.00036982843952624314,216.0,56,309,2.61,1.76,
cluster_10281958922_663940594,0.00019901738115904306,83.0,131,136,0.99,1.35,
13300645529,0.00014324130282994334,88.5,131,122,1.41,2.25,
13300645529,0.00014420746325168016,110.0,131,116,2.09,2.71,
1177212096,0.00018662282504218488,226.5,131,122,1.25,2.81,
1177212096,0.00018662282504218488,228.0,131,116,2.51,1.72,
1189036584,2.704640616836923e-05,257.0,72,320,2.26,0.13,1.38
cluster_10281958925_10281958926_6508834064_6508834065_#1more,0.0002950167851847076,163.0,86,155,1.12,2.65,
cluster_10281958925_10281958926_6508834064_6508834065_#1more,0.00019725959096935934,166.5,86,223,2.44,2.03,
1177160864,4.086751896147213e-05,238.5,348,376,2.56,1.6,
1190128320,1.2995452321157609e-05,254.0,398,411,1.81,3.77,
cluster_10281958922_663940594,0.00019901738115904306,83.0,136,131,0.99,1.35,
13300645529,0.0001711189941057833,109.5,136,116,2.53,2.52,
cluster_10281958922_663940594,0.00019901738115904306,227.0,136,122,1.84,2.39,
cluster_10281958922_663940594,0.00019901738115904306,228.5,136,116,2.96,1.58,
1189036584,2.704640616836923e-05,256.5,320,72,2.26,0.13,1.38
1177160399,6.938305102765993e-05,251.0,392,280,1.98,2.27,
1177211785,0.00012713644392900266,236.5,395,293,0.94,2.31,
1177161219,5.324993540900527e-06,258.0,103,255,,3.56,1.2
cluster_10279701142_664471710,0.00024935864419654244,151.0,216,200,2.82,1.71,
cluster_10279701142_664471710,0.00019108094458935977,159.0,216,185,1.65,2.55,
cluster_10279701142_664471710,0.00016270771232772943,159.5,216,134,2.11,2.24,
cluster_10279701142_664471710,0.00012459178333715142,159.5,216,98,2.73,1.93,
cluster_10279701142_664471710,0.00021368235170196004,178.5,216,23,2.04,2.21,
cluster_10279701142_664471710,0.00021368235170196004,181.5,216,38,2.99,1.8,
cluster_10279701142_664471710,0.00043970102428649477,185.0,301,309,1.15,2.53,
cluster_10279701142_664471710,0.0004083647411949146,211.0,301,308,1.07,3.39,
cluster_10279701142_664471710,0.00036982843952624314,213.5,301,56,1.89,2.66,
cluster_10279701142_664471710,0.00026927467819008835,214.5,301,23,2.94,1.71,
cluster_10279701142_664471710,0.00030775889831368563,214.5,301,38,2.54,1.98,
1177160399,6.938305102765993e-05,253.0,392,276,2.7,1.71,
1190128320,1.2995452321157609e-05,254.0,411,398,1.81,3.77,7.35
cluster_10281958925_10281958926_6508834064_6508834065_#1more,0.0002957675719337423,167.0,86,159,2.34,1.89,
cluster_10281958925_10281958926_6508834064_6508834065_#1more,0.00029360536708060073,174.5,86,269,2.85,2.04,
cluster_13298740740_664446558,9.516579088573399e-05,126.5,159,155,1.15,4.17,
cluster_10279761592_11942000229_11942000233_663943274,0.00021047092000342127,162.5,188,113,1.32,2.85,
cluster_10279761592_11942000229_11942000233_663943274,0.00015348537542009865,163.0,188,103,2.27,2.21,
cluster_10279761592_11942000229_11942000233_663943274,0.00018151058139601717,163.0,188,153,1.9,2.49,
cluster_10279761592_11942000229_11942000233_663943274,0.0001247070304955857,163.5,188,88,2.65,1.98,
cluster_10281958925_10281958926_6508834064_6508834065_#1more,0.00032191755337427806,162.0,269,155,2.18,1.11,
1190128320,1.2995452321157609e-05,259.0,398,266,,0.31,1.13
cluster_10279701142_664471710,8.597556241775281e-05,235.0,330,301,0.0,0.92,0.0
cluster_10279701142_664471710,9.67166155346856e-05,257.0,420,301,0.0,0.0,0.0
1177161219,7.944842725398382e-05,222.0,201,255,1.6,1.46,
1177161219,0.00013304615076633992,234.0,201,185,1.89,1.29,
13300645529,0.00010822241403195703,75.5,116,122,1.31,2.84,
cluster_1177212073_13300645524_664471560,0.00016289544074036722,88.0,116,23,1.21,3.81,
cluster_1177212073_13300645524_664471560,0.00016289544074036722,92.0,116,38,1.87,2.16,
cluster_1177212073_13300645524_664471560,0.00016289544074036722,95.0,116,148,2.65,1.53,
13300645529,0.00014420746325168016,110.0,116,131,2.09,2.71,
13300645529,0.0001711189941057833,110.0,116,136,2.53,2.52,
cluster_10917990606_663844223,6.008882388185018e-05,132.5,116,190,2.24,1.98,
13300645529,0.00010822241403195703,75.5,122,116,1.31,2.84,
13300645529,0.0001701469615440011,83.0,122,136,2.1,2.05,
13300645529,0.00014324130282994334,86.5,122,131,1.41,2.25,
1177212157,0.00016443037764242663,104.0,122,92,2.94,1.87,
cluster_10917990606_663844223,6.008882388185018e-05,132.5,122,190,2.51,2.52,
1177161219,0.00013304615076633992,235.0,185,201,1.89,1.29,
cluster_10281958932_663804338,0.00011723250105891264,267.5,222,297,1.86,3.22,
1177161219,7.944842725398382e-05,206.5,255,201,1.6,1.46,
13300645526,0.00014582586227313455,255.5,326,37,1.53,2.28,
13300645526,0.00012004556586058499,256.0,326,30,2.19,2.47,
1177161483,0.00024620668073911754,235.5,389,75,1.36,0.9,
1177161483,0.0002137959408144055,238.0,389,264,2.3,1.06,
cluster_5424222000_664446587,8.469705221756199e-05,238.0,340,36,2.25,1.52,
cluster_13908994425_13908994429_13908994430,0.00011913013108508247,153.0,122,190,2.41,2.33,
cluster_13908994425_13908994429_13908994430,0.00011913013108508247,160.0,122,233,2.65,2.54,
1177212096,0.00018662282504218488,226.5,122,131,1.25,2.81,
cluster_10281958922_663940594,0.00019901738115904306,227.0,122,136,1.84,2.39,
cluster_13908994425_13908994429_13908994430,0.00017510984582827047,152.0,190,116,1.37,3.02,
cluster_13908994425_13908994429_13908994430,0.00011913013108508247,153.0,190,122,2.41,2.33,
cluster_10279701142_664471710,0.00043970102428649477,185.0,309,301,1.15,2.53,
cluster_10279701142_664471710,0.0004083647411949146,214.0,309,308,1.94,2.02,
cluster_10279701142_664471710,0.00036982843952624314,216.0,309,56,2.61,1.76,
13300645526,0.00018270318164318198,262.0,344,326,2.56,2.21,
6469564795,2.3995326782911355e-05,262.5,397,356,,2.6,1.97
cluster_10279761592_11942000229_11942000233_663943274,0.0002823750793388536,168.5,177,172,1.29,2.85,
cluster_13298740740_664446558,9.610295265545074e-05,204.0,127,130,1.47,3.21,
cluster_13298740740_664446558,9.516579088573399e-05,215.5,127,290,2.44,2.84,
1177161483,0.0002686002670924127,255.5,127,389,0.94,3.89,
1177161483,0.0002106376394398362,256.0,127,264,2.07,3.38,
1177161483,0.0002392938931605924,256.0,127,75,1.69,3.62,
1177161483,0.00017153141838152546,256.5,127,258,2.4,2.94,
1177161483,0.0001323918636235762,256.5,127,275,2.73,2.68,
1177161483,0.00010494040058267115,256.5,127,283,2.98,2.52,
1189036615,0.00023999443946098322,259.5,127,290,2.93,1.53,
cluster_13298740740_664446558,9.610295265545074e-05,204.0,130,127,1.47,3.21,
cluster_10281958925_10281958926_6508834064_6508834065_#1more,8.411902004851337e-05,245.5,168,126,2.31,2.72,
cluster_10281965682_663944134,0.00012309930443796385,242.0,199,338,1.07,2.73,
cluster_10281958932_663804338,0.00011723250105891264,267.5,297,222,1.86,3.22,
cluster_1177161169_664472775,0.00016114688460053866,217.5,354,313,1.45,2.0,
6469564795,2.3995326782911355e-05,264.0,356,397,,2.6,1.97
1177161483,0.0002686002670924127,255.5,389,127,0.94,3.89,
1177161219,7.944842725398382e-05,239.5,185,255,2.61,1.66,
1177161219,7.944842725398382e-05,239.5,255,185,2.61,1.66,
1177161219,5.324993540900527e-06,258.0,255,103,,3.56,1.2
cluster_1186025344_13298747727_13298747728_13298747738_#3more,0.0002527868846278348,102.0,94,140,1.39,2.59,
1177161219,0.00010200880055214587,127.0,94,26,1.15,2.85,
1177161219,0.00013499092425073756,147.0,94,0,2.76,2.77,
cluster_1186025344_13298747727_13298747728_13298747738_#3more,0.0002527868846278348,201.5,94,281,2.08,2.74,
cluster_1186025344_13298747727_13298747728_13298747738_#3more,0.0002527868846278348,206.5,94,332,2.72,1.84,
cluster_664446535_8507351665_8507351666,9.49046075035963e-06,240.5,94,224,2.03,1.16,
cluster_1186025344_13298747727_13298747728_13298747738_#3more,0.0002527868846278348,102.0,140,94,1.39,2.59,
1177161219,0.00010200880055214587,128.5,140,26,2.47,1.94,
1177161219,0.00020072495266307465,146.5,140,0,1.96,3.25,
cluster_1186025344_13298747727_13298747728_13298747738_#3more,0.00030831216622467073,201.0,140,281,1.08,3.77,
cluster_1186025344_13298747727_13298747728_13298747738_#3more,0.00030831216622467073,206.0,140,332,1.9,2.35,
cluster_10279701142_664471710,0.00014012227353787167,246.5,288,330,1.23,2.96,
cluster_10279701142_664471710,0.0002850672191742983,236.5,301,299,2.07,2.09,
cluster_10279701142_664471710,8.597556241775281e-05,242.0,301,330,0.0,0.92,0.0
cluster_10279701142_664471710,0.00014012227353787167,246.5,330,288,1.23,2.96,
1177160471,2.4689061570231515e-05,267.5,370,192,1.85,1.93,0.83
cluster_13908994425_13908994429_13908994430,0.00017510984582827047,152.0,116,190,1.37,3.02,
cluster_10281958925_10281958926_6508834064_6508834065_#1more,0.00010620354172826793,245.5,168,139,1.92,2.97,
cluster_10279761592_11942000229_11942000233_663943274,0.0002823750793388536,168.0,172,177,1.29,2.85,
cluster_10279761592_11942000229_11942000233_663943274,0.0002855049712556176,168.5,184,177,1.24,2.45,
cluster_10279701142_664471710,8.597556241775281e-05,257.0,301,420,0.0,0.0,0.0
cluster_13298740740_664446558,0.00015813400441300492,215.0,290,130,1.3,3.24,
cluster_13298740740_664446558,9.516579088573399e-05,215.5,290,127,2.44,2.84,
cluster_13298740740_664446558,0.00022075431392392752,226.5,290,124,1.35,3.12,
1189036615,0.00023999443946098322,259.5,290,127,2.93,1.53,
cluster_10279701142_664471710,0.00032133444892791345,236.5,309,299,1.4,2.26,
cluster_10279701142_664471710,0.0002928065920256848,243.0,309,311,2.52,1.76,
cluster_1177161169_664472775,0.00016114688460053866,217.5,313,354,1.45,2.0,
cluster_1177161169_664472775,0.00013426819294682255,232.0,313,270,0.93,3.8,
cluster_1177161169_664472775,7.815851511530162e-05,233.0,313,267,2.19,3.1,
13300645526,0.00018270318164318198,262.0,326,344,2.56,2.21,
664472699,4.2112382595158814e-05,242.0,341,250,1.73,1.68,
1177160864,0.00011343896312340532,245.0,376,250,1.39,3.14,
1177160864,0.00011343896312340532,250.0,376,391,2.29,3.04,
cluster_10281958925_10281958926_6508834064_6508834065_#1more,0.00013254714750415527,245.5,168,89,1.15,3.27,
cluster_10279761592_11942000229_11942000233_663943274,0.0003262193004905684,181.5,215,184,1.13,2.65,
cluster_10281965682_663944134,0.00012309930443796385,242.0,338,199,1.07,2.73,
cluster_13298740740_664446558,0.00015813400441300492,215.0,130,290,1.3,3.24,
cluster_13298740740_664446558,0.00015813400441300492,227.0,130,124,2.3,2.54,
1177161483,0.0002686002670924127,258.5,130,389,2.09,2.53,
cluster_13298740740_664446558,9.516579088573399e-05,126.5,155,159,1.15,4.17,
cluster_13298740740_664446558,8.978204352878113e-05,137.0,155,150,2.91,2.56,
cluster_10281958925_10281958926_6508834064_6508834065_#1more,0.00032191755337427806,162.0,155,269,2.18,1.11,
cluster_10281958925_10281958926_6508834064_6508834065_#1more,0.0002950167851847076,163.0,155,86,1.12,2.65,
cluster_10281958925_10281958926_6508834064_6508834065_#1more,0.0002343331042374713,165.5,155,58,2.19,2.47,
cluster_10281958925_10281958926_6508834064_6508834065_#1more,0.00032191755337427806,167.5,155,150,2.77,1.64,
cluster_10281958925_10281958926_6508834064_6508834065_#1more,0.00019725959096935934,171.0,155,223,2.63,2.33,
cluster_10281958925_10281958926_6508834064_6508834065_#1more,0.00029003271295574643,189.0,155,259,2.85,1.88,
cluster_10281958925_10281958926_6508834064_6508834065_#1more,0.00028928432641851066,212.0,155,53,2.85,2.26,
1177161483,0.0002686002670924127,258.5,389,130,2.09,2.53,
cluster_1177161169_664472775,0.00021449916016624983,248.0,192,322,2.41,2.45,
1177160471,2.4689061570231515e-05,266.0,192,370,1.85,1.93,0.83
cluster_1177161169_664472775,0.00016028458490014802,240.5,313,322,2.01,2.61,
cluster_1177161169_664472775,0.00019755135080985647,230.0,354,322,1.22,2.88,
cluster_1177161169_664472775,0.00013426819294682255,234.5,354,270,1.94,2.43,
cluster_1177161169_664472775,7.815851511530162e-05,236.0,354,267,2.85,2.07,
cluster_10279761592_11942000229_11942000233_663943274,0.0002855049712556176,168.5,177,184,1.24,2.45,
cluster_10279761592_11942000229_11942000233_663943274,0.00024348904427489102,178.5,177,188,2.05,2.54,
1177211785,0.00012619394719018938,254.5,293,169,1.17,3.41,
1177161612,6.364615465422337e-05,268.5,385,446,1.38,6.09,
1177161612,6.364615465422337e-05,267.5,446,385,1.38,6.09,
cluster_10279761592_11942000229_11942000233_663943274,0.0003262193004905684,181.5,184,215,1.13,2.65,
cluster_10281958925_10281958926_6508834064_6508834065_#1more,6.577880073989295e-05,270.0,200,425,2.97,0.84,2.61
cluster_664446535_8507351665_8507351666,0.00010303391692855376,218.0,242,224,1.27,3.28,
cluster_664446535_8507351665_8507351666,5.05654552853299e-06,218.5,242,225,2.8,0.61,
cluster_664446535_8507351665_8507351666,0.00014249252264428931,224.0,242,208,1.23,3.05,
cluster_664446535_8507351665_8507351666,0.00014249252264428931,229.0,242,204,2.07,2.6,
cluster_664446535_8507351665_8507351666,0.00014249252264428931,231.5,242,352,2.82,2.0,
cluster_10279761592_11942000229_11942000233_663943274,0.00035127761033635913,206.5,254,215,1.2,2.77,
1177160691,6.631194717834506e-05,270.5,385,445,2.82,1.59,
cluster_10279761592_11942000229_11942000233_663943274,0.00039069895365283637,219.0,256,254,1.29,2.86,
cluster_11158897100_11158897101_11158897102_664471748_#1more,0.00012100885515726135,256.0,428,317,1.21,2.81,
1177160691,6.631194717834506e-05,270.5,445,385,2.82,1.59,
cluster_13908994425_13908994429_13908994430,0.00023362429438730618,159.0,190,233,1.0,3.86,
cluster_1177161169_664472775,0.00019755135080985647,230.0,322,354,1.22,2.88,
cluster_1177161169_664472775,0.00016028458490014802,240.5,322,313,2.01,2.61,
cluster_1186025344_13298747727_13298747728_13298747738_#3more,0.0002950336959495466,245.0,74,409,2.63,0.89,
cluster_10917990606_663844223,0.00013007979982156994,247.5,388,339,1.36,3.15,
cluster_1186025344_13298747727_13298747728_13298747738_#3more,0.0002950336959495466,245.0,409,74,2.63,0.89,
cluster_664446535_8507351665_8507351666,0.00010303391692855376,218.0,224,242,1.27,3.28,
cluster_664446535_8507351665_8507351666,0.00010303391692855376,224.5,224,208,2.03,2.63,
cluster_664446535_8507351665_8507351666,0.00010303391692855376,229.5,224,204,2.6,2.33,
cluster_664446535_8507351665_8507351666,9.49046075035963e-06,240.5,224,94,2.03,1.16,6.59
1177160684,0.00010966912244709262,259.0,381,361,2.65,1.1,
cluster_13908994425_13908994429_13908994430,0.00026046809552974967,141.5,233,232,1.18,2.83,
cluster_13908994425_13908994429_13908994430,0.00023362429438730618,159.0,233,190,1.0,3.86,
cluster_13908994425_13908994429_13908994430,0.00017510984582827047,159.5,233,116,2.04,3.04,
cluster_13908994425_13908994429_13908994430,0.00011913013108508247,160.0,233,122,2.65,2.54,
cluster_10281958925_10281958926_6508834064_6508834065_#1more,0.00021057589809081153,272.5,342,436,1.21,2.46,
cluster_10281958925_10281958926_6508834064_6508834065_#1more,0.00015223691654005003,274.0,342,131,2.37,1.66,
cluster_10281958925_10281958926_6508834064_6508834065_#1more,0.00026492676045492534,275.5,342,122,2.55,1.56,
1177161549,6.846807797006852e-05,273.0,103,439,2.96,2.72,
cluster_13908994425_13908994429_13908994430,0.00017510984582827047,159.5,116,233,2.04,3.04,
cluster_13908994425_13908994429_13908994430,0.00017510984582827047,164.5,116,232,2.62,1.99,
1177212096,0.00018662282504218488,228.0,116,131,2.51,1.72,
cluster_10281958922_663940594,0.00019901738115904306,228.5,116,136,2.96,1.58,
13300645527,5.8595675304633696e-05,110.5,148,180,2.26,1.63,
cluster_1177212073_13300645524_664471560,0.00013414391658935341,108.0,180,148,2.2,3.68,
cluster_13908994425_13908994429_13908994430,0.00023362429438730618,164.0,190,232,1.84,2.48,
cluster_13908994425_13908994429_13908994430,0.00026046809552974967,141.5,232,233,1.18,2.83,
cluster_13908994425_13908994429_13908994430,0.00023362429438730618,164.0,232,190,1.84,2.48,
cluster_13908994425_13908994429_13908994430,0.00017510984582827047,164.5,232,116,2.62,1.99,
cluster_11158897100_11158897101_11158897102_664471748_#1more,0.00012100885515726135,256.0,317,428,1.21,2.81,
cluster_11158897100_11158897101_11158897102_664471748_#1more,0.00012100885515726135,265.5,317,308,2.03,2.22,
cluster_1186025344_13298747727_13298747728_13298747738_#3more,0.0003346992102240964,198.0,332,281,1.15,2.51,
cluster_1186025344_13298747727_13298747728_13298747738_#3more,0.00030831216622467073,206.0,332,140,1.9,2.35,
cluster_1186025344_13298747727_13298747728_13298747738_#3more,0.0002527868846278348,206.5,332,94,2.72,1.84,
1177161549,6.846807797006852e-05,273.0,439,103,2.96,2.72,
cluster_10281958925_10281958926_6508834064_6508834065_#1more,8.411902004851337e-05,231.0,89,126,1.65,3.36,
13300645527,5.8595675304633696e-05,129.0,148,165,0.98,2.98,
1177212096,7.61725771364e-05,123.0,180,165,1.68,1.51,
13300645527,3.7459916734500704e-05,141.0,180,105,1.48,0.62,
cluster_13908994425_13908994429_13908994430,0.00010779522657351412,141.0,180,13,1.98,0.88,
cluster_1177211353_1177211711,9.864044775607846e-05,236.0,174,335,1.89,1.75,
1189036615,0.0001385802285839175,266.5,290,124,2.42,2.45,
cluster_1177211353_1177211711,9.864044775607846e-05,238.0,335,174,1.89,1.75,
cluster_664446535_8507351665_8507351666,8.379574763301712e-05,236.0,393,359,0.96,1.81,
cluster_13298747747_13298747748_13298747749_13298747755_#2more,0.00012070741678265825,263.5,224,384,2.37,1.64,
cluster_1186025344_13298747727_13298747728_13298747738_#3more,0.00035943053417558386,230.0,248,332,1.82,2.7,
cluster_1186025344_13298747727_13298747728_13298747738_#3more,0.0003346992102240964,198.0,281,332,1.15,2.51,
cluster_1186025344_13298747727_13298747728_13298747738_#3more,0.00030831216622467073,201.0,281,140,1.08,3.77,
cluster_1186025344_13298747727_13298747728_13298747738_#3more,0.0002527868846278348,201.5,281,94,2.08,2.74,
cluster_664446535_8507351665_8507351666,0.00022437640512360047,210.0,352,204,1.36,1.08,
cluster_13298747747_13298747748_13298747749_13298747755_#2more,0.00012070741678265825,263.5,384,224,2.37,1.64,
cluster_11158897100_11158897101_11158897102_664471748_#1more,0.0002745497812317496,274.5,400,415,1.32,2.47,
cluster_13298747750_13298747754_7007141699,6.244733695349133e-05,170.5,125,145,0.94,3.86,
cluster_664446535_8507351665_8507351666,9.695203924335271e-05,171.0,125,211,2.32,2.91,
cluster_10279761592_11942000229_11942000233_663943274,0.00020376593828250674,179.0,177,113,2.68,2.0,
1174832716,6.950382358891608e-05,276.5,417,316,1.79,2.61,
1189036584,5.955826761588288e-05,262.5,47,78,2.74,0.95,
1189036584,6.351864317378982e-05,262.5,78,47,2.36,1.8,
1177161154,9.00013357970915e-05,271.0,301,267,2.6,0.36,
cluster_1186025344_13298747727_13298747728_13298747738_#3more,0.00035943053417558386,230.0,332,248,1.82,2.7,
1174832699,2.691748725239007e-05,278.5,384,74,0.63,4.4,0.87
cluster_1186025344_13298747727_13298747728_13298747738_#3more,0.00025418901515367035,264.0,45,74,1.44,2.82,
cluster_1186025344_13298747727_13298747728_13298747738_#3more,0.00025418901515367035,264.0,74,45,1.44,2.82,
cluster_13298747750_13298747754_7007141699,6.244733695349133e-05,170.5,145,125,0.94,3.86,
cluster_13298747750_13298747754_7007141699,6.244733695349133e-05,177.5,145,123,1.87,3.11,
cluster_664446535_8507351665_8507351666,9.695203924335271e-05,197.0,145,224,2.26,2.55,
cluster_13298747747_13298747748_13298747749_13298747755_#2more,8.832204917797694e-05,228.0,145,363,,3.05,
1177161154,0.0001461879660931028,240.5,322,270,1.54,3.03,
cluster_1177161169_664472775,0.00021449916016624983,248.0,322,192,2.41,2.45,
1177161154,8.619033675301289e-05,280.5,322,267,2.29,2.44,
1177212096,7.61725771364e-05,123.0,165,180,1.68,1.51,
13300645527,5.8595675304633696e-05,129.0,165,148,0.98,2.98,
1177211785,9.785040141276107e-05,129.0,165,56,1.71,3.15,
1177212096,0.00017294025612623479,177.0,165,232,2.56,1.01,
cluster_664446535_8507351665_8507351666,8.379574763301712e-05,236.0,359,393,0.96,1.81,
cluster_664446535_8507351665_8507351666,0.00022338749838667622,198.5,298,204,2.34,1.37,
1177161371,2.321481439599044e-05,278.0,309,437,1.69,2.62,2.53
1174833124,1.6541993120241954e-05,260.0,15,434,2.53,1.44,
cluster_664446535_8507351665_8507351666,0.00022338749838667622,198.5,204,298,2.34,1.37,
cluster_664446535_8507351665_8507351666,0.00022437640512360047,210.0,204,352,1.36,1.08,
cluster_10281958925_10281958926_6508834064_6508834065_#1more,0.00023763085257858066,265.5,273,122,2.81,0.72,
cluster_10281958925_10281958926_6508834064_6508834065_#1more,0.0002094084398640378,280.5,273,436,2.86,1.72,
1190128289,7.179156940082132e-05,255.0,426,373,1.9,1.11,
1174833124,1.6541993120241954e-05,260.0,434,15,2.53,1.44,
13300645526,0.00012635523039181002,135.0,37,30,1.51,1.51,
cluster_1177211304_1177211692,0.0003397023334361538,142.0,37,174,1.25,3.07,
cluster_1177211304_1177211692,0.0003397023334361538,144.0,37,169,2.1,2.56,
cluster_1177211304_1177211692,0.00034068362419707276,151.0,37,207,2.61,2.46,
1177212157,5.926545455183827e-05,218.5,37,326,2.2,3.0,
13300645526,0.00014582586227313455,255.5,37,326,1.53,2.28,
1177160864,0.00021050076044810528,235.5,382,391,1.46,1.69,
1177160864,0.00021050076044810528,235.5,391,382,1.46,1.69,
1177160864,0.00017561574695506226,236.5,391,250,1.29,3.48,
1177160864,0.00011343896312340532,250.0,391,376,2.29,3.04,
1177160864,0.00020468024166734675,255.0,391,390,2.38,1.9,
1176978389,6.766942879006044e-05,266.0,413,444,1.35,2.33,
1177161371,2.321481439599044e-05,276.5,437,309,1.69,2.62,2.53
1177161371,0.00010390955380863045,282.5,437,354,1.89,3.21,
1176978389,6.766942879006044e-05,266.0,444,413,1.35,2.33,
cluster_10917990606_663844223,0.00013007979982156994,247.5,339,388,1.36,3.15,
1177161371,0.00010390955380863045,282.5,354,437,1.89,3.21,
cluster_10281958925_10281958926_6508834064_6508834065_#1more,0.000168783949938799,255.0,168,268,1.16,2.95,
cluster_10281958925_10281958926_6508834064_6508834065_#1more,0.000168783949938799,256.5,168,235,2.16,2.18,
cluster_10281958925_10281958926_6508834064_6508834065_#1more,0.000168783949938799,263.0,168,131,2.19,2.94,
1177161631,8.873386554343146e-05,269.0,168,425,1.16,3.0,
1177161631,8.873386554343146e-05,269.0,425,168,1.16,3.0,
cluster_10279761592_11942000229_11942000233_663943274,0.00035127761033635913,219.0,256,215,2.07,2.37,
cluster_10279761592_11942000229_11942000233_663943274,0.0003230845536868772,219.5,256,184,2.47,2.1,
cluster_10279761592_11942000229_11942000233_663943274,0.00028326890362448664,220.0,256,177,2.92,1.82,
1186025330,4.502537626849378e-05,283.5,458,472,2.1,3.22,
1174832699,2.691748725239007e-05,277.5,74,384,0.63,4.4,0.87
cluster_10281958925_10281958926_6508834064_6508834065_#1more,0.00023037358406671554,264.5,436,235,2.7,1.0,
13300645527,3.6643589558243934e-05,141.5,157,207,1.22,1.24,
cluster_1177211304_1177211692,0.00024085904796596598,152.0,157,151,2.09,2.08,
cluster_1177211304_1177211692,0.0002724342219104952,152.0,157,169,2.52,2.23,
cluster_1177211838_13300645525_13300645528,0.00011247866162402801,253.0,373,282,1.16,3.77,
1177160691,2.4279401522909823e-05,285.5,441,139,2.19,0.54,2.9
cluster_10279701142_664471710,0.0001001334803097137,247.0,288,299,0.25,3.27,
cluster_10279701142_664471710,0.00018116116567117475,236.0,299,311,1.41,2.26,
cluster_10279701142_664471710,0.0002850672191742983,236.5,299,301,2.07,2.09,
cluster_10279701142_664471710,0.00032133444892791345,236.5,299,309,1.4,2.26,
cluster_10279701142_664471710,0.00025433641728384645,240.0,299,308,2.68,1.88,
cluster_10279701142_664471710,0.00022088369270012982,247.5,299,405,2.71,1.56,
cluster_11158897100_11158897101_11158897102_664471748_#1more,0.00015914495777807843,265.0,308,428,1.4,2.71,
cluster_11158897100_11158897101_11158897102_664471748_#1more,0.00012100885515726135,265.5,308,317,2.03,2.22,
cluster_10279701142_664471710,0.00018116116567117475,236.0,311,299,1.41,2.26,
1177160691,6.631194717834506e-05,285.5,441,471,2.53,3.48,
1177160691,6.631194717834506e-05,285.5,471,441,2.53,3.48,
cluster_10279701142_664471710,0.0001001334803097137,250.0,299,288,0.25,3.27,
cluster_1177211838_13300645525_13300645528,2.574996825161142e-05,253.5,373,334,2.35,0.82,30.67
cluster_10281958925_10281958926_6508834064_6508834065_#1more,0.0002733842285839274,264.5,436,131,2.39,0.65,
cluster_10281958925_10281958926_6508834064_6508834065_#1more,0.00021057589809081153,272.5,436,342,1.21,2.46,
1177160691,2.4279401522909823e-05,287.0,441,89,,3.24,1.43
13300645527,3.6643589558243934e-05,141.5,207,157,1.22,1.24,
1174832475,1.7993727899342826e-05,291.0,417,466,2.03,3.23,2.22
13300645527,6.346572709315531e-05,150.0,151,207,0.99,2.84,
cluster_1177211304_1177211692,0.00024085904796596598,152.0,151,157,2.09,2.08,
cluster_1177211304_1177211692,0.0002673352339201464,162.5,151,195,2.17,2.88,
cluster_1177211304_1177211692,0.0002704719807494542,170.0,151,62,2.64,2.29,
13300645527,6.346572709315531e-05,150.0,207,151,0.99,2.84,
cluster_1177211304_1177211692,0.0002704719807494542,150.5,207,169,1.81,3.01,
cluster_1177211304_1177211692,0.0003000851608495272,150.5,207,174,2.14,3.02,
cluster_1177211304_1177211692,0.00034068362419707276,151.0,207,37,2.61,2.46,
cluster_1177211304_1177211692,0.00037166785051326377,151.0,207,6,2.98,2.3,
cluster_1177211838_13300645525_13300645528,0.00011247866162402801,253.0,282,373,1.16,3.77,
cluster_1177160434_1177161050,0.0001648105059813505,286.5,430,468,2.44,1.48,
cluster_1186025344_13298747727_13298747728_13298747738_#3more,0.00032304866565892863,230.5,248,281,2.72,1.97,
1174832475,1.7993727899342826e-05,289.5,466,417,2.03,3.23,2.22
cluster_1177161169_664472775,9.827986745541642e-06,288.5,190,389,4.62,3.4,1.74
cluster_1177211304_1177211692,0.00023477893127216905,162.5,207,195,1.89,3.12,
cluster_13298740740_664446558,0.0002315208240123492,273.0,212,396,2.88,1.86,
cluster_1177161169_664472775,9.827986745541642e-06,288.5,389,190,4.62,3.4,1.74
1177160599,0.00010227831020275659,283.0,429,465,0.96,3.8,
1177211785,0.00012619394719018938,250.5,169,293,1.17,3.41,
1177160864,0.00017561574695506226,236.5,250,391,1.29,3.48,
664472699,4.2112382595158814e-05,242.0,250,341,1.73,1.68,
1177160864,0.00011343896312340532,245.0,250,376,1.39,3.14,
1177160864,0.00017561574695506226,252.0,250,382,1.96,2.27,
1177160864,0.00017561574695506226,255.0,250,390,2.75,2.13,
cluster_10279701142_664471710,0.00015736817525605727,286.0,250,405,2.88,0.34,
664446557,0.00011982763037656722,260.0,279,316,2.76,1.97,
cluster_1186025344_13298747727_13298747728_13298747738_#3more,0.00032304866565892863,230.5,281,248,2.72,1.97,
cluster_11158897100_11158897101_11158897102_664471748_#1more,0.00015914495777807843,265.0,428,308,1.4,2.71,
cluster_1177160434_1177161050,0.0001648105059813505,286.5,468,430,2.44,1.48,
cluster_10281965682_663944134,6.491138510439113e-05,268.5,253,338,1.53,1.71,
cluster_10281965682_663944134,6.491138510439113e-05,268.5,338,253,1.53,1.71,
1177160399,7.786277939573642e-05,259.5,392,406,1.34,2.98,
1177160399,7.072144424882801e-05,267.5,418,406,2.91,1.39,
cluster_1177211838_13300645525_13300645528,9.040382152757964e-05,216.0,334,362,2.21,1.99,
664472699,0.000269906105143998,243.5,402,390,1.35,2.68,
1177161631,8.873386554343146e-05,269.0,425,268,2.43,1.93,
cluster_1177211838_13300645525_13300645528,9.040382152757964e-05,220.5,334,314,1.29,2.33,
10943433498,4.288109836650079e-05,287.5,432,232,2.3,2.99,
cluster_1177211304_1177211692,0.00024085904796596598,169.5,207,62,2.29,2.49,
cluster_1177211304_1177211692,0.00024085904796596598,176.5,207,90,2.86,2.44,
cluster_10279761592_11942000229_11942000233_663943274,2.5492177504630148e-05,287.0,318,380,2.31,1.45,
1189868548,8.608654052376692e-05,294.0,354,250,2.34,3.52,
cluster_13298740740_664446558,6.530116535994055e-05,290.0,393,472,2.78,2.05,
cluster_10281958925_10281958926_6508834064_6508834065_#1more,6.577880073989295e-05,270.0,425,200,2.97,0.84,2.61
cluster_10917990606_663844223,9.785434899982167e-05,291.5,455,373,2.66,1.61,
13300645527,4.6371916714681386e-05,292.0,455,62,2.13,3.51,
13300645527,2.3712248793411948e-05,293.0,455,195,2.82,2.94,
13300645527,2.855461153142156e-05,169.0,62,195,1.21,2.96,
cluster_1177211304_1177211692,0.00021242109544205684,169.5,62,157,1.78,2.72,
cluster_1177211304_1177211692,0.00024085904796596598,169.5,62,207,2.29,2.49,
cluster_1177211304_1177211692,0.0002704719807494542,170.0,62,151,2.64,2.29,
cluster_1177211304_1177211692,0.0002998918272002872,170.0,62,169,2.93,2.12,
1189868548,8.608654052376692e-05,294.0,250,354,2.34,3.52,
664446557,0.00011982763037656722,260.0,316,279,2.76,1.97,
1174832716,6.950382358891608e-05,276.5,316,417,1.79,2.61,
1177160399,7.072144424882801e-05,253.5,406,418,2.91,1.39,
1177160399,7.786277939573642e-05,259.5,406,392,1.34,2.98,
cluster_1189036692_13298747742,8.79099077031743e-05,258.0,84,312,1.27,2.12,
cluster_13298747750_13298747754_7007141699,9.264468181574148e-05,177.0,123,125,1.16,3.76,
cluster_13298747750_13298747754_7007141699,6.244733695349133e-05,177.5,123,145,1.87,3.11,
cluster_664446535_8507351665_8507351666,0.0001444704554288138,177.5,123,179,2.53,2.34,
cluster_664446535_8507351665_8507351666,0.00015549915217002465,196.5,123,224,1.21,3.09,
cluster_664446535_8507351665_8507351666,5.369068290583196e-06,205.5,123,225,2.51,0.52,6.4
cluster_13298747750_13298747754_7007141699,9.264468181574148e-05,177.0,125,123,1.16,3.76,
cluster_664446535_8507351665_8507351666,0.00012622536242626344,197.0,125,224,1.91,2.79,
1190128289,7.179156940082132e-05,255.0,373,426,1.9,1.11,
cluster_10917990606_663844223,9.785434899982167e-05,291.5,373,455,2.66,1.61,
664472699,0.00022771919579977446,244.0,402,408,1.52,2.07,
664472699,0.0002343960181497036,251.0,402,343,2.26,1.99,
1177160864,0.00024408173390012044,258.0,402,382,2.52,1.91,
664472699,0.0002357743627832811,265.0,402,240,2.72,2.08,
664472699,0.00022771919579977446,244.0,408,402,1.52,2.07,
cluster_1177160373_664472773,7.810155345567153e-05,289.5,474,476,2.24,2.82,
cluster_1177211304_1177211692,0.00014319266327795087,176.0,90,62,1.4,3.01,
cluster_1177211304_1177211692,0.00021242109544205684,176.5,90,157,2.58,2.6,
cluster_1177211304_1177211692,0.0001828078510485196,176.5,90,195,2.18,2.79,
cluster_1177211304_1177211692,0.00024085904796596598,176.5,90,207,2.86,2.44,
cluster_10281958925_10281958926_6508834064_6508834065_#1more,0.00020627665477729367,262.5,131,268,1.82,3.21,
1177212157,0.0001619617273988698,121.5,22,30,1.43,2.84,
1177212157,0.0001619617273988698,126.5,22,83,2.27,2.8,
13300645526,3.383669074521594e-05,243.0,22,346,1.6,1.43,
13300645526,4.1172194792547955e-05,243.5,22,307,2.77,1.48,
cluster_1177211304_1177211692,0.0002083029050860777,162.0,157,195,1.28,3.67,
cluster_1177211304_1177211692,0.00021242109544205684,169.5,157,62,1.78,2.72,
cluster_1177211304_1177211692,0.00021242109544205684,176.5,157,90,2.58,2.6,
1177212157,0.0001619617273988698,121.5,30,22,1.43,2.84,
1177212157,9.283998643543631e-05,123.0,30,105,2.5,2.66,
1177212157,0.00012266840361160848,123.0,30,13,2.09,2.85,
1177212157,0.00022502493750051973,126.5,30,3,2.14,2.25,
1177212157,0.00022502493750051973,131.5,30,4,2.37,2.4,
13300645526,0.00012635523039181002,135.0,30,37,1.51,1.51,
13300645527,1.9878668094671008e-05,218.5,30,326,2.76,2.64,
13300645526,0.00012004556586058499,256.0,30,326,2.19,2.47,
cluster_1177211304_1177211692,0.00014319266327795087,176.0,62,90,1.4,3.01,
cluster_1177211304_1177211692,0.00015946983783491183,180.0,62,7,2.45,2.47,
13300645527,4.6371916714681386e-05,292.5,62,455,2.13,3.51,
cluster_1177161169_664472775,1.4524908169875006e-05,297.5,165,385,,4.34,1.84
cluster_1177211304_1177211692,0.0002083029050860777,162.0,195,157,1.28,3.67,
cluster_1177211304_1177211692,0.0002673352339201464,162.5,195,151,2.17,2.88,
cluster_1177211304_1177211692,0.00023477893127216905,162.5,195,207,1.89,3.12,
cluster_1177211304_1177211692,0.00029792917803326494,163.0,195,169,2.45,2.63,
cluster_1177211304_1177211692,0.0003275420683015142,163.0,195,174,2.69,2.48,
13300645527,2.855461153142156e-05,169.0,195,62,1.21,2.96,
cluster_1177211304_1177211692,0.0001828078510485196,176.5,195,90,2.18,2.79,
13300645527,2.3712248793411948e-05,293.0,195,455,2.82,2.94,
5424222002,4.204735265693567e-05,296.5,345,375,1.75,2.26,
cluster_1177212073_13300645524_664471560,0.00013414391658935341,236.5,395,362,1.53,2.05,
1177211785,0.00012713644392900266,286.5,169,282,1.59,2.68,
1177160691,6.631194717834506e-05,297.0,413,490,2.29,3.79,
1177161219,7.750342699700825e-05,301.5,428,317,1.91,2.99,
1177160691,6.631194717834506e-05,297.0,490,413,2.29,3.79,
cluster_1177211304_1177211692,9.318269980950103e-05,178.5,90,7,1.19,2.34,
cluster_10281958925_10281958926_6508834064_6508834065_#1more,0.00023763085257858066,265.5,122,273,2.81,0.72,
cluster_10281958925_10281958926_6508834064_6508834065_#1more,0.00026492676045492534,276.5,122,342,2.55,1.56,
cluster_10281958925_10281958926_6508834064_6508834065_#1more,0.00023037358406671554,262.5,131,235,1.11,3.55,
cluster_10281958925_10281958926_6508834064_6508834065_#1more,0.000168783949938799,263.0,131,168,2.19,2.94,
cluster_10281958925_10281958926_6508834064_6508834065_#1more,0.0001305573594420129,263.0,131,89,2.64,2.69,
cluster_10281958925_10281958926_6508834064_6508834065_#1more,0.0002733842285839274,264.5,131,436,2.39,0.65,
cluster_10281958925_10281958926_6508834064_6508834065_#1more,0.00015223691654005003,274.0,131,342,2.37,1.66,
cluster_10281958925_10281958926_6508834064_6508834065_#1more,0.00014801327037587022,279.5,131,122,2.48,2.13,
cluster_1177160373_664472773,7.810155345567153e-05,289.5,476,474,2.24,2.82,
5424222002,4.204735265693567e-05,298.0,345,421,2.05,3.24,
1177160403,0.00010263072067619744,279.0,255,464,2.92,1.52,
cluster_1189036692_13298747742,8.79099077031743e-05,258.0,312,84,1.27,2.12,
cluster_1177211838_13300645525_13300645528,0.00012775721552168564,222.0,362,314,1.4,2.18,
cluster_1177211838_13300645525_13300645528,2.574996825161142e-05,300.0,378,314,2.07,1.01,
664446571,6.89736489540556e-05,252.0,421,375,2.55,0.62,
5424222002,4.204735265693567e-05,298.0,421,345,2.05,3.24,
1177160403,0.00010263072067619744,279.0,464,255,2.92,1.52,
1177161219,7.750342699700825e-05,283.5,185,317,1.11,3.92,
cluster_1177211838_13300645525_13300645528,0.00012775721552168564,222.0,314,362,1.4,2.18,
1177161219,7.750342699700825e-05,283.5,317,185,1.11,3.92,
cluster_1177160373_664472773,0.00013486135204143033,218.5,360,361,0.95,3.7,
cluster_1177160373_664472773,0.00013486135204143033,218.5,361,360,0.95,3.7,
1177160684,0.00010966912244709262,259.0,361,381,2.65,1.1,
cluster_13298740740_664446558,0.0001176376945354193,136.5,150,159,2.28,3.22,
cluster_13298740740_664446558,8.978204352878113e-05,137.0,150,155,2.91,2.56,
cluster_10281958925_10281958926_6508834064_6508834065_#1more,8.411902004851337e-05,224.0,126,139,1.18,4.07,
cluster_10281958925_10281958926_6508834064_6508834065_#1more,8.411902004851337e-05,231.0,126,89,1.65,3.36,
cluster_10281958925_10281958926_6508834064_6508834065_#1more,8.411902004851337e-05,245.5,126,168,2.31,2.72,
cluster_10281958925_10281958926_6508834064_6508834065_#1more,8.411902004851337e-05,255.0,126,268,2.82,2.13,
1177160599,0.00010007637887895558,296.5,126,429,2.54,2.87,
cluster_10281958925_10281958926_6508834064_6508834065_#1more,8.411902004851337e-05,224.0,139,126,1.18,4.07,
cluster_11942000232_664472748,7.505152858815112e-05,299.5,145,318,2.19,1.09,
1177161483,0.00011063106124423098,201.5,228,124,1.23,2.49,
664446557,0.0001837181007597068,204.5,228,32,1.63,2.45,
cluster_10281958925_10281958926_6508834064_6508834065_#1more,0.0001418176838359149,291.5,273,232,1.26,2.93,
cluster_10281958925_10281958926_6508834064_6508834065_#1more,0.0001418176838359149,293.5,273,148,2.37,2.22,
cluster_11942000232_664472748,7.505152858815112e-05,299.5,318,145,2.19,1.09,
cluster_1177161169_664472775,1.4524908169875006e-05,297.5,385,165,,4.34,1.84
1177160599,0.00010007637887895558,296.5,429,126,2.54,2.87,
664446571,6.89736489540556e-05,252.0,375,421,2.55,0.62,
5424222002,4.204735265693567e-05,296.5,375,345,1.75,2.26,
664446557,5.25888510091186e-05,299.5,466,469,2.72,1.57,
664446557,5.25888510091186e-05,299.5,469,466,2.72,1.57,
cluster_1177211304_1177211692,9.318269980950103e-05,179.0,7,90,1.19,2.34,
cluster_1177211304_1177211692,0.00015946983783491183,180.0,7,62,2.45,2.47,
1177161022,0.00032000449275464544,162.0,150,269,1.56,1.19,
cluster_10281958925_10281958926_6508834064_6508834065_#1more,0.00032191755337427806,167.5,150,155,2.77,1.64,
664446557,5.08964480386223e-06,300.5,466,422,,2.84,1.58
cluster_10281958922_663940594,0.00019901738115904306,176.0,180,220,1.96,1.58,
1177161219,7.750342699700825e-05,301.5,317,428,1.91,2.99,
1190128211,2.8528887910199628e-05,300.0,499,282,2.08,0.85,3.02
663825934,8.834535527514444e-05,79.0,24,36,1.34,2.53,
663825934,5.638438402216878e-06,112.5,24,41,2.3,1.55,
cluster_5424222000_664446587,8.469705221756199e-05,237.0,24,340,1.74,3.93,
663825934,8.834535527514444e-05,79.0,36,24,1.34,2.53,
cluster_5424222000_664446587,8.469705221756199e-05,238.0,36,340,2.25,1.52,
cluster_13298740740_664446558,0.0001176376945354193,136.5,159,150,2.28,3.22,
1177161022,0.0002882240581803693,187.0,259,150,1.31,3.13,
1177161022,0.00032000449275464544,162.0,269,150,1.56,1.19,
cluster_11158897100_11158897101_11158897102_664471748_#1more,0.0001273039024508076,284.5,302,308,1.25,2.87,
1190128211,2.3496930274737716e-05,302.0,499,426,2.76,1.72,5.06
664446557,5.08964480386223e-06,300.5,422,466,,2.84,1.58
1177211785,8.001774275953175e-05,262.0,438,395,2.7,0.81,
cluster_10281958925_10281958926_6508834064_6508834065_#1more,0.0002084253669354168,279.0,122,436,1.41,2.64,
cluster_10281958925_10281958926_6508834064_6508834065_#1more,0.00014801327037587022,279.5,122,131,2.48,2.13,
1177161631,8.873386554343146e-05,289.0,122,419,2.62,1.71,
1177161631,8.873386554343146e-05,288.0,131,419,1.1,3.2,
cluster_1177160373_664472773,7.500820450346504e-05,309.0,374,456,1.73,3.68,2.85
cluster_1177212073_13300645524_664471560,0.00013414391658935341,240.5,395,379,2.46,1.85,
1190128211,0.00010896968154759036,255.0,426,282,1.44,2.65,
cluster_1177211838_13300645525_13300645528,0.000110731474628733,261.0,426,424,1.28,0.77,
1190128211,2.3496930274737716e-05,300.0,426,499,2.76,1.72,5.06
1177161219,5.401643628672777e-05,302.5,428,366,2.44,0.93,
1177161631,1.4370878645833728e-05,301.0,441,419,2.48,1.03,7.83
1177161154,8.619033675301289e-05,205.5,267,270,1.35,3.2,
cluster_1177161169_664472775,1.4524908169875006e-05,222.0,267,303,,1.08,1.6
cluster_1177161169_664472775,1.8718966632673254e-05,223.5,267,128,,3.48,
cluster_1177161169_664472775,7.815851511530162e-05,233.0,267,313,2.19,3.1,
cluster_1177161169_664472775,7.815851511530162e-05,236.0,267,354,2.85,2.07,
1177161154,9.00013357970915e-05,271.0,267,301,2.6,0.36,
1177161154,8.619033675301289e-05,280.5,267,322,2.29,2.44,
cluster_663842376_663944135,0.0001332559792073235,305.0,125,509,2.94,1.81,
1177212096,0.0003010206169648821,244.5,180,218,2.97,1.54,
1177161154,8.619033675301289e-05,205.5,270,267,1.35,3.2,
cluster_1177161169_664472775,0.00013426819294682255,232.0,270,313,0.93,3.8,
cluster_1177161169_664472775,0.00013426819294682255,234.5,270,354,1.94,2.43,
1177161154,0.0001461879660931028,240.5,270,322,1.54,3.03,
cluster_1177212073_13300645524_664471560,0.00013414391658935341,239.0,362,395,1.53,2.05,
cluster_1177211838_13300645525_13300645528,0.00013175490618320943,252.5,362,379,1.34,3.67,
cluster_1177211838_13300645525_13300645528,0.00013175490618320943,254.0,362,369,2.56,2.03,
1177161483,0.00011063106124423098,201.5,124,228,1.23,2.49,
1186025330,4.502537626849378e-05,221.5,124,367,1.52,4.35,
cluster_13298740740_664446558,0.00022075431392392752,226.5,124,290,1.35,3.12,
cluster_13298740740_664446558,0.00015813400441300492,227.0,124,130,2.3,2.54,
cluster_11158897100_11158897101_11158897102_664471748_#1more,0.0001273039024508076,284.5,308,302,1.25,2.87,
cluster_1177212073_13300645524_664471560,0.00014280732914767556,262.0,438,401,1.36,1.98,
cluster_11942000227_11942000230_6173706992,7.05911863101731e-05,307.0,452,497,,2.16,1.27
cluster_11942000227_11942000230_6173706992,7.05911863101731e-05,307.0,497,452,,2.16,1.27
cluster_10281958925_10281958926_6508834064_6508834065_#1more,0.00010620354172826793,231.0,89,139,0.97,3.65,
cluster_10281958925_10281958926_6508834064_6508834065_#1more,0.00013254714750415527,242.5,89,222,2.16,2.99,
cluster_10281958925_10281958926_6508834064_6508834065_#1more,0.00013254714750415527,245.5,89,168,1.15,3.27,
cluster_10281958925_10281958926_6508834064_6508834065_#1more,0.00013254714750415527,255.0,89,268,1.95,2.55,
cluster_10281958925_10281958926_6508834064_6508834065_#1more,0.00013254714750415527,256.5,89,235,2.81,1.97,
cluster_10281958925_10281958926_6508834064_6508834065_#1more,0.0001305573594420129,263.0,89,131,2.64,2.69,
1177160691,2.4279401522909823e-05,286.5,89,441,,3.24,1.43
cluster_10281958925_10281958926_6508834064_6508834065_#1more,0.00010620354172826793,231.0,139,89,0.97,3.65,
cluster_10281958925_10281958926_6508834064_6508834065_#1more,0.00010620354172826793,245.5,139,168,1.92,2.97,
cluster_10281958925_10281958926_6508834064_6508834065_#1more,0.00010620354172826793,255.0,139,268,2.4,2.32,
1177160691,2.4279401522909823e-05,285.0,139,441,2.19,0.54,2.9
1177161631,8.873386554343146e-05,289.0,419,122,2.62,1.71,
1177161631,8.873386554343146e-05,289.0,419,436,1.36,2.13,
1177161631,8.873386554343146e-05,293.0,419,131,1.1,3.2,
1177161631,1.4370878645833728e-05,301.0,419,441,2.48,1.03,
cluster_10281958925_10281958926_6508834064_6508834065_#1more,0.0002084253669354168,279.0,436,122,1.41,2.64,
cluster_10281958925_10281958926_6508834064_6508834065_#1more,0.0002094084398640378,280.5,436,273,2.86,1.72,
1177161631,8.873386554343146e-05,288.0,436,419,1.36,2.13,
1190128211,0.00010896968154759036,255.0,282,426,1.44,2.65,
1177211785,0.00012713644392900266,286.5,282,169,1.59,2.68,
1190128211,2.8528887910199628e-05,300.0,282,499,2.08,0.85,3.02
cluster_1177211336_1191714436,3.4122109348785373e-05,304.5,282,470,2.3,0.89,0.91
1177161219,5.401643628672777e-05,302.5,366,428,2.44,0.93,
cluster_663842376_663944135,0.0001332559792073235,305.0,509,125,2.94,1.81,
cluster_10281958925_10281958926_6508834064_6508834065_#1more,8.411902004851337e-05,291.5,436,232,2.53,2.51,
cluster_10281958925_10281958926_6508834064_6508834065_#1more,0.00020726026973404667,241.5,235,268,1.23,0.95,
cluster_10281958925_10281958926_6508834064_6508834065_#1more,0.000168783949938799,256.5,235,168,2.16,2.18,
cluster_10281958925_10281958926_6508834064_6508834065_#1more,0.00013254714750415527,256.5,235,89,2.81,1.97,
cluster_10281958925_10281958926_6508834064_6508834065_#1more,0.00023037358406671554,262.5,235,131,1.11,3.55,
cluster_10281958925_10281958926_6508834064_6508834065_#1more,0.00023037358406671554,264.5,235,436,2.7,1.0,
1177161022,0.00025735742913836904,245.0,321,357,1.09,3.85,
1177161022,0.0003151313275448874,245.5,321,259,2.04,2.88,
1177161022,0.00028690399535131637,245.5,321,53,1.63,3.29,
1177161022,0.00034376344123420615,246.0,321,150,2.29,2.56,
cluster_10281958925_10281958926_6508834064_6508834065_#1more,0.0003022606353879562,247.0,321,269,2.85,2.06,
cluster_1177211304_1177211692,0.00022963924295973218,163.5,138,16,1.47,2.82,
cluster_11944729366_664471711,0.0001531360569259524,164.0,138,12,2.69,1.9,
cluster_10279701142_664471710,0.0002109432299555244,242.5,405,311,1.39,2.0,
cluster_10279701142_664471710,0.00022088369270012982,247.5,405,299,2.71,1.56,
1177161022,0.0002882240581803693,187.0,150,259,1.31,3.13,
1177161483,0.00015033320306403724,206.5,228,265,1.49,1.99,
1177161483,0.0001494277539500975,253.5,228,261,2.59,0.88,
1177161022,0.00025735742913836904,221.5,357,321,1.09,3.85,
cluster_11942000227_11942000230_6173706992,0.00010449898025099276,310.0,318,440,0.0,5.3,0.0
cluster_10281958925_10281958926_6508834064_6508834065_#1more,0.00020726026973404667,241.5,268,235,1.23,0.95,
cluster_10281958925_10281958926_6508834064_6508834065_#1more,8.411902004851337e-05,255.0,268,126,2.82,2.13,
cluster_10281958925_10281958926_6508834064_6508834065_#1more,0.00010620354172826793,255.0,268,139,2.4,2.32,
cluster_10281958925_10281958926_6508834064_6508834065_#1more,0.000168783949938799,255.0,268,168,1.16,2.95,
cluster_10281958925_10281958926_6508834064_6508834065_#1more,0.00013254714750415527,255.0,268,89,1.95,2.55,
cluster_10281958925_10281958926_6508834064_6508834065_#1more,0.00020627665477729367,262.5,268,131,1.82,3.21,
1177161631,8.873386554343146e-05,269.0,268,425,2.43,1.93,
cluster_1186025344_13298747727_13298747728_13298747738_#3more,0.00031109106735817567,233.5,303,110,1.52,0.65,
cluster_1186025344_13298747727_13298747728_13298747738_#3more,0.00024979682663996323,271.0,303,409,2.75,1.66,
1174832699,0.00029806086848175304,280.5,384,363,1.33,3.02,
1177161022,0.0002999007708364175,211.0,150,53,1.66,3.43,
1177161022,0.00034376344123420615,236.5,150,357,2.13,3.06,
1177161022,0.00034376344123420615,246.0,150,321,2.29,2.56,
cluster_1177211838_13300645525_13300645528,7.066497689677762e-05,254.5,334,424,1.76,0.62,
cluster_1177211838_13300645525_13300645528,0.000110731474628733,255.0,334,426,2.9,0.56,
cluster_1177211838_13300645525_13300645528,7.066497689677762e-05,254.5,424,334,1.76,0.62,
cluster_1177211838_13300645525_13300645528,0.000110731474628733,255.0,424,426,1.22,3.06,
cluster_1177211838_13300645525_13300645528,7.308960885242818e-05,281.0,424,339,1.69,3.59,
cluster_1177160373_664472773,7.500820450346504e-05,307.0,456,374,1.73,3.68,2.85
1177161483,0.00010494040058267115,171.5,275,283,1.09,3.24,
cluster_13298740740_664446558,0.00012489531254539197,187.5,275,258,1.22,2.82,
cluster_13298740740_664446558,0.00012489531254539197,190.0,275,264,2.27,2.16,
cluster_13298740740_664446558,0.00012489531254539197,194.0,275,75,2.32,2.94,
cluster_10279701142_664471710,0.0002109432299555244,242.5,311,405,1.39,2.0,
cluster_10279701142_664471710,0.0002928065920256848,243.0,311,309,2.52,1.76,
cluster_1177212073_13300645524_664471560,0.00017821625289141173,262.0,407,438,1.29,2.33,
cluster_13298740740_664446558,5.9092424454417275e-06,316.0,469,281,1.88,3.47,
cluster_10279701142_664471710,0.00012298076781392132,269.5,167,288,1.24,3.37,
cluster_10281958925_10281958926_6508834064_6508834065_#1more,0.00035043360393118624,188.0,259,269,2.22,2.23,
cluster_10281958925_10281958926_6508834064_6508834065_#1more,0.0003205091561984038,188.5,259,159,2.62,1.99,
cluster_10281958925_10281958926_6508834064_6508834065_#1more,0.00029003271295574643,189.0,259,155,2.85,1.88,
1177211896,7.733672735247537e-05,308.5,488,515,2.26,1.44,
1177211896,7.733672735247537e-05,308.5,515,488,2.26,1.44,
cluster_1186025344_13298747727_13298747728_13298747738_#3more,0.00031109106735817567,233.5,110,303,1.52,0.65,
1177161483,0.00010494040058267115,171.5,283,275,1.09,3.24,
cluster_13298740740_664446558,9.516579088573399e-05,188.0,283,258,1.85,2.65,
cluster_13298740740_664446558,9.516579088573399e-05,190.0,283,264,2.64,2.03,
cluster_13298740740_664446558,9.516579088573399e-05,194.5,283,75,2.68,2.66,
663825934,1.5642343698503764e-05,315.0,299,454,,2.52,1.34
cluster_1186025344_13298747727_13298747728_13298747738_#3more,0.0003372639956877069,286.0,336,303,1.39,2.89,
663825934,1.5642343698503764e-05,315.0,454,299,,2.52,1.34
cluster_1177211838_13300645525_13300645528,8.27742991597411e-05,260.0,410,314,2.98,2.33,
1177211785,0.00011576686533820347,260.0,410,369,1.39,2.42,
1177211785,0.00014390368307166802,260.0,410,379,1.97,2.43,
1177161483,0.00010494040058267115,237.5,283,258,1.85,2.64,
cluster_664446535_8507351665_8507351666,0.00026581289591828323,210.0,352,298,1.67,1.05,
1174832475,1.731151068304013e-05,314.5,434,365,1.77,3.45,
1177161483,0.00017336627145323047,159.5,264,258,1.54,1.09,
cluster_13298740740_664446558,0.00012489531254539197,190.0,264,275,2.27,2.16,
cluster_13298740740_664446558,9.516579088573399e-05,190.0,264,283,2.64,2.03,
1177161483,0.0001323918636235762,237.5,275,258,1.16,2.95,
cluster_1186025344_13298747727_13298747728_13298747738_#3more,0.0003372639956877069,286.0,303,336,1.39,2.89,
1174832699,0.00029806086848175304,280.5,363,384,1.33,3.02,
cluster_10279701142_664471710,4.4363555775538176e-05,250.0,405,288,0.0,1.78,0.0
cluster_10279701142_664471710,0.00015736817525605727,286.0,405,250,2.88,0.34,
cluster_13298740740_664446558,5.9092424454417275e-06,316.0,281,469,1.88,3.47,
1177161483,0.00010494040058267115,239.5,283,264,2.88,2.14,
1177161483,0.00010494040058267115,256.5,283,127,2.98,2.52,
1174832475,1.731151068304013e-05,316.0,365,434,1.77,3.45,
cluster_1186025344_13298747727_13298747728_13298747738_#3more,0.0003372639956877069,295.0,303,337,2.16,2.06,
1177160765,0.00019195012558103944,280.5,322,350,2.41,1.89,
1177161483,0.0002106376394398362,232.5,367,261,2.33,0.65,
10943490952,8.755798608962386e-05,319.0,461,519,2.02,2.07,
cluster_10279701142_664471710,0.00010141949970275204,250.0,288,405,0.0,1.78,0.0
cluster_10279701142_664471710,0.00012298076781392132,269.5,288,167,1.24,3.37,
1174832895,9.817261077250523e-05,204.0,291,295,2.12,1.38,
1177211571,1.0484422234071783e-05,318.0,391,314,2.26,3.17,
cluster_1177212073_13300645524_664471560,0.00017821625289141173,262.0,438,407,1.29,2.33,
10943490952,8.755798608962386e-05,323.0,519,461,2.02,2.07,
1177161483,0.0001323918636235762,239.0,275,264,2.38,2.3,
1177161483,0.0001323918636235762,256.5,275,127,2.73,2.68,
1177161022,0.000246189538972073,261.5,275,321,2.49,1.6,
cluster_1186025344_13298747727_13298747728_13298747738_#3more,0.0003372639956877069,310.5,303,381,2.5,1.97,
cluster_1186025344_13298747727_13298747728_13298747738_#3more,0.0004574849750649009,278.5,370,381,1.87,1.5,
cluster_1186025344_13298747727_13298747728_13298747738_#3more,0.00039895977948985374,311.5,370,336,2.88,1.65,
cluster_1186025344_13298747727_13298747728_13298747738_#3more,0.0004268708961044665,311.5,370,337,2.32,1.84,
1177161483,0.0002471460052944607,271.5,448,367,2.51,0.32,
cluster_664446535_8507351665_8507351666,0.0003032936417398791,202.0,249,298,1.42,1.89,
cluster_664446535_8507351665_8507351666,0.0003032936417398791,202.0,298,249,1.42,1.89,
cluster_664446535_8507351665_8507351666,0.00026581289591828323,210.0,298,352,1.67,1.05,
cluster_664446535_8507351665_8507351666,0.00018294000853477402,233.0,298,208,2.95,1.88,
cluster_664446535_8507351665_8507351666,0.00022225136224879365,268.0,298,292,1.83,2.89,
cluster_664446535_8507351665_8507351666,0.0002122126078447339,279.5,298,453,2.44,2.29,
cluster_664446535_8507351665_8507351666,0.00014249252264428931,287.5,298,310,2.96,1.98,
1177160765,0.00013007940081423747,291.5,322,486,1.28,2.12,
cluster_10279701142_664471710,0.00015144682735846504,285.0,167,350,1.37,2.9,
cluster_664446535_8507351665_8507351666,0.0002648239016703703,225.5,249,352,2.69,1.27,
10943433498,4.288109836650079e-05,321.0,441,250,1.68,2.52,
cluster_1177212073_13300645524_664471560,0.00014280732914767556,302.5,499,407,1.99,1.59,
cluster_1177212073_13300645524_664471560,0.0001837610059021292,304.5,500,499,2.91,1.16,
1177211785,0.00013598544328209168,314.0,524,407,1.99,0.8,
cluster_1177211838_13300645525_13300645528,0.00013672362916739562,314.0,524,505,2.84,0.67,
1177161483,0.00017336627145323047,159.5,258,264,1.54,1.09,
664446557,7.98238931608675e-05,168.0,258,202,1.77,1.87,4.26
cluster_13298740740_664446558,0.00012489531254539197,187.5,258,275,1.22,2.82,
cluster_13298740740_664446558,9.516579088573399e-05,188.0,258,283,1.85,2.65,
cluster_13298740740_664446558,0.00016445463058341737,194.0,258,75,1.84,3.05,
cluster_13298740740_664446558,0.00016445463058341737,195.5,258,127,2.63,2.32,
1177161483,0.0001323918636235762,237.5,258,275,1.16,2.95,
1177161483,0.00010494040058267115,237.5,258,283,1.85,2.64,
1177161483,0.00017153141838152546,256.5,258,127,2.4,2.94,
cluster_1186025344_13298747727_13298747728_13298747738_#3more,0.0003102585332515124,286.0,336,110,2.01,2.6,
1177161483,0.0002471460052944607,271.5,367,448,2.51,0.32,
cluster_1186025344_13298747727_13298747728_13298747738_#3more,0.0004574849750649009,278.5,381,370,1.87,1.5,
1177160864,7.17426784923681e-05,244.0,408,343,0.96,2.09,
664472699,0.0002721319398022916,247.5,408,390,2.42,1.52,
cluster_1186025344_13298747727_13298747728_13298747738_#3more,0.00024979682663996323,245.0,409,110,1.4,2.66,
cluster_1186025344_13298747727_13298747728_13298747738_#3more,0.00024979682663996323,271.0,409,303,2.75,1.66,
cluster_1177212073_13300645524_664471560,0.00017000123837595724,302.5,499,505,1.47,3.19,
cluster_1177212073_13300645524_664471560,0.00017000123837595724,302.5,505,499,1.47,3.19,
1177211334,0.0001373061899192073,294.0,487,339,2.03,2.53,
1177211334,0.00010140691705584318,294.5,487,334,2.08,2.01,
1176978438,3.80785737010377e-05,317.0,139,529,2.93,0.79,
cluster_1186025344_13298747727_13298747728_13298747738_#3more,0.00024979682663996323,245.0,110,409,1.4,2.66,
1174832699,0.00029806086848175304,181.0,231,225,1.09,3.5,
cluster_664446535_8507351665_8507351666,8.379574763301712e-05,206.5,231,149,2.37,1.37,
cluster_13298740740_664446558,8.400686890385633e-05,235.5,231,84,2.17,2.23,
cluster_1186025344_13298747727_13298747728_13298747738_#3more,0.00024979682663996323,286.5,336,409,2.68,2.14,
cluster_11944729366_664471711,0.00014815942040774107,320.0,347,184,1.77,2.13,
1177160765,0.00019195012558103944,280.5,350,322,2.41,1.89,
cluster_10279701142_664471710,0.00015144682735846504,285.0,350,167,1.37,2.9,
cluster_10279701142_664471710,9.771177239537115e-05,285.5,350,405,2.45,0.26,4.56
1177161483,0.0002471460052944607,279.0,367,225,2.72,1.39,
10943433498,4.288109836650079e-05,321.0,250,441,1.68,2.52,
1176978438,3.80785737010377e-05,317.0,529,139,2.93,0.79,
cluster_1186025344_13298747727_13298747728_13298747738_#3more,0.0003102585332515124,286.0,110,336,2.01,2.6,
cluster_1186025344_13298747727_13298747728_13298747738_#3more,0.00024979682663996323,286.5,409,336,2.68,2.14,
1177161483,0.00023484766462871404,297.0,367,186,2.75,2.52,
1177160765,0.00013007940081423747,291.5,486,322,1.28,2.12,
664472749,1.047196695229909e-05,328.0,507,533,1.57,3.31,1.93
1177160691,2.8593750278103194e-05,325.5,503,122,,3.83,
cluster_1177212073_13300645524_664471560,0.00010606364851872946,310.0,513,500,2.82,0.97,
cluster_10281958925_10281958926_6508834064_6508834065_#1more,0.00011517830615468768,291.5,122,232,1.91,2.78,
cluster_10281958925_10281958926_6508834064_6508834065_#1more,0.00011517830615468768,293.5,122,148,2.89,2.09,
1177160691,2.8593750278103194e-05,324.5,122,503,,3.83,
1189036615,0.00014074779689876043,228.5,323,186,1.15,3.94,
664472699,0.00020386829512965773,279.0,103,240,2.07,2.89,
cluster_1186025344_13298747727_13298747728_13298747738_#3more,0.0003102585332515124,295.5,110,337,2.59,1.82,
cluster_1186025344_13298747727_13298747728_13298747738_#3more,0.0003102585332515124,310.5,110,381,2.83,1.77,
1174832699,0.00029806086848175304,181.0,225,231,1.09,3.5,
cluster_664446535_8507351665_8507351666,8.379574763301712e-05,205.0,225,149,1.18,2.85,
cluster_664446535_8507351665_8507351666,5.369068290583196e-06,205.5,225,123,2.51,0.52,
cluster_664446535_8507351665_8507351666,5.05654552853299e-06,218.5,225,242,2.8,0.61,
cluster_13298740740_664446558,8.400686890385633e-05,233.5,225,84,1.15,3.32,
1189036615,0.00025019084112864695,280.5,231,448,2.72,1.12,
1177160864,0.00011343896312340532,263.5,341,240,1.42,0.7,
664472699,0.00019666009760199523,265.0,408,240,2.04,2.17,
1177160864,7.17426784923681e-05,308.0,408,476,2.35,2.71,
1177160864,3.639550360377785e-05,307.0,476,343,2.17,2.28,
cluster_10917990606_663844223,0.00012664478585153646,328.0,544,462,2.46,2.51,
cluster_1177212073_13300645524_664471560,0.00014280732914767556,262.5,407,401,2.57,1.3,
cluster_1177212073_13300645524_664471560,0.00014280732914767556,302.5,407,499,1.99,1.59,
cluster_11158897100_11158897101_11158897102_664471748_#1more,0.0001273039024508076,305.5,302,399,1.11,3.14,
cluster_664446535_8507351665_8507351666,0.0002648239016703703,225.5,352,249,2.69,1.27,
cluster_664446535_8507351665_8507351666,0.00018294000853477402,231.0,352,208,2.36,2.2,
cluster_664446535_8507351665_8507351666,0.00014249252264428931,231.5,352,242,2.82,2.0,
cluster_664446535_8507351665_8507351666,0.00018294000853477402,268.0,352,292,2.39,2.56,
cluster_11158897100_11158897101_11158897102_664471748_#1more,0.0001273039024508076,305.5,399,302,1.11,3.14,
cluster_1186025344_13298747727_13298747728_13298747738_#3more,0.00039895977948985374,294.5,337,336,1.08,2.89,
cluster_1186025344_13298747727_13298747728_13298747738_#3more,0.0003372639956877069,295.0,337,303,2.16,2.06,
cluster_1186025344_13298747727_13298747728_13298747738_#3more,0.0003102585332515124,295.5,337,110,2.59,1.82,
1177161022,0.0003151313275448874,236.0,357,259,1.65,3.4,
664472749,1.047196695229909e-05,328.0,533,507,1.57,3.31,1.93
1174832895,9.817261077250523e-05,204.0,295,291,2.12,1.38,
1177161022,0.00034823085220383554,162.0,159,269,1.52,0.98,
cluster_10281958925_10281958926_6508834064_6508834065_#1more,0.0002957675719337423,169.0,159,86,2.34,1.89,
cluster_10281958925_10281958926_6508834064_6508834065_#1more,0.0003205091561984038,188.5,159,259,2.62,1.99,
cluster_10281958925_10281958926_6508834064_6508834065_#1more,0.0003168006755639239,212.0,159,53,2.62,2.46,
cluster_10281958925_10281958926_6508834064_6508834065_#1more,0.0002741988444329832,237.5,159,357,2.86,2.28,
1177161022,0.00034823085220383554,162.0,269,159,1.52,0.98,
cluster_10281958925_10281958926_6508834064_6508834065_#1more,0.00029360536708060073,174.5,269,86,2.85,2.04,
cluster_10281958925_10281958926_6508834064_6508834065_#1more,0.00035043360393118624,188.0,269,259,2.22,2.23,
cluster_10281958925_10281958926_6508834064_6508834065_#1more,0.0003438730516746039,211.5,269,53,2.38,2.7,
cluster_10281958925_10281958926_6508834064_6508834065_#1more,0.0003022606353879562,237.0,269,357,2.63,2.48,
cluster_10281958925_10281958926_6508834064_6508834065_#1more,0.0003022606353879562,247.0,269,321,2.85,2.06,
cluster_1186025344_13298747727_13298747728_13298747738_#3more,0.0003025257532306351,315.0,468,496,1.26,2.99,
cluster_1186025344_13298747727_13298747728_13298747738_#3more,0.0002471490412034579,315.5,468,433,2.39,2.27,
1177160765,9.258930342922713e-05,298.5,331,322,1.02,3.44,
1177160765,0.00013080437521334804,299.0,331,486,1.82,2.78,
1177160765,0.00019195012558103944,299.5,331,350,2.53,2.12,
cluster_1186025344_13298747727_13298747728_13298747738_#3more,0.00039895977948985374,294.5,336,337,1.08,2.89,
1177161022,0.00028599020309923775,236.0,357,53,0.97,3.86,
1177161022,0.00034376344123420615,236.5,357,150,2.13,3.06,
cluster_10281958925_10281958926_6508834064_6508834065_#1more,0.0003022606353879562,237.0,357,269,2.63,2.48,
cluster_10281958925_10281958926_6508834064_6508834065_#1more,0.0002741988444329832,237.5,357,159,2.86,2.28,
1177161022,0.00027573600655202797,263.0,357,283,2.02,2.26,
cluster_13298740740_664446558,6.530116535994055e-05,316.0,469,384,2.04,0.98,
cluster_10281958925_10281958926_6508834064_6508834065_#1more,0.0002034904944360419,192.0,75,264,1.09,2.77,
cluster_13298740740_664446558,0.00016445463058341737,194.0,75,258,1.84,3.05,
cluster_13298740740_664446558,0.00012489531254539197,194.0,75,275,2.32,2.94,
cluster_13298740740_664446558,9.516579088573399e-05,194.5,75,283,2.68,2.66,
cluster_13298740740_664446558,0.00021443298474600335,204.0,75,130,2.52,2.86,
1177161483,0.00024620668073911754,235.0,75,389,1.36,0.9,
1177161483,0.0002392938931605924,256.0,75,127,1.69,3.62,
1189036615,0.00014074779689876043,228.5,186,323,1.15,3.94,
cluster_13298740740_664446558,0.00011951203571959863,263.0,186,386,2.03,3.09,
1189036615,0.00024606962589083587,278.5,225,448,1.7,1.37,
1177161483,0.0002471460052944607,279.0,225,367,2.72,1.39,
1189036615,0.00023489629193831267,296.5,225,186,2.04,3.02,
cluster_1186025344_13298747727_13298747728_13298747738_#3more,0.00039895977948985374,310.0,336,381,1.78,2.59,
cluster_1186025344_13298747727_13298747728_13298747738_#3more,0.00039895977948985374,311.5,336,370,2.88,1.65,
cluster_10917990606_663844223,0.00012664478585153646,328.0,462,544,2.46,2.51,
1177211334,0.00010140691705584318,280.0,334,339,1.25,1.4,
1177211334,0.00010140691705584318,294.5,334,487,2.08,2.01,
1177211334,0.00010140691705584318,280.0,339,334,1.25,1.4,
cluster_1177211838_13300645525_13300645528,7.308960885242818e-05,281.0,339,424,1.69,3.59,
cluster_1177211838_13300645525_13300645528,0.000110731474628733,281.0,339,426,2.09,3.13,
1177211334,0.0001373061899192073,294.0,339,487,2.03,2.53,
1177211334,0.00012533091285834308,317.0,339,485,2.46,2.7,
cluster_10279701142_664471710,0.00015642525946374492,307.0,474,331,1.57,1.88,
cluster_10279701142_664471710,0.00012298076781392132,307.5,474,322,2.33,1.72,
cluster_10281958925_10281958926_6508834064_6508834065_#1more,0.00023503947925553368,258.5,130,75,1.96,2.36,
cluster_10281958925_10281958926_6508834064_6508834065_#1more,0.0002034904944360419,192.0,264,75,1.09,2.77,
cluster_13298740740_664446558,0.00020366659057722872,195.0,264,127,1.99,2.19,
1177161483,0.0001323918636235762,239.0,264,275,2.38,2.3,
1177161483,0.00010494040058267115,239.5,264,283,2.88,2.14,
1177161483,0.0002137959408144055,239.5,264,389,2.3,1.06,
1177161483,0.0002106376394398362,256.0,264,127,2.07,3.38,
cluster_10279761592_11942000229_11942000233_663943274,5.0764838073860544e-05,334.5,317,452,1.94,1.73,1.35
664472699,0.00017111570101083275,279.0,103,341,1.46,2.97,
664472699,0.0002743579408757741,280.0,103,343,2.9,2.06,
1174832699,0.00029806086848175304,330.5,336,493,1.4,2.24,
cluster_10279701142_664471710,0.00015642525946374492,307.0,331,474,1.57,1.88,
10943433498,6.426324774924089e-05,326.5,413,441,1.91,2.32,
10943433498,6.426324774924089e-05,326.5,441,413,1.91,2.32,
1174832699,0.00029806086848175304,330.5,493,336,1.4,2.24,
1177160765,0.00010967513805662052,316.0,474,430,1.39,3.11,
1177160765,0.00010967513805662052,316.0,430,474,1.39,3.11,
1189036615,0.00024606962589083587,278.0,448,225,1.7,1.37,
1189036615,0.00025019084112864695,280.5,448,231,2.72,1.12,
1189036615,0.0002635316155241417,296.5,448,186,2.36,2.78,
cluster_13298747751_6469124180,8.090255374111746e-05,298.5,495,332,1.0,2.75,
1177160765,9.258930342922713e-05,298.5,322,331,1.02,3.44,
cluster_10279701142_664471710,0.00012298076781392132,307.5,322,474,2.33,1.72,
cluster_11502623497_1177160337,7.145594625639118e-05,332.5,370,303,1.29,3.03,
1177211571,7.937156508224618e-05,329.0,391,382,1.16,2.81,
1177211571,7.937156508224618e-05,331.0,391,390,2.46,1.79,
1177161022,0.0002707602537750072,210.5,53,259,1.16,3.91,
1177161022,0.0002999007708364175,211.0,53,150,1.66,3.43,
cluster_10281958925_10281958926_6508834064_6508834065_#1more,0.0003438730516746039,211.5,53,269,2.38,2.7,
cluster_10281958925_10281958926_6508834064_6508834065_#1more,0.00028928432641851066,212.0,53,155,2.85,2.26,
cluster_10281958925_10281958926_6508834064_6508834065_#1more,0.0003168006755639239,212.0,53,159,2.62,2.46,
1177161022,0.00028599020309923775,236.0,53,357,0.97,3.86,
1177161022,0.00028690399535131637,245.5,53,321,1.63,3.29,
1177161022,0.0003142168794328508,263.5,53,283,2.52,1.91,
1177161022,0.0002707602537750072,210.5,259,53,1.16,3.91,
1177161022,0.0003151313275448874,236.0,259,357,1.65,3.4,
1177161022,0.0003151313275448874,245.5,259,321,2.04,2.88,
cluster_11158897100_11158897101_11158897102_664471748_#1more,0.0002745497812317496,309.0,294,415,1.3,3.18,
664472699,0.00017111570101083275,279.0,341,103,1.46,2.97,
cluster_1177160373_664472773,6.438803616192089e-05,339.5,405,542,,3.16,2.29
cluster_13298747751_6469124180,8.090255374111746e-05,300.5,332,495,1.0,2.75,
1177211334,0.0001683230553297835,296.5,485,487,1.66,2.6,
1177211334,0.00012533091285834308,317.0,485,339,2.46,2.7,
664472699,0.00020832008037225257,287.0,341,153,1.9,3.22,
1177160866,6.976311754499276e-05,342.0,517,399,2.54,2.18,
cluster_10279761592_11942000229_11942000233_663943274,0.00018461715611824128,123.0,113,153,1.36,1.38,
cluster_10279761592_11942000229_11942000233_663943274,0.00015348537542009865,151.0,113,103,1.88,1.83,
cluster_10279761592_11942000229_11942000233_663943274,0.0001247070304955857,151.0,113,88,2.45,1.64,
cluster_10279761592_11942000229_11942000233_663943274,0.00021047092000342127,162.5,113,188,1.32,2.85,
cluster_10279761592_11942000229_11942000233_663943274,0.00021047092000342127,174.0,113,172,1.99,2.15,
cluster_10279761592_11942000229_11942000233_663943274,0.00020376593828250674,179.0,113,177,2.68,2.0,
cluster_10279761592_11942000229_11942000233_663943274,0.0001761728444631683,185.0,113,184,3.0,1.67,
664472699,0.00018500035701562683,288.5,113,103,2.16,2.63,
664472699,0.00022051064456257585,288.5,113,341,2.7,2.42,
cluster_10279761592_11942000229_11942000233_663943274,0.00018461715611824128,123.0,153,113,1.36,1.38,
cluster_11942000232_664472748,7.795572357906995e-05,137.5,153,184,2.16,2.35,
cluster_10279761592_11942000229_11942000233_663943274,0.00015348537542009865,149.0,153,103,0.96,3.0,
cluster_10279761592_11942000229_11942000233_663943274,0.0001247070304955857,149.5,153,88,1.87,2.53,
cluster_10279761592_11942000229_11942000233_663943274,0.00018151058139601717,163.0,153,188,1.9,2.49,
cluster_10279761592_11942000229_11942000233_663943274,0.00018151058139601717,174.0,153,172,2.38,1.88,
664472699,0.0002452083297571787,287.0,153,240,2.31,3.0,
664472699,0.00020832008037225257,287.0,153,341,1.9,3.22,
cluster_10281958925_10281958926_6508834064_6508834065_#1more,0.00020207817636230875,258.5,130,264,2.75,2.22,
cluster_10281958925_10281958926_6508834064_6508834065_#1more,0.00020207817636230875,258.5,264,130,2.75,2.22,
1177161022,0.00017541896143941348,307.5,264,124,2.9,1.41,
cluster_10281958925_10281958926_6508834064_6508834065_#1more,0.00020207817636230875,329.5,264,265,2.87,2.01,
cluster_664446535_8507351665_8507351666,0.0002455891523997697,279.0,453,249,1.9,2.69,
cluster_1177160373_664472773,6.438803616192089e-05,339.5,542,405,,3.16,2.29
664472751,5.768508296595846e-05,345.0,404,428,2.26,2.46,
664472751,5.768508296595846e-05,345.0,428,404,2.26,2.46,
1177211334,0.0001683230553297835,296.5,487,485,1.66,2.6,
cluster_10281958925_10281958926_6508834064_6508834065_#1more,0.00023503947925553368,258.5,75,130,1.96,2.36,
1177161022,0.0001458723956647493,307.5,75,124,2.48,1.67,
cluster_10281958925_10281958926_6508834064_6508834065_#1more,0.00022868432764928587,329.5,75,265,2.61,2.21,
1189868548,0.00010676148125681327,303.5,372,354,1.23,2.78,
664472699,0.00022051064456257585,288.5,341,113,2.7,2.42,
cluster_10279701142_664471710,0.00012298076781392132,285.5,350,288,1.94,2.55,
cluster_664446535_8507351665_8507351666,0.0002890040652279929,279.0,453,292,1.29,3.49,
cluster_664446535_8507351665_8507351666,0.0002122126078447339,279.5,453,298,2.44,2.29,
cluster_1177161169_664472775,1.8718966632673254e-05,341.5,504,444,,1.68,1.74
1189868548,0.00010676148125681327,303.5,354,372,1.23,2.78,
1189868548,0.00010676148125681327,333.5,354,532,1.95,2.09,
cluster_11502623497_1177160337,7.145594625639118e-05,332.5,303,370,1.29,3.03,
cluster_13298740740_664446558,8.400686890385633e-05,346.0,303,384,2.0,2.84,
1177161631,8.873386554343146e-05,331.0,400,491,1.92,2.42,
1177161631,8.873386554343146e-05,319.0,481,491,1.09,2.99,
1177211785,0.00012713644392900266,183.5,7,12,1.36,3.04,
cluster_1177211304_1177211692,0.00012474128596781135,185.0,7,16,2.57,2.09,
cluster_1177211838_13300645525_13300645528,2.707490719124157e-05,308.0,7,395,1.21,2.7,5.23
cluster_1177211838_13300645525_13300645528,8.272207118595645e-06,309.5,7,401,1.92,0.57,7.02
cluster_13298740740_664446558,0.00011974668633012842,346.0,303,352,1.33,3.47,
cluster_11158897100_11158897101_11158897102_664471748_#1more,0.000221852554945211,271.0,415,353,1.71,3.62,
cluster_1177160373_664472773,1.6853166878647412e-05,348.0,454,436,2.94,0.44,1.22
1177160765,0.00019195012558103944,291.5,486,350,1.5,0.97,
664472699,0.0001661324243727415,211.0,240,343,1.45,1.85,
1177160864,0.00011343896312340532,263.5,240,341,1.42,0.7,
664472699,0.0002357743627832811,265.0,240,402,2.72,2.08,
664472699,0.00019666009760199523,265.0,240,408,2.04,2.17,
664472699,0.00020386829512965773,279.0,240,103,2.07,2.89,
664472699,0.0002452083297571787,287.0,240,153,2.31,3.0,
664472699,0.0001661324243727415,211.0,343,240,1.45,1.85,
1177160864,7.17426784923681e-05,244.0,343,408,0.96,2.09,
664472699,0.0002343960181497036,251.0,343,402,2.26,1.99,
664472699,0.0002721319398022916,262.5,343,390,2.77,2.25,
664472699,0.0002743579408757741,280.0,343,103,2.9,2.06,
1177160864,0.0002692066112578947,288.0,343,153,2.94,2.33,
1177160864,3.639550360377785e-05,306.5,343,476,2.17,2.28,
cluster_1190128285_13300645523_13300645535,8.357873362487749e-05,230.5,369,379,1.05,2.07,
cluster_1177211838_13300645525_13300645528,0.00013175490618320943,254.0,369,362,2.56,2.03,
1177211785,0.00011576686533820347,260.0,369,410,1.39,2.42,
cluster_13298747751_6469124180,0.00027662982760390476,331.5,495,409,1.05,2.79,
11843639551,9.433970257728223e-05,319.5,339,314,1.38,2.66,
cluster_1190128285_13300645523_13300645535,8.357873362487749e-05,231.5,379,369,1.05,2.07,
cluster_1177212073_13300645524_664471560,0.00013414391658935341,240.5,379,395,2.46,1.85,
cluster_1177211838_13300645525_13300645528,0.00013175490618320943,252.5,379,362,1.34,3.67,
1177161631,0.00011800631215826379,333.0,400,481,1.41,2.71,
cluster_10279701142_664471710,0.00012298076781392132,285.5,288,350,1.94,2.55,
1177160765,0.00019195012558103944,291.5,350,486,1.5,0.97,
1177160765,0.00019195012558103944,299.5,350,331,2.53,2.12,
cluster_1177160373_664472773,1.6853166878647412e-05,348.0,436,454,2.94,0.44,1.22
cluster_11944729366_664471711,0.00014815942040774107,347.5,150,408,2.58,1.59,
1177211785,8.001774275953175e-05,252.0,401,395,0.96,2.56,
cluster_1177212073_13300645524_664471560,0.00014280732914767556,262.0,401,438,1.36,1.98,
cluster_1177212073_13300645524_664471560,0.00014280732914767556,262.5,401,407,2.57,1.3,
cluster_1177211838_13300645525_13300645528,8.272207118595645e-06,308.0,401,7,1.92,0.57,7.02
1190128241,9.083601682678386e-05,313.5,475,502,1.24,2.86,
1190128241,9.083601682678386e-05,325.0,475,514,2.06,2.35,
1190128241,9.083601682678386e-05,310.5,502,475,1.24,2.86,
cluster_11944729366_664471711,0.00015814414544535344,9.0,12,16,1.64,1.14,
cluster_10281958925_10281958926_6508834064_6508834065_#1more,0.0002336252658530999,61.5,12,48,2.35,2.08,
cluster_11944729366_664471711,0.00013012635007943465,119.0,12,7,1.33,1.88,
cluster_11944729366_664471711,0.00014815942040774107,148.0,12,62,2.67,1.22,
cluster_11944729366_664471711,0.0001531360569259524,164.0,12,138,2.69,1.9,
1177211785,0.00012713644392900266,183.5,12,7,1.36,3.04,
cluster_1177211304_1177211692,0.00016454732175362664,191.0,12,227,2.85,2.37,
cluster_1177211304_1177211692,0.00013081457872314684,198.0,12,229,2.9,2.59,
cluster_1177211304_1177211692,0.00013081457872314684,206.5,12,245,2.97,2.46,
cluster_11944729366_664471711,0.00015814414544535344,9.0,16,12,1.64,1.14,
cluster_10281958925_10281958926_6508834064_6508834065_#1more,0.00019725959096935934,62.5,16,7,2.43,1.94,
cluster_10281958925_10281958926_6508834064_6508834065_#1more,0.0002943563565568203,63.0,16,48,1.36,2.6,
cluster_10281958925_10281958926_6508834064_6508834065_#1more,0.00029360536708060073,64.5,16,70,2.74,1.96,
cluster_10281958925_10281958926_6508834064_6508834065_#1more,0.00029360536708060073,89.0,16,138,2.85,1.82,
cluster_10281958925_10281958926_6508834064_6508834065_#1more,0.00029360536708060073,101.5,16,35,2.97,2.11,
cluster_11944729366_664471711,0.00012914710577009017,127.5,16,7,2.35,1.72,
cluster_1177211304_1177211692,0.00022963924295973218,163.5,16,138,1.47,2.82,
cluster_1177211304_1177211692,0.00012474128596781135,185.0,16,7,2.57,2.09,
cluster_1177211304_1177211692,0.00022767409778439148,190.0,16,227,2.06,2.5,
cluster_1177211304_1177211692,0.00019354016878063955,198.0,16,229,2.26,2.9,
cluster_1177211304_1177211692,0.00019354016878063955,206.0,16,245,2.42,2.99,
cluster_1177211838_13300645525_13300645528,1.0739288261742679e-05,312.5,16,395,,0.36,0.97
1177161631,0.00011800631215826379,333.0,481,400,1.41,2.71,
1177161631,8.873386554343146e-05,310.0,491,481,1.09,2.99,
1177161631,8.873386554343146e-05,331.0,491,400,1.92,2.42,
1177161631,5.984360885013393e-05,342.5,491,522,2.45,2.83,
cluster_13298740740_664446558,0.00014830437710379994,263.0,323,386,1.39,3.34,
cluster_13298740740_664446558,0.00014830437710379994,265.0,323,396,2.8,2.23,
1189036615,0.00020626105679860343,297.0,323,231,2.63,2.28,
cluster_13298740740_664446558,6.530116535994055e-05,349.0,329,384,2.28,2.55,
1174832475,6.138346445241702e-05,336.5,559,434,0.99,2.73,
cluster_1177211304_1177211692,0.00029091436627008845,205.0,245,229,0.95,3.88,
cluster_1177211304_1177211692,0.0002626433550645116,213.0,252,229,2.86,1.96,
cluster_1177211838_13300645525_13300645528,0.00012085115667281563,252.5,314,379,2.29,2.78,
cluster_1177211838_13300645525_13300645528,8.27742991597411e-05,260.0,314,410,2.98,2.33,
1177211571,1.0484422234071783e-05,316.5,314,391,2.26,3.17,
11843639551,9.433970257728223e-05,319.5,314,339,1.38,2.66,
cluster_11942000227_11942000230_6173706992,0.0001270211668150143,355.0,317,536,0.86,6.21,0.49
cluster_1177211838_13300645525_13300645528,0.00012085115667281563,252.5,379,314,2.29,2.78,
1177211785,0.00014390368307166802,260.0,379,410,1.97,2.43,
cluster_1177211304_1177211692,0.00026872587806297686,186.5,138,227,1.11,2.04,
cluster_1177211304_1177211692,0.00023357130843468317,196.5,138,229,1.7,3.15,
cluster_1177211304_1177211692,0.00023357130843468317,206.0,138,245,2.06,3.26,
cluster_13908994425_13908994429_13908994430,0.00013549177933949307,138.5,217,220,1.08,1.64,
1177211785,0.00011987180067032146,150.5,217,189,1.14,2.6,
cluster_13908994425_13908994429_13908994430,0.00016562661133022086,159.0,217,263,1.24,2.41,
cluster_1177211304_1177211692,0.00026872587806297686,186.5,227,138,1.11,2.04,
cluster_1177211304_1177211692,0.00022767409778439148,190.0,227,16,2.06,2.5,
cluster_1177211304_1177211692,0.00016454732175362664,191.0,227,12,2.85,2.37,
cluster_1177211304_1177211692,0.00026281844725754605,196.5,227,229,0.97,3.34,
cluster_1177211304_1177211692,0.00023357130843468317,196.5,229,138,1.7,3.15,
1177211785,8.001774275953175e-05,252.0,395,401,0.96,2.56,
1177211785,8.001774275953175e-05,262.0,395,438,2.7,0.81,
cluster_1177211838_13300645525_13300645528,2.707490719124157e-05,308.0,395,7,1.21,2.7,5.23
cluster_1177211838_13300645525_13300645528,2.707490719124157e-05,312.0,395,16,7.52,0.49,0.97
1177211571,1.432980675539285e-05,331.0,395,382,2.87,0.6,
1177211571,1.432980675539285e-05,356.0,462,390,4.2,0.38,1.91
cluster_11942000227_11942000230_6173706992,0.0001270211668150143,355.0,536,317,0.86,6.21,0.49
664472699,0.000241604182692877,188.0,177,215,1.79,2.5,
cluster_10279761592_11942000229_11942000233_663943274,0.00028326890362448664,207.0,177,254,2.51,2.03,
cluster_10279761592_11942000229_11942000233_663943274,0.00028326890362448664,220.0,177,256,2.92,1.82,
1177160864,8.16768456739665e-05,293.0,177,113,1.01,2.93,
664472699,0.00020386829512965773,293.5,177,103,2.63,2.6,
664472699,0.00017917059230554812,293.5,177,153,2.15,2.85,
664472699,0.000241604182692877,302.0,177,256,2.45,1.79,
664472699,0.000241604182692877,188.0,215,177,1.79,2.5,
cluster_10279761592_11942000229_11942000233_663943274,0.0002542112404018268,188.5,215,172,2.33,2.21,
cluster_10279761592_11942000229_11942000233_663943274,0.00021535223237900922,189.0,215,188,2.74,1.9,
cluster_10279761592_11942000229_11942000233_663943274,0.00035127761033635913,206.5,215,254,1.2,2.77,
cluster_10279761592_11942000229_11942000233_663943274,0.00035127761033635913,219.0,215,256,2.07,2.37,
cluster_10279761592_11942000229_11942000233_663943274,0.0003284552463641532,226.5,215,271,2.92,1.54,
664472699,0.00016115018373815643,296.0,215,113,2.56,2.56,
6469564795,2.299586209168215e-05,351.0,537,232,,2.63,1.97
664446557,0.00011350461969612826,345.0,559,538,1.97,2.51,
1189868548,8.306187486783007e-05,348.5,331,354,2.21,2.06,
1189868548,8.306187486783007e-05,348.5,354,331,2.21,2.06,
664446557,7.855424031637767e-06,354.0,591,434,,3.11,1.11
cluster_11158897100_11158897101_11158897102_664471748_#1more,0.0002668010789563163,244.0,351,368,1.19,2.91,
cluster_11158897100_11158897101_11158897102_664471748_#1more,0.0002668010789563163,234.5,368,351,1.19,2.91,
cluster_11158897100_11158897101_11158897102_664471748_#1more,0.0002668010789563163,272.0,368,398,1.98,2.28,
cluster_11158897100_11158897101_11158897102_664471748_#1more,0.0002668010789563163,329.0,368,489,2.14,2.55,
cluster_11158897100_11158897101_11158897102_664471748_#1more,0.0002668010789563163,345.5,368,550,2.75,1.85,
cluster_11942000227_11942000230_6173706992,0.0001042673265771231,310.0,440,318,0.0,5.3,0.0
cluster_10279761592_11942000229_11942000233_663943274,5.0764838073860544e-05,334.5,452,317,1.94,1.73,1.35
cluster_11158897100_11158897101_11158897102_664471748_#1more,0.00017276358013752486,356.0,523,368,2.31,3.85,1.3
6469564795,9.339554678578712e-05,174.5,148,232,1.16,2.14,
cluster_10281958925_10281958926_6508834064_6508834065_#1more,0.00011517830615468768,293.5,148,122,2.89,2.09,
cluster_10281958925_10281958926_6508834064_6508834065_#1more,0.0001418176838359149,293.5,148,273,2.37,2.22,
663842386,0.0003313293270475046,169.0,218,217,1.42,1.98,
cluster_13908994425_13908994429_13908994430,0.00013549177933949307,138.5,220,217,1.08,1.64,
cluster_1177211838_13300645525_13300645528,0.00014170160987467872,150.5,220,189,1.79,2.21,
cluster_1177211838_13300645525_13300645528,0.00014170160987467872,159.5,220,263,2.13,2.12,
6469564795,9.339554678578712e-05,174.5,232,148,1.16,2.14,
1177212096,0.00017294025612623479,177.0,232,165,2.56,1.01,
10943433498,4.288109836650079e-05,287.5,232,432,2.3,2.99,
cluster_10281958925_10281958926_6508834064_6508834065_#1more,0.00011517830615468768,291.5,232,122,1.91,2.78,
cluster_10281958925_10281958926_6508834064_6508834065_#1more,0.0001418176838359149,291.5,232,273,1.26,2.93,
cluster_10281958925_10281958926_6508834064_6508834065_#1more,8.411902004851337e-05,291.5,232,436,2.53,2.51,
1177160691,2.8593750278103194e-05,326.5,232,503,,3.2,
6469564795,2.7394390466039936e-05,349.0,232,537,4.05,2.63,1.97
cluster_11158897100_11158897101_11158897102_664471748_#1more,0.000221852554945211,252.0,394,353,1.22,3.23,
cluster_1177211304_1177211692,0.00026281844725754605,196.5,229,227,0.97,3.34,
cluster_1177211304_1177211692,0.00013081457872314684,198.0,229,12,2.9,2.59,
cluster_1177211304_1177211692,0.00019354016878063955,198.0,229,16,2.26,2.9,
1174832475,6.138346445241702e-05,336.5,434,559,0.99,2.73,
1190128289,0.00022910193922489979,309.0,479,516,1.1,1.84,
1177161154,1.9515042100044376e-05,359.0,436,314,2.3,2.69,
cluster_1189036692_13298747742,8.225447478528672e-05,348.0,281,577,1.62,1.02,
cluster_1189036692_13298747742,8.225447478528672e-05,348.0,577,281,1.62,1.02,
663842386,0.0002924320263911046,186.0,274,218,1.64,1.04,
cluster_10917990606_663844223,3.709450453504784e-05,190.0,274,277,,3.8,
cluster_13908994425_13908994429_13908994430,0.0002679820501467331,190.5,274,315,1.57,0.73,
1177160864,7.17426784923681e-05,308.0,476,408,2.35,2.71,
1190128289,0.000166945565952025,310.5,488,516,1.59,1.57,
1177160691,9.285630664660014e-05,337.0,510,503,1.41,2.96,
cluster_11158897100_11158897101_11158897102_664471748_#1more,0.00017276358013752486,356.0,368,523,2.31,3.85,1.3
663842386,0.0002924320263911046,185.5,218,274,1.64,1.04,
cluster_10917990606_663844223,3.709450453504784e-05,190.0,218,277,2.69,0.48,
1177160691,9.285630664660014e-05,337.0,503,510,1.41,2.96,
1177161219,7.750342699700825e-05,330.5,399,460,1.4,3.13,
1177160866,6.976311754499276e-05,342.0,399,517,2.54,2.18,
1177161219,7.750342699700825e-05,355.0,399,353,2.25,2.8,
664472699,0.00014726449931871398,199.5,271,280,2.04,0.97,
664472699,0.00014726449931871398,199.5,280,271,2.04,0.97,
1177161219,7.750342699700825e-05,330.5,460,399,1.4,3.13,
1190128289,0.0002848379803103669,338.5,551,391,1.18,2.84,
1177161154,1.9515042100044376e-05,359.0,314,436,2.3,2.69,
1177160864,8.16768456739665e-05,293.0,113,177,1.01,2.93,
664472699,0.00016115018373815643,296.0,113,215,2.56,2.56,
cluster_13298747747_13298747748_13298747749_13298747755_#2more,0.00013068577469212077,337.0,298,543,1.18,2.82,
8021489624,0.00015044173979096034,349.5,552,416,1.19,2.6,
8021489624,9.965938886569236e-05,350.5,552,560,2.29,1.57,
663842386,0.0003313293270475046,169.0,217,218,1.42,1.98,
cluster_13908994425_13908994429_13908994430,0.00011408668211218637,208.0,307,327,1.02,4.03,
cluster_10917990606_663844223,0.00013007979982156994,209.0,307,277,1.66,3.64,
cluster_11158897100_11158897101_11158897102_664471748_#1more,0.000221852554945211,252.0,353,394,1.22,3.23,
cluster_11158897100_11158897101_11158897102_664471748_#1more,0.000221852554945211,271.0,353,415,1.71,3.62,
1190128289,0.0002848379803103669,338.5,391,551,1.18,2.84,
cluster_11158897100_11158897101_11158897102_664471748_#1more,0.0002497518280251594,271.0,415,394,0.95,4.1,
cluster_11158897100_11158897101_11158897102_664471748_#1more,0.0002745497812317496,274.5,415,400,1.32,2.47,
cluster_11158897100_11158897101_11158897102_664471748_#1more,0.0002745497812317496,309.0,415,294,1.3,3.18,
cluster_11158897100_11158897101_11158897102_664471748_#1more,0.0002745497812317496,319.5,415,418,2.03,2.71,
1190128289,0.00022910193922489979,309.0,516,479,1.1,1.84,
1190128289,0.000166945565952025,310.5,516,488,1.59,1.33,
1190128289,0.00012354472772673294,337.5,516,420,2.36,1.87,
cluster_13298747747_13298747748_13298747749_13298747755_#2more,0.00013068577469212077,337.0,543,298,1.18,2.82,
663842386,0.0003597889522947024,233.5,218,220,2.18,1.86,
1177212096,0.0003010206169648821,244.5,218,180,2.97,1.54,
663842386,0.0003597889522947024,169.0,220,218,2.18,1.86,
13300645527,4.6371916714681386e-05,174.5,220,105,2.72,2.18,
cluster_13908994425_13908994429_13908994430,0.00012325959274065782,174.5,220,13,2.14,1.07,
cluster_10281958922_663940594,0.00019901738115904306,176.5,220,180,1.96,1.58,
cluster_11944729366_664471711,8.984270284072392e-05,356.5,331,358,1.57,2.98,
cluster_11944729366_664471711,7.968849503388521e-05,360.0,331,103,2.9,2.58,
cluster_11158897100_11158897101_11158897102_664471748_#1more,0.0002497518280251594,271.0,394,415,0.95,4.1,
cluster_1177212073_13300645524_664471560,0.00014280732914767556,302.5,407,505,1.03,2.77,
cluster_1177212073_13300645524_664471560,0.00014280732914767556,302.5,505,407,1.03,2.77,
664447208,9.06859982428395e-05,366.0,367,611,2.3,0.75,
664446590,4.3854783801467487e-05,366.5,507,606,1.92,1.68,
664446590,4.3854783801467487e-05,366.5,606,507,1.92,1.68,
1177211571,0.00014349401317798199,291.5,288,486,2.0,1.58,
1177211571,0.0001023896769275154,354.0,288,390,1.22,2.85,
1177161022,8.322695941396801e-05,307.5,130,124,1.4,2.47,
1177211571,0.00014349401317798199,291.5,486,288,2.0,1.58,
1177160765,0.00013080437521334804,299.0,486,331,1.82,2.78,
cluster_13908994425_13908994429_13908994430,0.00011408668211218637,208.0,327,307,1.02,4.03,
cluster_1177161169_664472775,0.00011212404298861036,340.0,447,477,1.6,1.28,
cluster_1177161169_664472775,8.319944651313822e-05,339.5,522,477,1.06,2.12,
1177161631,5.984360885013393e-05,342.5,522,491,2.45,2.83,
1190128289,0.00025480231570426215,347.5,391,479,0.99,2.91,
1190128289,0.0001628311244479381,348.0,391,488,2.57,1.9,
1177161219,8.3571208400612e-05,365.0,394,517,1.64,2.91,
cluster_11158897100_11158897101_11158897102_664471748_#1more,0.00024466917173948964,367.0,590,450,1.93,3.97,
cluster_10281958925_10281958926_6508834064_6508834065_#1more,0.00032845082777588634,234.5,124,265,1.01,2.98,
1189036615,0.0001385802285839175,266.5,124,290,2.42,2.45,
1177161022,8.322695941396801e-05,307.5,124,130,1.4,2.47,
1177161022,0.00017541896143941348,307.5,124,264,2.9,1.41,
1177161022,0.0001458723956647493,307.5,124,75,2.48,1.67,
cluster_10281958925_10281958926_6508834064_6508834065_#1more,0.00028928432641851066,324.0,130,265,2.03,2.75,
1177161022,0.0003491450024074855,200.5,261,265,1.31,1.11,
1177161483,0.0002106376394398362,233.0,261,367,2.33,0.65,
1177161483,0.0001494277539500975,253.5,261,228,2.59,0.88,
cluster_13908994425_13908994429_13908994430,0.00011408668211218637,231.5,327,346,1.97,2.7,
cluster_1177161169_664472775,0.00011212404298861036,334.5,477,447,1.6,1.28,
cluster_1177161169_664472775,8.319944651313822e-05,339.5,477,522,1.06,2.12,
cluster_13298747747_13298747748_13298747749_13298747755_#2more,0.00013068577469212077,353.0,543,576,2.16,2.29,
cluster_11944729366_664471711,0.00010031479612517966,350.5,358,103,2.09,1.92,
cluster_11944729366_664471711,8.984270284072392e-05,356.5,358,331,1.57,2.98,
cluster_13298740740_664446558,0.00021221044653135443,237.0,386,396,1.73,1.0,
664446557,5.25888510091186e-05,243.5,386,212,2.87,0.78,
cluster_13298740740_664446558,0.00011951203571959863,263.0,386,186,2.03,3.09,
cluster_13298740740_664446558,0.00014830437710379994,263.0,386,323,1.39,3.34,
cluster_13298740740_664446558,0.00021221044653135443,237.0,396,386,1.73,1.0,
cluster_13298740740_664446558,0.00014830437710379994,265.0,396,323,2.8,2.23,
cluster_13298740740_664446558,0.0002315208240123492,273.0,396,212,2.88,1.86,
cluster_1177161169_664472775,4.7041280098798856e-05,362.5,405,522,,4.11,
cluster_10281958925_10281958926_6508834064_6508834065_#1more,0.00028928432641851066,330.5,130,261,2.91,1.72,
1177161022,0.00032274664091530797,282.5,231,261,1.07,3.13,
1177161022,0.0003491450024074855,200.5,265,261,1.31,1.11,
1177161483,0.00015033320306403724,206.5,265,228,1.49,1.99,
cluster_10281958925_10281958926_6508834064_6508834065_#1more,0.00032845082777588634,234.5,265,124,1.01,2.98,
cluster_10281958925_10281958926_6508834064_6508834065_#1more,0.00028928432641851066,324.0,265,130,2.03,2.75,
cluster_10281958925_10281958926_6508834064_6508834065_#1more,0.00020207817636230875,329.5,265,264,2.87,2.01,
cluster_10281958925_10281958926_6508834064_6508834065_#1more,0.00022868432764928587,329.5,265,75,2.61,2.21,
1177212096,0.00020235081258422778,339.0,435,388,1.05,3.59,
1177212096,0.00016219374588121466,340.0,435,326,1.86,2.92,
1177212096,0.00010020988064879235,341.0,435,346,2.51,2.25,
664447208,9.06859982428395e-05,366.0,611,367,2.3,0.75,
cluster_11158897100_11158897101_11158897102_664471748_#1more,0.00024466917173948964,367.0,590,339,1.41,4.26,
1189036615,0.00020626105679860343,295.5,186,231,1.39,3.29,
1189036615,0.00023489629193831267,296.5,186,225,2.04,3.02,
1189036615,0.0002635316155241417,296.5,186,448,2.36,2.78,
1177161483,0.00023484766462871404,297.0,186,367,2.75,2.52,
1177161022,0.0003513786336132595,336.5,265,231,1.65,2.87,
664472699,2.6008013098156185e-05,273.0,403,276,2.07,1.16,
cluster_11158897100_11158897101_11158897102_664471748_#1more,0.0003089783290336273,319.0,418,294,1.27,3.11,
cluster_11158897100_11158897101_11158897102_664471748_#1more,0.0002745497812317496,319.5,418,415,2.03,2.71,
1189036615,0.00020626105679860343,295.5,231,186,1.39,3.29,
1189036615,0.00020626105679860343,297.0,231,323,2.63,2.28,
1177161022,0.0003513786336132595,336.5,231,265,1.65,2.87,
cluster_10281958925_10281958926_6508834064_6508834065_#1more,0.0003262722808299431,337.0,231,124,2.04,2.6,
1177161022,0.0003513786336132595,338.5,265,186,2.93,1.69,
cluster_11158897100_11158897101_11158897102_664471748_#1more,0.0003089783290336273,319.0,294,418,1.27,3.11,
cluster_1177211304_1177211692,0.00029091436627008845,205.0,229,245,0.95,3.88,
cluster_1177211304_1177211692,0.0002626433550645116,213.0,229,252,2.86,1.96,
1177161022,0.0003316809310303592,373.5,386,186,2.31,2.22,
cluster_1177211336_1191714436,3.4122109348785373e-05,309.5,470,282,2.3,0.89,0.91
cluster_10281958925_10281958926_6508834064_6508834065_#1more,0.00028928432641851066,337.5,130,231,2.56,2.28,
cluster_10281958925_10281958926_6508834064_6508834065_#1more,0.00028928432641851066,337.5,231,130,2.56,2.28,
1177212096,0.00016219374588121466,318.5,388,326,1.32,3.01,
1177212096,0.00010020988064879235,319.0,388,346,2.31,2.25,
cluster_11158897100_11158897101_11158897102_664471748_#1more,0.00017264039052916885,351.5,339,450,2.81,1.1,
cluster_11158897100_11158897101_11158897102_664471748_#1more,0.00024466917173948964,367.0,339,590,1.41,4.26,
cluster_10281958925_10281958926_6508834064_6508834065_#1more,0.000327043046562226,326.0,124,261,2.06,1.84,
cluster_11158897100_11158897101_11158897102_664471748_#1more,0.00017264039052916885,335.5,450,339,2.81,1.1,
1189036615,9.972494790756007e-05,291.5,480,396,1.49,1.07,
11843639551,4.537969609069706e-05,374.5,177,462,2.6,1.98,
11843639551,3.993802813067196e-05,377.0,177,627,,3.4,
cluster_10281965682_663944134,6.491138510439113e-05,369.5,299,422,2.32,2.06,
cluster_10281965682_663944134,6.491138510439113e-05,369.5,422,299,2.32,2.06,
cluster_1177161169_664472775,0.00010991673638772288,369.0,477,491,2.4,3.25,
cluster_10281958925_10281958926_6508834064_6508834065_#1more,0.0003262722808299431,337.0,124,231,2.04,2.6,
1177161022,0.00032274664091530797,282.5,261,231,1.07,3.13,
cluster_10281958925_10281958926_6508834064_6508834065_#1more,0.000327043046562226,326.0,261,124,2.06,1.84,
cluster_10281958925_10281958926_6508834064_6508834065_#1more,0.00028928432641851066,330.5,261,130,2.91,1.72,
cluster_13908994425_13908994429_13908994430,0.00013964629926200488,225.5,346,307,1.32,2.71,
cluster_13908994425_13908994429_13908994430,0.00011408668211218637,231.5,346,327,1.97,2.7,
13300645526,3.383669074521594e-05,243.0,346,22,1.6,1.43,
1177212096,0.00020235081258422778,339.0,388,435,1.05,3.59,
1177212096,0.0001991886007160128,363.0,388,544,2.32,2.31,
cluster_1177161169_664472775,8.470235190962571e-05,280.5,465,444,1.41,1.76,
1177160599,0.00010227831020275659,283.0,465,429,0.96,3.8,
cluster_10279701142_664471710,9.771177239537115e-05,342.5,334,430,0.14,5.94,
cluster_10279701142_664471710,0.00012328089112983222,345.0,450,430,2.83,1.05,
cluster_11158897100_11158897101_11158897102_664471748_#1more,0.00024466917173948964,367.0,450,590,1.93,3.97,
cluster_1177211698_663826189,0.00012104289688062798,362.5,498,566,1.52,2.5,
cluster_1177212073_13300645524_664471560,0.0001837610059021292,304.5,499,500,2.91,1.16,
cluster_1177212073_13300645524_664471560,0.00019315753762244733,307.5,499,457,1.22,2.55,
cluster_1177211838_13300645525_13300645528,9.912860126353006e-05,314.0,524,438,1.59,2.17,
1177161022,0.00032274664091530797,338.0,186,261,2.46,1.84,
1177161022,0.0003513786336132595,338.5,186,265,2.93,1.69,
1177161022,0.0003316809310303592,373.5,186,386,2.31,2.22,
1177161022,0.00032274664091530797,338.0,261,186,2.46,1.84,
1177211474,7.584106565628513e-05,375.5,358,622,2.77,1.47,
1190128289,0.00012354472772673294,334.5,420,488,1.19,3.09,
1190128289,0.00012354472772673294,337.5,420,516,2.36,1.87,
1177211785,5.959971153064391e-05,316.0,479,488,2.38,1.64,
cluster_13908994425_13908994429_13908994430,0.00013964629926200488,228.0,307,346,1.32,2.71,
13300645526,4.1172194792547955e-05,243.5,307,22,2.77,1.48,
1177212096,9.965125900966076e-05,277.5,307,274,2.88,1.21,
1177212096,0.00010463286180918643,289.5,307,326,2.38,1.98,
cluster_1186025344_13298747727_13298747728_13298747738_#3more,0.0003141444688825515,296.0,445,446,1.14,2.79,
cluster_1186025344_13298747727_13298747728_13298747738_#3more,0.00025418901515367035,340.5,445,165,2.25,2.04,
cluster_1186025344_13298747727_13298747728_13298747738_#3more,0.0003141444688825515,296.0,446,445,1.14,2.79,
cluster_5424222009_664446539,0.00010138976228407174,359.5,189,599,2.04,3.39,
cluster_5424222009_664446539,0.00010138976228407174,359.5,599,189,2.04,3.39,
1177160369,0.0001448261204898735,317.5,366,451,2.02,1.76,
cluster_1177161169_664472775,8.470235190962571e-05,280.5,444,465,1.41,1.76,
cluster_1177161169_664472775,1.8718966632673254e-05,341.5,444,504,,1.68,1.74
10943433498,4.288109836650079e-05,377.5,510,218,2.11,3.21,
1177160864,0.0002454342744316834,242.5,390,382,1.5,1.48,
664472699,0.000269906105143998,243.5,390,402,1.35,2.68,
664472699,0.0002721319398022916,247.5,390,408,2.42,1.52,
1177160864,0.00017561574695506226,255.0,390,250,2.75,2.13,
1177160864,0.00020468024166734675,255.0,390,391,2.38,1.9,
664472699,0.0002721319398022916,262.5,390,343,2.77,2.25,
1177211571,7.937156508224618e-05,331.0,390,391,2.46,1.79,
1177211571,0.0001023896769275154,354.0,390,288,1.22,2.85,
cluster_1177161169_664472775,0.0001250923683767033,361.0,491,503,2.05,2.03,
cluster_1177161169_664472775,0.0001250923683767033,361.0,503,491,2.05,2.03,
cluster_10279761592_11942000229_11942000233_663943274,4.077530741769661e-05,379.5,536,302,6.11,0.17,1.48
1177211474,7.584106565628513e-05,375.5,622,358,2.77,1.47,
cluster_664446535_8507351665_8507351666,0.00024756741558144493,286.0,453,310,1.5,2.55,
1177211785,5.959971153064391e-05,313.0,488,479,2.38,1.64,
cluster_11942000227_11942000230_6173706992,0.0001583104243571604,380.0,548,308,0.0,4.57,0.0
cluster_1177211698_663826189,0.00012104289688062798,362.5,566,498,1.52,2.5,
1177212157,0.00010068636303221969,316.5,513,499,1.12,3.39,
1177212157,7.413380488171465e-05,335.0,513,524,1.73,3.3,
cluster_10281958922_663940594,0.00010012285513526672,377.5,535,544,2.88,0.61,
cluster_10279761592_11942000229_11942000233_663943274,4.077530741769661e-05,379.5,302,536,6.11,0.17,1.48
1177160369,0.00012614694331036726,343.0,467,451,2.61,2.26,
1177161549,0.00018039086871285068,381.0,549,610,1.97,2.99,
664472699,2.10194204891286e-05,373.5,568,570,2.05,2.56,
1177212096,9.301826063533621e-05,276.0,327,274,1.59,1.88,
1177212096,7.61725771364e-05,290.0,327,326,2.74,1.77,
664472699,6.013461727291573e-05,318.0,406,403,2.03,2.46,
664472699,6.818863692480275e-05,319.0,406,276,2.49,2.38,
664472699,9.746318346476432e-05,322.0,406,366,1.38,3.0,
664472699,9.746318346476432e-05,326.5,406,439,2.26,2.38,
664472699,6.013461727291573e-05,318.0,403,406,2.03,2.46,
cluster_1177211838_13300645525_13300645528,9.912860126353006e-05,314.0,438,524,1.59,2.17,
1190128289,0.00012354472772673294,334.5,488,420,1.19,3.09,
1190128289,0.0001628311244479381,348.0,488,391,2.57,1.9,
cluster_13298747747_13298747748_13298747749_13298747755_#2more,0.00016461953327982282,352.0,576,298,1.41,2.83,
cluster_13298747747_13298747748_13298747749_13298747755_#2more,0.00013068577469212077,353.0,576,543,2.16,2.29,
10943433498,4.288109836650079e-05,377.5,218,510,2.11,3.21,
1177211785,0.0001051200405023818,340.0,479,420,2.56,1.8,
1190128289,0.00025480231570426215,347.5,479,391,0.99,2.91,
1190128289,0.00016086359090743265,351.5,488,551,2.98,1.65,
cluster_664446535_8507351665_8507351666,0.00024756741558144493,286.0,310,453,1.5,2.55,
cluster_664446535_8507351665_8507351666,0.0002141909998479146,286.5,310,292,2.1,2.17,
cluster_664446535_8507351665_8507351666,0.00017275433411796177,287.0,310,249,2.65,2.06,
cluster_664446535_8507351665_8507351666,0.00014249252264428931,287.5,310,298,2.96,1.98,
1189036615,9.972494790756007e-05,291.5,396,480,1.49,1.07,
1189036615,9.972494790756007e-05,301.5,396,212,2.66,1.56,
1189036615,9.972494790756007e-05,308.0,396,359,2.62,2.72,
1189036615,9.972494790756007e-05,315.5,396,393,2.87,2.76,
664472699,0.00014378393128829998,343.0,467,443,1.88,2.57,
1177161549,0.00020634134314564219,381.0,549,597,1.36,3.35,
1177161549,0.00011967772813890179,381.5,549,585,2.64,2.44,
664472699,4.2112382595158814e-05,373.5,568,380,1.78,2.77,
663842386,0.0003281671558108722,241.0,217,274,2.71,1.33,
cluster_1177161169_664472775,1.4524908169875006e-05,378.0,217,503,,1.05,1.38
663842386,0.0003281671558108722,243.5,274,217,2.71,1.33,
1177212096,9.301826063533621e-05,276.0,274,327,1.59,1.88,
1177212096,9.965125900966076e-05,277.5,274,307,2.88,1.21,
1177211785,0.0001051200405023818,340.0,420,479,2.56,1.8,
cluster_1177212073_13300645524_664471560,8.61299118552604e-05,359.5,420,540,1.78,2.47,15.47
1177161219,7.75437669356153e-06,386.0,590,440,2.59,1.62,1.56
8021489624,7.3360508120699e-05,370.5,604,552,1.24,2.43,
cluster_1177161169_664472775,9.827986745541642e-06,383.0,274,617,3.84,0.37,1.67
cluster_664446535_8507351665_8507351666,0.00030428248365650467,291.0,310,431,1.17,3.36,
cluster_664446535_8507351665_8507351666,0.00030428248365650467,293.5,310,306,2.4,2.07,
cluster_664446535_8507351665_8507351666,0.00022946952860766827,329.0,310,425,2.38,2.25,
cluster_664446535_8507351665_8507351666,0.00022932238199999474,334.0,310,131,2.88,2.37,
1177161219,7.75437669356153e-06,386.0,440,590,2.59,1.62,1.56
cluster_10281958925_10281958926_6508834064_6508834065_#1more,0.00021882949897390083,388.0,396,386,1.89,3.16,
cluster_11942000227_11942000230_6173706992,7.61259010586178e-05,380.0,308,548,0.0,4.57,0.0
664472699,0.00010316916154825107,374.5,568,467,2.86,1.84,
cluster_1186025344_13298747727_13298747728_13298747738_#3more,0.00025418901515367035,303.0,165,446,1.54,1.48,
cluster_1186025344_13298747727_13298747728_13298747738_#3more,0.00025418901515367035,340.5,165,445,2.25,2.04,
cluster_13298747751_6469124180,5.131570050131627e-05,387.0,165,576,2.8,1.33,
664472699,0.00020386829512965773,302.0,215,256,1.93,2.4,
664472699,0.00022411489965702615,305.5,215,271,2.71,2.21,
cluster_1186025344_13298747727_13298747728_13298747738_#3more,0.00025418901515367035,303.5,446,165,1.54,1.48,
cluster_1177212073_13300645524_664471560,0.00014280732914767556,334.0,558,521,2.42,1.05,
cluster_1177211838_13300645525_13300645528,2.707490719124157e-05,362.5,229,473,1.17,0.95,7.43
cluster_1177161169_664472775,7.815851511530162e-05,370.0,503,617,1.11,2.28,
cluster_1177161169_664472775,1.4524908169875006e-05,378.0,503,217,,1.05,1.38
cluster_1177161169_664472775,7.815851511530162e-05,381.0,503,501,2.13,3.31,
8021489624,7.511977820019582e-05,382.0,506,604,1.43,2.8,
cluster_1177161169_664472775,7.815851511530162e-05,370.0,617,503,1.11,2.28,
cluster_1177161169_664472775,0.000129531173010157,349.5,447,491,1.83,2.74,
cluster_1177161169_664472775,8.319944651313822e-05,355.5,447,522,1.98,2.27,
1177160369,0.0001445760493652392,317.5,366,439,1.13,2.8,
664472699,9.746318346476432e-05,320.5,366,406,1.38,3.0,
1177160369,0.0001448261204898735,332.5,366,443,2.76,3.16,
1177160369,0.00011281075736930583,331.5,443,439,2.62,3.13,
cluster_10279761592_11942000229_11942000233_663943274,0.00014284719249546806,278.0,355,380,0.95,2.94,
1177160566,0.0001148334326387464,306.5,359,212,1.07,2.69,
1177160566,0.00015464442985004708,307.5,359,480,1.83,2.99,
1189036615,9.972494790756007e-05,308.0,359,396,2.62,2.72,
664472751,1.8110795720835693e-05,390.5,424,493,1.59,2.87,1.01
cluster_1177161169_664472775,0.000129531173010157,362.0,491,447,1.83,2.74,
cluster_1177161169_664472775,0.00010991673638772288,369.0,491,477,2.4,3.25,
cluster_1177161169_664472775,7.963098645870715e-05,370.0,491,522,2.7,2.82,
cluster_1177161169_664472775,8.319944651313822e-05,355.5,522,447,1.98,2.27,
cluster_1177161169_664472775,4.7041280098798856e-05,362.5,522,405,,4.11,
cluster_1177161169_664472775,7.963098645870715e-05,370.0,522,491,2.7,2.82,
1177160566,0.00015268835370894237,291.5,212,480,1.47,1.18,
1189036615,9.972494790756007e-05,302.5,212,396,2.66,1.56,
1177160566,0.0001148334326387464,306.5,212,359,1.07,2.69,
1177160566,0.00011581148655313396,315.0,212,393,1.73,3.57,
1189036615,0.00014072253632887148,320.5,212,525,2.26,2.46,
cluster_10279761592_11942000229_11942000233_663943274,0.00014284719249546806,277.5,380,355,0.95,2.94,
cluster_10279761592_11942000229_11942000233_663943274,2.5492177504630148e-05,287.0,380,318,2.31,1.45,
1177161549,6.846807797006852e-05,366.5,380,600,2.87,2.73,
1177160566,0.00015268835370894237,291.5,480,212,1.47,1.18,
cluster_1177211304_1177211692,0.0002626433550645116,205.0,245,227,1.73,3.5,
cluster_1177211304_1177211692,0.00023357130843468317,206.0,245,138,2.06,3.26,
cluster_1177211304_1177211692,0.00019354016878063955,206.0,245,16,2.42,2.99,
cluster_1177211304_1177211692,0.00013081457872314684,206.5,245,12,2.97,2.46,
cluster_10279761592_11942000229_11942000233_663943274,0.00043280231782678435,225.0,271,256,1.19,2.88,
cluster_10279761592_11942000229_11942000233_663943274,0.0003745744415967415,226.0,271,254,2.36,1.93,
cluster_10279761592_11942000229_11942000233_663943274,0.0003284552463641532,226.5,271,215,2.92,1.54,
664472699,0.00022411489965702615,305.5,271,215,2.71,2.21,
cluster_664446535_8507351665_8507351666,0.00024148568308240148,292.0,453,431,2.09,2.44,
cluster_664446535_8507351665_8507351666,0.00016568335188387018,329.5,453,425,2.98,1.86,
1177160566,8.619779220937113e-05,314.5,393,359,1.22,3.85,
1177160566,0.00011581148655313396,315.0,393,212,1.73,3.57,
1177161154,9.00013357970915e-05,378.0,444,475,2.17,2.42,
1177160566,0.00014542538104033367,320.0,525,359,1.92,2.58,
11843639551,9.876423519852078e-05,376.0,627,502,2.2,2.67,
1177160573,2.9542677578141703e-05,392.5,623,475,2.08,1.54,0.71
8021489624,7.3360508120699e-05,382.0,506,552,2.12,2.22,
10943433498,9.430390486588088e-05,384.5,545,510,1.18,3.9,
10943433498,0.00012361729325323148,395.5,545,594,1.24,3.18,
cluster_10279761592_11942000229_11942000233_663943274,0.00043280231782678435,225.0,256,271,1.19,2.88,
cluster_10279761592_11942000229_11942000233_663943274,0.00043280231782678435,227.0,256,280,2.7,1.68,
664472699,0.000241604182692877,302.0,256,177,2.45,1.79,
664472699,0.00020386829512965773,302.0,256,215,1.93,2.4,
664472699,0.0001805495997449306,307.5,256,280,2.68,1.45,
10943433498,9.430390486588088e-05,384.5,510,545,1.18,3.9,
10943433498,0.00012361729325323148,395.5,594,545,1.24,3.18,
11843639551,0.00013872247905409826,376.0,627,462,1.27,1.82,
1177160566,8.619779220937113e-05,314.5,359,393,1.22,3.85,
1177161154,9.00013357970915e-05,378.0,475,444,2.17,2.42,
1177160573,2.9542677578141703e-05,392.0,475,623,2.08,1.54,0.71
8021489624,7.3360508120699e-05,370.5,552,604,1.24,2.43,
8021489624,7.3360508120699e-05,382.0,552,506,2.12,2.22,
cluster_10281958925_10281958926_6508834064_6508834065_#1more,0.00021882949897390083,388.0,386,396,1.89,3.16,
1177160566,0.00015464442985004708,307.5,480,359,1.83,2.99,
1177161631,1.9454245281223863e-05,391.0,218,537,,1.12,1.73
1177212157,7.413380488171465e-05,314.0,499,524,1.05,3.2,
1177212157,0.00010068636303221969,316.5,499,513,1.12,3.39,
1177160566,0.00014542538104033367,320.0,359,525,1.92,2.58,
cluster_10281958922_663940594,0.00017467354081999979,363.0,435,544,1.51,2.88,
cluster_10281958922_663940594,0.00017467354081999979,366.5,435,512,2.81,1.41,
1177160566,0.0001568091862606601,315.0,480,393,2.3,3.2,
1189036615,9.972494790756007e-05,321.0,480,525,2.77,2.64,
13300645527,4.1842562190188334e-05,348.0,391,516,1.0,2.56,
cluster_1177212073_13300645524_664471560,0.00011203710554037463,351.0,479,551,0.94,2.64,
cluster_1177211838_13300645525_13300645528,5.377961215945763e-05,362.5,479,229,2.84,0.97,
cluster_1177212073_13300645524_664471560,6.438333226817754e-05,366.5,479,561,8.84,0.56,1.57
1177211785,6.465770383278996e-05,373.0,479,382,1.81,1.84,
8021489624,7.49531077661848e-05,331.0,509,421,1.18,3.69,
cluster_13298747747_13298747748_13298747749_13298747755_#2more,8.824151162505798e-05,335.0,509,204,2.5,2.09,18.57
cluster_1177212073_13300645524_664471560,0.00011203710554037463,351.0,551,479,0.94,2.64,
1190128289,0.00016086359090743265,351.5,551,488,2.98,1.65,
1190128289,0.00022596081907740062,351.5,551,516,2.22,2.29,
1177211785,0.00011987180067032146,334.0,558,483,1.63,0.99,
8021489624,7.49531077661848e-05,337.5,560,421,2.84,1.24,
11843639551,0.0001711970908020756,376.0,627,514,1.47,1.42,
1177212157,7.413380488171465e-05,314.0,524,499,1.05,3.2,
1177212157,7.413380488171465e-05,322.5,524,513,1.73,3.3,
cluster_13908994425_13908994429_13908994430,0.00017723992614833488,329.0,524,410,2.75,1.85,
cluster_13298740740_664446558,0.0001014864026684421,371.5,612,434,1.27,1.6,
11843639551,0.00016766780120182237,376.0,627,519,2.61,0.87,
11843639551,3.993802813067196e-05,377.0,627,177,,3.4,
10943433498,9.430390486588088e-05,395.5,510,594,1.77,2.85,
8021489624,7.49531077661848e-05,330.5,421,509,1.18,3.69,
cluster_11942000232_664472748,7.795572357906995e-05,350.0,533,557,1.79,2.51,
10943433498,9.430390486588088e-05,395.5,594,510,1.77,2.85,
cluster_1177211304_1177211692,0.0002626433550645116,205.0,227,245,1.73,3.5,
13300645527,4.1842562190188334e-05,348.0,516,391,1.0,2.56,
1190128289,0.00022596081907740062,351.5,516,551,2.22,2.29,
cluster_10917990606_663844223,3.709450453504784e-05,398.5,555,378,2.37,0.95,
cluster_13298740740_664446558,0.0001014864026684421,372.5,612,538,2.64,1.26,
1177212096,0.00016756661868093167,287.5,326,346,1.35,2.65,
1177212096,0.00010463286180918643,289.5,326,307,2.38,1.98,
1177212096,7.61725771364e-05,290.0,326,327,2.74,1.77,
1177212096,0.00016219374588121466,318.5,326,388,1.32,3.01,
1177212096,0.00016219374588121466,340.0,326,435,1.86,2.92,
1177160566,0.0001517107451556495,331.0,359,472,2.59,2.59,
cluster_1177161169_664472775,7.815851511530162e-05,370.0,617,501,1.43,2.76,
cluster_1177211838_13300645525_13300645528,5.377961215945763e-05,362.5,229,479,2.84,0.97,
1177212096,0.00016756661868093167,287.5,346,326,1.35,2.65,
1177212096,0.00010020988064879235,319.0,346,388,2.31,2.25,
1177212096,0.00010020988064879235,341.0,346,435,2.51,2.25,
1177160866,6.976311754499276e-05,395.5,528,549,2.34,2.96,
1177160866,6.976311754499276e-05,395.5,549,528,2.34,2.96,
cluster_11942000232_664472748,7.795572357906995e-05,350.0,557,533,1.79,2.51,
cluster_13298740740_664446558,0.0001014864026684421,388.5,612,497,2.32,2.99,
1177160864,0.0002454342744316834,242.5,382,390,1.5,1.48,
1177160864,0.00017561574695506226,252.0,382,250,1.96,2.27,
1177160864,0.00024408173390012044,258.0,382,402,2.52,1.91,
1177211571,7.937156508224618e-05,329.0,382,391,1.16,2.81,
1177211571,1.432980675539285e-05,332.0,382,395,2.87,0.6,
1177160566,0.0001568091862606601,315.0,393,480,2.3,3.2,
1189036615,9.972494790756007e-05,315.5,393,396,2.87,2.76,
8021489624,0.00010192100707725185,337.5,416,560,1.85,1.42,
8021489624,0.00015044173979096034,349.5,416,552,1.19,2.6,
8021489624,7.49531077661848e-05,337.5,421,560,2.84,1.24,
13300645527,5.8595675304633696e-05,327.5,438,362,2.41,2.39,
13300645527,1.9878668094671008e-05,327.5,438,410,1.34,3.12,
1177161219,0.00011340389116306278,350.5,517,415,1.09,2.66,
1177161219,8.3571208400612e-05,365.0,517,394,1.64,2.91,
8021489624,7.511977820019582e-05,382.0,604,506,1.43,2.8,
1177211785,0.00010288369493844831,347.5,561,540,1.71,1.66,
cluster_1177212073_13300645524_664471560,7.871777814017844e-05,343.5,573,540,1.11,1.06,
cluster_1177161169_664472775,7.815851511530162e-05,373.0,617,529,2.15,1.85,
cluster_1177161169_664472775,9.827986745541642e-06,383.0,617,274,3.84,0.37,1.67
1177161549,0.00012366393770491143,366.0,610,585,1.69,1.36,
664447004,2.1972261795881268e-05,404.0,242,345,2.53,0.56,1.13
cluster_13298747750_13298747754_7007141699,6.844147514594404e-05,301.5,332,208,2.08,1.86,
664447004,2.1972261795881268e-05,402.5,345,242,2.53,1.09,1.13
1177212157,5.0520265834477136e-05,359.5,569,391,1.96,2.88,
cluster_1190128285_13300645523_13300645535,6.791041751811666e-05,392.0,653,614,1.64,3.49,
8021489624,0.00010192100707725185,337.5,560,416,1.85,1.42,
1177211571,9.044151876234276e-05,386.5,618,473,2.75,1.2,
8021489624,8.725933719663674e-05,304.0,332,204,1.39,2.45,
cluster_13298747747_13298747748_13298747749_13298747755_#2more,0.000276215243460184,331.5,332,409,1.61,2.15,
1177212157,9.380756195165014e-05,213.0,245,252,1.5,2.47,
cluster_1177211304_1177211692,0.00018594535618497973,220.5,245,262,2.95,1.19,
13300645527,4.0890460827208285e-05,361.5,245,516,1.88,1.17,
1177212157,5.0520265834477136e-05,359.5,391,569,1.96,2.88,
1177160566,0.0001148334326387464,320.0,525,393,1.19,3.16,
1189036615,0.00014072253632887148,320.5,525,212,2.26,2.46,
1189036615,9.972494790756007e-05,321.0,525,480,2.77,2.64,
1177160566,9.227466198498924e-05,330.5,525,472,1.52,3.19,
1177160566,9.227466198498924e-05,332.0,525,340,2.79,2.17,
1177161549,0.00018538710610672038,367.0,597,610,1.22,2.04,
1177161549,0.00012167071977330726,367.5,597,585,2.38,1.35,
1177161549,9.490193336210721e-05,370.5,597,600,2.9,1.19,
1177161549,0.00020634134314564219,381.0,597,549,1.36,3.35,
1177161549,0.00018538710610672038,367.0,610,597,1.22,2.04,
1177161549,9.490193336210721e-05,369.0,610,600,2.24,2.13,
1177161549,0.00018039086871285068,381.0,610,549,1.97,2.99,
664472699,4.2112382595158814e-05,391.5,610,572,2.85,2.15,
1177212032,5.921606887527914e-05,378.0,614,632,1.85,3.69,
cluster_1177212073_13300645524_664471560,8.61299118552604e-05,391.5,614,551,,0.51,1.49
1177212032,5.921606887527914e-05,378.0,632,614,1.85,3.69,
1177161219,0.00011340389116306278,350.5,415,517,1.09,2.66,
1177212157,9.380756195165014e-05,213.0,252,245,1.5,2.47,
cluster_13298740740_664446558,0.00021537120212295987,391.0,599,637,2.3,2.32,
cluster_13298740740_664446558,0.00021537120212295987,391.0,637,599,2.3,2.32,
cluster_13298740740_664446558,0.00014420630164515446,399.0,637,497,2.98,1.8,
cluster_13298740740_664446558,0.0001014864026684421,282.0,340,472,1.45,1.33,
1177211785,0.0001051200405023818,370.5,229,382,1.75,1.46,
1177211785,0.00012292673024925512,393.0,656,573,2.85,2.18,
11843639551,9.971367250189881e-05,368.0,462,502,1.29,1.53,
cluster_11158897100_11158897101_11158897102_664471748_#1more,0.0001450135199631496,384.5,640,407,1.74,2.24,
cluster_11158897100_11158897101_11158897102_664471748_#1more,0.0001450135199631496,384.5,640,505,1.2,1.42,
1177160691,2.8593750278103194e-05,407.0,346,669,,3.44,1.26
1177160566,0.0001148334326387464,319.0,393,525,1.19,3.16,
1177160566,0.00012405271253916917,331.0,393,472,2.09,2.89,
cluster_13298747750_13298747754_7007141699,6.844147514594404e-05,343.0,298,409,1.07,3.15,
cluster_13298747747_13298747748_13298747749_13298747755_#2more,0.000270161274603049,296.0,337,409,0.93,2.98,
664472699,0.00016973663809207536,384.0,355,511,2.87,1.84,
664472699,0.00016973663809207536,384.0,511,355,2.87,1.84,
cluster_11158897100_11158897101_11158897102_664471748_#1more,0.0001450135199631496,389.0,640,457,2.64,1.53,
cluster_1177212073_13300645524_664471560,0.00012740021292849868,393.0,656,561,2.41,2.42,
1177211785,9.11794089868327e-05,367.5,551,382,1.19,2.36,
cluster_1177212073_13300645524_664471560,6.438333226817754e-05,369.5,551,561,2.58,0.65,9.27
cluster_1177212073_13300645524_664471560,8.61299118552604e-05,391.5,551,614,,0.51,1.49
1177161219,0.00014323665099429193,330.5,353,460,1.38,2.83,
1177161219,7.750342699700825e-05,355.0,353,399,2.25,2.8,
cluster_13298747747_13298747748_13298747749_13298747755_#2more,0.000270161274603049,296.0,409,337,0.93,2.98,
cluster_13298747747_13298747748_13298747749_13298747755_#2more,0.000276215243460184,331.5,409,332,1.61,2.15,
cluster_13298747751_6469124180,0.00027662982760390476,331.5,409,495,1.05,2.79,
11843639551,0.0001377878219061121,368.0,462,514,2.03,1.68,
1190128257,0.00016099662533261802,324.5,519,514,1.36,1.54,
1190128241,0.0001277551923540451,326.0,519,502,2.49,1.71,
1177161631,1.9454245281223863e-05,391.0,537,218,,1.12,1.73
cluster_1177212073_13300645524_664471560,0.00013414391658935341,393.0,656,614,2.69,0.92,
cluster_1177212073_13300645524_664471560,0.00020364841444410052,334.0,547,558,1.07,1.82,
cluster_1177212073_13300645524_664471560,0.00016729280856979503,336.5,547,483,2.16,1.91,
cluster_1177212073_13300645524_664471560,0.00014280732914767556,338.0,547,521,2.59,1.92,
cluster_1177212073_13300645524_664471560,0.00016289544074036722,393.0,635,656,1.0,3.3,
1177160691,2.8593750278103194e-05,407.5,669,346,,3.44,1.26
1191863749,0.00011187986469136597,394.0,231,130,1.14,3.08,
1191863749,0.00011187986469136597,395.0,130,231,1.14,3.08,
664446557,5.182051621670427e-05,346.5,255,464,1.42,2.27,
664446557,6.5144783890810826e-06,403.5,255,629,2.45,2.43,0.72
1177211785,9.11794089868327e-05,367.5,382,551,1.19,2.36,
1177211785,0.0001051200405023818,370.5,382,229,1.75,1.46,
1177211785,6.465770383278996e-05,373.0,382,479,1.81,1.84,
cluster_10279761592_11942000229_11942000233_663943274,0.00011108555358677944,402.0,601,672,2.78,1.33,
cluster_10279761592_11942000229_11942000233_663943274,0.00011108555358677944,402.0,672,601,2.78,1.33,
1177161219,0.00014323665099429193,331.0,460,353,1.38,2.83,
cluster_1177212073_13300645524_664471560,0.00016289544074036722,393.0,656,635,1.0,3.3,
1177212157,5.44451478441308e-05,365.5,245,391,1.15,1.5,
1177212157,5.359226631167638e-05,369.5,245,569,1.87,3.39,
1177212157,5.44451478441308e-05,370.0,391,245,1.15,1.5,
13300645527,6.346572709315531e-05,371.5,391,227,2.7,2.01,
13300645527,3.0407531577087794e-05,371.5,391,378,2.15,2.21,
13300645527,4.0890460827208285e-05,364.5,569,516,2.13,2.96,
1177212157,5.359226631167638e-05,373.5,569,245,1.87,3.39,
13300645527,6.346572709315531e-05,376.5,569,227,2.96,2.14,
13300645527,3.0407531577087794e-05,376.5,569,378,2.64,2.41,
cluster_13298747747_13298747748_13298747749_13298747755_#2more,0.000270161274603049,338.0,409,381,2.12,1.56,
cluster_13298747750_13298747754_7007141699,6.844147514594404e-05,343.0,409,298,1.07,3.15,
cluster_13298747747_13298747748_13298747749_13298747755_#2more,0.000270161274603049,350.5,409,433,2.75,1.38,
13300645527,4.0890460827208285e-05,362.0,516,569,2.13,2.96,
13300645527,4.0890460827208285e-05,366.0,516,245,1.88,1.17,
cluster_1177212073_13300645524_664471560,0.00020364841444410052,334.0,558,547,1.07,1.82,
cluster_1177212073_13300645524_664471560,0.00020265626414162297,351.0,558,539,1.78,2.61,
cluster_1177211838_13300645525_13300645528,0.00011092878399514983,358.5,558,553,2.97,1.27,
cluster_1177160434_1177161050,6.22423454226715e-05,414.0,475,533,,1.3,1.94
cluster_1177160434_1177161050,6.22423454226715e-05,414.0,533,475,,1.3,1.94
1177160864,8.526099137144707e-05,403.0,652,597,1.51,2.3,
1177161154,2.822980127323345e-05,412.5,671,519,,3.83,
664446557,5.182051621670427e-05,346.5,464,255,1.42,2.27,
664446557,9.900294811736808e-06,399.0,464,574,1.41,3.48,1.79
cluster_13298740740_664446558,0.0001014864026684421,282.0,472,340,1.45,1.33,
1186025330,4.502537626849378e-05,283.5,472,458,2.1,3.22,
cluster_13298740740_664446558,6.530116535994055e-05,290.0,472,393,2.78,2.05,
1177160566,9.227466198498924e-05,330.0,472,525,1.52,3.19,
1177160566,0.0001517107451556495,331.0,472,359,2.59,2.59,
1177160566,0.00012405271253916917,331.0,472,393,2.09,2.89,
1177161483,0.00011063106124423098,353.5,472,567,1.06,1.18,
cluster_1177212073_13300645524_664471560,0.00012565751599337421,331.5,473,553,1.03,3.16,
cluster_1177212073_13300645524_664471560,0.00013414391658935341,333.0,473,521,2.06,1.86,
cluster_1177211838_13300645525_13300645528,8.459605890151932e-05,355.0,473,521,1.62,2.39,
cluster_1177211838_13300645525_13300645528,8.459605890151932e-05,357.5,473,483,2.55,1.57,
cluster_1177211838_13300645525_13300645528,2.707490719124157e-05,362.5,473,229,1.17,0.95,7.43
cluster_1177212073_13300645524_664471560,0.00012565751599337421,331.5,553,473,1.03,3.16,
1177161483,0.00011063106124423098,353.5,567,472,1.06,1.18,
cluster_664446535_8507351665_8507351666,0.00025167105892490914,267.5,292,249,1.23,3.19,
cluster_664446535_8507351665_8507351666,0.00022225136224879365,268.0,292,298,1.83,2.89,
cluster_664446535_8507351665_8507351666,0.00018294000853477402,268.0,292,352,2.39,2.56,
cluster_664446535_8507351665_8507351666,0.00014249252264428931,268.5,292,204,2.9,2.3,
cluster_664446535_8507351665_8507351666,0.0002890040652279929,279.0,292,453,1.29,3.49,
cluster_664446535_8507351665_8507351666,0.0002141909998479146,286.5,292,310,2.1,2.17,
cluster_664446535_8507351665_8507351666,0.00021122356447012642,292.5,292,431,2.4,2.2,
cluster_13298747747_13298747748_13298747749_13298747755_#2more,0.00016461953327982282,381.0,292,559,1.19,3.23,
cluster_13298747747_13298747748_13298747749_13298747755_#2more,0.00016461953327982282,381.5,292,625,2.12,1.92,
1177160864,0.0001237313450561376,407.0,440,652,2.93,1.65,
1177160864,8.526099137144707e-05,403.0,597,652,1.51,2.3,
1177161154,3.0388487508796733e-05,413.0,671,498,,3.15,
cluster_13298747733_13298747737_663825864,0.00014006667530226384,374.5,603,620,0.94,3.03,
cluster_13298747733_13298747737_663825864,0.00014006667530226384,374.5,620,603,0.94,3.03,
664446557,9.900294811736808e-06,399.0,574,464,1.41,3.48,1.79
664446557,6.5144783890810826e-06,403.5,629,255,2.45,2.43,0.72
cluster_13908994425_13908994429_13908994430,0.00011408668211218637,401.0,631,227,0.97,3.76,
cluster_664446535_8507351665_8507351666,0.0003223805058735479,328.0,425,306,1.1,3.42,
cluster_664446535_8507351665_8507351666,0.00022946952860766827,329.0,425,310,2.38,2.25,
cluster_664446535_8507351665_8507351666,0.0002597310253174503,329.0,425,431,2.11,2.51,
cluster_664446535_8507351665_8507351666,0.00016568335188387018,329.5,425,453,2.98,1.86,
1177161549,7.2270330963894e-05,277.5,451,439,1.01,3.49,
1177160369,0.0001448261204898735,317.5,451,366,2.02,1.76,
13300645526,6.876658222878129e-05,404.0,631,378,2.27,1.65,
cluster_10279701142_664471710,0.00015736817525605727,416.0,597,674,2.56,1.8,
cluster_11158897100_11158897101_11158897102_664471748_#1more,0.0002390616290340967,418.5,627,500,1.58,2.84,
cluster_664446535_8507351665_8507351666,0.00025167105892490914,267.5,249,292,1.23,3.19,
cluster_664446535_8507351665_8507351666,0.0002455891523997697,279.0,249,453,1.9,2.69,
cluster_664446535_8507351665_8507351666,0.00017275433411796177,287.0,249,310,2.65,2.06,
cluster_664446535_8507351665_8507351666,0.00017176513969821786,292.5,249,431,2.82,1.93,
cluster_13298747747_13298747748_13298747749_13298747755_#2more,0.00013068577469212077,381.5,249,559,1.83,2.42,
cluster_13298747747_13298747748_13298747749_13298747755_#2more,0.00013068577469212077,382.5,249,625,2.64,1.56,
cluster_11158897100_11158897101_11158897102_664471748_#1more,0.0001780078649580998,419.0,627,457,2.31,1.95,
cluster_11158897100_11158897101_11158897102_664471748_#1more,0.00014939869980981922,419.5,627,407,2.64,1.7,
cluster_11158897100_11158897101_11158897102_664471748_#1more,0.00012100885515726135,419.5,627,505,2.97,1.51,
1177161549,7.2270330963894e-05,277.5,439,451,1.01,3.49,
1177160369,0.0001445760493652392,317.5,439,366,1.13,2.8,
664472699,9.746318346476432e-05,326.5,439,406,2.26,2.38,
1177160369,0.00011281075736930583,332.5,439,443,2.62,3.13,
1177160369,0.00011790108308944533,331.5,443,451,1.5,2.51,
1177160369,0.0001448261204898735,332.5,443,366,2.76,3.16,
664472699,0.00014378393128829998,342.5,443,467,1.88,2.79,
664472699,7.466121428387791e-05,357.0,443,570,2.54,2.56,
cluster_11944729366_664471711,0.00019843122623679595,259.5,283,321,1.35,2.93,
1177161022,0.00027573600655202797,263.0,283,357,2.02,2.26,
1177161022,0.0003142168794328508,263.5,283,53,2.52,1.91,
cluster_11502623497_1177160337,7.644294325595163e-05,392.5,598,654,2.35,1.9,
cluster_10281958925_10281958926_6508834064_6508834065_#1more,0.0001617481669735557,420.0,646,689,3.02,0.37,1.3
1177211785,0.0001069848075633809,394.0,658,229,1.19,2.29,
cluster_11944729366_664471711,0.00019843122623679595,259.5,321,283,1.35,2.93,
1177161022,0.000246189538972073,261.5,321,275,2.49,1.6,
cluster_11944729366_664471711,0.00019620867137016588,343.0,321,258,2.7,0.72,
1177160369,0.00011790108308944533,331.5,451,443,1.5,2.51,
1177160369,0.00012614694331036726,343.5,451,467,2.61,2.07,
664472699,1.6696979602561704e-05,357.0,451,570,2.89,1.95,
13300645527,6.346572709315531e-05,368.5,516,227,2.12,2.47,
cluster_11502623497_1177160337,0.00013642237638360124,392.0,654,576,1.33,2.42,
cluster_11502623497_1177160337,7.644294325595163e-05,392.5,654,598,2.35,1.9,
cluster_11502623497_1177160337,0.0001354889923431574,400.0,667,576,2.13,2.15,
664446557,7.365633735424983e-05,407.5,255,492,2.01,3.06,
cluster_11502623497_1177160337,0.00013642237638360124,392.0,576,654,1.33,2.42,
1177160864,0.0001237313450561376,407.0,652,440,2.93,1.65,
cluster_10281958925_10281958926_6508834064_6508834065_#1more,0.0001617481669735557,420.0,689,646,3.02,0.37,1.3
1177211571,9.044151876234276e-05,386.5,473,618,2.75,1.2,
1190128241,0.0001277551923540451,311.5,502,514,1.31,2.94,
1190128241,0.0001277551923540451,326.0,502,519,2.49,1.71,
11843639551,9.971367250189881e-05,367.5,502,462,1.29,1.53,
11843639551,9.876423519852078e-05,376.0,502,627,2.2,2.67,
1190128241,0.0001277551923540451,308.0,514,502,1.31,2.94,
1190128257,0.00016099662533261802,324.5,514,519,1.36,1.54,
1190128241,9.083601682678386e-05,325.0,514,475,2.06,2.35,
11843639551,0.0001377878219061121,368.0,514,462,2.03,1.68,
11843639551,0.0001711970908020756,376.0,514,627,1.47,1.42,
11843639551,0.00018549951548746055,385.5,514,498,2.56,1.6,
cluster_13298747747_13298747748_13298747749_13298747755_#2more,0.0001502581995509324,404.5,310,625,1.35,2.47,
cluster_13298747747_13298747748_13298747749_13298747755_#2more,0.00012627077548286816,405.0,310,559,1.94,2.01,
cluster_13298747750_13298747754_7007141699,6.844147514594404e-05,343.0,298,337,2.17,2.13,
cluster_13298747747_13298747748_13298747749_13298747755_#2more,0.00016461953327982282,352.0,298,576,1.41,2.83,
664472776,8.091133230036145e-05,423.5,503,697,2.98,1.25,
1177212096,0.0001929470741785441,332.5,512,544,1.86,1.37,
cluster_10281958922_663940594,0.00017467354081999979,366.5,512,435,2.81,1.41,
1177160599,2.0254226153105553e-05,423.5,346,659,5.65,2.5,1.38
cluster_1186025344_13298747727_13298747728_13298747738_#3more,0.00025199256935892474,376.0,504,445,1.3,2.69,
1177160599,0.00011904907813098319,403.5,642,666,1.19,2.61,
1177160599,0.00011904907813098319,403.5,666,642,1.19,2.61,
664472776,8.091133230036145e-05,423.5,697,503,2.98,1.25,
1189036615,0.00011916414955600105,353.5,567,340,1.77,1.11,
1189036615,4.855255207168285e-05,299.0,316,458,1.53,1.46,
1189036615,9.150583006540973e-05,304.0,316,340,2.89,1.35,
1189036615,0.00010070351744506867,301.5,340,458,1.72,1.94,
cluster_1186025344_13298747727_13298747728_13298747738_#3more,0.00025199256935892474,376.0,445,504,1.3,2.69,
8021489624,7.187218238992377e-05,337.5,560,509,2.55,0.58,
8021489624,9.965938886569236e-05,350.5,560,552,2.29,1.57,
1177160599,2.0254226153105553e-05,423.5,659,346,5.65,2.5,1.38
1177211785,0.0001069848075633809,394.0,229,658,1.19,2.29,
8021489624,7.187218238992377e-05,337.5,509,560,2.55,0.58,
10279701147,4.18348256024283e-05,428.0,597,621,2.04,4.28,
10279701147,4.18348256024283e-05,428.0,621,597,2.04,4.28,
cluster_5424222000_664446587,8.34340343626958e-05,427.0,624,644,2.5,2.31,
cluster_1186025344_13298747727_13298747728_13298747738_#3more,0.00025199256935892474,396.0,445,649,1.82,2.46,
cluster_1186025344_13298747727_13298747728_13298747738_#3more,0.0003210953633159838,390.5,527,649,1.07,2.02,
cluster_1186025344_13298747727_13298747728_13298747738_#3more,0.00028978265335718713,398.5,527,504,1.77,2.51,
cluster_1186025344_13298747727_13298747728_13298747738_#3more,0.00025199256935892474,399.0,527,445,2.44,2.13,
cluster_1177212073_13300645524_664471560,8.294189290922871e-05,408.0,229,595,,0.07,1.67
cluster_1177211838_13300645525_13300645528,0.00011092878399514983,332.0,553,521,1.22,3.11,
cluster_1177211838_13300645525_13300645528,0.00011092878399514983,356.0,553,483,2.13,1.84,
cluster_1177211838_13300645525_13300645528,0.00011092878399514983,358.5,553,558,2.97,1.27,
cluster_1186025344_13298747727_13298747728_13298747738_#3more,0.0003210953633159838,390.5,649,527,1.07,2.02,
1189036615,9.150583006540973e-05,304.0,340,316,2.89,1.35,
1177160566,9.227466198498924e-05,331.5,340,525,2.79,2.17,
1189036615,0.00011916414955600105,353.5,340,567,1.77,1.11,
1177160864,1.4929049570349713e-05,428.0,495,568,2.54,3.17,
664472699,5.281752988413488e-05,391.0,572,568,1.29,3.03,
664472699,4.2112382595158814e-05,391.5,572,610,2.85,2.15,
664472776,6.42115530761603e-05,423.5,533,503,1.83,1.08,
1177160864,9.203503722687659e-05,314.5,476,360,1.36,3.05,
1177160864,9.203503722687659e-05,317.5,476,482,2.49,2.34,
1177160864,9.203503722687659e-05,322.5,476,361,2.55,2.11,
664472776,6.42115530761603e-05,423.5,503,533,1.83,1.08,
cluster_11158897100_11158897101_11158897102_664471748_#1more,0.00019759508629340133,422.0,557,500,,0.0,1.6
1177161631,0.00011306298569064668,425.0,326,609,1.06,3.79,
13300645527,3.0407531577087794e-05,368.5,516,378,1.55,2.83,
cluster_10917990606_663844223,3.709450453504784e-05,398.0,516,555,,3.47,
1191863749,7.151811880015456e-05,434.5,516,594,2.64,2.22,
cluster_1186025344_13298747727_13298747728_13298747738_#3more,0.0003742193801897341,397.0,217,477,0.99,2.72,
cluster_1186025344_13298747727_13298747728_13298747738_#3more,0.0003180363771704282,409.0,217,649,2.19,2.35,
13300645527,3.0407531577087794e-05,340.0,378,516,1.55,2.83,
1177212096,0.0001929470741785441,332.5,544,512,1.86,1.37,
1177212096,0.0001991886007160128,363.0,544,388,2.32,2.31,
cluster_10281958922_663940594,0.00017467354081999979,363.0,544,435,1.51,2.88,
cluster_10281958922_663940594,0.00010012285513526672,377.5,544,535,2.88,0.61,
cluster_10281958922_663940594,0.0001800449048907385,402.0,544,362,2.0,2.63,
cluster_10281958922_663940594,0.0001800449048907385,410.0,544,513,2.85,2.08,
1177161549,9.490193336210721e-05,360.0,585,600,1.07,3.17,
1177161549,0.00012366393770491143,366.0,585,610,1.69,1.36,
1177161549,0.00012167071977330726,366.5,585,597,2.38,1.35,
1177161549,0.00011967772813890179,381.5,585,549,2.64,2.44,
1177161549,9.490193336210721e-05,360.0,600,585,1.07,3.17,
1177161549,6.846807797006852e-05,366.5,600,380,2.87,2.73,
1177161549,9.490193336210721e-05,369.0,600,610,2.24,2.13,
1177161549,9.490193336210721e-05,370.5,600,597,2.9,1.19,
1177161631,0.00011306298569064668,429.0,326,403,1.74,2.87,
cluster_1186025344_13298747727_13298747728_13298747738_#3more,0.0004020572108404174,417.0,274,217,1.16,2.66,
cluster_11944729366_664471711,7.455653149615902e-05,437.0,664,565,,1.33,1.79
1189036615,4.855255207168285e-05,299.0,458,316,1.53,1.46,
1189036615,0.00010070351744506867,301.5,458,340,1.72,1.94,
664446557,7.365633735424983e-05,407.5,492,255,2.01,3.06,
1177161631,0.00011306298569064668,432.0,326,439,2.25,2.43,
1177160403,5.013368439409336e-05,365.5,401,379,2.77,1.18,
1189868548,0.00010676148125681327,355.5,542,372,2.1,1.95,
cluster_11158897098_664472732,0.0001886627459154055,391.0,626,536,1.35,1.53,
1189036615,0.00013974512170513066,355.5,458,469,2.96,2.51,
1177160864,5.3393514788562e-05,408.5,476,568,1.39,1.96,
1177160864,5.3393514788562e-05,429.5,476,495,2.91,2.58,
cluster_664446535_8507351665_8507351666,0.00018294000853477402,228.5,208,204,1.21,2.69,
cluster_664446535_8507351665_8507351666,0.00018294000853477402,231.0,208,352,2.36,2.2,
cluster_664446535_8507351665_8507351666,0.00018294000853477402,233.0,208,298,2.95,1.88,
cluster_13298747750_13298747754_7007141699,6.844147514594404e-05,301.5,208,332,2.08,1.86,
13300645527,6.346572709315531e-05,304.5,227,378,1.24,2.98,
13300645527,6.346572709315531e-05,368.5,227,516,2.12,2.47,
13300645527,6.346572709315531e-05,371.5,227,391,2.7,2.01,
13300645527,6.346572709315531e-05,376.0,227,569,2.96,2.14,
cluster_13908994425_13908994429_13908994430,0.00011408668211218637,401.0,227,631,0.97,3.76,
cluster_1186025344_13298747727_13298747728_13298747738_#3more,0.00025199256935892474,399.0,445,527,2.44,2.13,
5424222002,4.204735265693567e-05,433.5,574,665,2.0,3.29,
cluster_5424222000_664446587,8.34340343626958e-05,427.0,644,624,2.5,2.31,
1189036615,9.972494790756007e-05,337.5,316,563,1.24,0.82,
1177161483,0.0001283732764318687,341.5,316,363,2.46,2.13,
1177160566,0.0001148334326387464,355.0,316,469,2.45,3.35,
cluster_1186025344_13298747727_13298747728_13298747738_#3more,0.0002471490412034579,305.5,433,496,1.35,2.86,
cluster_13298747751_6469124180,0.00010396160884924556,311.5,433,381,0.95,3.4,
cluster_1186025344_13298747727_13298747728_13298747738_#3more,0.0002471490412034579,315.5,433,468,2.39,2.27,
cluster_1186025344_13298747727_13298747728_13298747738_#3more,0.0002471490412034579,323.0,433,301,2.77,1.7,
cluster_13298747751_6469124180,7.459445355126161e-05,347.0,433,337,1.57,2.69,
cluster_13298747747_13298747748_13298747749_13298747755_#2more,0.000270161274603049,350.5,433,409,2.75,1.38,
cluster_13298747747_13298747748_13298747749_13298747755_#2more,0.000270161274603049,386.0,433,619,2.12,2.09,
cluster_13298747747_13298747748_13298747749_13298747755_#2more,0.000270161274603049,391.5,433,446,2.91,1.26,
1177160403,5.013368439409336e-05,365.5,379,401,2.77,1.18,
cluster_1186025344_13298747727_13298747728_13298747738_#3more,0.0002471490412034579,305.5,496,433,1.35,2.86,
cluster_1186025344_13298747727_13298747728_13298747738_#3more,0.0003025257532306351,315.0,496,468,1.26,2.99,
cluster_1186025344_13298747727_13298747728_13298747738_#3more,0.0003025257532306351,322.5,496,301,2.03,2.26,
cluster_13298747751_6469124180,7.459445355126161e-05,348.5,496,337,2.77,1.78,
cluster_13298747751_6469124180,0.00010396160884924556,348.5,496,381,2.18,2.0,
cluster_13298747751_6469124180,0.00024943330821312556,386.0,496,619,1.07,3.1,
cluster_13298747751_6469124180,0.00024943330821312556,391.5,496,446,1.88,1.81,
1189036615,9.972494790756007e-05,337.5,563,316,1.24,0.82,
cluster_1186025344_13298747727_13298747728_13298747738_#3more,0.00034563419028261285,404.0,527,477,0.99,3.43,
cluster_11158897098_664472732,0.0001886627459154055,391.0,536,626,1.35,1.53,
cluster_11158897098_664472732,0.00010607818230628062,430.5,536,692,2.22,3.06,
1191863749,7.151811880015456e-05,434.5,594,516,2.64,2.22,
1177160399,6.938305102765993e-05,418.5,655,601,2.78,0.55,
cluster_1186025344_13298747727_13298747728_13298747738_#3more,0.0003742193801897341,383.5,477,217,0.99,2.72,
cluster_1186025344_13298747727_13298747728_13298747738_#3more,0.00034563419028261285,404.0,477,527,0.99,3.43,
cluster_1186025344_13298747727_13298747728_13298747738_#3more,0.0003180363771704282,404.5,477,649,1.69,2.9,
cluster_1186025344_13298747727_13298747728_13298747738_#3more,0.00028978265335718713,405.0,477,504,2.05,2.48,
cluster_11158897098_664472732,0.00010607818230628062,430.5,692,536,2.22,3.06,
cluster_664446535_8507351665_8507351666,0.00018294000853477402,228.5,204,208,1.21,2.69,
cluster_664446535_8507351665_8507351666,0.00014249252264428931,229.0,204,242,2.07,2.6,
cluster_664446535_8507351665_8507351666,0.00010303391692855376,229.5,204,224,2.6,2.33,
cluster_664446535_8507351665_8507351666,0.00014249252264428931,268.5,204,292,2.9,2.3,
8021489624,8.725933719663674e-05,304.0,204,332,1.39,2.45,
cluster_13298747747_13298747748_13298747749_13298747755_#2more,8.824151162505798e-05,335.0,204,509,2.5,2.09,18.57
664472699,5.281752988413488e-05,391.0,568,572,1.29,3.03,
1177160864,5.3393514788562e-05,408.5,568,476,1.39,1.96,
1177160864,1.4929049570349713e-05,428.0,568,495,2.54,3.17,
1177161483,1.4294993902584938e-05,439.5,603,609,2.03,4.67,4.89
cluster_11944729366_664471711,7.455653149615902e-05,437.0,664,679,2.52,1.41,4.36
1177160779,1.5598315905235563e-05,439.5,728,509,3.57,2.73,0.85
1177160779,1.5598315905235563e-05,439.5,509,728,3.57,2.73,0.85
1177161483,1.4294993902584938e-05,439.5,603,403,1.08,3.58,3.55
cluster_10560867453_663943486,0.00011056551692321105,441.5,470,645,1.58,2.53,
1177212096,0.0001942068756160347,401.5,512,362,1.16,3.09,
cluster_11158897100_11158897101_11158897102_664471748_#1more,0.0002203001156506365,438.5,588,692,2.73,2.0,
1177160399,6.938305102765993e-05,418.5,601,655,2.78,0.55,
5424222002,4.204735265693567e-05,433.5,665,574,2.0,3.29,
1177212096,0.0001942068756160347,403.0,512,410,2.52,1.99,
cluster_1177212073_13300645524_664471560,0.00016729280856979503,308.0,505,457,1.86,2.29,
cluster_1177211838_13300645525_13300645528,0.00013672362916739562,314.0,505,524,2.84,0.67,
11843639551,4.537969609069706e-05,374.5,462,177,2.6,1.98,
11843639551,0.00013872247905409826,376.0,462,627,1.27,1.82,
1177161483,0.00010494040058267115,341.0,363,563,1.19,2.39,
1177161483,0.0001283732764318687,342.0,363,316,2.46,2.13,
1190128211,9.189733767905996e-05,315.0,483,521,0.99,2.25,
1177211785,0.00011987180067032146,334.0,483,558,1.63,0.99,
cluster_1177212073_13300645524_664471560,0.00016729280856979503,336.0,483,547,2.16,1.91,
cluster_1177212073_13300645524_664471560,0.00016729280856979503,351.0,483,539,2.46,2.39,
cluster_1177211838_13300645525_13300645528,0.00011092878399514983,356.0,483,553,2.13,1.84,
cluster_1177211838_13300645525_13300645528,8.459605890151932e-05,357.5,483,473,2.55,1.57,
11843639551,0.00016766780120182237,376.0,519,627,2.61,0.87,
11843639551,9.433970257728223e-05,424.5,673,521,1.76,2.21,
664446599,2.492244827980409e-05,449.0,716,726,,2.99,1.75
664446599,2.2093097027441884e-05,446.5,726,716,2.35,2.99,1.75
1177161219,5.4712767380693895e-05,410.5,549,528,2.12,3.35,
cluster_11944729366_664471711,8.984270284072392e-05,441.5,586,679,2.6,2.73,
cluster_10560867453_663943486,0.00011056551692321105,441.5,645,470,1.58,2.53,7.81
1177161483,1.4294993902584938e-05,440.0,603,439,5.65,0.56,1.05
1176978438,3.80785737010377e-05,452.0,346,612,2.71,2.73,3.02
1177160566,0.00015073343037630258,354.5,469,363,1.72,3.84,
cluster_1177211304_1177211692,0.00014417279654011607,218.5,252,262,1.5,1.35,
1190128211,9.189733767905996e-05,315.0,521,483,0.99,2.25,
cluster_1177211838_13300645525_13300645528,0.00011092878399514983,332.0,521,553,1.22,3.11,
cluster_1177212073_13300645524_664471560,0.00013414391658935341,333.0,521,473,2.06,1.86,
cluster_1177212073_13300645524_664471560,0.00014280732914767556,334.0,521,558,2.42,1.05,
cluster_1177212073_13300645524_664471560,0.00014280732914767556,336.0,521,547,2.59,1.92,
cluster_1177212073_13300645524_664471560,0.00014280732914767556,351.5,521,539,2.89,1.79,
cluster_1177211838_13300645525_13300645528,8.459605890151932e-05,355.0,521,473,1.62,2.39,
1177161219,5.4712767380693895e-05,410.5,528,549,2.12,3.35,
13300645527,3.8147243780216634e-05,397.5,252,539,2.96,0.71,
13300645527,3.2387041986748246e-05,402.5,252,540,1.29,1.47,
1177212157,5.359226631167638e-05,412.0,252,656,2.44,0.52,
cluster_11158897100_11158897101_11158897102_664471748_#1more,0.00023462184880951022,306.0,457,500,2.04,1.25,
cluster_1177212073_13300645524_664471560,0.00019315753762244733,307.5,457,499,1.22,2.55,
cluster_1177212073_13300645524_664471560,0.00016729280856979503,308.0,457,505,1.86,2.29,
cluster_1177212073_13300645524_664471560,0.00014280732914767556,308.5,457,407,2.27,1.99,
cluster_11158897100_11158897101_11158897102_664471748_#1more,0.00023462184880951022,306.0,500,457,2.04,1.25,
cluster_1177212073_13300645524_664471560,0.00010606364851872946,310.0,500,513,2.82,0.97,
cluster_11158897100_11158897101_11158897102_664471748_#1more,0.00020326736811483403,379.0,500,407,2.84,0.68,
cluster_11158897100_11158897101_11158897102_664471748_#1more,0.0002390616290340967,418.5,500,627,1.58,2.84,
cluster_11158897100_11158897101_11158897102_664471748_#1more,0.00019759508629340133,422.0,500,557,,0.0,1.6
1177160691,1.965132145092919e-05,447.5,742,609,2.76,3.2,6.12
1177212157,9.179562158760803e-05,404.5,656,390,1.34,2.68,
1177160566,0.00015073343037630258,354.5,363,469,1.72,3.84,
11843639551,9.433970257728223e-05,424.5,521,673,1.76,2.21,
11843639551,9.433970257728223e-05,441.0,521,573,2.16,2.71,
1177161219,0.00010200880055214587,454.0,588,500,2.37,2.9,
cluster_663842376_663944135,0.00011680234649300044,444.5,608,733,1.25,3.01,
1176978438,3.80785737010377e-05,452.0,612,346,2.71,2.73,3.02
cluster_1177160373_664472773,8.727566924244252e-05,443.5,720,697,,0.0,1.33
1177161483,0.00010494040058267115,341.0,563,363,1.19,2.39,
1177160403,5.160697091599688e-05,444.0,640,292,2.08,2.26,
1177212157,9.179562158760803e-05,404.5,656,486,2.94,1.51,
1177212157,5.359226631167638e-05,416.0,656,252,2.44,0.52,
13300645527,3.4683348884618054e-05,416.0,656,540,2.67,2.06,
cluster_664446535_8507351665_8507351666,8.889214985863714e-05,333.0,425,131,1.03,2.93,
1177161219,0.00010200880055214587,454.0,500,588,2.37,2.9,
1177160403,5.160697091599688e-05,444.0,292,640,2.08,2.26,
cluster_664446535_8507351665_8507351666,0.00035081198341235467,336.0,425,526,2.07,2.38,
cluster_664446535_8507351665_8507351666,0.00035081198341235467,339.5,425,419,2.61,2.48,
cluster_664446535_8507351665_8507351666,0.00035081198341235467,349.5,425,414,2.96,2.23,
664446594,2.4390496451000442e-05,455.5,704,716,,3.01,1.29
664446594,2.4390496451000442e-05,453.0,716,704,,3.01,1.29
1177211785,0.00010588205764476732,391.5,614,561,1.76,2.53,
cluster_1190128285_13300645523_13300645535,6.791041751811666e-05,392.0,614,653,1.64,3.49,
cluster_1177212073_13300645524_664471560,0.00013414391658935341,393.0,614,656,2.69,0.92,
cluster_11158897100_11158897101_11158897102_664471748_#1more,0.0001690140765550736,456.5,663,476,2.04,1.18,1.28
1177160566,7.895461146919254e-05,366.0,442,469,1.13,3.25,
1177211785,7.609284225216298e-05,395.0,614,573,2.16,2.55,
1177211896,7.733672735247537e-05,449.0,743,730,2.98,0.92,
1177212096,5.4121844608572926e-05,368.0,580,513,2.63,1.54,
1177212096,9.206596391584896e-05,412.5,580,410,2.75,1.71,
1177212096,5.4121844608572926e-05,368.0,513,580,2.63,1.54,
1177212096,9.111468933094909e-05,408.5,513,410,1.05,3.58,
1177212096,0.00015404983182435166,409.0,513,362,2.16,2.74,
1177212096,0.0001942068756160347,409.5,513,512,2.5,2.37,
cluster_10281958922_663940594,0.0001800449048907385,410.0,513,544,2.85,2.08,
cluster_11944729366_664471711,0.0002545509182337586,400.0,535,258,1.0,2.74,
cluster_11944729366_664471711,0.00021985610942984392,400.5,535,283,1.79,2.12,
cluster_11944729366_664471711,0.0001958651766622707,400.5,535,321,2.28,1.83,
cluster_11944729366_664471711,0.00017301914923996406,401.0,535,150,2.73,1.61,
1177161631,5.984360885013393e-05,453.0,708,563,2.68,1.9,
cluster_1177212073_13300645524_664471560,0.0001709781750964106,437.5,729,699,1.29,2.9,
1174832475,1.3974613425092938e-05,450.5,694,715,5.27,3.01,5.71
10279701147,8.372259289017591e-05,435.0,633,697,2.64,1.17,
cluster_1177212073_13300645524_664471560,0.00014788173569928956,420.5,678,699,1.03,3.64,
10279701147,8.372259289017591e-05,435.0,697,633,2.64,1.17,
cluster_1177160373_664472773,8.727566924244252e-05,443.5,697,720,,0.0,1.33
cluster_1177212073_13300645524_664471560,0.00014788173569928956,420.5,699,678,1.03,3.64,
cluster_663842376_663944135,0.0001519443834068369,446.5,204,629,1.28,2.32,
cluster_663842376_663944135,0.0001289608461299041,454.0,204,624,1.96,2.39,
cluster_663842376_663944135,0.0001749954512073714,462.5,204,630,2.01,2.58,
10279701147,0.0002703995631962397,406.5,261,535,1.02,3.74,
cluster_663842376_663944135,0.0001749954512073714,462.5,630,204,2.01,2.58,
cluster_10560867453_663943486,0.00018845004279399984,369.5,314,395,1.21,2.72,
cluster_10560867453_663943486,0.00018845004279399984,420.5,314,394,1.87,2.43,
cluster_10560867453_663943486,0.00018845004279399984,369.5,395,314,1.21,2.72,
cluster_11158897100_11158897101_11158897102_664471748_#1more,0.0001690140765550736,456.0,476,663,2.04,1.18,1.28
cluster_1177212073_13300645524_664471560,0.0001709781750964106,437.5,699,729,1.29,2.9,
10279701147,0.0002703995631962397,406.5,535,261,1.02,3.74,
1174832475,4.279942021348056e-05,457.0,208,757,2.96,1.79,
cluster_1177160373_664472773,0.00011805747290998148,323.5,501,529,0.94,2.12,
cluster_1177161169_664472775,7.815851511530162e-05,370.0,501,617,1.43,2.76,
cluster_1177161169_664472775,7.815851511530162e-05,381.0,501,503,2.13,3.31,
1190128289,9.512301565971181e-05,358.0,390,486,1.39,2.55,
1190128289,9.512301565971181e-05,384.5,390,408,2.86,1.82,
1177212157,9.179562158760803e-05,437.0,390,656,1.34,2.68,
1190128289,9.512301565971181e-05,358.0,486,390,1.39,2.55,
1190128289,3.3863029630488226e-05,382.0,486,408,2.25,2.3,
1177212157,9.179562158760803e-05,439.0,486,656,2.94,1.51,
1177161154,9.265252604923958e-05,457.0,553,720,2.87,1.48,
cluster_11942000227_11942000230_6173706992,0.0001270211668150143,460.0,685,298,2.97,2.31,3.09
1177161154,9.265252604923958e-05,457.0,720,553,2.87,1.48,
cluster_13298747751_6469124180,0.00010492707740113846,417.0,274,477,1.35,2.26,
cluster_1186025344_13298747727_13298747728_13298747738_#3more,0.00034563419028261285,417.5,274,527,2.29,1.97,
cluster_1186025344_13298747727_13298747728_13298747738_#3more,0.0003180363771704282,418.0,274,649,2.73,1.74,
cluster_13298747751_6469124180,7.459445355126161e-05,309.5,337,381,0.95,3.12,
cluster_1186025344_13298747727_13298747728_13298747738_#3more,0.0004268708961044665,311.5,337,370,2.32,1.84,
cluster_13298747750_13298747754_7007141699,6.844147514594404e-05,343.0,337,298,2.17,2.13,
cluster_13298747751_6469124180,7.459445355126161e-05,347.0,337,433,1.57,2.69,
cluster_13298747751_6469124180,7.459445355126161e-05,349.0,337,496,2.77,1.78,
cluster_13298747751_6469124180,7.459445355126161e-05,309.5,381,337,0.95,3.12,
cluster_1186025344_13298747727_13298747728_13298747738_#3more,0.00039895977948985374,310.0,381,336,1.78,2.59,
cluster_1186025344_13298747727_13298747728_13298747738_#3more,0.0003102585332515124,310.5,381,110,2.83,1.77,
cluster_1186025344_13298747727_13298747728_13298747738_#3more,0.0003372639956877069,310.5,381,303,2.5,1.97,
cluster_13298747747_13298747748_13298747749_13298747755_#2more,0.000270161274603049,311.5,381,409,2.12,1.56,
cluster_13298747751_6469124180,0.00010396160884924556,347.0,381,433,0.95,3.4,
cluster_13298747751_6469124180,0.00010396160884924556,349.0,381,496,2.18,2.0,
cluster_664446535_8507351665_8507351666,0.0003820625412038122,316.5,526,131,1.52,1.73,
663825934,1.418212015440947e-05,463.5,655,636,1.62,1.57,2.78
cluster_1177161169_664472775,0.00011635137466965881,461.0,769,620,2.78,1.92,
cluster_13298747751_6469124180,7.459445355126161e-05,418.5,274,445,1.85,2.13,
cluster_1186025344_13298747727_13298747728_13298747738_#3more,0.0004410484462793722,426.0,274,562,1.18,2.68,
cluster_1186025344_13298747727_13298747728_13298747738_#3more,0.0004410484462793722,428.0,274,682,2.35,1.77,
1177211769,6.238859368456757e-05,462.0,772,632,1.58,3.56,
cluster_1177160373_664472773,0.00011805747290998148,323.5,529,501,0.94,2.12,
cluster_1177161169_664472775,7.815851511530162e-05,373.0,529,617,2.15,1.85,
11843639551,0.00012222153049949846,427.0,673,483,0.99,2.27,
1177211769,6.238859368456757e-05,462.0,772,653,1.38,2.76,
cluster_1177212073_13300645524_664471560,0.00014788173569928956,438.0,729,678,1.7,2.22,
11843639551,0.00012222153049949846,427.0,483,673,0.99,2.27,
cluster_1186025344_13298747727_13298747728_13298747738_#3more,0.00034563419028261285,409.0,527,217,1.7,2.64,
cluster_1186025344_13298747727_13298747728_13298747738_#3more,0.00034563419028261285,417.5,527,274,2.29,1.97,
cluster_1186025344_13298747727_13298747728_13298747738_#3more,0.00034563419028261285,427.0,527,562,2.81,1.71,
1174832997,4.498242691907453e-05,463.0,527,606,1.81,4.59,
cluster_1186025344_13298747727_13298747728_13298747738_#3more,0.00034563419028261285,409.0,217,527,1.7,2.64,
cluster_1186025344_13298747727_13298747728_13298747738_#3more,0.00028978265335718713,409.5,217,504,2.57,2.12,
cluster_1186025344_13298747727_13298747728_13298747738_#3more,0.00025199256935892474,410.0,217,445,2.98,1.87,
cluster_1186025344_13298747727_13298747728_13298747738_#3more,0.0004020572108404174,417.0,217,274,1.16,2.66,
cluster_1186025344_13298747727_13298747728_13298747738_#3more,0.0004020572108404174,426.5,217,562,2.09,2.17,
cluster_1177160373_664472773,0.00011805747290998148,413.5,501,556,1.91,2.64,
cluster_1177160373_664472773,0.00011805747290998148,416.5,501,571,2.61,2.14,
cluster_1177160373_664472773,0.00011805747290998148,422.5,501,605,2.9,1.89,
cluster_1177160373_664472773,0.00013935206931283632,410.5,529,556,1.34,2.72,
cluster_1177160373_664472773,0.00013935206931283632,416.0,529,571,2.27,2.26,
cluster_1177160373_664472773,0.00013935206931283632,422.5,529,605,2.6,2.05,
cluster_1177160373_664472773,0.00013935206931283632,431.5,529,537,2.97,1.78,
1174832997,4.498242691907453e-05,463.0,606,527,1.81,4.59,
664446557,0.00011254938601384915,457.0,208,715,2.81,1.48,
664446557,0.00012710608841091402,464.0,208,725,2.16,3.1,
664446557,8.409657482973399e-05,464.5,208,660,2.85,2.09,
1177161483,0.00011063106124423098,376.5,442,384,1.55,3.18,
1177160566,8.717592871408943e-05,387.0,442,329,2.97,2.17,
cluster_10279701142_664471710,9.081341889266095e-05,411.0,674,430,0.0,0.0,0.0
cluster_1177211304_1177211692,0.00013081457872314684,190.0,141,262,1.13,1.72,
cluster_1177211304_1177211692,0.00013081457872314684,190.0,262,141,1.13,1.72,
cluster_1177211304_1177211692,0.00014417279654011607,218.5,262,252,1.5,1.35,
cluster_1177211304_1177211692,0.00018594535618497973,220.5,262,245,2.95,1.19,
cluster_1177211304_1177211692,0.00013081457872314684,230.5,262,324,1.81,2.73,
cluster_1177211304_1177211692,0.00013081457872314684,234.5,262,213,2.17,2.98,
cluster_1177211304_1177211692,0.00013081457872314684,239.5,262,260,2.75,2.27,
cluster_11944729366_664471711,0.00026830087248539563,417.5,535,583,2.08,2.42,
11843639551,0.0001511445264603319,439.5,673,573,1.03,3.44,
1174832475,5.5662977816730644e-05,443.5,737,715,0.93,2.16,
1177161631,0.00014332299097621258,416.0,609,403,1.06,3.08,
1177161631,0.00014233421776923335,423.5,609,439,1.82,2.7,
1177161631,0.00011306298569064668,425.0,609,326,1.06,3.79,
1177161483,1.4294993902584938e-05,440.0,609,603,2.03,4.67,
1177160691,1.965132145092919e-05,447.0,609,742,2.76,3.2,6.12
1177161631,0.00014332299097621258,416.0,403,609,1.06,3.08,
1177160599,0.00010227831020275659,423.5,439,403,1.02,2.03,
1177161631,0.00014233421776923335,431.5,439,609,1.82,2.7,
1177161631,0.00011306298569064668,432.0,439,326,2.25,2.43,
1177161483,1.4294993902584938e-05,440.0,439,603,5.65,0.56,1.05
1177160864,9.555356637440274e-05,428.0,495,572,1.0,4.14,
cluster_1177211838_13300645525_13300645528,8.459605890151932e-05,402.5,657,668,1.28,2.54,
cluster_1177211838_13300645525_13300645528,8.459605890151932e-05,426.5,657,632,2.08,2.21,
cluster_1177211838_13300645525_13300645528,8.459605890151932e-05,429.5,657,653,2.89,1.43,
cluster_1177211838_13300645525_13300645528,8.459605890151932e-05,402.5,668,657,1.28,2.54,
cluster_664446535_8507351665_8507351666,0.0003820625412038122,316.5,131,526,1.52,1.73,
cluster_664446535_8507351665_8507351666,8.889214985863714e-05,333.0,131,425,1.03,2.93,
cluster_664446535_8507351665_8507351666,0.00032139134060827566,333.5,131,306,1.65,3.09,
cluster_664446535_8507351665_8507351666,0.00022932238199999474,334.0,131,310,2.88,2.37,
cluster_664446535_8507351665_8507351666,0.0002577530058487052,334.0,131,431,2.53,2.56,
cluster_664446535_8507351665_8507351666,0.0003800844536562871,339.5,131,419,2.25,2.62,
cluster_664446535_8507351665_8507351666,0.0003790954961104456,349.5,131,414,2.66,2.39,
cluster_10279701142_664471710,0.00014012227353787167,371.0,278,430,1.81,2.47,
11843639551,3.993802813067196e-05,467.0,535,743,,3.31,1.93
cluster_10279701142_664471710,0.00014012227353787167,355.5,589,430,1.01,3.21,
11843639551,0.00014984963421439757,440.5,673,561,2.08,2.09,
13300645527,6.346572709315531e-05,358.5,378,227,1.24,2.98,
13300645527,3.0407531577087794e-05,371.5,378,391,2.15,2.21,
13300645527,3.0407531577087794e-05,376.0,378,569,2.64,2.41,
cluster_10917990606_663844223,3.709450453504784e-05,398.0,378,555,2.37,0.95,
13300645526,6.876658222878129e-05,404.0,378,631,2.27,1.65,
1177160599,0.00010227831020275659,423.5,403,439,1.02,2.09,
1177161631,0.00011306298569064668,429.0,403,326,1.74,2.87,
1177161483,1.4294993902584938e-05,440.0,403,603,1.08,3.58,3.55
1177160691,2.4279401522909823e-05,448.0,403,742,,3.09,4.7
1177160599,0.0001300658456121311,464.5,774,439,1.6,0.64,
663825934,1.9699699774112858e-05,472.0,747,559,1.81,1.45,1.6
cluster_10279761592_11942000229_11942000233_663943274,0.0002855049712556176,459.0,661,738,2.0,2.23,
cluster_10279701142_664471710,0.00016861234772859137,371.0,278,589,1.32,2.85,
cluster_10279701142_664471710,0.00016861234772859137,389.5,465,589,1.82,2.92,
1174832475,5.5662977816730644e-05,443.5,715,737,0.93,2.16,
1174832475,1.3974613425092938e-05,449.0,715,694,5.27,3.01,5.71
664446557,0.00011254938601384915,457.0,715,208,2.81,1.48,
1177160403,5.160697091599688e-05,465.0,645,505,2.45,3.53,
cluster_10281965682_663944134,0.00015729974170155555,469.0,496,394,1.34,3.01,
cluster_10281965682_663944134,0.00011773967233221321,469.5,496,395,2.12,2.49,
cluster_10281958925_10281958926_6508834064_6508834065_#1more,5.134720764135172e-05,473.5,586,698,2.33,0.83,1.29
cluster_11502623494_11502623496_1186025300_13298747739,0.00013574012391459194,307.0,352,384,1.24,1.65,
cluster_13298740740_664446558,0.00011974668633012842,346.0,352,303,1.33,3.47,
1174832475,5.5662977816730644e-05,457.0,715,757,1.72,2.95,
664446557,9.89479927542181e-05,442.5,725,660,1.04,3.83,
664446557,0.00012710608841091402,464.0,725,208,2.16,3.1,
1190128289,0.00010516193190518837,363.0,354,408,1.26,2.76,
1177160599,0.00010227831020275659,464.5,403,774,2.36,1.14,
1177160599,8.212423410416539e-05,468.0,403,780,2.68,1.44,
cluster_10281965682_663944134,0.00021141997670051345,474.0,470,496,1.86,2.73,
1177160864,9.555356637440274e-05,428.0,572,495,1.0,4.14,
1177160864,7.17426784923681e-05,448.5,572,543,2.21,3.44,
cluster_1177161169_664472775,0.00011635137466965881,461.0,620,769,2.78,1.92,
cluster_11942000227_11942000230_6173706992,0.00022852389508692654,476.5,704,726,1.61,2.72,
1177160599,0.00010227831020275659,464.5,774,403,2.36,1.14,
1191714373,5.7535895221631286e-05,475.0,262,766,1.13,5.63,
1174832475,8.195149971211442e-05,456.5,737,757,1.19,3.32,
1174832475,8.195149971211442e-05,456.5,757,737,1.19,3.32,
1174832475,4.279942021348056e-05,457.0,757,208,2.96,1.79,
1174832475,5.5662977816730644e-05,457.0,757,715,1.72,2.95,
664446557,6.604020847509899e-06,472.0,757,771,5.84,1.78,1.16
1177160399,6.938305102765993e-05,470.0,778,672,2.01,2.6,
1177160599,8.212423410416539e-05,468.0,780,403,2.68,1.44,
664446557,9.89479927542181e-05,442.5,660,725,1.04,3.83,
664446557,8.409657482973399e-05,464.5,660,208,2.85,2.09,
1191714373,5.7535895221631286e-05,477.0,766,262,1.13,5.63,
cluster_11158897100_11158897101_11158897102_664471748_#1more,0.0002045314234979334,379.0,457,407,1.39,1.54,
cluster_11158897100_11158897101_11158897102_664471748_#1more,0.0001450135199631496,389.0,457,640,2.64,1.53,
cluster_11158897100_11158897101_11158897102_664471748_#1more,0.0001780078649580998,419.0,457,627,2.31,1.95,
cluster_11158897100_11158897101_11158897102_664471748_#1more,0.00012100885515726135,378.5,505,407,1.1,2.55,
cluster_11158897100_11158897101_11158897102_664471748_#1more,0.0001450135199631496,384.5,505,640,1.2,1.42,
cluster_11158897100_11158897101_11158897102_664471748_#1more,0.00012100885515726135,419.5,505,627,2.97,1.51,
1177160403,5.160697091599688e-05,465.0,505,645,2.45,3.53,
1177160864,7.17426784923681e-05,450.0,572,493,2.98,2.34,
664446557,6.604020847509899e-06,472.0,771,757,5.84,1.78,1.16
1177160864,8.973246473213677e-05,380.5,493,543,1.08,2.32,
664472751,1.8110795720835693e-05,392.5,493,424,1.59,2.87,1.01
1177160399,6.938305102765993e-05,471.5,778,548,2.57,2.01,
1177160599,0.0001300658456121311,464.5,439,774,1.6,0.64,
1177160864,5.3393514788562e-05,429.5,495,476,2.91,2.58,
cluster_10281958925_10281958926_6508834064_6508834065_#1more,5.134720764135172e-05,473.5,698,586,2.33,0.83,1.29
1189868590,7.484513585303708e-05,459.0,740,728,2.78,2.09,
cluster_1177160373_664472773,1.9169372623538615e-05,476.5,673,680,4.06,4.09,1.34
cluster_11158897100_11158897101_11158897102_664471748_#1more,0.0002045314234979334,308.5,407,457,1.39,1.99,
cluster_11158897100_11158897101_11158897102_664471748_#1more,0.00020326736811483403,310.5,407,500,2.84,0.68,
1177211785,0.00013598544328209168,314.0,407,524,1.99,0.8,
cluster_11158897100_11158897101_11158897102_664471748_#1more,0.00012100885515726135,378.5,407,505,1.1,2.55,
cluster_11158897100_11158897101_11158897102_664471748_#1more,0.0001450135199631496,384.5,407,640,1.74,2.24,
cluster_11158897100_11158897101_11158897102_664471748_#1more,0.00014939869980981922,419.5,407,627,2.64,1.7,
cluster_10279701142_664471710,0.00016861234772859137,371.0,589,278,1.32,2.85,
cluster_10279701142_664471710,0.00016861234772859137,389.5,589,465,1.82,2.92,
cluster_10279701142_664471710,0.00016861234772859137,402.5,589,423,2.11,2.26,
cluster_10279701142_664471710,0.00016861234772859137,408.0,589,447,2.54,2.09,
cluster_10279701142_664471710,0.00016861234772859137,412.0,589,623,2.87,2.02,
cluster_10279701142_664471710,0.00015736817525605727,416.0,674,597,2.56,1.8,
cluster_10279701142_664471710,0.00012459178333715142,450.5,674,723,1.02,3.66,
cluster_10279701142_664471710,0.00012459178333715142,454.0,674,647,1.69,2.66,
cluster_10279701142_664471710,0.00012459178333715142,459.0,674,713,2.17,2.59,
cluster_1177160373_664472773,1.9169372623538615e-05,476.5,680,673,4.06,4.09,1.34
1177160864,0.0001179104614926815,459.0,745,493,0.96,4.07,
cluster_10281965682_663944134,0.00021141997670051345,474.0,496,470,1.86,2.73,
10943490952,3.741833084496689e-05,478.0,751,792,,0.13,1.83
11843639556,9.89435856377698e-05,462.0,767,770,2.84,1.52,
11843639556,9.89435856377698e-05,462.0,770,767,2.84,1.52,
cluster_1189036595_13298747741,9.254309018036468e-05,446.0,492,686,1.66,3.04,
1177212096,0.0001942068756160347,409.5,512,513,2.5,2.37,
cluster_1189036595_13298747741,9.254309018036468e-05,446.0,686,492,1.66,3.04,
cluster_10279701142_664471710,0.00015370057964274642,444.0,723,647,1.13,2.91,
cluster_10279701142_664471710,0.00012459178333715142,450.5,723,674,1.02,3.66,
cluster_10279701142_664471710,0.0001528176698194904,459.0,723,713,1.71,2.93,
cluster_10279701142_664471710,9.771177239537115e-05,342.5,430,334,0.14,5.94,
cluster_10279701142_664471710,0.00012328089112983222,345.0,430,450,2.83,1.05,
cluster_10279701142_664471710,0.00014012227353787167,355.5,430,589,1.01,3.21,
cluster_10279701142_664471710,0.00014012227353787167,371.0,430,278,1.81,2.47,
cluster_10279701142_664471710,0.00014012227353787167,390.0,430,465,2.14,2.56,
cluster_10279701142_664471710,0.00014012227353787167,402.5,430,423,2.49,2.02,
cluster_10279701142_664471710,0.00014012227353787167,408.5,430,447,2.83,1.91,
cluster_10279701142_664471710,9.081341889266095e-05,411.0,430,674,0.0,0.0,0.0
1177160864,4.356573905973081e-05,450.0,493,495,2.76,2.5,
1177160864,7.17426784923681e-05,450.0,493,572,2.98,2.34,
cluster_11944729366_664471711,0.0002650828149341364,406.5,386,534,1.7,1.52,
1190128289,0.00010516193190518837,343.0,408,354,1.26,2.76,
cluster_11944729366_664471711,0.00014815942040774107,347.5,408,150,2.58,1.59,
1190128289,3.3863029630488226e-05,382.5,408,486,2.25,2.3,
1190128289,9.512301565971181e-05,384.5,408,390,2.86,1.82,
cluster_1186025344_13298747727_13298747728_13298747738_#3more,0.00028978265335718713,395.5,649,504,0.99,3.29,
cluster_1186025344_13298747727_13298747728_13298747738_#3more,0.00025199256935892474,396.0,649,445,1.82,2.46,
cluster_1186025344_13298747727_13298747728_13298747738_#3more,0.0003180363771704282,404.5,649,477,1.69,2.9,
cluster_1186025344_13298747727_13298747728_13298747738_#3more,0.0003180363771704282,409.0,649,217,2.19,2.35,
cluster_1186025344_13298747727_13298747728_13298747738_#3more,0.0003180363771704282,418.0,649,274,2.73,1.74,
cluster_13298747751_6469124180,0.00022002422334672952,376.5,446,619,1.4,2.26,
cluster_13298747747_13298747748_13298747749_13298747755_#2more,0.000270161274603049,391.5,446,433,2.91,1.26,
cluster_13298747751_6469124180,0.00024943330821312556,391.5,446,496,1.88,1.81,
cluster_11158897100_11158897101_11158897102_664471748_#1more,0.0001273039024508076,466.5,564,664,1.51,3.09,
cluster_11158897100_11158897101_11158897102_664471748_#1more,0.0001273039024508076,468.0,564,521,2.54,2.04,
cluster_11944729366_664471711,0.00016151372957553354,478.0,430,723,2.24,2.9,
1177160566,6.580407726919496e-05,386.5,329,352,1.23,3.13,
1190128289,0.0001442380697516905,392.0,354,581,1.01,3.44,
cluster_10281958925_10281958926_6508834064_6508834065_#1more,0.00019312342210164247,479.0,363,688,2.23,2.72,
cluster_11502623494_11502623496_1186025300_13298747739,0.00013574012391459194,307.0,384,352,1.24,1.65,
cluster_13298740740_664446558,6.530116535994055e-05,325.5,384,469,2.04,0.98,
cluster_13298740740_664446558,8.400686890385633e-05,346.0,384,303,2.0,2.84,
cluster_13298740740_664446558,6.530116535994055e-05,349.0,384,329,2.28,2.55,
1177161483,0.00011063106124423098,376.5,384,442,1.55,3.18,
1177160566,7.895461146919254e-05,377.0,384,469,2.42,2.78,
cluster_10560867453_663943486,0.00021757009561614816,404.0,394,395,1.17,2.6,
cluster_10560867453_663943486,0.00018845004279399984,420.5,394,314,1.87,2.43,
cluster_10281965682_663944134,0.00015729974170155555,469.0,394,496,1.34,3.01,
cluster_10560867453_663943486,0.00021757009561614816,404.0,395,394,1.17,2.6,
cluster_10281965682_663944134,0.00011773967233221321,469.5,395,496,2.12,2.49,
10281958927,4.6121911289361525e-05,480.5,442,586,1.8,2.5,
cluster_1186025344_13298747727_13298747728_13298747738_#3more,0.00028978265335718713,395.5,504,649,0.99,3.29,
cluster_1186025344_13298747727_13298747728_13298747738_#3more,0.00028978265335718713,398.5,504,527,1.77,2.51,
cluster_1186025344_13298747727_13298747728_13298747738_#3more,0.00028978265335718713,405.0,504,477,2.05,2.48,
cluster_1186025344_13298747727_13298747728_13298747738_#3more,0.00028978265335718713,409.5,504,217,2.57,2.12,
cluster_13298740740_664446558,0.00015441459072258713,450.0,504,131,2.53,0.61,
cluster_13298747751_6469124180,0.00022002422334672952,378.5,619,446,1.4,2.26,
cluster_13298747747_13298747748_13298747749_13298747755_#2more,0.000270161274603049,386.0,619,433,2.12,2.09,
cluster_13298747751_6469124180,0.00024943330821312556,386.0,619,496,1.07,3.1,
cluster_13298747747_13298747748_13298747749_13298747755_#2more,0.00012627077548286816,378.5,625,559,1.04,4.38,
cluster_13298747747_13298747748_13298747749_13298747755_#2more,0.00016461953327982282,381.5,625,292,2.12,1.92,
cluster_13298747747_13298747748_13298747749_13298747755_#2more,0.00013068577469212077,382.5,625,249,2.64,1.56,
cluster_13298747747_13298747748_13298747749_13298747755_#2more,0.0001502581995509324,404.5,625,310,1.35,2.47,
1177160566,4.324433579001139e-05,386.5,329,384,2.41,2.18,
1177160566,8.717592871408943e-05,387.0,329,442,2.97,2.17,
1177160566,4.324433579001139e-05,386.5,384,329,2.41,2.18,
1190128289,0.0001442380697516905,397.0,354,622,1.96,2.14,
cluster_11944729366_664471711,0.00016151372957553354,478.0,723,430,2.24,2.9,
cluster_11158897100_11158897101_11158897102_664471748_#1more,0.0002266135679901019,441.0,692,588,2.8,1.62,
cluster_10281958922_663940594,0.00017467354081999979,341.5,540,547,2.4,1.6,
cluster_1177212073_13300645524_664471560,7.871777814017844e-05,343.5,540,573,1.11,1.06,
1177211785,0.00010288369493844831,347.5,540,561,1.71,1.66,
1177160864,0.0001179104614926815,459.0,493,745,0.96,4.07,
cluster_11942000227_11942000230_6173706992,0.0001270211668150143,460.0,298,685,2.97,2.31,3.09
1177160864,8.973246473213677e-05,380.5,543,493,1.08,2.32,
1177160864,7.17426784923681e-05,448.5,543,572,2.21,3.44,
cluster_13298747747_13298747748_13298747749_13298747755_#2more,0.00012627077548286816,378.5,559,625,1.04,4.38,
cluster_13298747747_13298747748_13298747749_13298747755_#2more,0.00016461953327982282,381.0,559,292,1.19,3.23,
cluster_13298747747_13298747748_13298747749_13298747755_#2more,0.00013068577469212077,381.5,559,249,1.83,2.42,
cluster_13298747747_13298747748_13298747749_13298747755_#2more,0.00012627077548286816,405.0,559,310,1.94,2.01,
663825934,1.9699699774112858e-05,472.0,559,747,1.81,1.45,1.6
cluster_1186025344_13298747727_13298747728_13298747738_#3more,0.00025418901515367035,458.0,602,711,1.17,2.9,
1177160573,1.5069098981589563e-05,487.5,625,635,,1.8,1.42
1177160573,1.5069098981589563e-05,486.0,635,625,,1.8,1.42
cluster_10279701142_664471710,0.00011878217369633444,479.5,750,647,1.98,2.4,
1190128289,0.0001442380697516905,402.0,354,518,2.42,2.06,
cluster_1177211394_1177211683,0.00022931845075223594,371.5,380,570,1.46,2.83,
664472699,4.2112382595158814e-05,373.5,380,568,1.78,2.77,
cluster_11942000227_11942000230_6173706992,0.00022852389508692654,476.5,726,704,1.61,2.72,
cluster_1177212073_13300645524_664471560,0.0001357732615361586,406.5,595,632,1.54,2.54,
1177211785,8.001774275953175e-05,353.5,540,539,1.43,1.78,
13300645527,3.4683348884618054e-05,393.0,540,656,2.67,2.06,
13300645527,3.2387041986748246e-05,408.0,540,252,1.29,1.47,
cluster_663842376_663944135,0.00010378424554551431,437.5,624,574,1.33,1.34,
cluster_10279701142_664471710,0.00014699432819862093,479.5,750,713,1.46,2.3,
1190128289,0.0001442380697516905,409.5,354,566,2.86,1.67,
cluster_10281965682_663944134,0.00014905921059391362,475.5,470,394,2.86,1.81,
1189868590,7.484513585303708e-05,459.0,728,740,2.78,2.09,
1177161631,5.984360885013393e-05,487.0,784,763,2.53,1.16,
cluster_11944729366_664471711,0.00017301914923996406,199.5,102,206,1.17,2.51,
cluster_11944729366_664471711,0.00012914710577009017,204.5,102,61,2.43,2.02,
cluster_11944729366_664471711,0.0002043082728461016,215.0,102,266,1.32,2.89,
cluster_1177211304_1177211692,0.00013081457872314684,221.0,102,223,1.04,2.21,
cluster_1177211304_1177211692,0.00039829383074009746,267.5,102,61,2.95,1.59,
1177211724,0.0003200538882893725,274.5,102,383,2.39,3.03,
cluster_1177211304_1177211692,0.0002958426714858404,301.5,102,244,2.72,2.15,
664472699,0.00018224439209010455,287.0,103,153,1.2,3.57,
664472699,0.00018500035701562683,288.5,103,113,2.16,2.63,
664472699,0.00020386829512965773,293.5,103,177,2.63,2.6,
cluster_11944729366_664471711,0.00010031479612517966,354.5,103,358,2.09,1.92,
cluster_11944729366_664471711,7.968849503388521e-05,360.5,103,331,2.9,2.49,
1177211724,0.00022044473469237696,379.0,103,331,1.59,3.49,
1177211724,0.0002466168493498612,379.0,103,350,2.18,3.02,
1177211724,0.00025666623764258667,395.0,103,256,2.36,2.56,
cluster_1177211304_1177211692,0.00032296776153969037,227.0,111,319,1.26,3.78,
cluster_1177211304_1177211692,0.0003510866093666839,233.5,111,147,1.17,2.04,
cluster_1177211304_1177211692,0.0002918998322277691,245.0,111,260,2.13,2.68,
cluster_1177211304_1177211692,0.00022865659481968332,246.0,111,213,2.85,1.94,
cluster_1177211304_1177211692,0.00034302923285243196,258.5,111,234,2.13,2.82,
cluster_1177211304_1177211692,0.00034006767550844545,262.0,111,61,2.99,2.64,
1177211724,0.00019526689364572736,366.5,113,153,1.65,1.54,
1177211724,0.00019626112144380218,394.5,113,256,1.37,2.97,
1177211724,0.0002033280867063851,400.5,113,280,2.59,2.74,
cluster_11502623494_11502623496_1186025300_13298747739,0.00013574012391459194,418.0,131,654,1.92,1.45,
cluster_664446535_8507351665_8507351666,0.00013066919702866794,423.0,131,667,0.97,2.01,
cluster_13298740740_664446558,0.00015441459072258713,450.0,131,504,2.53,0.61,
cluster_1177211304_1177211692,0.00015944936207971453,230.0,141,324,1.29,2.98,
cluster_1177211304_1177211692,0.00015944936207971453,234.0,141,213,1.78,3.22,
cluster_1177211304_1177211692,0.00015944936207971453,239.5,141,260,2.47,2.43,
cluster_1177211304_1177211692,0.00015944936207971453,245.0,141,319,2.79,2.46,
13300645527,6.346572709315531e-05,459.0,141,699,0.99,3.17,
13300645527,3.8147243780216634e-05,475.5,141,786,2.11,2.82,
cluster_1177211304_1177211692,0.0003510866093666839,233.5,147,111,1.17,2.04,
cluster_1177211304_1177211692,0.0002918998322277691,248.5,147,260,2.49,3.03,
cluster_1177211304_1177211692,0.0003219811041689507,248.5,147,319,2.06,2.44,
cluster_1177211304_1177211692,0.000373284580766088,258.5,147,234,1.45,3.15,
cluster_1177211304_1177211692,0.0003652268138467998,262.0,147,61,2.45,2.95,
cluster_11944729366_664471711,0.00012914710577009017,347.5,150,347,1.3,2.76,
cluster_11944729366_664471711,0.00017301914923996406,358.5,150,321,1.08,2.84,
cluster_11944729366_664471711,0.00017301914923996406,360.0,150,283,2.22,1.73,
cluster_11944729366_664471711,0.00017301914923996406,401.0,150,535,2.73,1.61,
cluster_11944729366_664471711,0.00017301914923996406,407.5,150,261,2.66,2.18,
cluster_1177211394_1177211683,0.00016802552922323103,424.5,150,380,2.13,1.95,
664472699,0.00018224439209010455,287.0,153,103,1.2,3.57,
1177160864,0.0002692066112578947,288.0,153,343,2.94,2.33,
664472699,0.00017917059230554812,293.5,153,177,2.15,2.85,
1177211724,0.00019526689364572736,366.5,153,113,1.65,1.54,
1177211724,0.00020840743225419953,380.0,153,331,2.84,2.38,
1177211724,0.00022651820250246734,395.0,153,256,1.91,2.76,
1177211724,0.0002385554847405298,401.0,153,280,2.99,2.24,
1177211724,0.00030094914043406326,316.5,155,376,1.09,4.15,
1177211724,0.00036334288345330634,317.0,155,244,2.14,3.54,
cluster_1177211304_1177211692,0.0003542073435179311,317.0,155,383,2.86,2.99,
cluster_1177211304_1177211692,0.00039434071738474755,317.0,155,88,2.5,3.24,
cluster_1177211304_1177211692,0.000361119436025808,332.5,155,188,1.37,2.43,
cluster_1177211304_1177211692,0.000361119436025808,334.5,155,172,2.36,1.87,
cluster_1177211304_1177211692,0.0003601317863278398,337.5,155,184,2.83,1.99,
cluster_10279761592_11942000229_11942000233_663943274,0.0002497393061490582,173.5,172,188,1.24,2.73,
cluster_10279761592_11942000229_11942000233_663943274,0.00021047092000342127,174.0,172,113,1.99,2.15,
cluster_10279761592_11942000229_11942000233_663943274,0.00018151058139601717,174.0,172,153,2.38,1.88,
cluster_10279761592_11942000229_11942000233_663943274,0.00015348537542009865,174.5,172,103,2.74,1.67,
1177211724,0.0003562754101948669,184.5,172,184,1.54,2.13,
cluster_10279761592_11942000229_11942000233_663943274,0.0002542112404018268,188.5,172,215,2.33,2.21,
cluster_10279761592_11942000229_11942000233_663943274,0.0002542112404018268,207.5,172,254,2.85,1.82,
cluster_1177211304_1177211692,0.000361119436025808,334.5,172,155,2.36,1.87,
1177211724,0.0003572694164703384,339.0,172,254,2.39,1.69,
1177211724,0.00035826345610539385,353.5,172,350,2.59,2.05,
1177211724,0.00035826345610539385,373.5,172,331,2.8,2.67,
1177211724,0.0003562754101948669,184.5,184,172,1.54,2.13,
cluster_10279761592_11942000229_11942000233_663943274,0.0001761728444631683,185.0,184,113,3.0,1.67,
cluster_10279761592_11942000229_11942000233_663943274,0.0002167044404862397,185.0,184,188,2.59,1.86,
1177211724,0.00031497483142944513,206.5,184,254,1.63,2.4,
cluster_10279761592_11942000229_11942000233_663943274,0.0003230845536868772,219.5,184,256,2.47,2.1,
cluster_11944729366_664471711,0.00014815942040774107,320.0,184,347,1.77,2.13,
1177211724,0.00039647309688371426,337.0,184,188,2.29,1.79,
cluster_1177211304_1177211692,0.0003601317863278398,337.5,184,155,2.83,1.99,
1177211724,0.00031806596067123513,353.0,184,350,2.06,2.39,
1177211724,0.00031806596067123513,373.0,184,331,2.47,3.21,
cluster_10279761592_11942000229_11942000233_663943274,0.0002497393061490582,173.5,188,172,1.24,2.73,
cluster_10279761592_11942000229_11942000233_663943274,0.00024348904427489102,178.5,188,177,2.05,2.54,
cluster_10279761592_11942000229_11942000233_663943274,0.0002167044404862397,185.0,188,184,2.59,1.86,
cluster_10279761592_11942000229_11942000233_663943274,0.00021535223237900922,189.0,188,215,2.74,1.9,
cluster_1177211304_1177211692,0.000361119436025808,332.5,188,155,1.37,2.43,
cluster_1177211304_1177211692,0.00026872587806297686,332.5,188,244,2.8,2.03,
cluster_1177211304_1177211692,0.00033299792010219986,332.5,188,376,2.04,2.37,
1177211724,0.00039647309688371426,337.0,188,184,2.29,1.79,
1177211724,0.0003974672119658344,340.0,188,254,2.89,1.84,
cluster_11944729366_664471711,0.00017301914923996406,194.5,206,102,1.17,2.51,
cluster_11944729366_664471711,0.00014815942040774107,198.5,206,252,2.69,1.97,
cluster_11944729366_664471711,0.00012914710577009017,198.5,206,61,1.49,2.71,
cluster_11944729366_664471711,0.00017301914923996406,215.5,206,266,2.15,2.34,
cluster_11944729366_664471711,0.00017301914923996406,221.5,206,223,2.26,1.89,
cluster_1177211304_1177211692,0.0003823303211688549,264.0,206,234,2.82,1.61,
1177211724,0.00035020216004240064,268.0,206,223,2.76,1.3,
1177211724,0.00036334288345330634,274.5,206,383,2.82,2.77,
cluster_1177211304_1177211692,0.00022865659481968332,226.5,213,260,1.4,2.82,
cluster_1177211304_1177211692,0.00020059961632852037,233.0,213,324,1.04,2.95,
cluster_1177211304_1177211692,0.00015944936207971453,234.0,213,141,1.78,3.22,
cluster_1177211304_1177211692,0.00013081457872314684,234.5,213,262,2.17,2.98,
cluster_1177211304_1177211692,0.00022865659481968332,244.5,213,319,2.03,3.31,
cluster_1177211304_1177211692,0.00022865659481968332,246.0,213,111,2.85,1.94,
cluster_1177211838_13300645525_13300645528,3.055188090346179e-05,477.5,213,788,2.88,2.39,
cluster_664446535_8507351665_8507351666,0.000250682119744873,424.0,218,414,1.25,2.86,
cluster_664446535_8507351665_8507351666,0.0002102346247568616,424.5,218,419,2.02,2.46,
cluster_664446535_8507351665_8507351666,0.00018081466635076328,424.5,218,526,2.48,2.29,
cluster_664446535_8507351665_8507351666,0.00029014075227725783,441.0,218,707,1.13,3.55,
cluster_664446535_8507351665_8507351666,0.00023950728935143322,457.0,218,718,2.34,2.26,
cluster_664446535_8507351665_8507351666,0.00023045837216323063,461.5,218,754,2.66,2.07,
cluster_664446535_8507351665_8507351666,0.00023045837216323063,469.0,218,326,2.94,1.97,
cluster_1177211304_1177211692,0.00013081457872314684,221.0,223,102,1.04,2.21,
cluster_11944729366_664471711,0.00017301914923996406,221.5,223,206,2.26,1.89,
1177211724,0.00035020216004240064,268.0,223,206,2.76,1.3,
cluster_1177211304_1177211692,0.0001614025593908782,274.0,223,383,1.44,3.11,
cluster_1177211304_1177211692,0.00015221380546897684,281.5,223,88,2.39,1.76,
cluster_1177211304_1177211692,0.0003249413210215735,301.5,223,244,2.35,2.34,
cluster_1177211304_1177211692,0.00039730546441482445,241.5,234,61,1.66,1.85,
cluster_1177211304_1177211692,0.00034302923285243196,258.5,234,111,2.13,2.82,
cluster_1177211304_1177211692,0.000373284580766088,258.5,234,147,1.45,3.15,
cluster_1177211304_1177211692,0.0003168850097632344,258.5,234,319,2.66,2.48,
cluster_1177211304_1177211692,0.0003823303211688549,264.0,234,206,2.82,1.61,
cluster_1177211304_1177211692,0.00011867773761124148,266.5,244,376,1.69,1.45,
cluster_1177211304_1177211692,0.0002958426714858404,301.5,244,102,2.72,2.15,
cluster_1177211304_1177211692,0.0003249413210215735,301.5,244,223,2.35,2.34,
cluster_1177211304_1177211692,0.0003542073435179311,301.5,244,383,1.97,2.57,
cluster_1177211304_1177211692,0.00039434071738474755,301.5,244,88,1.31,3.04,
1177211724,0.00036334288345330634,317.0,244,155,2.14,3.54,
cluster_1177211304_1177211692,0.00026872587806297686,332.5,244,188,2.8,2.03,
1177211724,0.00031497483142944513,206.5,254,184,1.63,2.4,
cluster_10279761592_11942000229_11942000233_663943274,0.00028326890362448664,207.0,254,177,2.51,2.03,
cluster_10279761592_11942000229_11942000233_663943274,0.0002542112404018268,207.5,254,172,2.85,1.82,
cluster_10279761592_11942000229_11942000233_663943274,0.00039069895365283637,219.0,254,256,1.29,2.86,
cluster_10279761592_11942000229_11942000233_663943274,0.0003745744415967415,226.0,254,271,2.36,1.93,
1177211724,0.0003572694164703384,339.0,254,172,2.39,1.69,
1177211724,0.0003974672119658344,340.0,254,188,2.89,1.84,
1177211724,0.0002777592481034797,352.5,254,350,1.32,2.87,
1177211724,0.0002777592481034797,373.0,254,331,2.15,3.52,
1177211724,0.00019626112144380218,394.5,256,113,1.37,2.97,
1177211724,0.00025666623764258667,395.0,256,103,2.36,2.56,
1177211724,0.00022651820250246734,395.0,256,153,1.91,2.76,
1177211724,0.00028482640845597267,395.5,256,331,2.82,2.39,
1177211724,0.00014303212183296876,400.0,256,280,1.51,2.91,
cluster_11944729366_664471711,0.00012914710577009017,331.0,258,283,1.28,0.96,
cluster_11944729366_664471711,0.00019620867137016588,343.0,258,321,2.7,0.72,
cluster_11944729366_664471711,0.0002545509182337586,400.0,258,535,1.0,2.74,
cluster_11944729366_664471711,0.0002545509182337586,407.0,258,261,1.56,3.24,
cluster_11944729366_664471711,0.00023749971517558177,417.5,258,583,2.65,1.94,
cluster_11944729366_664471711,0.0003699993614517114,452.0,258,615,2.97,0.63,
cluster_11944729366_664471711,0.00031055840282616506,467.5,258,536,1.31,2.56,
cluster_1177211304_1177211692,0.00022865659481968332,226.5,260,213,1.4,2.82,
cluster_1177211304_1177211692,0.00019961929395329684,239.0,260,324,2.04,2.67,
cluster_1177211304_1177211692,0.00015944936207971453,239.5,260,141,2.47,2.43,
cluster_1177211304_1177211692,0.00013081457872314684,239.5,260,262,2.75,2.27,
cluster_1177211304_1177211692,0.0002918998322277691,243.5,260,319,1.1,3.52,
cluster_1177211304_1177211692,0.0002918998322277691,245.0,260,111,2.13,2.68,
cluster_1177211304_1177211692,0.0002918998322277691,248.5,260,147,2.49,3.03,
1177212157,5.0520265834477136e-05,473.0,260,786,1.89,2.13,
1177212157,2.615926159958488e-05,487.0,260,690,1.21,2.98,
cluster_11944729366_664471711,0.0002545509182337586,407.0,261,258,1.56,3.24,
cluster_11944729366_664471711,0.00021985610942984392,407.0,261,283,2.15,2.71,
cluster_11944729366_664471711,0.00017301914923996406,407.5,261,150,2.66,2.18,
cluster_11944729366_664471711,0.0001958651766622707,407.5,261,321,2.41,2.42,
10279701147,0.0002603231454754558,417.0,261,583,1.41,3.24,
cluster_11944729366_664471711,0.00021945394405731644,422.5,261,534,2.73,1.62,
cluster_11944729366_664471711,0.00020171783818310302,426.5,261,386,2.87,1.57,
cluster_11944729366_664471711,0.00020042503382863445,438.0,261,587,2.74,1.98,
cluster_11944729366_664471711,0.00024548770860311414,465.0,261,536,1.26,1.54,
cluster_11944729366_664471711,0.00022098370062993556,477.0,261,768,1.83,2.12,
1177211724,0.00012182995825385956,218.5,276,280,1.56,1.74,
1177160399,6.938305102765993e-05,253.0,276,392,2.7,1.71,
664472699,2.6008013098156185e-05,273.0,276,403,2.07,1.16,
664472699,6.818863692480275e-05,319.0,276,406,2.49,2.38,
1177211724,0.00012355145139213394,406.5,276,366,1.31,3.15,
1177211724,0.00012355145139213394,412.0,276,467,2.07,3.27,
1177211724,0.00012355145139213394,416.5,276,570,2.81,2.43,
1177160765,0.0001969351525039065,389.5,278,465,1.04,3.61,
1177160765,0.0001969351525039065,402.0,278,423,1.59,2.7,
1177160765,0.0001969351525039065,408.0,278,447,2.15,2.41,
1177160765,0.0001969351525039065,412.0,278,623,2.44,2.27,
1177211724,0.00012182995825385956,218.5,280,276,1.56,1.74,
cluster_10279761592_11942000229_11942000233_663943274,0.00043280231782678435,227.0,280,256,2.7,1.68,
1177160399,6.938305102765993e-05,251.0,280,392,1.98,2.27,
664472699,0.0001805495997449306,307.5,280,256,2.68,1.45,
1177211724,0.00014303212183296876,400.0,280,256,1.51,2.91,
1177211724,0.0002033280867063851,400.5,280,113,2.59,2.74,
1177211724,0.0002385554847405298,401.0,280,153,2.99,2.24,
cluster_11944729366_664471711,0.00012914710577009017,331.0,283,258,1.28,0.96,
cluster_11944729366_664471711,0.00017301914923996406,360.0,283,150,2.22,1.73,
cluster_11944729366_664471711,0.00021985610942984392,400.5,283,535,1.79,2.12,
cluster_11944729366_664471711,0.00021985610942984392,407.0,283,261,2.15,2.71,
cluster_11944729366_664471711,0.0004038715417008362,449.5,283,530,2.56,0.73,
cluster_11944729366_664471711,0.00036801507299045403,452.0,283,615,1.58,0.74,
cluster_11944729366_664471711,0.0003501645215728529,468.5,283,536,2.1,2.02,
cluster_13298740740_664446558,8.400686890385633e-05,322.0,301,468,1.01,2.86,
cluster_1186025344_13298747727_13298747728_13298747738_#3more,0.0003025257532306351,322.5,301,496,2.03,2.26,
cluster_1186025344_13298747727_13298747728_13298747738_#3more,0.0002471490412034579,323.0,301,433,2.77,1.7,
cluster_13298740740_664446558,0.00011540232535285867,406.0,301,598,1.53,0.95,
cluster_13298740740_664446558,0.00011225703732488439,411.5,301,576,2.97,0.68,
cluster_1174832725_13298747729_13298747740,7.641049340383418e-05,456.0,301,484,2.48,1.69,
cluster_664446535_8507351665_8507351666,8.775823545034372e-05,282.0,306,431,1.38,1.51,
cluster_664446535_8507351665_8507351666,0.00030428248365650467,293.5,306,310,2.4,2.07,
cluster_664446535_8507351665_8507351666,0.0003223805058735479,328.0,306,425,1.1,3.42,
cluster_664446535_8507351665_8507351666,0.00032139134060827566,333.5,306,131,1.65,3.09,
cluster_664446535_8507351665_8507351666,0.00032139134060827566,336.0,306,526,2.53,2.21,
cluster_664446535_8507351665_8507351666,0.00032139134060827566,340.0,306,419,2.87,2.29,
cluster_10281965682_663944134,4.412998298438871e-05,488.5,310,574,2.31,2.26,
cluster_10281965682_663944134,0.00014177918924710936,490.5,310,519,1.22,3.68,
cluster_10281965682_663944134,0.00014177918924710936,494.0,310,498,2.13,2.1,
cluster_1177211304_1177211692,0.00032296776153969037,227.0,319,111,1.26,3.78,
cluster_1177211304_1177211692,0.0002918998322277691,243.5,319,260,1.1,3.52,
cluster_1177211304_1177211692,0.00022865659481968332,244.5,319,213,2.03,3.31,
cluster_1177211304_1177211692,0.00019961929395329684,244.5,319,324,2.38,3.12,
cluster_1177211304_1177211692,0.00015944936207971453,245.0,319,141,2.79,2.46,
cluster_1177211304_1177211692,0.0003219811041689507,248.5,319,147,2.06,2.44,
cluster_1177211304_1177211692,0.0003168850097632344,258.5,319,234,2.66,2.48,
cluster_11944729366_664471711,0.00017301914923996406,358.5,321,150,1.08,2.84,
cluster_11944729366_664471711,0.00012914710577009017,359.0,321,347,2.29,2.0,
cluster_11944729366_664471711,0.0001958651766622707,400.5,321,535,2.28,1.83,
cluster_11944729366_664471711,0.0001958651766622707,407.5,321,261,2.41,2.42,
cluster_1177211394_1177211683,0.0001270707879174558,433.5,321,638,1.18,2.85,
cluster_1177211394_1177211683,0.0001270707879174558,435.0,321,610,2.66,1.74,
cluster_1177211304_1177211692,0.00015944936207971453,230.0,324,141,1.29,2.98,
cluster_1177211304_1177211692,0.00013081457872314684,230.5,324,262,1.81,2.73,
cluster_1177211304_1177211692,0.00020059961632852037,233.0,324,213,1.04,2.95,
cluster_1177211304_1177211692,0.00019961929395329684,239.0,324,260,2.04,2.67,
cluster_1177211304_1177211692,0.00019961929395329684,244.5,324,319,2.38,3.12,
13300645527,6.346572709315531e-05,459.0,324,699,2.27,1.14,
13300645527,2.0246769349203914e-05,472.5,324,786,1.31,2.98,
13300645527,1.9878668094671008e-05,486.5,324,408,2.79,1.94,
cluster_664446535_8507351665_8507351666,0.00033864799932784094,468.0,326,754,1.32,2.82,
cluster_664446535_8507351665_8507351666,0.0002991894658664125,468.5,326,718,2.14,2.45,
cluster_664446535_8507351665_8507351666,0.00023045837216323063,469.0,326,218,2.94,1.97,
cluster_664446535_8507351665_8507351666,0.000258741973333672,469.0,326,707,2.63,2.14,
1177160566,3.2070984012680986e-05,394.0,329,648,1.85,3.09,
1177160566,7.893584403645568e-05,402.0,329,670,2.87,1.86,
1177211724,0.00021547515138936883,372.5,331,350,0.96,4.17,
1177211724,0.00031806596067123513,373.0,331,184,2.47,3.21,
1177211724,0.0002777592481034797,373.0,331,254,2.15,3.52,
1177211724,0.00035826345610539385,373.5,331,172,2.8,2.67,
1177211724,0.00022044473469237696,379.0,331,103,1.59,3.49,
1177211724,0.00020840743225419953,380.0,331,153,2.84,2.38,
1177211724,0.00028482640845597267,395.5,331,256,2.82,2.39,
cluster_11944729366_664471711,0.00012914710577009017,347.5,347,150,1.3,2.76,
cluster_11944729366_664471711,0.00012914710577009017,359.0,347,321,2.29,2.0,
cluster_1177211394_1177211683,0.0001670311841414805,406.5,347,380,0.98,2.29,
cluster_1177211394_1177211683,0.00023041852310338274,422.5,347,570,2.33,2.8,
1177211724,0.0002149942060938668,423.0,347,467,2.94,2.51,
1177211724,0.0002777592481034797,352.5,350,254,1.32,2.87,
1177211724,0.00031806596067123513,353.0,350,184,2.06,2.39,
1177211724,0.00035826345610539385,353.5,350,172,2.59,2.05,
1177211724,0.00021547515138936883,372.5,350,331,0.96,4.17,
1177211724,0.0002466168493498612,379.0,350,103,2.18,3.02,
cluster_11158897100_11158897101_11158897102_664471748_#1more,0.0002958586278934419,271.5,351,398,1.21,2.71,
cluster_11158897100_11158897101_11158897102_664471748_#1more,0.0002958586278934419,329.0,351,489,1.82,2.91,
cluster_11158897100_11158897101_11158897102_664471748_#1more,0.0002958586278934419,345.0,351,550,2.44,2.04,
1177160566,6.580407726919496e-05,386.5,352,329,1.23,3.13,
1177160566,6.775944887182454e-05,395.0,352,648,2.72,1.86,
1177160864,0.00015262849442763902,296.5,360,482,1.35,1.88,
1177160864,9.203503722687659e-05,314.5,360,476,1.36,3.05,
1177160864,0.00015065714359258943,321.5,360,361,1.83,2.72,
1177160864,0.00015065714359258943,332.5,360,520,2.52,2.4,
1177160864,0.00018849837801590395,296.5,361,482,1.01,3.23,
1177160864,0.00015065714359258943,321.5,361,360,1.83,2.72,
1177160864,9.203503722687659e-05,322.5,361,476,2.55,2.11,
1177160864,0.0002145190148748984,332.0,361,520,1.46,3.11,
1177160864,0.0002145190148748984,375.5,361,436,2.35,2.38,
13300645527,5.8595675304633696e-05,260.0,362,410,1.44,2.78,
13300645527,5.8595675304633696e-05,327.0,362,438,2.41,2.39,
1177212096,0.0001942068756160347,401.5,362,512,1.16,3.09,
cluster_10281958922_663940594,0.0001800449048907385,402.0,362,544,2.0,2.63,
1177212096,0.00015404983182435166,409.0,362,513,2.16,2.74,
1177211724,0.00012355145139213394,406.5,366,276,1.31,3.15,
1177211724,0.000186834242210141,411.5,366,467,1.02,3.57,
1177211724,0.000185839452486543,416.0,366,570,1.88,2.83,
1177211724,0.00013894642470331972,419.5,366,380,2.2,2.02,
1189868548,0.00014333786649503265,333.0,372,532,1.27,2.75,
1189868548,0.00010676148125681327,355.5,372,542,2.1,1.95,
1189868548,0.00010676148125681327,369.5,372,530,2.59,1.88,
cluster_1177211394_1177211683,0.00037811616275049023,445.0,372,679,1.88,1.3,
cluster_1177211394_1177211683,0.0003331427957329692,446.5,372,565,2.41,1.89,
cluster_1177211394_1177211683,0.0003071617395570027,446.5,372,652,2.96,1.65,
cluster_1177211304_1177211692,0.00011867773761124148,266.5,376,244,1.69,1.45,
cluster_1177211304_1177211692,0.0001573128111362192,303.0,376,88,2.56,2.09,
1177211724,0.00030094914043406326,316.5,376,155,1.09,4.15,
cluster_1177211304_1177211692,0.00033299792010219986,332.5,376,188,2.04,2.37,
cluster_1177211394_1177211683,0.0001670311841414805,406.5,380,347,0.98,2.29,
1177211724,0.00021598898262532022,419.0,380,467,2.57,2.34,
1177211724,0.00013894642470331972,419.5,380,366,2.2,2.02,
cluster_1177211394_1177211683,0.00016802552922323103,424.5,380,150,2.13,1.95,
cluster_1177211304_1177211692,0.0001614025593908782,274.0,383,223,1.44,3.11,
1177211724,0.0003200538882893725,274.5,383,102,2.39,3.03,
1177211724,0.00036334288345330634,274.5,383,206,2.82,2.77,
cluster_1177211304_1177211692,0.00012181695482183348,281.0,383,88,1.43,1.99,
cluster_1177211304_1177211692,0.0003542073435179311,301.5,383,244,1.97,2.57,
cluster_1177211304_1177211692,0.0003542073435179311,317.0,383,155,2.86,2.99,
cluster_10281958925_10281958926_6508834064_6508834065_#1more,0.00023928695508555444,474.0,384,734,1.18,2.83,
cluster_10281958925_10281958926_6508834064_6508834065_#1more,0.00020207817636230875,488.0,384,688,1.97,2.5,
cluster_11944729366_664471711,0.00022995935258198632,426.0,386,583,2.48,1.53,
cluster_11944729366_664471711,0.00020171783818310302,426.5,386,261,2.87,1.57,
10279701147,0.0002408995073892038,436.5,386,587,0.99,3.65,
10279701147,0.0002408995073892038,442.0,386,578,1.82,2.32,
10279701147,0.0002408995073892038,451.0,386,689,2.14,2.53,
cluster_10281965682_663944134,0.00014905921059391362,475.5,394,470,2.86,1.81,
cluster_11158897100_11158897101_11158897102_664471748_#1more,0.0002958586278934419,271.5,398,351,1.21,2.71,
cluster_11158897100_11158897101_11158897102_664471748_#1more,0.0002668010789563163,272.0,398,368,1.98,2.28,
cluster_11158897100_11158897101_11158897102_664471748_#1more,0.0003347439375756766,328.5,398,489,1.09,3.6,
cluster_11158897100_11158897101_11158897102_664471748_#1more,0.0003347439375756766,344.5,398,550,1.86,2.44,
cluster_11158897100_11158897101_11158897102_664471748_#1more,0.00030032921475377954,376.5,398,584,2.61,1.91,
cluster_1177161169_664472775,7.616496424879436e-05,435.0,405,502,1.17,2.95,
cluster_1177161169_664472775,7.616496424879436e-05,445.0,405,560,2.14,2.92,
1177212157,7.413380488171465e-05,394.0,408,581,1.14,3.22,
1177212157,7.413380488171465e-05,397.5,408,622,1.98,1.95,
1190128289,0.00010516193190518837,402.5,408,518,2.88,1.78,
1177212157,5.530295868617516e-05,484.5,408,786,2.11,2.45,
13300645527,1.9878668094671008e-05,487.0,408,324,2.79,1.94,
13300645527,5.8595675304633696e-05,260.0,410,362,1.44,2.78,
13300645527,1.9878668094671008e-05,262.0,410,438,1.34,3.12,
cluster_13908994425_13908994429_13908994430,0.00017723992614833488,328.0,410,524,2.75,1.85,
1177212096,0.0001942068756160347,403.0,410,512,2.52,1.99,
1177212096,9.111468933094909e-05,408.5,410,513,1.05,3.58,
1177212096,9.206596391584896e-05,412.5,410,580,2.75,1.71,
cluster_664446535_8507351665_8507351666,0.00047215445655385073,349.0,414,419,1.23,3.17,
cluster_664446535_8507351665_8507351666,0.00044273375403939777,349.0,414,526,1.86,2.86,
cluster_664446535_8507351665_8507351666,0.0003790954961104456,349.5,414,131,2.66,2.39,
cluster_664446535_8507351665_8507351666,0.00035081198341235467,349.5,414,425,2.96,2.23,
cluster_664446535_8507351665_8507351666,0.000250682119744873,424.0,414,218,1.25,2.86,
cluster_664446535_8507351665_8507351666,0.0002496932686701235,441.5,414,707,1.72,2.98,
cluster_664446535_8507351665_8507351666,0.0001939673182689154,457.5,414,718,2.73,1.87,
1177160765,0.00010384783843082645,416.5,416,421,1.26,2.95,
1177160765,0.00016485541366230763,464.0,416,552,1.28,3.0,
cluster_664446535_8507351665_8507351666,0.00044387102110673835,318.5,419,526,1.0,2.26,
cluster_664446535_8507351665_8507351666,0.0003800844536562871,339.5,419,131,2.25,2.62,
cluster_664446535_8507351665_8507351666,0.00035081198341235467,339.5,419,425,2.61,2.48,
cluster_664446535_8507351665_8507351666,0.00032139134060827566,340.0,419,306,2.87,2.29,
cluster_664446535_8507351665_8507351666,0.00047215445655385073,349.0,419,414,1.23,3.17,
cluster_664446535_8507351665_8507351666,0.0002102346247568616,424.5,419,218,2.02,2.46,
cluster_664446535_8507351665_8507351666,0.0002102346247568616,441.5,419,707,2.27,2.57,
1177160765,0.00010384783843082645,416.5,421,416,1.26,2.95,
1177160765,0.00011237078548472954,426.5,421,623,1.68,2.08,
1177160765,0.00010384783843082645,464.5,421,552,2.34,2.18,
1177160765,0.00016845075240305712,401.5,423,465,0.98,3.26,
1177160765,0.0001969351525039065,402.0,423,278,1.59,2.7,
cluster_10279701142_664471710,0.00014012227353787167,402.5,423,430,2.49,2.02,
cluster_10279701142_664471710,0.00016861234772859137,402.5,423,589,2.11,2.26,
1177160765,0.0001400137767347981,404.5,423,447,1.05,3.21,
1177160765,0.00014074441991490162,411.5,423,623,1.66,2.77,
cluster_663842376_663944135,0.00014541360485160717,450.0,424,608,1.24,2.89,
cluster_663842376_663944135,0.00011680234649300044,450.5,424,733,2.14,2.59,
cluster_11944729366_664471711,8.984270284072392e-05,484.0,430,663,1.34,3.18,
cluster_11944729366_664471711,0.00014198549575734445,491.0,430,495,1.17,3.68,
cluster_11944729366_664471711,0.00014198549575734445,492.5,430,543,2.11,2.78,
cluster_11944729366_664471711,0.00014198549575734445,495.0,430,745,2.48,2.58,
cluster_664446535_8507351665_8507351666,8.775823545034372e-05,282.0,431,306,1.38,1.51,
cluster_664446535_8507351665_8507351666,0.00030428248365650467,291.0,431,310,1.17,3.36,
cluster_664446535_8507351665_8507351666,0.00024148568308240148,292.0,431,453,2.09,2.44,
cluster_664446535_8507351665_8507351666,0.00017176513969821786,292.5,431,249,2.82,1.93,
cluster_664446535_8507351665_8507351666,0.00021122356447012642,292.5,431,292,2.4,2.2,
cluster_664446535_8507351665_8507351666,0.0002597310253174503,329.0,431,425,2.11,2.51,
cluster_664446535_8507351665_8507351666,0.0002577530058487052,334.0,431,131,2.53,2.56,
8021489624,7.706133995729974e-05,437.5,431,446,1.47,1.92,
664446557,8.093548506194578e-05,344.0,434,538,1.31,1.7,
664446557,7.855424031637767e-06,354.0,434,591,,3.11,1.11
cluster_13298740740_664446558,0.0001014864026684421,371.5,434,612,1.27,1.6,
cluster_13298740740_664446558,0.0001410460079126567,388.5,434,497,1.87,3.41,
cluster_13298740740_664446558,0.0001365998304609485,396.0,434,599,2.59,3.14,
1177160566,0.00010973489213462182,424.5,434,613,1.24,3.19,
1177160566,0.00013934843948891533,425.5,434,670,1.83,2.89,
1189036615,0.00011620791904919937,426.0,434,648,2.69,2.39,
1177160864,0.00027353890871698044,375.0,436,520,1.31,3.0,
1177160864,0.0002145190148748984,375.5,436,361,2.35,2.38,
1177160864,0.00018750919262262232,376.0,436,482,2.74,2.17,
1177160864,0.0003316062728931048,404.5,436,628,1.21,2.66,
1177160864,0.0002755238954726382,422.5,436,641,2.0,2.33,
1177160864,0.00027353890871698044,435.0,436,671,2.18,2.77,
1177160864,0.00027353890871698044,448.0,436,710,2.81,2.01,
cluster_13298747751_6469124180,7.459445355126161e-05,405.5,445,477,1.08,3.56,
cluster_1186025344_13298747727_13298747728_13298747738_#3more,0.00025199256935892474,410.0,445,217,2.98,1.87,
cluster_13298747751_6469124180,7.459445355126161e-05,452.0,445,274,1.85,2.13,
8021489624,7.706133995729974e-05,437.5,446,431,1.47,1.92,
1177160765,0.00011237078548472954,404.0,447,623,0.99,2.83,
1177160765,0.0001400137767347981,404.5,447,423,1.05,3.21,
1177160765,0.00016845075240305712,407.5,447,465,1.75,2.79,
1177160765,0.0001969351525039065,408.0,447,278,2.15,2.41,
cluster_10279701142_664471710,0.00016861234772859137,408.0,447,589,2.54,2.09,
cluster_10279701142_664471710,0.00014012227353787167,408.5,447,430,2.83,1.91,
cluster_1177211394_1177211683,0.00023613978875075648,408.0,452,610,1.77,1.93,
cluster_1177211394_1177211683,0.00028014333844321514,408.0,452,652,1.84,0.96,
cluster_1177211394_1177211683,0.00028014333844321514,433.5,452,565,2.41,1.38,
cluster_1177211394_1177211683,0.00026915250700778183,447.5,452,679,2.18,2.29,
1177160566,0.00014406890582961386,430.0,453,599,1.19,2.13,
1177160566,0.00011464307993995584,431.5,453,497,1.82,2.52,
1177160566,8.405272138975898e-05,432.0,453,538,2.2,2.79,
1189036615,7.523470682058746e-05,446.5,453,637,1.21,2.6,
1189036615,7.835294547628895e-05,463.0,453,507,2.99,2.25,
1177160765,0.0001969351525039065,389.5,465,278,1.04,3.61,
cluster_10279701142_664471710,0.00014012227353787167,390.0,465,430,2.14,2.56,
1177160765,0.00016845075240305712,401.5,465,423,0.98,3.26,
1177160765,0.00016845075240305712,407.5,465,447,1.75,2.79,
1177160765,0.00016845075240305712,411.5,465,623,2.12,2.5,
1177211724,0.00021698380719130828,356.5,467,570,1.37,2.63,
664472699,0.00010316916154825107,374.5,467,568,2.86,1.84,
1177211724,0.000186834242210141,411.5,467,366,1.02,3.57,
1177211724,0.00012355145139213394,412.0,467,276,2.07,3.27,
1177211724,0.00021598898262532022,419.0,467,380,2.57,2.34,
1177211724,0.0002149942060938668,423.0,467,347,2.94,2.51,
cluster_13298740740_664446558,8.400686890385633e-05,322.0,468,301,1.01,2.86,
cluster_13298740740_664446558,8.400686890385633e-05,422.0,468,598,2.17,1.27,
cluster_1174832725_13298747729_13298747740,7.641049340383418e-05,438.5,468,484,1.24,2.81,
cluster_13298747733_13298747737_663825864,0.00010739151548358797,480.0,468,801,2.84,1.33,
1177161675,0.00014681956635060925,354.5,469,563,1.32,3.59,
1177160566,0.0001148334326387464,355.0,469,316,2.45,3.35,
1189036615,0.00013974512170513066,355.5,469,458,2.96,2.51,
1177160566,7.895461146919254e-05,366.0,469,442,1.13,3.25,
1177160566,7.895461146919254e-05,377.0,469,384,2.42,2.78,
1177161675,0.00011784339414050671,464.5,469,666,1.91,2.47,
1177161675,0.00017269300519505315,469.0,469,642,1.34,2.86,
1177161675,0.00017173905972515206,497.5,469,742,2.15,2.67,
1177161675,0.0001875934886154041,413.5,472,634,1.35,1.79,
1177161675,0.00018981532033863092,418.0,472,611,2.58,1.27,
cluster_1177161169_664472775,4.7041280098798856e-05,435.5,472,502,2.57,0.97,
1177160471,0.00020085271052024164,448.0,472,577,1.34,2.74,
1177160471,0.00017275908138120262,448.5,472,593,1.81,2.75,
1177160471,0.00011823396154194394,449.0,472,480,2.71,2.35,
1177160471,0.00014595322829676058,449.0,472,525,2.29,2.54,
1177160471,3.579826313257901e-05,458.0,473,480,0.0,0.04,
1177160471,6.710294569059413e-05,460.5,473,537,1.24,3.95,
1177160471,0.00014816670160773199,460.5,473,571,2.18,2.4,
1177160471,0.0001208693952885308,460.5,473,605,1.9,2.76,
1177160471,9.369871915773923e-05,460.5,473,701,1.61,3.25,
cluster_13298747751_6469124180,7.459445355126161e-05,405.5,477,445,1.08,3.56,
cluster_13298747751_6469124180,0.00010492707740113846,417.0,477,274,1.35,2.26,
cluster_1186025344_13298747727_13298747728_13298747738_#3more,0.0003742193801897341,427.0,477,562,2.45,1.9,
1177160471,0.00011462024964076903,404.0,480,537,1.83,3.0,
1177160471,0.00014816670160773199,430.5,480,701,2.86,1.9,
1177160471,0.00011823396154194394,435.5,480,525,1.06,3.77,
1177160471,0.00011823396154194394,441.0,480,593,1.6,3.49,
1177160471,0.00011823396154194394,444.0,480,577,2.17,2.7,
1177160471,0.00011823396154194394,449.0,480,472,2.71,2.35,
1177160471,3.579826313257901e-05,460.5,480,473,0.0,0.04,
1177160864,0.00015262849442763902,296.5,482,360,1.35,1.88,
1177160864,0.00018849837801590395,296.5,482,361,1.01,3.23,
1177160864,9.203503722687659e-05,317.5,482,476,2.49,2.34,
1177160864,0.00018750919262262232,332.5,482,520,2.01,2.75,
1177160864,0.00018750919262262232,376.0,482,436,2.74,2.17,
11843639551,0.00012222153049949846,441.0,483,573,1.69,3.07,
11843639551,0.00011999960491522138,442.5,483,561,2.73,1.94,
cluster_1174832725_13298747729_13298747740,7.641049340383418e-05,438.5,484,468,1.24,2.81,
cluster_1174832725_13298747729_13298747740,7.641049340383418e-05,456.0,484,301,2.48,1.69,
cluster_13298747733_13298747737_663825864,0.00010739151548358797,480.0,484,801,1.3,1.92,
cluster_11158897100_11158897101_11158897102_664471748_#1more,0.0003347439375756766,328.5,489,398,1.09,3.6,
cluster_11158897100_11158897101_11158897102_664471748_#1more,0.0002958586278934419,329.0,489,351,1.82,2.91,
cluster_11158897100_11158897101_11158897102_664471748_#1more,0.0002668010789563163,329.0,489,368,2.14,2.55,
cluster_11158897100_11158897101_11158897102_664471748_#1more,0.00036380628872641316,343.5,489,550,1.36,2.87,
cluster_11158897100_11158897101_11158897102_664471748_#1more,0.00032938905447490703,376.5,489,584,2.29,2.13,
cluster_11158897100_11158897101_11158897102_664471748_#1more,0.00032938905447490703,381.0,489,596,2.92,1.77,
11843639551,0.00017053413502739545,448.5,495,543,1.46,3.71,
1177160864,4.356573905973081e-05,450.0,495,493,2.76,2.5,
1177160864,4.356573905973081e-05,460.0,495,745,2.98,2.56,
cluster_11944729366_664471711,0.00014198549575734445,491.0,495,430,1.17,3.68,
cluster_11944729366_664471711,8.984270284072392e-05,491.0,495,663,2.14,3.25,
cluster_11944729366_664471711,0.00016986538656132662,494.0,495,745,2.0,1.83,
1177160566,8.50369143912342e-05,388.0,497,538,1.08,3.93,
cluster_13298740740_664446558,0.0001410460079126567,388.5,497,434,1.87,3.41,
cluster_13298740740_664446558,0.0001014864026684421,388.5,497,612,2.32,2.99,
cluster_13298740740_664446558,0.00020050585784617698,395.5,497,599,1.42,4.1,
cluster_13298740740_664446558,0.00014420630164515446,399.0,497,637,2.98,1.8,
1177160566,0.00011464307993995584,431.5,497,453,1.82,2.52,
cluster_10281965682_663944134,0.00017913999555934233,378.0,498,519,1.56,2.29,
11843639551,0.00018549951548746055,385.5,498,514,2.56,1.6,
1177161154,3.0388487508796733e-05,413.0,498,671,,3.15,
cluster_10281965682_663944134,0.00014177918924710936,494.0,498,310,2.13,2.1,
cluster_1177161169_664472775,7.616496424879436e-05,435.0,502,405,1.17,2.95,
cluster_1177161169_664472775,4.7041280098798856e-05,435.5,502,472,2.57,0.97,
cluster_1177161169_664472775,0.00011148760149807129,444.5,502,560,1.35,3.29,
1189036615,7.618823166552278e-05,425.0,507,706,1.52,0.76,
1189036615,0.00015189746347968065,461.5,507,675,2.27,2.59,
1177160566,0.0001434690737452324,461.5,507,753,1.45,3.21,
1189036615,0.00011816322114291695,462.5,507,637,2.81,2.48,
1189036615,7.835294547628895e-05,463.0,507,453,2.99,2.25,
1177160566,0.00015464442985004708,480.0,507,598,2.42,2.46,
1177160599,0.00010707825315968634,476.5,511,774,0.99,3.19,
1177160599,0.00013418887863276332,493.0,511,791,1.18,4.17,
410457342,3.396365767341577e-05,491.0,517,764,,2.41,1.55
1190128289,0.00021340258795165743,398.0,518,622,1.2,2.63,
1190128289,0.00017320980224838525,401.0,518,581,2.08,2.34,
1190128289,0.0001442380697516905,402.0,518,354,2.42,2.06,
1190128289,0.00010516193190518837,402.5,518,408,2.88,1.78,
1190128289,0.00025284647492965033,407.0,518,566,1.43,2.81,
1190128289,0.00017007712602040413,451.0,518,717,2.02,2.75,
1190128289,0.00017007712602040413,460.0,518,677,2.42,2.28,
cluster_10281965682_663944134,0.00017913999555934233,378.0,519,498,1.56,2.29,
1177161154,2.822980127323345e-05,412.5,519,671,,3.83,
cluster_10281965682_663944134,0.00014177918924710936,490.5,519,310,1.22,3.68,
cluster_10281965682_663944134,4.9925989344901495e-05,492.5,519,624,,3.1,
1177160864,0.0002145190148748984,332.0,520,361,1.46,3.11,
1177160864,0.00015065714359258943,332.5,520,360,2.52,2.4,
1177160864,0.00018750919262262232,332.5,520,482,2.01,2.75,
1177160864,0.00027353890871698044,375.0,520,436,1.31,3.0,
1177160864,0.00027353890871698044,405.5,520,628,2.28,1.99,
1177160864,0.000215509510093905,423.5,520,641,2.76,1.93,
1177160864,0.0002145190148748984,436.0,520,671,2.72,2.22,
cluster_11158897100_11158897101_11158897102_664471748_#1more,0.0001273039024508076,468.0,521,564,2.54,2.04,
1177160471,0.00011823396154194394,435.5,525,480,1.06,3.77,
1177160471,0.00014595322829676058,441.0,525,593,0.99,3.8,
1177160471,0.00014595322829676058,444.0,525,577,1.78,3.0,
1177160471,0.00014595322829676058,449.0,525,472,2.29,2.54,
cluster_664446535_8507351665_8507351666,0.00044387102110673835,318.5,526,419,1.0,2.26,
cluster_664446535_8507351665_8507351666,0.00032139134060827566,336.0,526,306,2.53,2.21,
cluster_664446535_8507351665_8507351666,0.00035081198341235467,336.0,526,425,2.07,2.38,
cluster_664446535_8507351665_8507351666,0.00044273375403939777,349.0,526,414,1.86,2.86,
cluster_664446535_8507351665_8507351666,0.00018081466635076328,424.5,526,218,2.48,2.29,
cluster_664446535_8507351665_8507351666,0.00018081466635076328,442.0,526,707,2.65,2.34,
1177161154,0.00010896477009468989,471.5,529,720,1.14,3.42,
1177161154,2.822980127323345e-05,472.0,529,561,2.71,0.94,
1189868548,0.0001808412834185714,369.0,530,542,1.38,2.76,
1189868548,0.00010676148125681327,369.5,530,372,2.59,1.88,
1189868548,0.00014333786649503265,369.5,530,532,2.1,2.24,
1189868548,0.0002392408849100038,391.0,530,615,0.96,3.2,
cluster_11944729366_664471711,0.0004038715417008362,449.5,530,283,2.56,0.73,
cluster_11944729366_664471711,0.00040883775024155253,469.0,530,536,2.82,1.62,
1189868548,0.00014333786649503265,333.0,532,372,1.27,2.75,
1189868548,0.00010676148125681327,333.5,532,354,1.95,2.09,
1189868548,0.00014333786649503265,355.5,532,542,1.27,2.48,
1189868548,0.00014333786649503265,369.5,532,530,2.1,2.24,
1189868548,0.00014333786649503265,392.5,532,615,2.58,1.45,
cluster_1177211394_1177211683,0.0003451350147499391,446.0,532,679,2.43,1.74,
cluster_1177211394_1177211683,0.00031215785152586216,450.0,532,565,2.84,1.49,
cluster_11944729366_664471711,0.0002650828149341364,406.5,534,386,1.7,1.52,
cluster_11944729366_664471711,0.00023129028491473727,415.0,534,583,1.93,1.94,
cluster_11944729366_664471711,0.00021945394405731644,422.5,534,261,2.73,1.62,
cluster_11944729366_664471711,0.0002595557680419289,437.0,534,587,2.06,2.6,
cluster_11944729366_664471711,0.0002595557680419289,443.0,534,578,2.69,1.81,
cluster_11944729366_664471711,0.0002595557680419289,451.5,534,689,2.91,2.11,
cluster_11944729366_664471711,0.00015292906094501355,475.5,534,768,1.6,0.59,
cluster_11944729366_664471711,0.00024548770860311414,465.0,536,261,1.26,1.54,
cluster_11944729366_664471711,0.0002435236775769704,465.0,536,583,2.93,2.37,
cluster_11944729366_664471711,0.00031055840282616506,467.5,536,258,1.31,2.56,
cluster_11944729366_664471711,0.0003501645215728529,468.5,536,283,2.1,2.02,
cluster_11944729366_664471711,0.00040883775024155253,469.0,536,530,2.82,1.62,
cluster_11944729366_664471711,0.0003799232753175689,469.0,536,615,2.47,1.8,
cluster_11944729366_664471711,0.0002494174856153534,477.5,536,768,2.21,1.76,
1177160471,0.00011462024964076903,404.0,537,480,1.83,3.0,
1177160471,9.369871915773923e-05,429.0,537,701,1.06,3.5,
1177160471,0.00014816670160773199,430.5,537,571,2.06,2.55,
1177160471,0.0001208693952885308,430.5,537,605,1.78,2.96,
1177160471,0.00017553157041534819,431.0,537,556,2.35,2.24,
cluster_1177160373_664472773,0.00013935206931283632,431.5,537,529,2.97,1.78,
1177160471,6.710294569059413e-05,460.5,537,473,1.24,3.95,
664446557,8.093548506194578e-05,344.5,538,434,1.31,1.7,
664446557,0.00011350461969612826,345.0,538,559,1.97,2.51,
cluster_13298740740_664446558,0.0001014864026684421,372.5,538,612,2.64,1.26,
1177160566,8.50369143912342e-05,388.0,538,497,1.08,3.93,
cluster_13298740740_664446558,0.0001761590193736201,395.5,538,599,1.98,3.73,
1177160566,0.00010973489213462182,426.0,538,613,2.81,2.22,
1177160566,8.405272138975898e-05,432.0,538,453,2.2,2.79,
cluster_1177212073_13300645524_664471560,0.00022864688195436072,350.5,539,547,0.98,2.78,
cluster_1177212073_13300645524_664471560,0.00016729280856979503,351.0,539,483,2.46,2.39,
cluster_1177212073_13300645524_664471560,0.00020265626414162297,351.0,539,558,1.78,2.61,
cluster_1177212073_13300645524_664471560,0.00014280732914767556,351.5,539,521,2.89,1.79,
1177211785,8.001774275953175e-05,353.5,539,540,1.43,1.78,
13300645527,3.8147243780216634e-05,406.0,539,252,2.96,0.71,
1189868548,0.00014333786649503265,355.5,542,532,1.27,2.48,
1189868548,0.0001808412834185714,369.0,542,530,1.38,2.76,
1189868548,0.0001808412834185714,392.0,542,615,2.04,1.84,
cluster_1177211394_1177211683,0.00038811108277989124,447.5,542,372,2.8,1.2,
11843639551,0.00017053413502739545,448.5,543,495,1.46,3.71,
11843639551,0.00015104114269971934,459.0,543,745,1.49,3.72,
cluster_11944729366_664471711,0.00014198549575734445,492.5,543,430,2.11,2.78,
cluster_11944729366_664471711,8.984270284072392e-05,493.0,543,663,2.83,2.06,
cluster_10281958922_663940594,0.00017467354081999979,341.5,547,540,2.4,1.6,
cluster_1177212073_13300645524_664471560,0.00022864688195436072,350.5,547,539,0.98,2.78,
cluster_10279761592_11942000229_11942000233_663943274,0.0001247070304955857,402.0,548,672,1.59,0.99,
cluster_10279761592_11942000229_11942000233_663943274,0.00016327465881029748,426.5,548,592,1.24,3.14,
cluster_10279761592_11942000229_11942000233_663943274,0.00016327465881029748,455.5,548,676,2.06,2.61,
cluster_10279761592_11942000229_11942000233_663943274,0.00016327465881029748,460.0,548,738,2.85,1.86,
1177160399,6.938305102765993e-05,471.5,548,778,2.57,2.01,
cluster_11158897100_11158897101_11158897102_664471748_#1more,0.00036380628872641316,343.5,550,489,1.36,2.87,
cluster_11158897100_11158897101_11158897102_664471748_#1more,0.0003347439375756766,344.5,550,398,1.86,2.44,
cluster_11158897100_11158897101_11158897102_664471748_#1more,0.0002958586278934419,345.0,550,351,2.44,2.04,
cluster_11158897100_11158897101_11158897102_664471748_#1more,0.0002668010789563163,345.5,550,368,2.75,1.85,
cluster_11158897100_11158897101_11158897102_664471748_#1more,0.0003915200096211158,374.0,550,584,1.24,2.98,
cluster_11158897100_11158897101_11158897102_664471748_#1more,0.0003915200096211158,378.5,550,596,2.07,2.26,
cluster_11158897100_11158897101_11158897102_664471748_#1more,0.0003915200096211158,388.5,550,639,2.7,1.6,
1177160765,0.00016485541366230763,464.0,552,416,1.28,3.0,
1177160765,0.00010384783843082645,464.5,552,421,2.34,2.18,
1177160864,0.0004227224425966661,461.0,553,710,1.04,3.36,
1177160864,0.000364624571076155,462.5,553,671,2.06,2.22,
1177160864,0.00031051514775020945,463.0,553,628,2.73,1.83,
1177160864,0.0003375683151702719,463.0,553,641,2.39,2.0,
1177161154,0.00043010788455059954,476.5,553,720,2.42,1.76,
1177161154,0.00043010788455059954,478.0,553,797,1.06,3.45,
11843639551,9.876423519852078e-05,453.0,555,743,2.14,2.15,
1177160471,0.00017371462774458545,386.0,556,571,1.08,2.13,
cluster_1177160373_664472773,0.00013935206931283632,410.5,556,529,1.34,2.72,
cluster_1177160373_664472773,0.00011805747290998148,413.5,556,501,1.91,2.64,
1177160471,0.00017553157041534819,422.0,556,605,1.71,2.63,
1177160471,0.00017553157041534819,423.5,556,701,2.51,2.1,
1177160471,0.00017553157041534819,431.0,556,537,2.35,2.24,
cluster_1177161169_664472775,0.00011148760149807129,444.5,560,502,1.35,3.29,
cluster_1177161169_664472775,7.616496424879436e-05,445.0,560,405,2.14,2.92,
1177211785,0.00012995379458016366,347.5,561,573,1.03,2.37,
cluster_1177212073_13300645524_664471560,6.438333226817754e-05,384.5,561,479,8.84,0.56,1.57
cluster_1177212073_13300645524_664471560,6.438333226817754e-05,386.0,561,551,2.58,0.65,
1177211785,0.00010588205764476732,391.5,561,614,1.76,2.53,
cluster_1177212073_13300645524_664471560,0.00012740021292849868,393.0,561,656,2.41,2.42,
11843639551,0.00014984963421439757,440.5,561,673,2.08,2.09,
11843639551,0.00011999960491522138,442.5,561,483,2.73,1.94,
1177161154,2.822980127323345e-05,472.0,561,529,2.71,0.94,5.47
cluster_13298747747_13298747748_13298747749_13298747755_#2more,0.000276215243460184,409.0,562,682,1.31,2.69,
cluster_1186025344_13298747727_13298747728_13298747738_#3more,0.0004410484462793722,426.0,562,274,1.18,2.68,
cluster_1186025344_13298747727_13298747728_13298747738_#3more,0.0004020572108404174,426.5,562,217,2.09,2.17,
cluster_1186025344_13298747727_13298747728_13298747738_#3more,0.0003742193801897341,427.0,562,477,2.45,1.9,
cluster_1186025344_13298747727_13298747728_13298747738_#3more,0.00034563419028261285,427.0,562,527,2.81,1.71,
1177161675,0.00014681956635060925,354.5,563,469,1.32,3.59,
1177161675,0.00011784339414050671,446.0,563,666,1.04,2.74,
1177161631,5.984360885013393e-05,453.0,563,708,2.68,1.9,
1177161675,0.00014461854628374491,492.0,563,642,1.85,2.76,
1177161675,0.00014461854628374491,497.5,563,742,2.46,2.44,
cluster_1177211394_1177211683,0.00033813948655892227,412.0,565,679,1.13,3.43,
cluster_1177211394_1177211683,0.00032814620573241106,433.5,565,652,1.38,1.5,
cluster_1177211394_1177211683,0.00028014333844321514,434.0,565,452,2.41,1.38,
cluster_11944729366_664471711,7.455653149615902e-05,437.0,565,664,,1.33,1.79
cluster_1177211394_1177211683,0.0002311445647425126,437.5,565,610,2.91,1.42,
cluster_1177211394_1177211683,0.0003331427957329692,446.5,565,372,2.41,1.89,
cluster_1177211394_1177211683,0.00031215785152586216,450.0,565,532,2.84,1.49,
1190128289,0.00025284647492965033,407.0,566,518,1.43,2.81,
1190128289,0.00017320980224838525,408.0,566,581,2.55,1.88,
1190128289,0.00021242227859222495,408.0,566,622,2.12,2.25,
1190128289,0.0001442380697516905,409.5,566,354,2.86,1.67,
1190128289,0.00023322209471630638,451.0,566,717,1.03,3.67,
1190128289,0.00023322209471630638,460.0,566,677,1.66,3.01,
1177211724,0.00021698380719130828,356.5,570,467,1.37,2.63,
664472699,7.466121428387791e-05,357.0,570,443,2.54,2.56,
664472699,1.6696979602561704e-05,357.0,570,451,2.89,1.95,
cluster_1177211394_1177211683,0.00022931845075223594,371.0,570,380,1.46,2.83,
664472699,2.10194204891286e-05,373.0,570,568,2.05,2.56,
1177211724,0.000185839452486543,416.0,570,366,1.88,2.83,
1177211724,0.00012355145139213394,416.5,570,276,2.81,2.43,
cluster_1177211394_1177211683,0.00023041852310338274,422.5,570,347,2.33,2.8,
1177160471,0.00017371462774458545,386.5,571,556,1.08,2.13,
cluster_1177160373_664472773,0.00013935206931283632,416.0,571,529,2.27,2.26,
cluster_1177160373_664472773,0.00011805747290998148,416.5,571,501,2.61,2.14,
1177160471,0.00014816670160773199,421.5,571,605,1.09,3.0,
1177160471,0.00014816670160773199,423.0,571,701,2.05,2.27,
1177160471,0.00014816670160773199,430.5,571,537,2.06,2.55,
1177160471,0.00014816670160773199,460.5,571,473,2.18,2.4,
1177211785,0.00012995379458016366,347.5,573,561,1.03,2.37,
1177211785,0.00012292673024925512,393.0,573,656,2.85,2.18,
1177211785,7.609284225216298e-05,395.0,573,614,2.16,2.55,
11843639551,0.0001511445264603319,436.0,573,673,1.03,3.44,
11843639551,0.00012222153049949846,441.0,573,483,1.69,3.07,
11843639551,9.433970257728223e-05,441.0,573,521,2.16,2.71,
cluster_663842376_663944135,0.00010378424554551431,437.5,574,624,1.33,1.34,
cluster_663842376_663944135,0.00010248051927737787,450.5,574,629,1.83,2.93,
cluster_10281965682_663944134,4.412998298438871e-05,488.5,574,310,2.31,2.26,
cluster_11502623497_1177160337,7.644294325595163e-05,394.5,576,598,1.48,1.65,
cluster_11502623497_1177160337,0.0001354889923431574,400.0,576,667,2.13,2.15,
cluster_13298740740_664446558,0.00011225703732488439,411.5,576,301,2.97,0.68,
1177160566,9.129638591694714e-05,480.5,576,706,2.77,2.15,
1177160566,0.00010328414797357625,489.5,576,735,1.51,3.9,
1177160471,0.00017371649328311358,400.0,577,593,1.06,2.6,
1177160471,0.00011823396154194394,444.0,577,480,2.17,2.7,
1177160471,0.00014595322829676058,444.0,577,525,1.78,3.0,
1177160471,0.00020085271052024164,448.0,577,472,1.34,2.74,
1177160471,0.00020055117897459018,451.0,577,634,2.16,2.32,
10279701147,0.00022135845549830786,439.5,578,587,1.3,2.68,
10279701147,0.0002408995073892038,442.0,578,386,1.82,2.32,
cluster_11944729366_664471711,0.0002595557680419289,443.0,578,534,2.69,1.81,
10279701147,0.00019799929596692967,450.5,578,689,1.12,3.33,
1174832699,0.00029806086848175304,492.5,579,822,1.32,2.94,
1190128289,0.00017419263963247116,378.0,581,622,1.26,2.01,
1190128289,0.0001442380697516905,392.0,581,354,1.01,3.44,
1177212157,7.413380488171465e-05,394.0,581,408,1.14,3.22,
1190128289,0.00017320980224838525,401.0,581,518,2.08,2.34,
1190128289,0.00017320980224838525,408.0,581,566,2.55,1.88,
1190128289,9.177126243346661e-05,453.0,581,717,2.86,2.09,
1177212157,5.530295868617516e-05,488.0,581,786,2.9,1.96,
cluster_11944729366_664471711,0.00023129028491473727,415.0,583,534,1.93,1.94,
10279701147,0.0002603231454754558,417.0,583,261,1.41,3.24,
cluster_11944729366_664471711,0.00023749971517558177,417.5,583,258,2.65,1.94,
cluster_11944729366_664471711,0.00026830087248539563,417.5,583,535,2.08,2.42,
cluster_11944729366_664471711,0.00022995935258198632,426.0,583,386,2.48,1.53,
cluster_11944729366_664471711,0.00022555476579920708,437.5,583,587,2.46,2.2,
cluster_11944729366_664471711,0.0002435236775769704,465.0,583,536,2.93,2.37,
cluster_11944729366_664471711,0.00019174799345263088,475.5,583,768,1.26,2.67,
cluster_11158897100_11158897101_11158897102_664471748_#1more,0.0004317634812431566,361.5,584,596,1.37,2.41,
cluster_11158897100_11158897101_11158897102_664471748_#1more,0.0003915200096211158,374.5,584,550,1.24,2.98,
cluster_11158897100_11158897101_11158897102_664471748_#1more,0.00030032921475377954,376.5,584,398,2.61,1.91,
cluster_11158897100_11158897101_11158897102_664471748_#1more,0.00032938905447490703,376.5,584,489,2.29,2.13,
cluster_11158897100_11158897101_11158897102_664471748_#1more,0.0004304150252703245,388.5,584,639,2.09,1.91,
10281958927,4.6121911289361525e-05,480.5,586,442,1.8,2.5,
10279701147,0.0002408995073892038,436.5,587,386,0.99,3.65,
cluster_11944729366_664471711,0.0002595557680419289,437.0,587,534,2.06,2.6,
cluster_11944729366_664471711,0.00022555476579920708,437.5,587,583,2.46,2.2,
cluster_11944729366_664471711,0.00020042503382863445,438.0,587,261,2.74,1.98,
10279701147,0.00022135845549830786,439.5,587,578,1.3,2.68,
10279701147,0.00022135845549830786,450.5,587,689,1.71,2.79,
664472751,1.8110795720835693e-05,498.0,588,830,1.95,2.28,
cluster_10279761592_11942000229_11942000233_663943274,0.00016327465881029748,426.5,592,548,1.24,3.14,
cluster_10279761592_11942000229_11942000233_663943274,0.0001247070304955857,427.0,592,672,2.04,2.67,
cluster_10279761592_11942000229_11942000233_663943274,0.00020288659709792733,455.0,592,676,1.39,3.03,
cluster_10279761592_11942000229_11942000233_663943274,0.00020288659709792733,459.5,592,738,2.47,2.16,
1177160471,0.00017371649328311358,383.0,593,577,1.06,2.6,
1177160471,0.00011823396154194394,441.0,593,480,1.6,3.49,
1177160471,0.00014595322829676058,441.0,593,525,0.99,3.8,
1177160471,0.00017275908138120262,448.5,593,472,1.81,2.75,
1177160471,0.00017275908138120262,451.5,593,634,2.62,2.13,
cluster_1177212073_13300645524_664471560,0.00016310993900290238,406.5,595,653,0.99,3.26,
cluster_1177212073_13300645524_664471560,8.294189290922871e-05,408.0,595,229,,0.07,1.67
1177211785,7.511934893193808e-05,408.0,595,658,1.39,2.07,
1177211785,9.283416740403052e-05,424.5,595,678,2.88,0.93,
cluster_11158897100_11158897101_11158897102_664471748_#1more,0.0004317634812431566,361.5,596,584,1.37,2.41,
cluster_11158897100_11158897101_11158897102_664471748_#1more,0.0003915200096211158,379.0,596,550,2.07,2.26,
cluster_11158897100_11158897101_11158897102_664471748_#1more,0.00032938905447490703,381.0,596,489,2.92,1.77,
1190128320,0.0004030783612978684,388.5,596,639,1.06,2.99,
cluster_11502623497_1177160337,7.644294325595163e-05,394.5,598,576,1.48,1.65,
cluster_11502623497_1177160337,7.644294325595163e-05,400.5,598,667,2.99,1.79,
cluster_13298740740_664446558,0.00011540232535285867,406.5,598,301,1.53,0.95,
cluster_13298740740_664446558,8.400686890385633e-05,422.0,598,468,2.17,1.27,
1177160566,9.129638591694714e-05,479.0,598,706,1.3,3.0,
1177160566,0.00015464442985004708,480.0,598,507,2.42,2.46,
1189036615,0.00013464680480889833,480.5,598,753,2.74,2.27,
1177160566,5.2463614191183666e-05,490.0,598,735,2.9,2.48,
cluster_13298740740_664446558,0.00020050585784617698,395.5,599,497,1.42,4.1,
cluster_13298740740_664446558,0.0001761590193736201,395.5,599,538,1.98,3.73,
cluster_13298740740_664446558,0.0001365998304609485,396.0,599,434,2.59,3.14,
1177160566,0.00014406890582961386,430.0,599,453,1.19,2.13,
1189036615,0.00010289333658735135,446.5,599,637,2.23,2.24,
cluster_11158897100_11158897101_11158897102_664471748_#1more,0.0002745497812317496,464.5,601,626,0.99,4.17,
1177160471,0.00014816670160773199,421.5,605,571,1.09,3.0,
1177160471,0.00017553157041534819,422.0,605,556,1.71,2.63,
cluster_1177160373_664472773,0.00011805747290998148,422.5,605,501,2.9,1.89,
cluster_1177160373_664472773,0.00013935206931283632,422.5,605,529,2.6,2.05,
1177160471,0.00011952475263944948,422.5,605,701,1.18,0.85,
1177160471,0.0001208693952885308,430.5,605,537,1.78,2.96,
1177160471,0.0001208693952885308,460.5,605,473,1.9,2.76,
cluster_663842376_663944135,0.00014541360485160717,450.0,608,424,1.24,2.89,
cluster_11944729366_664471711,0.00012914710577009017,198.5,61,206,1.49,2.71,
cluster_11944729366_664471711,0.00012914710577009017,204.0,61,102,2.43,2.02,
cluster_1177211304_1177211692,0.00039730546441482445,241.5,61,234,1.66,1.85,
cluster_1177211304_1177211692,0.00034006767550844545,262.0,61,111,2.99,2.64,
cluster_1177211304_1177211692,0.0003652268138467998,262.0,61,147,2.45,2.95,
cluster_1177211304_1177211692,0.00039829383074009746,267.5,61,102,2.95,1.59,
cluster_11944729366_664471711,9.400851851383858e-05,402.0,610,638,1.58,1.16,
cluster_1177211394_1177211683,0.00023613978875075648,407.5,610,452,1.77,1.93,
cluster_1177211394_1177211683,0.00023314262978372762,429.0,610,652,2.99,1.03,
cluster_1177211394_1177211683,0.0001270707879174558,435.0,610,321,2.66,1.74,
cluster_1177211394_1177211683,0.0002311445647425126,437.5,610,565,2.91,1.42,
cluster_1177211394_1177211683,0.00022614955182089362,448.0,610,679,2.8,1.92,
1177161675,0.00015167118089878204,380.0,611,634,1.58,0.79,
1177161675,0.00018981532033863092,418.0,611,472,2.58,1.27,
1177161675,0.00012048290426429321,423.0,611,669,1.85,0.85,
1177161675,0.00012456135142534437,455.5,611,681,2.42,1.9,
1177161675,0.00012586754363933355,465.5,611,703,2.87,2.23,
1177160566,2.5113705713907573e-06,405.0,613,670,1.83,2.16,
1177160566,7.60007762108415e-05,406.0,613,648,2.67,2.51,
1177160566,0.00010973489213462182,424.5,613,434,1.24,3.19,
1177160566,0.00010973489213462182,426.0,613,538,2.81,2.22,
1189868548,0.0002392408849100038,391.0,615,530,0.96,3.2,
1189868548,0.0001808412834185714,392.0,615,542,2.04,1.84,
1189868548,0.00014333786649503265,392.5,615,532,2.58,1.45,
cluster_11944729366_664471711,0.0003699993614517114,452.0,615,258,2.97,0.63,
cluster_11944729366_664471711,0.00036801507299045403,452.0,615,283,1.58,0.74,
cluster_11944729366_664471711,0.0003799232753175689,469.0,615,536,2.47,1.8,
cluster_1177161169_664472775,9.871033303102175e-05,469.0,620,666,2.07,3.27,
1190128289,0.00017419263963247116,378.0,622,581,1.26,2.01,
1190128289,0.00021340258795165743,396.5,622,518,1.2,2.63,
1190128289,0.0001442380697516905,397.0,622,354,1.96,2.14,
1177212157,7.413380488171465e-05,397.5,622,408,1.98,1.95,
1190128289,0.00021242227859222495,408.0,622,566,2.12,2.25,
1190128289,0.0001309222668149307,452.5,622,717,2.51,2.38,
1190128289,0.0001309222668149307,461.5,622,677,2.79,1.98,
1177160765,0.00011237078548472954,404.0,623,447,0.99,2.83,
1177160765,0.00014074441991490162,411.5,623,423,1.66,2.77,
1177160765,0.00016845075240305712,411.5,623,465,2.12,2.5,
1177160765,0.0001969351525039065,412.0,623,278,2.44,2.27,
cluster_10279701142_664471710,0.00016861234772859137,412.0,623,589,2.87,2.02,
1177160765,0.00011237078548472954,426.5,623,421,1.68,2.08,
cluster_663842376_663944135,0.0001289608461299041,441.0,624,629,1.03,3.46,
cluster_663842376_663944135,0.0001289608461299041,454.0,624,204,1.96,2.39,
cluster_10281965682_663944134,4.9925989344901495e-05,492.5,624,519,,3.1,
cluster_11158897100_11158897101_11158897102_664471748_#1more,0.0002745497812317496,464.5,626,601,0.99,4.17,
1177160864,0.0003316062728931048,404.5,628,436,1.21,2.66,
1177160864,0.00027353890871698044,405.5,628,520,2.28,1.99,
1177160864,0.0003115085844411808,421.5,628,641,1.05,2.69,
1177160864,0.00031051514775020945,435.0,628,671,1.64,3.28,
1177160864,0.00031051514775020945,447.5,628,710,2.35,2.27,
1177160864,0.00031051514775020945,463.0,628,553,2.73,1.83,
cluster_663842376_663944135,0.0001289608461299041,441.0,629,624,1.03,3.46,
cluster_663842376_663944135,0.0001519443834068369,445.5,629,204,1.28,2.32,
cluster_663842376_663944135,0.00010248051927737787,450.5,629,574,1.83,2.93,
cluster_663842376_663944135,0.0001372779317539556,463.0,629,630,2.68,1.99,
cluster_663842376_663944135,0.0001372779317539556,463.0,630,629,2.68,1.99,
cluster_663842376_663944135,0.00018936047508555192,465.0,630,727,2.74,1.63,
cluster_10281965682_663944134,8.360215973439706e-05,494.5,630,644,1.39,2.64,
cluster_1177212073_13300645524_664471560,0.0001357732615361586,392.0,632,653,1.13,1.96,
1177211785,0.00013187402814394478,402.0,632,658,2.38,1.27,
cluster_1177212073_13300645524_664471560,0.0001357732615361586,406.5,632,595,1.54,2.54,
cluster_1177211838_13300645525_13300645528,0.00012085115667281563,413.0,632,668,1.26,2.75,
cluster_1177211838_13300645525_13300645528,8.459605890151932e-05,426.5,632,657,2.08,2.21,
1177211769,6.238859368456757e-05,462.0,632,772,1.58,3.56,
1177161675,0.00015167118089878204,380.0,634,611,1.58,0.79,
1177161675,0.0001875934886154041,414.0,634,472,1.35,1.79,
1177161675,0.00015260267922892015,428.0,634,669,2.76,1.08,
1177160471,0.00020055117897459018,451.0,634,577,2.16,2.32,
1177160471,0.00017275908138120262,451.5,634,593,2.62,2.13,
1177161675,0.00015167118089878204,457.5,634,681,2.74,2.2,
663825934,1.418212015440947e-05,463.5,636,655,1.62,1.57,2.78
cluster_13298740740_664446558,9.516579088573399e-05,406.0,637,675,1.02,3.95,
1189036615,7.523470682058746e-05,446.5,637,453,1.21,2.6,
1189036615,0.00010289333658735135,446.5,637,599,2.23,2.24,
1189036615,0.00011816322114291695,462.5,637,507,2.81,2.48,
cluster_11944729366_664471711,9.400851851383858e-05,402.0,638,610,1.58,1.16,
cluster_1177211394_1177211683,0.0001270707879174558,433.5,638,321,1.18,2.85,
1190128320,0.0004030783612978684,388.5,639,596,1.06,2.99,
cluster_11158897100_11158897101_11158897102_664471748_#1more,0.0003915200096211158,389.0,639,550,2.7,1.6,
cluster_11158897100_11158897101_11158897102_664471748_#1more,0.0004304150252703245,389.0,639,584,2.09,1.91,
1177160864,0.0003115085844411808,421.5,641,628,1.05,2.69,
1177160864,0.0002755238954726382,422.5,641,436,2.0,2.33,
1177160864,0.000215509510093905,423.5,641,520,2.76,1.93,
1177160864,0.0003375683151702719,434.5,641,671,1.04,3.79,
1177160864,0.0003375683151702719,447.5,641,710,1.94,2.52,
1177160864,0.0003375683151702719,463.0,641,553,2.39,2.0,
1177160864,0.0003375683151702719,479.0,641,797,2.69,1.66,
1177161675,0.00017269300519505315,469.0,642,469,1.34,2.86,
1177161675,0.00020998807933548386,487.0,642,742,1.75,2.83,
1177161675,0.00014461854628374491,492.0,642,563,1.85,2.76,
1177161675,0.00011784339414050671,492.5,642,666,2.22,2.55,
cluster_10281965682_663944134,8.360215973439706e-05,494.0,644,630,1.39,2.64,
cluster_11942000227_11942000230_6173706992,0.0001270211668150143,493.0,645,739,2.11,3.56,2.53
cluster_10279701142_664471710,0.00018116116567117475,440.5,647,713,0.97,3.16,
cluster_10279701142_664471710,0.00015370057964274642,444.0,647,723,1.13,2.91,
cluster_10279701142_664471710,0.00012459178333715142,454.0,647,674,1.69,2.66,
cluster_10279701142_664471710,0.00011878217369633444,479.5,647,750,1.98,2.4,
cluster_10279701142_664471710,0.00011878217369633444,487.5,647,767,2.56,2.3,
1177160566,3.2070984012680986e-05,394.0,648,329,1.85,3.09,
1177160566,6.775944887182454e-05,394.5,648,352,2.72,1.86,
1177160566,5.854045333673059e-05,402.0,648,670,1.84,2.21,
1177160566,7.60007762108415e-05,406.0,648,613,2.67,2.51,
1189036615,0.00011620791904919937,426.0,648,434,2.69,2.39,
cluster_13298740740_664446558,6.530116535994055e-05,485.0,649,725,2.22,2.83,
cluster_13298747747_13298747748_13298747749_13298747755_#2more,0.00015124732786775941,472.5,650,777,1.07,3.67,
cluster_1177211394_1177211683,0.00028014333844321514,408.0,652,452,1.84,0.96,
cluster_1177211394_1177211683,0.00023314262978372762,429.5,652,610,2.99,1.03,
cluster_1177211394_1177211683,0.00032814620573241106,433.5,652,565,1.38,1.5,
cluster_1177211394_1177211683,0.0003101593916929327,442.5,652,679,1.75,2.85,
cluster_1177211394_1177211683,0.0003071617395570027,446.5,652,372,2.96,1.65,
cluster_1177212073_13300645524_664471560,0.0001357732615361586,392.0,653,632,1.13,1.96,
1177211785,0.00010474585118554119,399.0,653,658,1.9,1.58,
cluster_1177212073_13300645524_664471560,0.00016310993900290238,406.5,653,595,0.99,3.26,
cluster_1177211838_13300645525_13300645528,8.459605890151932e-05,429.5,653,657,2.89,1.43,
cluster_1177211838_13300645525_13300645528,0.00012085115667281563,429.5,653,668,2.35,1.69,
1177211769,6.238859368456757e-05,462.0,653,772,1.38,2.76,
cluster_11502623494_11502623496_1186025300_13298747739,0.00013574012391459194,401.5,654,667,0.93,1.63,
cluster_11502623494_11502623496_1186025300_13298747739,0.00013574012391459194,418.0,654,131,1.92,1.45,
cluster_1177160373_664472773,6.0074089240959485e-05,493.5,655,674,1.85,1.27,1.15
1177211785,0.00010474585118554119,394.0,658,653,1.9,1.58,
1177211785,0.00013187402814394478,395.0,658,632,2.38,1.27,
1177211785,7.511934893193808e-05,408.0,658,595,1.39,2.07,
1177211785,4.817274844414708e-05,424.5,658,678,1.65,1.88,
cluster_10279761592_11942000229_11942000233_663943274,0.00010443442752615518,481.5,661,685,1.93,2.72,
cluster_11944729366_664471711,0.00011323701371358075,477.5,663,768,2.89,2.03,
cluster_11944729366_664471711,8.984270284072392e-05,484.0,663,430,1.34,3.18,
cluster_11944729366_664471711,8.984270284072392e-05,488.5,663,723,2.46,3.12,
cluster_11944729366_664471711,8.984270284072392e-05,491.0,663,495,2.14,3.25,
cluster_11944729366_664471711,8.984270284072392e-05,493.0,663,543,2.83,2.06,
cluster_11158897100_11158897101_11158897102_664471748_#1more,0.0001273039024508076,466.5,664,564,1.51,3.09,
1177161675,0.00011784339414050671,446.0,666,563,1.04,2.74,
1177161675,0.00011784339414050671,464.5,666,469,1.91,2.47,
cluster_1177161169_664472775,9.871033303102175e-05,469.0,666,620,2.07,3.27,
1177161675,9.071505716828501e-05,484.0,666,703,2.85,2.27,
1177161675,0.00011784339414050671,492.5,666,642,2.22,2.55,
1177161675,0.00011784339414050671,498.0,666,742,2.77,2.24,
cluster_11502623494_11502623496_1186025300_13298747739,0.00013574012391459194,400.0,667,654,0.93,1.75,
cluster_11502623497_1177160337,7.644294325595163e-05,400.5,667,598,2.99,1.79,
cluster_664446535_8507351665_8507351666,0.00013066919702866794,423.0,667,131,0.97,2.01,
cluster_1177211838_13300645525_13300645528,0.00012085115667281563,413.0,668,632,1.26,2.75,
cluster_1177211838_13300645525_13300645528,0.00012085115667281563,429.5,668,653,2.35,1.69,
cluster_10279701142_664471710,0.00014211379124957758,493.5,668,750,2.22,1.67,
1177161675,0.00012048290426429321,423.0,669,611,1.85,0.85,
1177161675,0.00015260267922892015,429.0,669,634,2.76,1.08,
1177161675,9.47661418857582e-05,433.5,669,681,1.46,1.67,
1177161675,9.882318400905367e-05,465.5,669,703,2.64,2.42,
1177160566,7.893584403645568e-05,402.0,670,329,2.87,1.86,
1177160566,5.854045333673059e-05,402.0,670,648,1.84,2.21,
1177160566,2.5113705713907573e-06,405.0,670,613,1.83,2.16,
1177160566,0.00013934843948891533,425.5,670,434,1.83,2.89,
1177160864,0.0003375683151702719,434.5,671,641,1.04,3.79,
1177160864,0.00027353890871698044,435.0,671,436,2.18,2.77,
1177160864,0.00031051514775020945,435.0,671,628,1.64,3.28,
1177160864,0.0002145190148748984,436.0,671,520,2.72,2.22,
1177160864,0.000364624571076155,447.0,671,710,1.31,2.83,
1177160864,0.000364624571076155,462.5,671,553,2.06,2.22,
1177160864,0.000364624571076155,478.0,671,797,2.36,1.89,
cluster_10279761592_11942000229_11942000233_663943274,0.0001247070304955857,402.0,672,548,1.59,0.99,
cluster_10279761592_11942000229_11942000233_663943274,0.0001247070304955857,427.0,672,592,2.04,2.67,
cluster_10279761592_11942000229_11942000233_663943274,0.0001247070304955857,456.0,672,676,2.6,2.29,
1177160399,6.938305102765993e-05,470.0,672,778,2.01,2.6,
cluster_1177160373_664472773,6.0074089240959485e-05,493.5,674,655,1.85,1.27,1.15
cluster_13298740740_664446558,9.516579088573399e-05,406.0,675,637,1.02,3.95,
1189036615,2.1873260287933157e-05,460.0,675,753,2.48,0.25,
1189036615,0.00015189746347968065,461.5,675,507,2.27,2.59,
cluster_10279761592_11942000229_11942000233_663943274,0.00026270130938518886,446.5,676,738,1.42,3.19,
cluster_10279761592_11942000229_11942000233_663943274,0.00020288659709792733,455.0,676,592,1.39,3.03,
cluster_10279761592_11942000229_11942000233_663943274,0.00016327465881029748,455.5,676,548,2.06,2.61,
cluster_10279761592_11942000229_11942000233_663943274,0.0001247070304955857,456.0,676,672,2.6,2.29,
1190128289,0.00026206578143900673,459.5,677,717,0.98,3.53,
1190128289,0.00017007712602040413,460.0,677,518,2.42,2.28,
1190128289,0.00023322209471630638,460.0,677,566,1.66,3.01,
1190128289,0.0001309222668149307,461.5,677,622,2.79,1.98,
1177211785,9.283416740403052e-05,424.5,678,595,2.88,0.93,
1177211785,4.817274844414708e-05,424.5,678,658,1.65,1.88,
cluster_1177212073_13300645524_664471560,0.00014788173569928956,438.0,678,729,1.7,2.22,
cluster_1177211394_1177211683,0.00033813948655892227,412.0,679,565,1.13,3.43,
cluster_1177211394_1177211683,0.00037811616275049023,434.5,679,372,1.88,1.3,
cluster_1177211394_1177211683,0.0003451350147499391,434.5,679,532,2.43,1.74,
cluster_11944729366_664471711,7.455653149615902e-05,437.0,679,664,2.52,1.41,4.36
cluster_11944729366_664471711,8.984270284072392e-05,441.5,679,586,2.6,2.73,
cluster_1177211394_1177211683,0.0003101593916929327,442.5,679,652,1.75,2.85,
cluster_1177211394_1177211683,0.00026915250700778183,447.5,679,452,2.18,2.29,
cluster_1177211394_1177211683,0.00022614955182089362,448.0,679,610,2.8,1.92,
10279701147,7.774587135419852e-05,490.5,680,732,1.51,2.73,
1177161675,9.47661418857582e-05,433.5,681,669,1.46,1.67,
1177161675,0.00012456135142534437,456.0,681,611,2.42,1.9,
1177161675,0.00015167118089878204,457.5,681,634,2.74,2.2,
1177161675,0.00010735222157409796,465.0,681,703,1.63,2.63,
cluster_13298747747_13298747748_13298747749_13298747755_#2more,0.000276215243460184,409.0,682,562,1.31,2.69,
cluster_1186025344_13298747727_13298747728_13298747738_#3more,0.0004410484462793722,428.0,682,274,2.35,1.77,
cluster_13300645520_13300645530_663844204,0.00010705178414465581,455.0,683,724,1.2,2.96,
cluster_10279761592_11942000229_11942000233_663943274,0.00010443442752615518,481.5,685,661,1.93,2.72,
1177160599,1.2732890240414851e-05,492.5,686,800,2.29,1.56,
1177211769,0.00013200815766876663,438.5,687,730,1.11,1.45,
cluster_10281958925_10281958926_6508834064_6508834065_#1more,0.00020207817636230875,462.0,688,734,1.27,2.46,
cluster_10281958925_10281958926_6508834064_6508834065_#1more,0.00019312342210164247,479.0,688,363,2.23,2.72,
cluster_10281958925_10281958926_6508834064_6508834065_#1more,0.00020207817636230875,488.0,688,384,1.97,2.5,
10279701147,0.00019799929596692967,450.5,689,578,1.12,3.33,
10279701147,0.00022135845549830786,450.5,689,587,1.71,2.79,
10279701147,0.0002408995073892038,451.0,689,386,2.14,2.53,
cluster_11944729366_664471711,0.0002595557680419289,451.5,689,534,2.91,2.11,
1177212157,2.615926159958488e-05,462.0,690,260,1.21,2.98,
13300645527,6.346572709315531e-05,463.0,699,141,0.99,3.17,
13300645527,6.346572709315531e-05,463.0,699,324,2.27,1.14,
13300645527,6.346572709315531e-05,475.5,699,786,2.55,2.66,
cluster_1186025344_13298747727_13298747728_13298747738_#3more,0.00026894921359870767,466.5,700,722,1.21,2.62,
cluster_1186025344_13298747727_13298747728_13298747738_#3more,0.00026894921359870767,497.5,700,747,2.56,1.92,
1177160471,0.00011952475263944948,422.5,701,605,1.18,0.85,
1177160471,0.00014816670160773199,423.0,701,571,2.05,2.27,
1177160471,0.00017553157041534819,423.5,701,556,2.51,2.1,
1177160471,9.369871915773923e-05,430.0,701,537,1.06,3.5,
1177160471,0.00014816670160773199,431.5,701,480,2.86,1.9,
1177160471,9.369871915773923e-05,460.5,701,473,1.61,3.25,
1177161675,0.00010735222157409796,465.0,703,681,1.63,2.63,
1177161675,0.00012586754363933355,465.5,703,611,2.87,2.23,
1177161675,9.882318400905367e-05,465.5,703,669,2.64,2.42,
1177161675,9.071505716828501e-05,484.0,703,666,2.85,2.27,
1189036615,7.618823166552278e-05,425.0,706,507,1.52,0.76,
1177160566,0.00013327202904303347,463.0,706,753,2.88,1.71,
1177160566,9.129638591694714e-05,479.5,706,598,1.3,3.0,
1177160566,9.129638591694714e-05,481.0,706,576,2.77,2.15,
cluster_664446535_8507351665_8507351666,0.00029014075227725783,441.0,707,218,1.13,3.55,
cluster_664446535_8507351665_8507351666,0.0002496932686701235,441.5,707,414,1.72,2.98,
cluster_664446535_8507351665_8507351666,0.0002102346247568616,441.5,707,419,2.27,2.57,
cluster_664446535_8507351665_8507351666,0.00018081466635076328,442.0,707,526,2.65,2.34,
cluster_664446535_8507351665_8507351666,0.0002648239016703703,456.5,707,718,1.57,2.39,
cluster_664446535_8507351665_8507351666,0.0002597310253174503,461.0,707,754,2.19,2.24,
cluster_664446535_8507351665_8507351666,0.000258741973333672,469.0,707,326,2.63,2.14,
1177160864,0.000364624571076155,447.0,710,671,1.31,2.83,
1177160864,0.00031051514775020945,447.5,710,628,2.35,2.27,
1177160864,0.0003375683151702719,447.5,710,641,1.94,2.52,
1177160864,0.00027353890871698044,448.0,710,436,2.81,2.01,
1177160864,0.0004227224425966661,460.5,710,553,1.04,3.36,
1177160864,0.0004227224425966661,476.5,710,720,2.82,1.54,
1177160864,0.0004227224425966661,478.0,710,797,1.63,2.74,
cluster_1186025344_13298747727_13298747728_13298747738_#3more,0.00025418901515367035,458.0,711,602,1.17,2.9,
cluster_10279701142_664471710,0.00018116116567117475,440.5,713,647,0.97,3.16,
cluster_10279701142_664471710,0.00012459178333715142,459.0,713,674,2.17,2.59,
cluster_10279701142_664471710,0.0001528176698194904,459.0,713,723,1.71,2.93,
cluster_10279701142_664471710,0.00014699432819862093,479.5,713,750,1.46,2.3,
cluster_10279701142_664471710,0.00014699432819862093,487.0,713,767,2.23,2.54,
1190128289,0.00017007712602040413,451.0,717,518,2.02,2.75,
1190128289,0.00023322209471630638,451.0,717,566,1.03,3.67,
1190128289,0.0001309222668149307,452.5,717,622,2.51,2.38,
1190128289,9.177126243346661e-05,453.0,717,581,2.86,2.09,
1190128289,0.00026206578143900673,459.5,717,677,0.98,3.53,
cluster_664446535_8507351665_8507351666,0.00030215679159422977,453.0,718,754,1.41,2.07,
cluster_664446535_8507351665_8507351666,0.0002648239016703703,456.5,718,707,1.57,2.39,
cluster_664446535_8507351665_8507351666,0.00023950728935143322,457.0,718,218,2.34,2.26,
cluster_664446535_8507351665_8507351666,0.0001939673182689154,457.5,718,414,2.73,1.87,
cluster_664446535_8507351665_8507351666,0.0002991894658664125,468.5,718,326,2.14,2.45,
1177161154,0.00010896477009468989,471.5,720,529,1.14,3.42,
1177161154,0.00043010788455059954,476.5,720,553,2.42,1.76,
1177160864,0.0004227224425966661,476.5,720,710,2.82,1.54,
1177161154,0.0004104875997403314,478.0,720,797,2.17,0.48,
cluster_1186025344_13298747727_13298747728_13298747738_#3more,0.00026894921359870767,466.5,722,700,1.21,2.62,
cluster_1186025344_13298747727_13298747728_13298747738_#3more,0.00030341233053976106,497.0,722,747,2.14,2.29,
cluster_11944729366_664471711,8.984270284072392e-05,488.5,723,663,2.46,3.12,
cluster_13300645520_13300645530_663844204,0.00010705178414465581,455.0,724,683,1.2,2.96,
cluster_13298740740_664446558,6.530116535994055e-05,485.0,725,649,2.22,2.83,
cluster_663842376_663944135,0.00018936047508555192,465.0,727,630,2.74,1.63,
1177211769,0.00013200815766876663,438.5,730,687,1.11,1.45,
1177211896,7.733672735247537e-05,449.0,730,743,2.98,0.92,
10279701147,7.774587135419852e-05,490.5,732,680,1.51,2.73,
cluster_663842376_663944135,0.00011680234649300044,444.5,733,608,1.25,3.01,
cluster_663842376_663944135,0.00011680234649300044,450.5,733,424,2.14,2.59,
cluster_10281958925_10281958926_6508834064_6508834065_#1more,0.00020207817636230875,462.0,734,688,1.27,2.46,
cluster_10281958925_10281958926_6508834064_6508834065_#1more,0.00023928695508555444,474.0,734,384,1.18,2.83,
1177160566,0.00010328414797357625,489.5,735,576,1.51,3.9,
1177160566,5.2463614191183666e-05,490.0,735,598,2.9,2.48,
cluster_10279761592_11942000229_11942000233_663943274,0.00026270130938518886,446.5,738,676,1.42,3.19,
cluster_10279761592_11942000229_11942000233_663943274,0.0002855049712556176,459.0,738,661,2.0,2.23,
cluster_10279761592_11942000229_11942000233_663943274,0.00020288659709792733,459.5,738,592,2.47,2.16,
cluster_10279761592_11942000229_11942000233_663943274,0.00016327465881029748,460.0,738,548,2.85,1.86,
cluster_11942000227_11942000230_6173706992,0.0001270211668150143,493.0,739,645,2.11,3.56,2.53
1177161675,0.00020998807933548386,487.0,742,642,1.75,2.83,
1177161675,0.00017173905972515206,497.5,742,469,2.15,2.67,
1177161675,0.00014461854628374491,497.5,742,563,2.46,2.44,
1177161675,0.00011784339414050671,498.0,742,666,2.77,2.24,
11843639551,9.876423519852078e-05,453.0,743,555,2.14,2.15,
11843639551,3.993802813067196e-05,467.0,743,535,,3.31,1.93
1177161508,1.64842774937906e-05,498.0,743,809,5.22,3.18,
11843639551,0.00015104114269971934,459.0,745,543,1.49,3.72,
1177160864,4.356573905973081e-05,460.0,745,495,2.98,2.56,
cluster_11944729366_664471711,0.00016986538656132662,494.0,745,495,2.0,1.83,
cluster_11944729366_664471711,0.00014198549575734445,495.0,745,430,2.48,2.58,
1174832834,7.21742600703964e-05,490.0,747,761,2.24,3.05,
cluster_1186025344_13298747727_13298747728_13298747738_#3more,0.00030341233053976106,497.0,747,722,2.14,2.29,
cluster_1186025344_13298747727_13298747728_13298747738_#3more,0.00026894921359870767,497.5,747,700,2.56,1.92,
cluster_10279701142_664471710,0.0002082064962840247,486.5,750,767,1.17,3.22,
cluster_10279701142_664471710,0.000204607467998245,490.5,750,789,2.03,2.51,
cluster_10279701142_664471710,0.00014211379124957758,493.5,750,668,2.22,1.67,
1177161698,6.637740116507924e-05,495.5,752,796,2.88,2.23,
1189036615,2.1873260287933157e-05,460.0,753,675,2.48,0.25,
1177160566,0.0001434690737452324,461.5,753,507,1.45,3.21,
1177160566,0.00013327202904303347,463.5,753,706,2.88,1.71,
1189036615,0.00013464680480889833,480.5,753,598,2.74,2.27,
cluster_664446535_8507351665_8507351666,0.00030215679159422977,453.0,754,718,1.41,2.07,
cluster_664446535_8507351665_8507351666,0.0002597310253174503,461.0,754,707,2.19,2.24,
cluster_664446535_8507351665_8507351666,0.00023045837216323063,461.5,754,218,2.66,2.07,
cluster_664446535_8507351665_8507351666,0.00033864799932784094,468.0,754,326,1.32,2.82,
cluster_1177211838_13300645525_13300645528,9.040382152757964e-05,472.0,759,788,0.99,3.22,
cluster_1177211838_13300645525_13300645528,0.00011585849381004533,487.5,759,762,1.22,2.63,
1174832834,7.21742600703964e-05,490.0,761,747,2.24,3.05,
cluster_1177211838_13300645525_13300645528,0.00011585849381004533,487.5,762,759,1.22,2.63,
cluster_1177211838_13300645525_13300645528,9.040382152757964e-05,493.5,762,788,1.88,2.2,
1177161631,5.984360885013393e-05,487.0,763,784,2.53,1.16,
410457342,3.396365767341577e-05,491.0,764,517,,2.41,1.55
cluster_10279701142_664471710,0.00023443100110056208,482.0,767,789,1.43,3.1,
cluster_10279701142_664471710,0.0002082064962840247,486.5,767,750,1.17,3.22,
cluster_10279701142_664471710,0.00014699432819862093,487.0,767,713,2.23,2.54,
cluster_10279701142_664471710,0.00011878217369633444,487.5,767,647,2.56,2.3,
cluster_11944729366_664471711,0.00015292906094501355,475.5,768,534,1.6,0.59,
cluster_11944729366_664471711,0.00019174799345263088,475.5,768,583,1.26,2.67,
cluster_11944729366_664471711,0.00022098370062993556,477.0,768,261,1.83,2.12,
cluster_11944729366_664471711,0.0002494174856153534,477.5,768,536,2.21,1.76,
cluster_11944729366_664471711,0.00011323701371358075,477.5,768,663,2.89,2.03,
1177160599,0.00010707825315968634,476.5,774,511,0.99,3.19,
1177160599,0.00010707825315968634,493.0,774,791,1.62,3.86,
cluster_13298747747_13298747748_13298747749_13298747755_#2more,0.00015124732786775941,472.5,777,650,1.07,3.67,
1177212157,5.530295868617516e-05,471.0,786,408,2.11,2.45,
1177212157,5.0520265834477136e-05,474.5,786,260,1.89,2.13,
13300645527,3.8147243780216634e-05,476.0,786,141,2.11,2.82,
13300645527,2.0246769349203914e-05,476.0,786,324,1.31,2.98,
13300645527,6.346572709315531e-05,476.0,786,699,2.55,2.66,
1177212157,5.530295868617516e-05,490.0,786,581,2.9,1.96,
cluster_10917990606_663844223,7.768283081187315e-05,489.5,787,808,1.14,2.73,
cluster_1177211838_13300645525_13300645528,9.040382152757964e-05,472.0,788,759,0.99,3.22,
cluster_1177211838_13300645525_13300645528,3.055188090346179e-05,475.5,788,213,2.88,2.39,
cluster_1177211838_13300645525_13300645528,9.040382152757964e-05,493.5,788,762,1.88,2.2,
cluster_10279701142_664471710,0.00023443100110056208,482.0,789,767,1.43,3.1,
cluster_10279701142_664471710,0.000204607467998245,490.5,789,750,2.03,2.51,
1177160599,0.00013418887863276332,493.0,791,511,1.18,4.17,
1177160599,0.00010707825315968634,493.0,791,774,1.62,3.86,
1177161698,6.637740116507924e-05,495.5,796,752,2.88,2.23,
1177161154,0.00043010788455059954,478.0,797,553,1.06,3.45,
1177160864,0.000364624571076155,478.0,797,671,2.36,1.89,
1177160864,0.0004227224425966661,478.0,797,710,1.63,2.74,
1177161154,0.0004104875997403314,478.0,797,720,2.17,0.48,
1177160864,0.0003375683151702719,479.0,797,641,2.69,1.66,
1177160599,1.2732890240414851e-05,492.5,800,686,2.29,1.56,
cluster_13298747733_13298747737_663825864,0.00010739151548358797,480.0,801,468,2.84,1.33,
cluster_13298747733_13298747737_663825864,0.00010739151548358797,480.0,801,484,1.3,1.92,
cluster_10917990606_663844223,7.768283081187315e-05,489.5,808,787,1.14,2.73,
1174832699,0.00029806086848175304,492.5,822,579,1.32,2.94,
664472751,1.8110795720835693e-05,499.0,830,588,1.95,2.28,
cluster_1177211304_1177211692,0.00012181695482183348,281.0,88,383,1.43,1.99,
cluster_1177211304_1177211692,0.00015221380546897684,281.5,88,223,2.39,1.76,
cluster_1177211304_1177211692,0.00039434071738474755,301.5,88,244,1.31,3.04,
cluster_1177211304_1177211692,0.0001573128111362192,303.0,88,376,2.56,2.09,
cluster_1177211304_1177211692,0.00039434071738474755,317.0,88,155,2.5,3.24,
