lane_id,edge_id,speed_limit_ms,lat,lon
-101757243_0,-101757243,13.89,22.57132991622862,88.35259463485721
-101757271#1_0,-101757271#1,5.56,22.57509188404552,88.35393635143507
-101757271#2_0,-101757271#2,5.56,22.575201619427755,88.35350812874935
-101757273#0_0,-101757273#0,22.22,22.574264150552008,88.35280300220249
-101757273#1_0,-101757273#1,22.22,22.5748565110219,88.35299221199307
-101757273#2_0,-101757273#2,22.22,22.57543654377515,88.35316515837454
-101757273#3_0,-101757273#3,22.22,22.575680723523853,88.35322463313301
-101757273#4_0,-101757273#4,22.22,22.57609281737405,88.35332620736128
-101757273#5_0,-101757273#5,22.22,22.57689020829138,88.35355807918326
-101757288#0_0,-101757288#0,13.89,22.5749625187549,88.35221246446375
-101757288#1_0,-101757288#1,13.89,22.575889158422733,88.3525412910561
-101757302#0_0,-101757302#0,13.89,22.57527188204573,88.35062162455438
-101757302#1_0,-101757302#1,13.89,22.57528687993004,88.35106157000565
-101757302#2_0,-101757302#2,13.89,22.575283454565547,88.35130779305207
-101757303#0_0,-101757303#0,5.56,22.57472818216998,88.35337619498887
-101757306#0_0,-101757306#0,13.89,22.575938159489827,88.35216012852521
-101757306#1_0,-101757306#1,13.89,22.575722073884666,88.35279758830941
-101757309#0_0,-101757309#0,5.56,22.574034222604656,88.35193011517579
-101757309#1_0,-101757309#1,5.56,22.57360207533381,88.35196820612816
-101757311_0,-101757311,5.56,22.574097695480567,88.35142820831601
-101757312#0_0,-101757312#0,13.89,22.571183933523116,88.35235055963479
-101757312#1_0,-101757312#1,13.89,22.570976801402573,88.35114014981659
-101757321_0,-101757321,13.89,22.57411940976791,88.34976892596205
-101943113_0,-101943113,13.89,22.577296388527095,88.35947334805826
-101943132_0,-101943132,13.89,22.575886234885186,88.36025936192004
-101943144_0,-101943144,2.78,22.57676383120554,88.35926261593696
-101943152_0,-101943152,13.89,22.576871267208823,88.35679962322703
-101966379#0_0,-101966379#0,5.56,22.574140112290063,88.35606368664425
-101966379#1_0,-101966379#1,5.56,22.574454724219557,88.35616800965626
-101966381_0,-101966381,2.78,22.570321054153418,88.3565667617481
-101966385#0_0,-101966385#0,13.89,22.56754335572831,88.34998575431119
-101966385#2_0,-101966385#2,13.89,22.56731578313257,88.34989523329787
-101966385#3_0,-101966385#3,13.89,22.567041984346503,88.34974873166816
-101966385#4_0,-101966385#4,13.89,22.56697416005032,88.34969409653193
-101966385#5_0,-101966385#5,13.89,22.566598272197137,88.34956138416085
-101966387_0,-101966387,5.56,22.571858734821564,88.35595082015935
-101966388#0_0,-101966388#0,5.56,22.57477104430007,88.3550528419781
-101966388#1_0,-101966388#1,5.56,22.575477765623074,88.3552935599919
-101966388#2_0,-101966388#2,5.56,22.575959699434925,88.35542451436326
-101966393#0_0,-101966393#0,13.89,22.568974184929765,88.35255851843377
-101966393#1_0,-101966393#1,13.89,22.56933534964651,88.35163891245986
-101966393#2_0,-101966393#2,13.89,22.56966707069801,88.35120207391796
-101966396_0,-101966396,13.89,22.573325712611055,88.35814584948265
-101966397#0_0,-101966397#0,13.89,22.570838301595845,88.3539776590985
-101966397#1_0,-101966397#1,13.89,22.571097129401338,88.35363853181683
-101966402_0,-101966402,5.56,22.573580179388088,88.35820621068358
-101966408#0_0,-101966408#0,5.56,22.574764092539873,88.3579091196196
-101966408#1_0,-101966408#1,5.56,22.574899849138728,88.35852842216251
-101966408#2_0,-101966408#2,5.56,22.574885903953042,88.35871424119712
-101966408#3_0,-101966408#3,5.56,22.574864465679156,88.35896369014992
-101966408#4_0,-101966408#4,5.56,22.574856163866695,88.3591443125318
-101966410_0,-101966410,5.56,22.56772632801788,88.3515355995508
-101966416#0_0,-101966416#0,5.56,22.572531339867815,88.35539623555572
-101966416#1_0,-101966416#1,5.56,22.572411587424675,88.35447337355296
-101966417_0,-101966417,5.56,22.567050605220043,88.351409975554
-101966422#0_0,-101966422#0,5.56,22.57345303976507,88.35608487628062
-101966422#1_0,-101966422#1,5.56,22.5737507030915,88.3561854343893
-101966424#0_0,-101966424#0,13.89,22.57406353357998,88.35885254960907
-101966424#1_0,-101966424#1,13.89,22.573922117589454,88.35841136907169
-101966424#2_0,-101966424#2,13.89,22.573928034193973,88.35823500373279
-101966427_0,-101966427,13.89,22.568529653098,88.35105152623639
-101966428_0,-101966428,5.56,22.575367836663933,88.35835356985831
-101966430#0_0,-101966430#0,13.89,22.56922933678491,88.35458611473003
-101966430#1_0,-101966430#1,13.89,22.56967329562113,88.35464695752313
-101966430#2_0,-101966430#2,13.89,22.570490406264128,88.35471446263851
-101966434#0_0,-101966434#0,5.56,22.575143548788347,88.35719089615576
-101966434#1_0,-101966434#1,5.56,22.575219690757763,88.35692340577444
-101966442#0_0,-101966442#0,5.56,22.57298388691103,88.35478133537231
-101966442#1_0,-101966442#1,5.56,22.574145841735156,88.35526682088191
-101966442#2_0,-101966442#2,5.56,22.57417644592866,88.35518289579312
-101966442#3_0,-101966442#3,5.56,22.574303008712654,88.35471963454674
-101966443#0_0,-101966443#0,22.22,22.571068627649787,88.35632257796898
-101966443#1_0,-101966443#1,22.22,22.57165131354229,88.35652317887524
-101966443#10_0,-101966443#10,22.22,22.574540969866348,88.35768810514803
-101966443#11_0,-101966443#11,22.22,22.574748992562693,88.35762245219742
-101966443#12_0,-101966443#12,22.22,22.5751489788267,88.35742485340585
-101966443#13_0,-101966443#13,22.22,22.575402589581465,88.35731928445519
-101966443#2_0,-101966443#2,22.22,22.57200870943148,88.35685549670806
-101966443#3_0,-101966443#3,22.22,22.57208712098654,88.35717487259481
-101966443#4_0,-101966443#4,22.22,22.572311250496934,88.35755480733445
-101966443#5_0,-101966443#5,22.22,22.572564357019793,88.35763723060468
-101966443#6_0,-101966443#6,22.22,22.5729937473544,88.35766896022777
-101966443#7_0,-101966443#7,22.22,22.573443740842634,88.35767813401165
-101966443#8_0,-101966443#8,22.22,22.5740132021434,88.3577012189418
-101966443#9_0,-101966443#9,22.22,22.574235776371808,88.35770923487819
-101966453#0_0,-101966453#0,13.89,22.568467263248674,88.35692401550051
-101966453#1_0,-101966453#1,13.89,22.569327245101057,88.35712343919423
-101966453#2_0,-101966453#2,13.89,22.569960331677024,88.35682105123146
-101966457_0,-101966457,13.89,22.568191754274633,88.35465757068575
-101966461_0,-101966461,13.89,22.568214206352945,88.3550370752673
-101966462_0,-101966462,13.89,22.566603012036662,88.35102915157482
-101966467#0_0,-101966467#0,5.56,22.57218473985498,88.35439364408388
-101966467#1_0,-101966467#1,5.56,22.5724619415333,88.3545323162682
-101966472_0,-101966472,5.56,22.572949325104062,88.35542026073563
-101966474_0,-101966474,5.56,22.57510601414356,88.35910970794741
-101966477#0_0,-101966477#0,5.56,22.573974182608296,88.356332339158
-101966477#1_0,-101966477#1,5.56,22.574313516533753,88.35643972504869
-101966479#0_0,-101966479#0,5.56,22.575045980743898,88.35659443386035
-101966479#1_0,-101966479#1,5.56,22.575106134432986,88.35626279143086
-101966479#2_0,-101966479#2,5.56,22.575178729799102,88.35604078232845
-101966479#3_0,-101966479#3,5.56,22.575207331626828,88.3558837968489
-101966479#4_0,-101966479#4,5.56,22.575818765592565,88.35572813671745
-101966481_0,-101966481,13.89,22.57447232271153,88.35822283193701
-101966483#0_0,-101966483#0,5.56,22.574375699621307,88.35526799891971
-101966483#1_0,-101966483#1,5.56,22.574342608910094,88.35541112923868
-101966483#2_0,-101966483#2,5.56,22.57420305593974,88.35581872917192
-101966483#3_0,-101966483#3,5.56,22.57404541825409,88.35607880741136
-101966483#4_0,-101966483#4,5.56,22.573952372539797,88.35628388643251
-101966483#5_0,-101966483#5,5.56,22.573910420400832,88.35648158749152
-101966486_0,-101966486,2.78,22.568422237582826,88.35589133448603
-101966488#0_0,-101966488#0,13.89,22.567743749045153,88.35373697891745
-101966488#1_0,-101966488#1,13.89,22.56819124545274,88.35383899048716
-101966488#2_0,-101966488#2,13.89,22.568672348817095,88.35387578254337
-101966492_0,-101966492,13.89,22.56957926613194,88.35596489407071
-101966494_0,-101966494,13.89,22.568672604886817,88.3533520778171
-101966506#0_0,-101966506#0,13.89,22.574087473543567,88.35871312383497
-101966506#1_0,-101966506#1,13.89,22.574453811933417,88.35887388262476
-101966507_0,-101966507,5.56,22.57475097497296,88.35546190398865
-101966508_0,-101966508,13.89,22.56983891729501,88.35644922892124
-101972876#0_0,-101972876#0,13.89,22.567124699886698,88.36058105747016
-101972876#2_0,-101972876#2,13.89,22.56718541883888,88.36112237292458
-101972883#0_0,-101972883#0,13.89,22.56567559108907,88.3617748836573
-101972883#1_0,-101972883#1,13.89,22.565809113351932,88.36136647781856
-101972883#2_0,-101972883#2,13.89,22.56590771935936,88.36092145384426
-101972883#3_0,-101972883#3,13.89,22.566122537142952,88.36041600969669
-101972883#4_0,-101972883#4,13.89,22.566220528839356,88.36023540353384
-101972888_0,-101972888,5.56,22.568600967139066,88.3587808103589
-101972889_0,-101972889,2.78,22.567297912547453,88.36175697549717
-101972892#0_0,-101972892#0,13.89,22.56778746700296,88.35869250630927
-101972892#1_0,-101972892#1,13.89,22.567712484401333,88.35843794329405
-101972896_0,-101972896,5.56,22.569120403423202,88.35843909724763
-101972897#2_0,-101972897#2,5.56,22.56663347710695,88.35955227707126
-101972897#3_0,-101972897#3,5.56,22.566696126625292,88.35918246081098
-101972897#4_0,-101972897#4,5.56,22.566764269050683,88.35886793685489
-101972898#0_0,-101972898#0,13.89,22.56751338031031,88.35821775873805
-101972898#1_0,-101972898#1,13.89,22.567916290807037,88.35824067045611
-101972898#2_0,-101972898#2,13.89,22.567944781569224,88.35801153136192
-101972898#3_0,-101972898#3,13.89,22.568049399036322,88.35742048352319
-101972903#0_0,-101972903#0,5.56,22.569512148604034,88.35827624393926
-101972903#1_0,-101972903#1,5.56,22.569348371493202,88.35885611661179
-101972903#2_0,-101972903#2,5.56,22.569259938646695,88.35916684905044
-101972908#0_0,-101972908#0,5.56,22.56620014223276,88.35908987779845
-101972908#1_0,-101972908#1,5.56,22.56645769030212,88.35914900280487
-101972908#2_0,-101972908#2,5.56,22.566744065421123,88.35922776372179
-101972910_0,-101972910,5.56,22.567794761660675,88.36069149905275
-101972912#0_0,-101972912#0,13.89,22.567675927682664,88.35955676239529
-101972912#1_0,-101972912#1,13.89,22.567545098152767,88.36003172237574
-101972919_0,-101972919,5.56,22.56910910531406,88.36202568028419
-101972928#1_0,-101972928#1,5.56,22.56839640083224,88.35995410299263
-101972928#2_0,-101972928#2,5.56,22.569001080660794,88.35976445939512
-101972928#3_0,-101972928#3,5.56,22.569206553660308,88.35985079344256
-101972928#4_0,-101972928#4,5.56,22.569604247397674,88.36005250835912
-101972930_0,-101972930,2.78,22.568564850048077,88.36124503448221
-101972933_0,-101972933,5.56,22.56855498465828,88.35957219133205
-101972937_0,-101972937,5.56,22.566848445649995,88.35752153613343
-101972939_0,-101972939,5.56,22.569314417418383,88.36102209961899
-101972940_0,-101972940,13.89,22.5655173274176,88.36031602983527
-101972944_0,-101972944,13.89,22.571448373711757,88.35965318588678
-101972952#0_0,-101972952#0,13.89,22.566535058950596,88.36047714414569
-101972952#1_0,-101972952#1,13.89,22.566425120556865,88.36074593734891
-101972954#0_0,-101972954#0,13.89,22.570455718704775,88.35929304220454
-101972954#1_0,-101972954#1,13.89,22.570956400119716,88.35955635719895
-101972954#2_0,-101972954#2,13.89,22.571140232157568,88.35951031113652
-101972954#4_0,-101972954#4,13.89,22.571382578654553,88.35884649343289
-101972955#0_0,-101972955#0,13.89,22.566903991532897,88.36040597817575
-101972955#1_0,-101972955#1,13.89,22.566882749624998,88.36059998100409
-101972955#3_0,-101972955#3,13.89,22.566794281594497,88.36091449918985
-101972956_0,-101972956,13.89,22.56807795448502,88.35810308619249
-101972960#0_0,-101972960#0,13.89,22.567701272131707,88.35878132799132
-101972960#1_0,-101972960#1,13.89,22.567576148150135,88.35916930426701
-101972960#2_0,-101972960#2,13.89,22.567994564877257,88.35938784798162
-101972962_0,-101972962,13.89,22.56805236823965,88.36196988064717
-102688627#0_0,-102688627#0,11.11,22.569243814891713,88.35388622659484
-102688627#1_0,-102688627#1,11.11,22.56890636127194,88.35444515098625
-102688627#2_0,-102688627#2,11.11,22.568841941448923,88.35457620219506
-102688627#3_0,-102688627#3,11.11,22.568649693681714,88.35496712814204
-102688627#4_0,-102688627#4,11.11,22.568417947780098,88.35539335854779
-102688627#5_0,-102688627#5,11.11,22.568114778736973,88.3557955483465
-102688629#2_0,-102688629#2,11.11,22.57221437972383,88.35254744160048
-102688629#3_0,-102688629#3,11.11,22.57233253551502,88.35216997871183
-102688629#4_0,-102688629#4,11.11,22.572387764829504,88.35199312328429
-102688629#5_0,-102688629#5,11.11,22.57244716852795,88.35180317890767
-102688629#6_0,-102688629#6,11.11,22.57250462306484,88.35161943971625
-102690984#0_0,-102690984#0,5.56,22.57358256656739,88.35297685694349
-102690985_0,-102690985,5.56,22.570137096265242,88.35268462538431
-102690988#0_0,-102690988#0,5.56,22.57532301363216,88.35125429803585
-102690988#1_0,-102690988#1,5.56,22.575897198388596,88.35139255700221
-102690988#2_0,-102690988#2,5.56,22.576351244355582,88.35154287262611
-102690988#3_0,-102690988#3,5.56,22.57677388833585,88.35167887774014
-102690990_0,-102690990,22.22,22.577939974543966,88.35375565565373
-102690995#1_0,-102690995#1,5.56,22.572726055406914,88.3528151230064
-102690995#2_0,-102690995#2,5.56,22.572399293349083,88.35206141193889
-102690996_0,-102690996,5.56,22.573239335734897,88.35214099308052
-102690998#0_0,-102690998#0,5.56,22.573428884315632,88.35287498809822
-102690998#1_0,-102690998#1,5.56,22.57388975112342,88.35299814010843
-102690999_0,-102690999,5.56,22.576605269139367,88.35168832040372
-102691000#0_0,-102691000#0,5.56,22.573659242586206,88.35200115022813
-102691000#1_0,-102691000#1,5.56,22.573976706655415,88.35234649371635
-102784457#0_0,-102784457#0,5.56,22.567238065342025,88.34885660234076
-102784457#1_0,-102784457#1,5.56,22.567121008344706,88.34934084817583
-102961689_0,-102961689,5.56,22.571117452763627,88.35767489450564
-102961695_0,-102961695,13.89,22.57630078099989,88.35869349006431
-102961701_0,-102961701,5.56,22.573744484390765,88.3556058222689
-102961702#0_0,-102961702#0,5.56,22.576083720314625,88.35637593915327
-102961702#1_0,-102961702#1,5.56,22.575403311968316,88.35617476404403
-102961703#0_0,-102961703#0,5.56,22.576251966729053,88.3538619041873
-102961707#0_0,-102961707#0,5.56,22.574775653154685,88.35682928955323
-102961707#1_0,-102961707#1,5.56,22.575010920511357,88.35691717948981
-102961708_0,-102961708,13.89,22.5711711304932,88.36033115076734
-102961710_0,-102961710,5.56,22.570225822268757,88.35950999799512
-102961711_0,-102961711,5.56,22.57179150936096,88.35699186159887
-102961714#0_0,-102961714#0,5.56,22.576895648215434,88.34815200079801
-102961714#1_0,-102961714#1,5.56,22.577145724000065,88.34825179019828
-102961717#0_0,-102961717#0,13.89,22.57767574120922,88.35106754960003
-102961717#1_0,-102961717#1,13.89,22.576499363167866,88.3508135166912
-102961717#2_0,-102961717#2,13.89,22.575943108669495,88.3506803942919
-102961717#3_0,-102961717#3,13.89,22.575749768436648,88.35063289579196
-102961717#4_0,-102961717#4,13.89,22.575192133986572,88.35055646275485
-102961718#0_0,-102961718#0,5.56,22.574882008270933,88.3562460093446
-102961718#1_0,-102961718#1,5.56,22.574830394896395,88.35634704075164
-102961718#2_0,-102961718#2,5.56,22.574714518255846,88.3566673414268
-102961718#3_0,-102961718#3,5.56,22.57463658543934,88.35683677835556
-102961722_0,-102961722,5.56,22.573489620681638,88.35728294508681
-102961723_0,-102961723,5.56,22.575556304004245,88.3565079101375
-102961724#0_0,-102961724#0,13.89,22.573928508954392,88.35858484009148
-102961724#1_0,-102961724#1,13.89,22.573903646094646,88.35873728905655
-102961725#0_0,-102961725#0,5.56,22.57381037392362,88.36047376299375
-102961725#1_0,-102961725#1,5.56,22.5739711538707,88.36088877865485
-102961730_0,-102961730,5.56,22.57350661491502,88.35660747223747
-102961734#0_0,-102961734#0,5.56,22.57234074297775,88.36193625601274
-102961734#1_0,-102961734#1,5.56,22.572746348090295,88.36088404589714
-102961734#2_0,-102961734#2,5.56,22.57280331158033,88.36068484210097
-102961734#3_0,-102961734#3,5.56,22.57305630332995,88.35979899094305
-102961734#4_0,-102961734#4,5.56,22.573497652329614,88.35985836828448
-102961734#5_0,-102961734#5,5.56,22.573784629534934,88.35996194177179
-102961734#6_0,-102961734#6,5.56,22.57453324315657,88.36023567472746
-102961735#0_0,-102961735#0,5.56,22.57237462340108,88.36037826645178
-102961735#1_0,-102961735#1,5.56,22.571920926704255,88.36112647010768
-102961737_0,-102961737,5.56,22.576357846851963,88.34715375884039
-102961744_0,-102961744,13.89,22.576732986452186,88.35808237344993
-102961745_0,-102961745,5.56,22.576598401631742,88.35824337868097
-102961746_0,-102961746,5.56,22.575125059324524,88.35868400480899
-102961753#0_0,-102961753#0,5.56,22.571990805141276,88.35663328779074
-102961753#1_0,-102961753#1,5.56,22.5728958312696,88.3568357829096
-102961753#2_0,-102961753#2,5.56,22.57316730649212,88.35683941323887
-102961753#3_0,-102961753#3,5.56,22.573487298305256,88.35684137896956
-102961753#4_0,-102961753#4,5.56,22.573685809730915,88.35687522257399
-102961753#5_0,-102961753#5,5.56,22.574242922615813,88.35703434289626
-102961753#7_0,-102961753#7,5.56,22.574547845215026,88.35723777541756
-102961753#8_0,-102961753#8,5.56,22.575063381282728,88.35737888753994
-102961758_0,-102961758,2.78,22.571777576763044,88.35902532769677
-102961761_0,-102961761,5.56,22.57361117784027,88.35930424620096
-102961764#0_0,-102961764#0,5.56,22.575517165423115,88.35363044878244
-102961764#1_0,-102961764#1,5.56,22.576003491473433,88.35374412843966
-102961764#2_0,-102961764#2,5.56,22.57637578360383,88.35379921515457
-102961764#3_0,-102961764#3,5.56,22.576595775568425,88.35382431745329
-102961770_0,-102961770,5.56,22.572732300181197,88.36103903065286
-102961777_0,-102961777,5.56,22.573783586524055,88.35726510845193
-102961781#0_0,-102961781#0,5.56,22.577139218044195,88.35042459098347
-102961781#1_0,-102961781#1,5.56,22.57680152280516,88.35023991230514
-102961783_0,-102961783,5.56,22.57324278723488,88.35854242502631
-102961785_0,-102961785,13.89,22.570852824911356,88.35891287910852
-102961787_0,-102961787,5.56,22.57709980334589,88.34829929209141
-102961793#0_0,-102961793#0,5.56,22.57433219206669,88.35727651125512
-102961793#1_0,-102961793#1,5.56,22.574229897028133,88.35742158904878
-102961794_0,-102961794,5.56,22.575953359945114,88.35370162320604
-102961798_0,-102961798,5.56,22.5727383917403,88.35633405532323
-102961802_0,-102961802,5.56,22.57641123883965,88.35372904920679
-103050318_0,-103050318,13.89,22.569404943906395,88.35673567261686
-103050320_0,-103050320,2.78,22.570705593780556,88.35463448311411
-103050325_0,-103050325,5.56,22.5708112547765,88.35571805474497
-103050328_0,-103050328,13.89,22.571933680129668,88.35172931392187
-103050330#0_0,-103050330#0,13.89,22.569238717038694,88.35584087146084
-103050330#1_0,-103050330#1,13.89,22.56911928865939,88.35619691437456
-103050330#2_0,-103050330#2,13.89,22.56901590977249,88.35648124364545
-103050330#3_0,-103050330#3,13.89,22.56895667260074,88.3569503963424
-103050330#4_0,-103050330#4,13.89,22.56895343915895,88.35716218186812
-103050337_0,-103050337,13.89,22.56862522034746,88.35543798191952
-103050339#0_0,-103050339#0,5.56,22.570420240723404,88.35151605850521
-103050339#1_0,-103050339#1,5.56,22.570520236437794,88.35108522428389
-103079231#0_0,-103079231#0,5.56,22.568620382464765,88.3524205654782
-103079231#1_0,-103079231#1,5.56,22.568346422490336,88.35231499928486
-103079235_0,-103079235,5.56,22.568326979879217,88.35253246129123
-103079239_0,-103079239,5.56,22.57021970456105,88.34812061375362
-103079241#0_0,-103079241#0,5.56,22.567588811431197,88.34758279979776
-103079241#1_0,-103079241#1,5.56,22.567788606051945,88.34780861723856
-103079241#2_0,-103079241#2,5.56,22.567863337415794,88.34758896949276
-103079242#0_0,-103079242#0,5.56,22.567061720116165,88.34484071184262
-103079242#1_0,-103079242#1,5.56,22.5671375507251,88.34459715007021
-103079242#2_0,-103079242#2,5.56,22.56729929337083,88.34407083350669
-103079242#3_0,-103079242#3,5.56,22.567340830697514,88.34391008915063
-103079242#4_0,-103079242#4,5.56,22.567111076794603,88.3432804882631
-103079242#5_0,-103079242#5,5.56,22.566484228426674,88.3438550073202
-103079242#6_0,-103079242#6,5.56,22.566089730087906,88.34371133582735
-103079246_0,-103079246,5.56,22.568200543192525,88.34776788602032
-103079249#0_0,-103079249#0,5.56,22.5699476013315,88.3498917829266
-103079249#1_0,-103079249#1,5.56,22.569795743440643,88.350432591556
-103079249#2_0,-103079249#2,5.56,22.570101759706464,88.35053924571572
-103079250_0,-103079250,5.56,22.569721923285737,88.34874724173959
-103079251#0_0,-103079251#0,5.56,22.570105796328363,88.3463120374326
-103079251#1_0,-103079251#1,5.56,22.569856922228528,88.34557243475916
-103079255_0,-103079255,5.56,22.56642571382574,88.34388575516034
-103079257_0,-103079257,5.56,22.568022965171327,88.34713294732003
-103079258#0_0,-103079258#0,5.56,22.5644833492352,88.34622748375767
-103079258#1_0,-103079258#1,5.56,22.566224465402442,88.34693001252799
-103079259_0,-103079259,5.56,22.57237674152232,88.34615164407676
-103079260_0,-103079260,5.56,22.5696858052177,88.34876750811607
-103079261_0,-103079261,5.56,22.566963024648327,88.34661752082489
-103079262_0,-103079262,5.56,22.571506993100414,88.34454908686654
-103079263_0,-103079263,5.56,22.5680607074892,88.3506104861289
-103079266#0_0,-103079266#0,5.56,22.56890374166573,88.3471377137326
-103079266#1_0,-103079266#1,5.56,22.569616229533978,88.34746800682005
-103079267#0_0,-103079267#0,5.56,22.569504425766176,88.34321517898456
-103079268#0_0,-103079268#0,5.56,22.567267670991793,88.35124608229259
-103079268#1_0,-103079268#1,5.56,22.566802180512166,88.3508238490622
-103079269_0,-103079269,5.56,22.56831933458798,88.34468174672641
-103079273#0_0,-103079273#0,5.56,22.566289143290486,88.34430747562777
-103079273#1_0,-103079273#1,5.56,22.565889956275495,88.34414129259527
-103079275_0,-103079275,5.56,22.566995605060868,88.35003361717882
-103079278_0,-103079278,5.56,22.568897625530436,88.35162054264164
-103079279_0,-103079279,5.56,22.568876846995934,88.34534526819007
-103079281#0_0,-103079281#0,5.56,22.567347495414314,88.34411759293423
-103079281#1_0,-103079281#1,5.56,22.567623019753007,88.34422043439318
-103079282#0_0,-103079282#0,5.56,22.569852667098594,88.34786943547569
-103079282#1_0,-103079282#1,5.56,22.569931571469493,88.3475830116152
-103079283#2_0,-103079283#2,5.56,22.567487733222737,88.34868212967041
-103079283#3_0,-103079283#3,5.56,22.567430121783286,88.34884193812579
-103079285#0_0,-103079285#0,5.56,22.5746776668412,88.34695127463971
-103079285#1_0,-103079285#1,5.56,22.57454174479027,88.34745617763973
-103079287_0,-103079287,5.56,22.57368046547577,88.3467742038459
-103079289_0,-103079289,5.56,22.566593738075106,88.34778746996535
-103079292_0,-103079292,13.89,22.56737660226595,88.3503751813868
-103079294#0_0,-103079294#0,5.56,22.570872908377076,88.34405559224457
-103079294#1_0,-103079294#1,5.56,22.570620169021257,88.34460856250622
-103079295#0_0,-103079295#0,5.56,22.569464380854868,88.34775021975496
-103079295#3_0,-103079295#3,5.56,22.56917561298324,88.3486342665788
-103082289_0,-103082289,5.56,22.567147760230952,88.35361397054835
-103082293_0,-103082293,5.56,22.565931508670435,88.35629050224972
-103082294_0,-103082294,13.89,22.567764747907198,88.35760801886103
-103082295_0,-103082295,5.56,22.565999983362115,88.35581814315366
-103082298_0,-103082298,22.22,22.565945494606996,88.35245476666366
-103082299#0_0,-103082299#0,5.56,22.566256325643927,88.35888649297557
-103082299#1_0,-103082299#1,5.56,22.566495675672826,88.35886530419626
-103082299#2_0,-103082299#2,5.56,22.56725460818615,88.35895521263478
-103082302_0,-103082302,5.56,22.565863652085277,88.35348619054221
-103082305#0_0,-103082305#0,5.56,22.565599107271968,88.35883784450822
-103082305#1_0,-103082305#1,5.56,22.566288564045884,88.35860944869381
-103082305#2_0,-103082305#2,5.56,22.56651418449449,88.35852423077704
-103082305#3_0,-103082305#3,5.56,22.56717091496649,88.3583313973929
-103082306_0,-103082306,2.78,22.567018109885264,88.35979256502229
-103082309_0,-103082309,2.78,22.56616799911882,88.35723936092468
-103082310#0_0,-103082310#0,13.89,22.56770455810959,88.35752671011137
-103082310#1_0,-103082310#1,13.89,22.567664831408184,88.35723621791867
-103082313#0_0,-103082313#0,2.78,22.567002665630127,88.35963233736979
-103082313#1_0,-103082313#1,2.78,22.56694933223619,88.35986171705088
-103082314#0_0,-103082314#0,11.11,22.566665201006078,88.35611786191588
-103082314#1_0,-103082314#1,11.11,22.5665906719512,88.3562051454332
-103082314#2_0,-103082314#2,11.11,22.56625048462946,88.35656271676446
-103082314#3_0,-103082314#3,11.11,22.566168582414726,88.3566353399645
-103082314#4_0,-103082314#4,11.11,22.565185983521207,88.3574688863319
-103082316_0,-103082316,13.89,22.566793531106462,88.35500607275151
-103082319#0_0,-103082319#0,5.56,22.56922315861376,88.35813278405192
-103082319#1_0,-103082319#1,5.56,22.569558710001093,88.3582173755762
-103082321#0_0,-103082321#0,5.56,22.566219063447747,88.35868938877749
-103082325#0_0,-103082325#0,13.89,22.567322529908218,88.36068462718714
-103082325#1_0,-103082325#1,13.89,22.566809846062736,88.36051631001334
-103082325#2_0,-103082325#2,13.89,22.566478011850858,88.36039819983799
-103082325#3_0,-103082325#3,13.89,22.565858248100334,88.36019294879324
-103082326#0_0,-103082326#0,13.89,22.566327097317174,88.35495415257292
-103082326#1_0,-103082326#1,13.89,22.56671296937004,88.35528400828841
-103082327#0_0,-103082327#0,5.56,22.5663972032537,88.35936994806737
-103082327#1_0,-103082327#1,5.56,22.56639730296764,88.35910182746159
-103082327#2_0,-103082327#2,5.56,22.566438143645765,88.35883293913422
-103082328_0,-103082328,5.56,22.566354837952275,88.35677292529287
-103212679_0,-103212679,13.89,22.56673784494715,88.36082748868411
-103212684#0_0,-103212684#0,13.89,22.56698559839565,88.36144581479057
-103212684#2_0,-103212684#2,13.89,22.56634568892314,88.36117724446184
-103212684#3_0,-103212684#3,13.89,22.566194261818623,88.36109766516586
-103212686_0,-103212686,2.78,22.56806852476807,88.3611928961297
-103212688#0_0,-103212688#0,2.78,22.566033470796558,88.36175039059599
-103212688#1_0,-103212688#1,2.78,22.56613598160065,88.36181480509875
-103212688#2_0,-103212688#2,2.78,22.566460676726976,88.36200782880357
-103212689_0,-103212689,13.89,22.567012945429763,88.36087229899165
-103212690_0,-103212690,2.78,22.567333452400668,88.36104806719082
-103212697_0,-103212697,2.78,22.566171464171333,88.36156055056665
-103230484#0_0,-103230484#0,13.89,22.575066298265842,88.36062215539985
-103230484#2_0,-103230484#2,13.89,22.576539770274824,88.3610200153086
-103230500_0,-103230500,5.56,22.575572049058156,88.35996635285727
-103230510_0,-103230510,13.89,22.577901376997232,88.36134870394051
-103230525_0,-103230525,2.78,22.571038460029044,88.36236625872272
-103230526#0_0,-103230526#0,2.78,22.571702311007282,88.36221824591325
-103230526#1_0,-103230526#1,2.78,22.57180373768274,88.36196297604431
-103230546_0,-103230546,13.89,22.57224057100831,88.36269337613786
-103230552#0_0,-103230552#0,13.89,22.575763042424875,88.36080269878003
-103230552#1_0,-103230552#1,13.89,22.57590207286286,88.36058630376291
-103230554_0,-103230554,5.56,22.575079802036132,88.36223704999298
-103230568_0,-103230568,2.78,22.571215703332197,88.36184020063708
-103230574_0,-103230574,2.78,22.57019484333335,88.36191001600928
-103230587#0_0,-103230587#0,13.89,22.575498472756152,88.36262737516931
-103230587#1_0,-103230587#1,13.89,22.5755978143184,88.36229855156168
-103230607#0_0,-103230607#0,13.89,22.576062282532078,88.3592013670744
-103230607#1_0,-103230607#1,13.89,22.576224524997325,88.3586323450734
-103230607#2_0,-103230607#2,13.89,22.576277409690064,88.3581246896408
-103230607#3_0,-103230607#3,13.89,22.5764241733412,88.35759130473727
-103230607#4_0,-103230607#4,13.89,22.576522997436538,88.35726908337001
-104043544#0_0,-104043544#0,22.22,22.566379043628828,88.36319903355349
-104043544#2_0,-104043544#2,22.22,22.56720959960661,88.36210621414412
-104043544#4_0,-104043544#4,22.22,22.56752942952466,88.36166890261858
-104043544#5_0,-104043544#5,22.22,22.567917445678003,88.36130685105377
-104043544#6_0,-104043544#6,22.22,22.568018270013646,88.36110118002195
-104043544#7_0,-104043544#7,22.22,22.568117620222058,88.36086690201421
-104043544#8_0,-104043544#8,22.22,22.568223132417156,88.36057686123193
-1087118361#0_0,-1087118361#0,27.78,22.56952775858481,88.36074449366025
-1087118361#1_0,-1087118361#1,27.78,22.56943092927988,88.36070240498344
-1087118361#11_0,-1087118361#11,27.78,22.566819259357377,88.3600657390563
-1087118361#12_0,-1087118361#12,27.78,22.56649033067634,88.35997780632535
-1087118361#13_0,-1087118361#13,27.78,22.565331717781483,88.3595686868429
-1087118361#2_0,-1087118361#2,27.78,22.568583304996924,88.36033483318676
-1087118361#3_0,-1087118361#3,27.78,22.56830177602493,88.36031320352316
-1087118361#4_0,-1087118361#4,27.78,22.56820266604795,88.3602951145392
-1087118361#5_0,-1087118361#5,27.78,22.568064848493346,88.36027226941002
-1087118361#6_0,-1087118361#6,27.78,22.567550914183037,88.36020897256641
-1087118361#8_0,-1087118361#8,27.78,22.56742336191767,88.36018982670579
-1087118361#9_0,-1087118361#9,27.78,22.567144419674733,88.36014002003607
-1124102301_0,-1124102301,13.89,22.571701558414333,88.35197573152621
-1124382853#0_0,-1124382853#0,27.78,22.565926933852843,88.34536769811932
-1124382853#1_0,-1124382853#1,27.78,22.566820551186066,88.34573756345976
-1124382853#2_0,-1124382853#2,27.78,22.567298772429965,88.34593554303878
-1124382853#3_0,-1124382853#3,27.78,22.568344326086446,88.34636806382193
-1124382853#5_0,-1124382853#5,27.78,22.569120927705022,88.34668954080703
-1132632801#1_0,-1132632801#1,5.56,22.569870109873612,88.34969768749306
-1147855370_0,-1147855370,5.56,22.576669241857612,88.35080466878965
-1147855371_0,-1147855371,5.56,22.576479121203658,88.35019144827665
-1147855373#0_0,-1147855373#0,13.89,22.575347075721275,88.35093844505458
-1147855373#1_0,-1147855373#1,13.89,22.575705442836142,88.35073769691186
-1166076215_0,-1166076215,5.56,22.57089805905462,88.35677693498577
-1173613296_0,-1173613296,5.56,22.575242162812017,88.35758847792546
-1173614784_0,-1173614784,5.56,22.574071087684086,88.36159856565082
-1173911880_0,-1173911880,5.56,22.571259998716478,88.3552543569252
-1173917946_0,-1173917946,2.78,22.570297426512457,88.35482791988416
-1178005070_0,-1178005070,13.89,22.57158147143959,88.35659018474858
-1178005978#0_0,-1178005978#0,13.89,22.571991850101575,88.35791045321803
-1178005979_0,-1178005979,13.89,22.57141851768415,88.35716949275935
-1178006786_0,-1178006786,13.89,22.571810004316912,88.35587078874744
-1178012659_0,-1178012659,13.89,22.567463203268183,88.34945242058349
-1178013318_0,-1178013318,5.56,22.572965651801898,88.352270980172
-1178014356_0,-1178014356,13.89,22.56677608698561,88.34910214177665
-1178016910_0,-1178016910,13.89,22.570309006400937,88.35173661618497
-1178017066_0,-1178017066,5.56,22.566397743717868,88.35821626211926
-1178018200#0_0,-1178018200#0,2.78,22.56715002257783,88.35714793027726
-1178018200#1_0,-1178018200#1,2.78,22.56746663985928,88.35732491643637
-1178023089_0,-1178023089,13.89,22.5755162964397,88.35094340150015
-1178026570_0,-1178026570,2.78,22.575865147039877,88.34896186137874
-1178041322_0,-1178041322,2.78,22.5702388752746,88.35268620214572
-1178044304_0,-1178044304,5.56,22.576307458421617,88.3515941870232
-1178053876_0,-1178053876,5.56,22.574338241787473,88.3596911652422
-1178055450_0,-1178055450,5.56,22.573869738129797,88.3611002880221
-1178256008_0,-1178256008,5.56,22.575093267520856,88.36226811015848
-1180590647_0,-1180590647,13.89,22.57094272843039,88.34636451469031
-1198952554#0_0,-1198952554#0,11.11,22.567576778215145,88.35652891655957
-1198952554#2_0,-1198952554#2,11.11,22.56726449468263,88.35691914745935
-1198952554#3_0,-1198952554#3,11.11,22.567041785463314,88.35715173327925
-1198952554#4_0,-1198952554#4,11.11,22.56671500859268,88.35749329085552
-1198952554#5_0,-1198952554#5,11.11,22.5663724399917,88.35785443416454
-1198952554#6_0,-1198952554#6,11.11,22.565750099801782,88.3584988494349
-1198952555#0_0,-1198952555#0,11.11,22.570075751470853,88.35101154965777
-1198952555#1_0,-1198952555#1,11.11,22.56998981120841,88.35131764553478
-1198952555#2_0,-1198952555#2,11.11,22.56988915255157,88.35167689261375
-1198952555#3_0,-1198952555#3,11.11,22.569577770242084,88.3527877994603
-1199457538#0_0,-1199457538#0,13.89,22.56994200528614,88.35670231949987
-1199457538#1_0,-1199457538#1,13.89,22.569600709725723,88.35657050713996
-1199457538#2_0,-1199457538#2,13.89,22.569345118710405,88.35647201674954
-1199457539_0,-1199457539,13.89,22.567662971552934,88.35413725838767
-1199688354_0,-1199688354,13.89,22.567387513256918,88.36234292260336
-1199696696_0,-1199696696,5.56,22.571191376811868,88.36045748861419
-1199696698_0,-1199696698,13.89,22.571043618197255,88.36116064663825
-1207714955_0,-1207714955,5.56,22.57717186294094,88.36038781750182
-1207714956#0_0,-1207714956#0,5.56,22.57746324255704,88.36098463854995
-1207714956#1_0,-1207714956#1,5.56,22.577031982756964,88.3608858673025
-1217693991_0,-1217693991,5.56,22.567499392489204,88.34475752769977
-1217693993_0,-1217693993,5.56,22.56674411288435,88.34390556889981
-1217693994_0,-1217693994,5.56,22.567546394669737,88.34396508449903
-1217695267#2_0,-1217695267#2,5.56,22.569529286556133,88.34944432969236
-1217695267#3_0,-1217695267#3,5.56,22.56949070705772,88.3495748575431
-1217695268#1_0,-1217695268#1,5.56,22.569909643743205,88.34957183681117
-1217696063_0,-1217696063,5.56,22.57020495193416,88.3500393923364
-1217698313_0,-1217698313,5.56,22.57057118328126,88.35112754026218
-1226391948#0_0,-1226391948#0,5.56,22.569272669586148,88.3450715479032
-1226393093_0,-1226393093,13.89,22.567833492905024,88.34359111102049
-1234870859_0,-1234870859,5.56,22.569472541859415,88.36133466826512
-1238263630#0_0,-1238263630#0,2.78,22.57320606613641,88.35442910593135
-1275560130_0,-1275560130,13.89,22.567531927915464,88.35756187816662
-1275560131_0,-1275560131,2.78,22.56734758115909,88.35746573856095
-1275570402_0,-1275570402,5.56,22.5693420492816,88.34651536816921
-1275573515_0,-1275573515,13.89,22.574355952873496,88.35914572840686
-1309209159#0_0,-1309209159#0,2.78,22.57030628968347,88.36155944097347
-1309209159#1_0,-1309209159#1,2.78,22.57006554655903,88.36194754985847
-1309211043_0,-1309211043,13.89,22.57318773219021,88.35859099962765
-1309211669_0,-1309211669,5.56,22.57309851788234,88.35715598878873
-1309211670_0,-1309211670,5.56,22.57356944930067,88.35692115538397
-1309211671_0,-1309211671,5.56,22.57435510565163,88.3561994213386
-1342408879_0,-1342408879,13.89,22.576905612183545,88.35863532716228
-1348970997_0,-1348970997,5.56,22.567541371354448,88.35151152560489
-1348970998_0,-1348970998,5.56,22.567198622628588,88.35143378639954
-1434291945_0,-1434291945,5.56,22.572808292310683,88.35589621299336
-1434292703#0_0,-1434292703#0,13.89,22.5673639769952,88.35803744870088
-1434292703#1_0,-1434292703#1,13.89,22.567589949471568,88.35794260476875
-1435087429_0,-1435087429,11.11,22.566881834315655,88.35621985843093
-1485642374_0,-1485642374,2.78,22.571141658293538,88.35376714838213
-1526012118#0_0,-1526012118#0,5.56,22.5692291301945,88.36016076628164
-1530047255_0,-1530047255,5.56,22.576901015606385,88.36067275194257
-1530047256_0,-1530047256,11.11,22.57695263818718,88.36002687827339
-52097266#0_0,-52097266#0,11.11,22.57733732187781,88.35674651218149
-52097266#1_0,-52097266#1,11.11,22.577255653749628,88.35747573779368
-52097266#2_0,-52097266#2,11.11,22.57720451698509,88.35792642058938
-52097266#3_0,-52097266#3,11.11,22.577165843189473,88.3582275438808
-52097266#4_0,-52097266#4,11.11,22.577102218005688,88.35885171040623
-52097653#0_0,-52097653#0,11.11,22.569856729627904,88.34446227799471
-52097653#1_0,-52097653#1,11.11,22.56981017877415,88.34461762743199
-52097653#2_0,-52097653#2,11.11,22.569598892231063,88.3453220299492
-52152298#0_0,-52152298#0,22.22,22.570125192006262,88.36415861564466
-52152298#1_0,-52152298#1,22.22,22.570601711212472,88.36207331585688
-52152298#2_0,-52152298#2,22.22,22.570763508160752,88.36168588900094
-52152309_0,-52152309,22.22,22.57526882339317,88.34755428052503
-52152311#0_0,-52152311#0,11.11,22.57142987040202,88.34638159801013
-52152311#1_0,-52152311#1,11.11,22.57228363130231,88.34699102900252
-52152313#0_0,-52152313#0,13.89,22.56988882058654,88.34456704013452
-52152313#1_0,-52152313#1,13.89,22.570481887561247,88.3449754265786
-52152314#0_0,-52152314#0,13.89,22.56965392181567,88.34484436661326
-52152314#1_0,-52152314#1,13.89,22.56898064712488,88.34452253904033
-52152323#0_0,-52152323#0,11.11,22.567239864475894,88.34585143149928
-52152323#2_0,-52152323#2,11.11,22.56744523353725,88.34514202440342
-52152323#3_0,-52152323#3,11.11,22.567573319270327,88.34475231241092
-52152323#4_0,-52152323#4,11.11,22.567689658417212,88.34439545435842
-52152323#5_0,-52152323#5,11.11,22.567741863754186,88.3442335488284
-52152323#6_0,-52152323#6,11.11,22.56785277670226,88.34393139050971
-52152323#7_0,-52152323#7,11.11,22.568139752623008,88.34315060616716
-52152369#0_0,-52152369#0,13.89,22.57593878625107,88.35754861877426
-52152369#1_0,-52152369#1,13.89,22.576813774268974,88.3577569600279
-52155579#0_0,-52155579#0,11.11,22.56486509666837,88.35440372392675
-52155579#1_0,-52155579#1,11.11,22.565967322479864,88.35528916724813
-52155579#2_0,-52155579#2,11.11,22.566518788029494,88.35585044719014
-52155737#0_0,-52155737#0,13.89,22.566377545240453,88.3543589812433
-52155737#1_0,-52155737#1,13.89,22.566066535892425,88.35484511609826
-52155744#1_0,-52155744#1,13.89,22.568568823769144,88.34792473741794
-52155744#2_0,-52155744#2,13.89,22.56933398677519,88.34817735403712
-52155744#3_0,-52155744#3,13.89,22.569856439222807,88.34838880827013
-52155750#0_0,-52155750#0,13.89,22.569358789732274,88.35565463862652
-52155750#1_0,-52155750#1,13.89,22.569808881850577,88.35582349650294
-52155750#2_0,-52155750#2,13.89,22.570207960130073,88.35595810937117
-52155752#0_0,-52155752#0,13.89,22.569946623077477,88.35364830308157
-52155752#1_0,-52155752#1,13.89,22.56952401635969,88.35495505666142
-562694503#0_0,-562694503#0,13.89,22.574328573977333,88.34866339970827
-562694503#1_0,-562694503#1,13.89,22.57405017470101,88.34983924914305
-563518385#0_0,-563518385#0,11.11,22.57187220058008,88.34438272434937
-563518385#1_0,-563518385#1,11.11,22.571594146859077,88.34418279363335
-563518385#2_0,-563518385#2,11.11,22.57097177928051,88.34373531818618
-563518385#3_0,-563518385#3,11.11,22.570057837672202,88.34307339601834
-563518385#4_0,-563518385#4,11.11,22.569651951385676,88.3427359794741
-563518385#5_0,-563518385#5,11.11,22.567335757039157,88.34110051701404
-659390163#0_0,-659390163#0,5.56,22.57519669301571,88.34650484895661
-659390163#2_0,-659390163#2,5.56,22.57550735821862,88.34590603521724
-689580383#1_0,-689580383#1,5.56,22.57277413563635,88.35174908427999
-689627819_0,-689627819,13.89,22.57620350496108,88.3572721785224
-689656208#0_0,-689656208#0,5.56,22.571029900002582,88.35004519038965
-689656208#1_0,-689656208#1,5.56,22.571325391095833,88.34915740775502
-689656208#2_0,-689656208#2,5.56,22.571372186407096,88.34797242198512
-689669925_0,-689669925,13.89,22.56750382130853,88.3452212700621
-693313966_0,-693313966,5.56,22.572967690381017,88.36032281655551
-693313967_0,-693313967,5.56,22.573303659609717,88.3609338670612
-693313968#0_0,-693313968#0,5.56,22.573534409733586,88.36014689906973
-693313968#1_0,-693313968#1,5.56,22.573422279175887,88.36081326725477
-697074637_0,-697074637,5.56,22.575255361377142,88.35556516483113
-697074638#0_0,-697074638#0,5.56,22.574327937857063,88.36096162628506
-697074638#1_0,-697074638#1,5.56,22.574096647001966,88.36051109936616
-697074639_0,-697074639,5.56,22.572345528180808,88.36076369558032
-771670219_0,-771670219,13.89,22.572656787575514,88.34734205386862
-995139942_0,-995139942,5.56,22.566567483255547,88.35790321963138
-995139945_0,-995139945,5.56,22.568207220135253,88.36242323665948
-995139946_0,-995139946,2.78,22.56641189259349,88.36164664504001
-995139947_0,-995139947,5.56,22.572573298912406,88.35638583301831
-995139948#0_0,-995139948#0,5.56,22.571932209770917,88.35574224580265
101757243_0,101757243,13.89,22.57121264490064,88.35312440425079
101757271#1_0,101757271#1,5.56,22.57520785861661,88.35360379386769
101757271#2_0,101757271#2,5.56,22.575306442978228,88.3531911201159
101757273#0_0,101757273#0,22.22,22.574767414767543,88.35299688579269
101757273#1_0,101757273#1,22.22,22.5752588670964,88.35314543075769
101757273#2_0,101757273#2,22.22,22.57542960501206,88.35319543502926
101757273#3_0,101757273#3,22.22,22.576002873084132,88.35333505475916
101757273#4_0,101757273#4,22.22,22.576457064988638,88.35345707602187
101757273#5_0,101757273#5,22.22,22.576883809685814,88.35358855592253
101757288#0_0,101757288#0,13.89,22.575161623843055,88.35229396395775
101757288#1_0,101757288#1,13.89,22.577157928117703,88.35296741485787
101757302#0_0,101757302#0,13.89,22.575253163083108,88.3509143822129
101757302#1_0,101757302#1,13.89,22.57526250625869,88.35122112671851
101757302#2_0,101757302#2,13.89,22.575220499723024,88.35147971419623
101757303#0_0,101757303#0,5.56,22.574700434274146,88.3533677543996
101757306#0_0,101757306#0,13.89,22.575910418073033,88.35215091008757
101757306#1_0,101757306#1,13.89,22.575693954877813,88.35279031123495
101757309#0_0,101757309#0,5.56,22.573941652559466,88.35190752389497
101757309#1_0,101757309#1,5.56,22.57323953216541,88.35189221358787
101757311_0,101757311,5.56,22.574069765195414,88.35141996089295
101757312#0_0,101757312#0,13.89,22.57118924970782,88.35231987899641
101757312#1_0,101757312#1,13.89,22.571018103682253,88.35109416194649
101757321_0,101757321,13.89,22.574973904086818,88.35000988853186
101943113_0,101943113,13.89,22.577291612809336,88.3595040350001
101943132_0,101943132,13.89,22.57591491676626,88.36026411732854
101943135_0,101943135,13.89,22.576900512217858,88.35599947076551
101943144_0,101943144,2.78,22.57683922904529,88.35892333967075
101943152_0,101943152,13.89,22.576865590506195,88.35683010685221
101966379#0_0,101966379#0,5.56,22.57430907748164,88.35615238486925
101966379#1_0,101966379#1,5.56,22.574446704424446,88.35619788631504
101966381_0,101966381,2.78,22.570227531020596,88.35673205349332
101966385#0_0,101966385#0,13.89,22.567550834068133,88.3499556789276
101966385#2_0,101966385#2,13.89,22.56713998893004,88.34978032022906
101966385#3_0,101966385#3,13.89,22.56706293953526,88.349727151253
101966385#4_0,101966385#4,13.89,22.566730835966965,88.34957551183342
101966385#5_0,101966385#5,13.89,22.56610360436499,88.34935418897142
101966388#0_0,101966388#0,5.56,22.574990358479138,88.35514757546585
101966388#1_0,101966388#1,5.56,22.575753691706346,88.35540129712905
101966388#2_0,101966388#2,5.56,22.576408179493452,88.35561310844862
101966393#0_0,101966393#0,13.89,22.569001926365026,88.3525677364114
101966393#1_0,101966393#1,13.89,22.569359776039928,88.35165568373279
101966393#2_0,101966393#2,13.89,22.569677461216912,88.35123387992222
101966396_0,101966396,13.89,22.57332343442903,88.35821235033133
101966397#1_0,101966397#1,13.89,22.57112487566485,88.3536471666924
101966402_0,101966402,5.56,22.573576305442508,88.35823710021468
101966408#1_0,101966408#1,5.56,22.574871374121923,88.35852055695617
101966408#2_0,101966408#2,5.56,22.574839654503034,88.35887504009742
101966408#3_0,101966408#3,5.56,22.574837105727454,88.35905892836261
101966408#4_0,101966408#4,5.56,22.57476856565178,88.35936695018806
101966410_0,101966410,5.56,22.567719209005688,88.35156587288077
101966416#0_0,101966416#0,5.56,22.572293197762942,88.35530637675731
101966416#1_0,101966416#1,5.56,22.572819390567254,88.3533153458078
101966417_0,101966417,5.56,22.566798808845316,88.35206270578449
101966422#0_0,101966422#0,5.56,22.573445019994818,88.3561147527324
101966422#1_0,101966422#1,5.56,22.573745386149653,88.35621611539901
101966424#1_0,101966424#1,13.89,22.573954606000147,88.35832911671707
101966424#2_0,101966424#2,13.89,22.573960647946134,88.35778522003196
101966427_0,101966427,13.89,22.56898757135291,88.35124631387069
101966428_0,101966428,5.56,22.575364453957768,88.35828360853488
101966430#0_0,101966430#0,13.89,22.569224200819654,88.35461679659235
101966430#1_0,101966430#1,13.89,22.570234803142547,88.35472441302255
101966430#2_0,101966430#2,13.89,22.570497906017852,88.35474624081243
101966430#3_0,101966430#3,13.89,22.570991065160552,88.35407057066892
101966434#0_0,101966434#0,5.56,22.575170527932265,88.35720477642073
101966434#1_0,101966434#1,5.56,22.575356049497028,88.35655214721837
101966442#0_0,101966442#0,5.56,22.573521911668003,88.35510501200953
101966442#1_0,101966442#1,5.56,22.574160885048112,88.35530373105537
101966442#2_0,101966442#2,5.56,22.574305075549365,88.35481730066782
101966442#3_0,101966442#3,5.56,22.574593029107493,88.35387322060235
101966443#0_0,101966443#0,22.22,22.57151838134816,88.3565100127551
101966443#1_0,101966443#1,22.22,22.571854029706806,88.35662601645899
101966443#10_0,101966443#10,22.22,22.5745492079195,88.35771794649098
101966443#11_0,101966443#11,22.22,22.575059703997237,88.35750411897885
101966443#12_0,101966443#12,22.22,22.57516102324755,88.35745317603552
101966443#13_0,101966443#13,22.22,22.575704345357558,88.35729880096507
101966443#2_0,101966443#2,22.22,22.571980641518675,88.35686358587779
101966443#3_0,101966443#3,22.22,22.572060636001808,88.35718803447564
101966443#4_0,101966443#4,22.22,22.572292246686775,88.35758049112884
101966443#5_0,101966443#5,22.22,22.572856071985044,88.35769338433752
101966443#6_0,101966443#6,22.22,22.573357784889673,88.35770666331206
101966443#7_0,101966443#7,22.22,22.57388210818293,88.35772706920982
101966443#8_0,101966443#8,22.22,22.574149366380297,88.35773805161594
101966443#9_0,101966443#9,22.22,22.57441017292008,88.35774294095827
101966453#0_0,101966453#0,13.89,22.56887163869456,88.3570836758523
101966453#1_0,101966453#1,13.89,22.569924075421742,88.35707151376046
101966453#2_0,101966453#2,13.89,22.570001803801194,88.35677652592182
101966457_0,101966457,13.89,22.56838428558635,88.35471517793476
101966461_0,101966461,13.89,22.568355794001985,88.35518064271145
101966462_0,101966462,13.89,22.566581852401082,88.35098907222748
101966467#0_0,101966467#0,5.56,22.572174019184605,88.35442252143106
101966467#1_0,101966467#1,5.56,22.572904992712104,88.35477579862524
101966472_0,101966472,5.56,22.57294725633445,88.35545136239675
101966474_0,101966474,5.56,22.57510195938199,88.35914059600957
101966477#0_0,101966477#0,5.56,22.57422606973944,88.35644159232487
101966477#1_0,101966477#1,5.56,22.574671407376396,88.35661712375368
101966479#0_0,101966479#0,5.56,22.575074099544423,88.35660171165561
101966479#1_0,101966479#1,5.56,22.575183556105404,88.35613244609127
101966479#2_0,101966479#2,5.56,22.575219970189604,88.35598088623424
101966479#3_0,101966479#3,5.56,22.575270090479233,88.35566071856083
101966479#4_0,101966479#4,5.56,22.57583904861716,88.35576490414027
101966481_0,101966481,13.89,22.574501221477686,88.35822330968203
101966483#0_0,101966483#0,5.56,22.574341904354743,88.35529120459186
101966483#1_0,101966483#1,5.56,22.57420758672474,88.35572064139457
101966483#2_0,101966483#2,5.56,22.57409655209214,88.35601317320211
101966483#3_0,101966483#3,5.56,22.57399111106318,88.35613517113907
101966483#4_0,101966483#4,5.56,22.573921981936667,88.35628893812537
101966483#5_0,101966483#5,5.56,22.573854838032773,88.35662478859444
101966486_0,101966486,2.78,22.5688101327078,88.35604538442743
101966488#0_0,101966488#0,13.89,22.567736990879652,88.35376725564234
101966488#1_0,101966488#1,13.89,22.56854950721938,88.35388703116782
101966488#2_0,101966488#2,13.89,22.569064383992938,88.35402111489853
101966492_0,101966492,13.89,22.569551705556602,88.35595567714603
101966494_0,101966494,13.89,22.56864391122933,88.35334868559111
101966506#1_0,101966506#1,13.89,22.574807007692698,88.358933268762
101966507_0,101966507,5.56,22.57494199657203,88.35551638858915
101966508_0,101966508,13.89,22.569866660104708,88.35645825324102
101966510#0_0,101966510#0,22.22,22.567926991841407,88.35215131637833
101966510#1_0,101966510#1,22.22,22.568066474377876,88.35167575017067
101966510#2_0,101966510#2,22.22,22.568271278300763,88.35104735479263
101966510#3_0,101966510#3,22.22,22.568357322513684,88.35077180086138
101966510#4_0,101966510#4,22.22,22.568554971415484,88.35013458022999
101972876#2_0,101972876#2,13.89,22.567094147481196,88.36131987015533
101972881_0,101972881,5.56,22.569188098595234,88.35815597582221
101972883#0_0,101972883#0,13.89,22.565713276949385,88.36176163872288
101972883#1_0,101972883#1,13.89,22.5658975291874,88.36106888329182
101972883#2_0,101972883#2,13.89,22.566052363547865,88.3605966940992
101972883#3_0,101972883#3,13.89,22.566145133250807,88.36043548712068
101972883#4_0,101972883#4,13.89,22.566301087870364,88.35998013173686
101972888_0,101972888,5.56,22.5685931275495,88.35881068736647
101972889_0,101972889,2.78,22.567048270673503,88.36155369877689
101972892#0_0,101972892#0,13.89,22.5677915216024,88.35866161984738
101972892#1_0,101972892#1,13.89,22.567741177903972,88.35844133653386
101972896_0,101972896,5.56,22.569113284757897,88.35846917595921
101972897#2_0,101972897#2,5.56,22.56666177971218,88.35955916771805
101972897#3_0,101972897#3,5.56,22.566782624520247,88.35897237036609
101972897#4_0,101972897#4,5.56,22.566772799822466,88.35853191932854
101972898#0_0,101972898#0,13.89,22.56748981307403,88.35824903749018
101972898#1_0,101972898#1,13.89,22.567941466745648,88.35827553895034
101972898#2_0,101972898#2,13.89,22.568008256338786,88.3577788447135
101972898#3_0,101972898#3,13.89,22.56814971147881,88.35742457785527
101972903#0_0,101972903#0,5.56,22.56940074135302,88.3584734518522
101972903#1_0,101972903#1,5.56,22.569320444921853,88.35884747906947
101972903#2_0,101972903#2,5.56,22.569202646064465,88.35943723464297
101972908#1_0,101972908#1,5.56,22.56665367181999,88.35923631086169
101972908#2_0,101972908#2,5.56,22.567188172713898,88.35936690888596
101972910_0,101972910,5.56,22.567788364942853,88.36065759252023
101972912#0_0,101972912#0,13.89,22.56764268709335,88.35956771764117
101972912#1_0,101972912#1,13.89,22.567496947327694,88.3600968950639
101972919_0,101972919,5.56,22.569096043413868,88.36205356081338
101972924#0_0,101972924#0,22.22,22.568444360470025,88.35795671221743
101972924#2_0,101972924#2,22.22,22.568387092148786,88.35866259434286
101972924#3_0,101972924#3,22.22,22.56830965363271,88.35937148728283
101972924#5_0,101972924#5,22.22,22.568209149215324,88.35985987615899
101972928#1_0,101972928#1,5.56,22.568812553528335,88.36013051775193
101972928#2_0,101972928#2,5.56,22.569051409159112,88.35981552467148
101972928#3_0,101972928#3,5.56,22.569194572600594,88.35987907382967
101972928#4_0,101972928#4,5.56,22.569592806536537,88.36008098861355
101972930_0,101972930,2.78,22.56850274419562,88.36116623350405
101972933_0,101972933,5.56,22.568809311886987,88.35970237875439
101972937_0,101972937,5.56,22.567069828677976,88.35756367440177
101972939_0,101972939,5.56,22.569304776078056,88.36105137542151
101972940_0,101972940,13.89,22.56568533957948,88.36041035820163
101972944_0,101972944,13.89,22.571440172679825,88.35968305989661
101972952#0_0,101972952#0,13.89,22.566451951009082,88.36060664521207
101972952#1_0,101972952#1,13.89,22.566265155610743,88.36103466172295
101972954#0_0,101972954#0,13.89,22.570443378120082,88.35932112485953
101972954#1_0,101972954#1,13.89,22.5711131566097,88.35966798689117
101972954#2_0,101972954#2,13.89,22.5712989288047,88.35916836430059
101972954#4_0,101972954#4,13.89,22.571491031289746,88.35852875544624
101972955#0_0,101972955#0,13.89,22.566875317841802,88.36040025071952
101972955#1_0,101972955#1,13.89,22.56682209949066,88.36072260337572
101972955#3_0,101972955#3,13.89,22.566638403780136,88.36118984354702
101972956_0,101972956,13.89,22.568071014876217,88.35813336096008
101972960#0_0,101972960#0,13.89,22.567673715021574,88.35877172168567
101972960#1_0,101972960#1,13.89,22.567668978054375,88.35925715778063
101972960#2_0,101972960#2,13.89,22.56815657731159,88.35948678638545
101972962_0,101972962,13.89,22.568045237395534,88.36200132032964
102027267#0_0,102027267#0,11.11,22.572177244157437,88.3445737756886
102027267#1_0,102027267#1,11.11,22.572669395589646,88.34490970696636
102027267#2_0,102027267#2,11.11,22.573282696247215,88.34532851204594
102027267#3_0,102027267#3,11.11,22.57410352141496,88.34584834373754
102027267#4_0,102027267#4,11.11,22.57491185521661,88.3463603770826
102027267#5_0,102027267#5,11.11,22.575158568862182,88.34651663573698
102027267#6_0,102027267#6,11.11,22.5755017760498,88.34673393809877
102688627#0_0,102688627#0,11.11,22.569217556254525,88.35387254916644
102688627#1_0,102688627#1,11.11,22.568881385110473,88.35442934645383
102688627#2_0,102688627#2,11.11,22.568743447744005,88.35470993512861
102688627#3_0,102688627#3,11.11,22.568624165852043,88.35495248519237
102688627#4_0,102688627#4,11.11,22.568174756069425,88.35566659453221
102688627#5_0,102688627#5,11.11,22.567945208102895,88.35597127828079
102688628#0_0,102688628#0,22.22,22.573256946558896,88.35620326335749
102688628#1_0,102688628#1,22.22,22.573141929974913,88.3568068758018
102688628#2_0,102688628#2,22.22,22.573076235098323,88.35712075844111
102688628#3_0,102688628#3,22.22,22.572969688113222,88.35760881492592
102688628#4_0,102688628#4,22.22,22.57281132636549,88.35793287594493
102688628#5_0,102688628#5,22.22,22.57262560041511,88.35835265931483
102688629#2_0,102688629#2,11.11,22.57231841929757,88.35231261216404
102688629#3_0,102688629#3,11.11,22.57238803611242,88.35208970076191
102688629#4_0,102688629#4,11.11,22.57243295986025,88.35194610339512
102688629#5_0,102688629#5,11.11,22.572504800982323,88.35171640539747
102688629#6_0,102688629#6,11.11,22.57262008073457,88.35134776316671
102688631#1_0,102688631#1,11.11,22.570589497020848,88.34910891168748
102688631#2_0,102688631#2,11.11,22.570693847275063,88.34875037738824
102688631#3_0,102688631#3,11.11,22.5707813515484,88.34840801740904
102688631#4_0,102688631#4,11.11,22.57083933802209,88.34820347147844
102688631#5_0,102688631#5,11.11,22.570872255581985,88.34809097624532
102690982#1_0,102690982#1,11.11,22.567794182876423,88.35047980800171
102690982#2_0,102690982#2,11.11,22.567585076649095,88.35145904645742
102690982#3_0,102690982#3,11.11,22.567319120811053,88.35229175176124
102690982#4_0,102690982#4,11.11,22.566973493012526,88.3529854812701
102690983#0_0,102690983#0,22.22,22.567269357871474,88.35414712613037
102690983#2_0,102690983#2,22.22,22.567505232587756,88.35375575349381
102690983#3_0,102690983#3,22.22,22.56766299310768,88.35319099414036
102690983#4_0,102690983#4,22.22,22.567794982200766,88.35264027806038
102690984#0_0,102690984#0,5.56,22.573466338214132,88.35343623106054
102690985_0,102690985,5.56,22.569684594642574,88.35251186343308
102690988#0_0,102690988#0,5.56,22.57554016161304,88.35133840380989
102690988#1_0,102690988#1,5.56,22.57610667513795,88.35149740183807
102690988#2_0,102690988#2,5.56,22.576558427617012,88.35164117937258
102690988#3_0,102690988#3,5.56,22.576766228960395,88.35170895322422
102690990_0,102690990,22.22,22.57830779233196,88.35383793247227
102690992#0_0,102690992#0,11.11,22.5688895336367,88.3470978963095
102690992#1_0,102690992#1,11.11,22.568587719062315,88.34787950396525
102690992#2_0,102690992#2,11.11,22.56813730991827,88.3489961568688
102690995#1_0,102690995#1,5.56,22.572911279422065,88.35223864694953
102690995#2_0,102690995#2,5.56,22.572414694389945,88.35203442785773
102690996_0,102690996,5.56,22.573613408147445,88.35211342335236
102690997#1_0,102690997#1,13.89,22.57317718955495,88.35300003396134
102690997#2_0,102690997#2,13.89,22.57318400156894,88.35288825588638
102690997#3_0,102690997#3,13.89,22.573214329821987,88.3523648273886
102690997#4_0,102690997#4,13.89,22.573210884518108,88.35220539087163
102690997#5_0,102690997#5,13.89,22.573206877195798,88.35195170761756
102690997#6_0,102690997#6,13.89,22.573197506907505,88.35122948891171
102690998#0_0,102690998#0,5.56,22.573422847128715,88.35290546765057
102690998#1_0,102690998#1,5.56,22.57402258056298,88.35309863877536
102690999_0,102690999,5.56,22.5765140092192,88.35193942703542
102691000#0_0,102691000#0,5.56,22.573635179371422,88.35204857116328
102691000#1_0,102691000#1,5.56,22.573956086164177,88.35237119021734
102691001#0_0,102691001#0,11.11,22.573372874459967,88.35120163277536
102691001#1_0,102691001#1,11.11,22.572782938134054,88.35107829882553
102784452#0_0,102784452#0,27.78,22.566330979734712,88.3519402746183
102784452#1_0,102784452#1,27.78,22.566764006672763,88.35208755455463
102784452#2_0,102784452#2,27.78,22.56725465712823,88.3523208820635
102784452#3_0,102784452#3,27.78,22.567760145942167,88.35256184451222
102784452#4_0,102784452#4,27.78,22.568188776185945,88.35276996539596
102784452#5_0,102784452#5,27.78,22.56846400377684,88.35285366281884
102784452#6_0,102784452#6,27.78,22.56864482066384,88.35291883638146
102784452#8_0,102784452#8,27.78,22.569420908448308,88.35304214261132
102784457#0_0,102784457#0,5.56,22.56711450191696,88.34924440811979
102784457#1_0,102784457#1,5.56,22.567017934671625,88.34964404896078
102961695_0,102961695,13.89,22.576776636997703,88.35867763438598
102961698#1_0,102961698#1,13.89,22.572429971705503,88.35818083668889
102961698#2_0,102961698#2,13.89,22.572632040916623,88.35684195342432
102961698#3_0,102961698#3,13.89,22.572698246541336,88.35640329754179
102961698#4_0,102961698#4,13.89,22.572766931265154,88.35594900726008
102961698#5_0,102961698#5,13.89,22.572837058848656,88.35548412969445
102961698#6_0,102961698#6,13.89,22.57293598003196,88.35482852247601
102961698#7_0,102961698#7,13.89,22.573143567145475,88.3534532109998
102961701_0,102961701,5.56,22.573736284077675,88.3556356970485
102961702#0_0,102961702#0,5.56,22.57609282228221,88.35634626726707
102961702#1_0,102961702#1,5.56,22.575227589723283,88.35608405374246
102961703#0_0,102961703#0,5.56,22.576004632254705,88.3544232929143
102961707#0_0,102961707#0,5.56,22.57476565125837,88.35685856328625
102961707#1_0,102961707#1,5.56,22.575150057756733,88.35700840773207
102961708_0,102961708,13.89,22.571156451446743,88.36035804345735
102961710_0,102961710,5.56,22.57047113595953,88.35964865699404
102961711_0,102961711,5.56,22.571789256388158,88.35702335017989
102961714#0_0,102961714#0,5.56,22.577055789900676,88.34824867817537
102961714#1_0,102961714#1,5.56,22.57744914700355,88.34840928755749
102961717#0_0,102961717#0,13.89,22.57679514550864,88.35088039634357
102961717#1_0,102961717#1,13.89,22.576506661119335,88.35078343768366
102961717#2_0,102961717#2,13.89,22.575948784208055,88.3506499105493
102961717#3_0,102961717#3,13.89,22.575755264971136,88.3506022158284
102961717#4_0,102961717#4,13.89,22.574953316258146,88.35050365867583
102961718#0_0,102961718#0,5.56,22.574870398758318,88.35620893797253
102961718#1_0,102961718#1,5.56,22.57471840342071,88.35657090039152
102961718#2_0,102961718#2,5.56,22.574661898905408,88.35672702843628
102961718#3_0,102961718#3,5.56,22.57450009401511,88.35719159698664
102961720_0,102961720,5.56,22.571144123339405,88.3576611510895
102961722_0,102961722,5.56,22.57339114971396,88.35763823006356
102961723_0,102961723,5.56,22.57608986972436,88.35673877202794
102961724#0_0,102961724#0,13.89,22.573889728324904,88.358642133017
102961724#1_0,102961724#1,13.89,22.573822385318586,88.35906502458712
102961725#0_0,102961725#0,5.56,22.573980494042356,88.36056442271897
102961725#1_0,102961725#1,5.56,22.57394322581137,88.36088033486449
102961725#2_0,102961725#2,5.56,22.57390862763454,88.36211748579025
102961730_0,102961730,5.56,22.573478873781017,88.35659825311326
102961734#1_0,102961734#1,5.56,22.572805925779207,88.36078144264296
102961734#2_0,102961734#2,5.56,22.572922276998558,88.36037401362134
102961734#3_0,102961734#3,5.56,22.57307697302568,88.3598326497673
102961734#4_0,102961734#4,5.56,22.573493682817755,88.35988984033537
102961734#5_0,102961734#5,5.56,22.57377534795161,88.3599914166275
102961734#6_0,102961734#6,5.56,22.57469610877429,88.35975351692774
102961735#0_0,102961735#0,5.56,22.57229193845061,88.36056447683895
102961735#1_0,102961735#1,5.56,22.571925366129154,88.36109286346237
102961737_0,102961737,5.56,22.57633451845877,88.34713524744272
102961744_0,102961744,13.89,22.577094413112498,88.35816177761087
102961745_0,102961745,5.56,22.57632819106614,88.35816496595729
102961746_0,102961746,5.56,22.575329014945062,88.35861870230305
102961753#0_0,102961753#0,5.56,22.572607244046054,88.35680494803334
102961753#1_0,102961753#1,5.56,22.572892678461344,88.35686687391168
102961753#2_0,102961753#2,5.56,22.573405353237153,88.35686557154351
102961753#3_0,102961753#3,5.56,22.57351941139541,88.35687835898494
102961753#4_0,102961753#4,5.56,22.57368067328698,88.356905905304
102961753#5_0,102961753#5,5.56,22.574370993713032,88.35718459450965
102961753#7_0,102961753#7,5.56,22.575001455640024,88.35736408141356
102961753#8_0,102961753#8,5.56,22.575059925248834,88.35743516569043
102961758_0,102961758,2.78,22.571768654977493,88.35905500024188
102961761_0,102961761,5.56,22.573559604137674,88.35937901668326
102961764#0_0,102961764#0,5.56,22.57551022657267,88.35366072542628
102961764#1_0,102961764#1,5.56,22.57620613653366,88.35381273003507
102961764#2_0,102961764#2,5.56,22.57638815878262,88.35383123680589
102961764#3_0,102961764#3,5.56,22.57658739656524,88.35385399669664
102961777_0,102961777,5.56,22.574177550500306,88.35738479956251
102961781#0_0,102961781#0,5.56,22.577119861440675,88.35038491518809
102961781#1_0,102961781#1,5.56,22.57696661532153,88.34981173397091
102961783_0,102961783,5.56,22.573851781057606,88.35869700266885
102961785_0,102961785,13.89,22.570815630145486,88.35893215982308
102961787_0,102961787,5.56,22.576896653420427,88.3488716290867
102961793#0_0,102961793#0,5.56,22.57431762046029,88.35724796954887
102961793#1_0,102961793#1,5.56,22.574180428195962,88.35767494455308
102961794_0,102961794,5.56,22.576052002250886,88.35337861993092
102961798_0,102961798,5.56,22.573176954443724,88.35645622162693
102961802_0,102961802,5.56,22.57650436653157,88.35350315225601
103050318_0,103050318,13.89,22.569399988160534,88.35676635618263
103050320_0,103050320,2.78,22.57145271965654,88.35487169553923
103050325_0,103050325,5.56,22.5708019739856,88.35574752930818
103050326_0,103050326,13.89,22.57183495161359,88.35209519780483
103050328_0,103050328,13.89,22.572371455398024,88.35187042211744
103050330#0_0,103050330#0,13.89,22.569137838455376,88.35605374460896
103050330#1_0,103050330#1,13.89,22.569051494522242,88.3562995339596
103050330#2_0,103050330#2,13.89,22.56898742967346,88.35647396272742
103050330#3_0,103050330#3,13.89,22.56892760302243,88.35694875023933
103050330#4_0,103050330#4,13.89,22.568886644084877,88.35740310439728
103050337_0,103050337,13.89,22.56897153595279,88.35566009045338
103050339#0_0,103050339#0,5.56,22.57052746006239,88.35118216001784
103050339#1_0,103050339#1,5.56,22.57055885500251,88.35104689347699
103079231#0_0,103079231#0,5.56,22.568656494397644,88.35240107818008
103079231#1_0,103079231#1,5.56,22.567974530123795,88.3521049043445
103079235_0,103079235,5.56,22.568299793415346,88.35252169274408
103079237#1_0,103079237#1,5.56,22.566592993501985,88.34726220640309
103079237#2_0,103079237#2,5.56,22.5666976546805,88.34698459718646
103079237#3_0,103079237#3,5.56,22.56694589720093,88.34724939484634
103079239_0,103079239,5.56,22.570759462268132,88.34836870812492
103079241#0_0,103079241#0,5.56,22.567560145310285,88.34757610248795
103079241#1_0,103079241#1,5.56,22.567861989921404,88.34768504193086
103079241#2_0,103079241#2,5.56,22.56792223686286,88.3475016256855
103079242#0_0,103079242#0,5.56,22.567137916947686,88.34469372500129
103079242#1_0,103079242#1,5.56,22.567302472662746,88.34416587980286
103079242#2_0,103079242#2,5.56,22.567345614599702,88.3440076795924
103079242#3_0,103079242#3,5.56,22.567371937879784,88.34390572259422
103079242#4_0,103079242#4,5.56,22.566914253514238,88.34322791286552
103079242#5_0,103079242#5,5.56,22.566466793482462,88.3438229397626
103079242#6_0,103079242#6,5.56,22.566100269816587,88.34368226254604
103079246_0,103079246,5.56,22.56847741353031,88.34792530737607
103079249#0_0,103079249#0,5.56,22.569919858089108,88.34988275989431
103079249#1_0,103079249#1,5.56,22.569759805809515,88.35045285925064
103079249#2_0,103079249#2,5.56,22.57014759518301,88.35058793033028
103079251#0_0,103079251#0,5.56,22.570190401366933,88.34630439806114
103079251#1_0,103079251#1,5.56,22.56985266380138,88.34554166114978
103079251#2_0,103079251#2,5.56,22.569278067664182,88.3465194148365
103079255_0,103079255,5.56,22.566260091068344,88.34422812842425
103079257_0,103079257,5.56,22.568259167742344,88.34652799575291
103079258#0_0,103079258#0,5.56,22.56447317032727,88.3462565599949
103079258#1_0,103079258#1,5.56,22.566565622507746,88.34710098890002
103079259_0,103079259,5.56,22.57259969852822,88.34585533111313
103079261_0,103079261,5.56,22.567213860034872,88.3460230236159
103079262_0,103079262,5.56,22.57123196340431,88.34499165237372
103079263_0,103079263,5.56,22.568051787266242,88.35064015852184
103079266#0_0,103079266#0,5.56,22.569526607014428,88.34746003609361
103079266#1_0,103079266#1,5.56,22.569883590164753,88.34762854628683
103079267#0_0,103079267#0,5.56,22.56933631332415,88.34365021917942
103079267#1_0,103079267#1,5.56,22.568838694926303,88.34485318510549
103079268#0_0,103079268#0,5.56,22.567338425404127,88.3509520980665
103079268#1_0,103079268#1,5.56,22.566410098942008,88.35073736503946
103079269_0,103079269,5.56,22.567816732514945,88.3444720574797
103079273#0_0,103079273#0,5.56,22.56632488331935,88.34428914987492
103079273#1_0,103079273#1,5.56,22.565900315449785,88.34411221764093
103079274_0,103079274,5.56,22.56988226663586,88.34956223388615
103079275_0,103079275,5.56,22.5670233515797,88.35004225104146
103079276_0,103079276,5.56,22.569481556595225,88.34950289800645
103079278_0,103079278,5.56,22.5692451751352,88.35173956576304
103079279_0,103079279,5.56,22.569063716546346,88.34500066489827
103079281#0_0,103079281#0,5.56,22.567504971497964,88.3442093700027
103079281#1_0,103079281#1,5.56,22.567613560434566,88.34424990742833
103079282#0_0,103079282#0,5.56,22.56993366318909,88.3476782436385
103079282#1_0,103079282#1,5.56,22.570098879778104,88.34715895676696
103079283#0_0,103079283#0,5.56,22.567460730350394,88.34867097471844
103079283#3_0,103079283#3,5.56,22.567401175806868,88.34883630761883
103079285#0_0,103079285#0,5.56,22.574650851033958,88.34693934312031
103079285#1_0,103079285#1,5.56,22.57429341338466,88.34844043612992
103079287_0,103079287,5.56,22.573642089109455,88.34678375109185
103079289_0,103079289,5.56,22.566398599127904,88.34830966138398
103079292_0,103079292,13.89,22.56740472472397,88.35038206846798
103079294#0_0,103079294#0,5.56,22.570847195591114,88.34404133822662
103079294#1_0,103079294#1,5.56,22.57044816546358,88.34491450983622
103079295#0_0,103079295#0,5.56,22.569437931225675,88.3477377086282
103079295#1_0,103079295#1,5.56,22.569013880635115,88.34932970776161
103082289_0,103082289,5.56,22.567179404541243,88.35361019494304
103082293_0,103082293,5.56,22.565832347814112,88.35641751436665
103082294_0,103082294,13.89,22.567932039188513,88.35770233864413
103082295_0,103082295,5.56,22.566225232178077,88.35593743638049
103082298_0,103082298,22.22,22.56594938885122,88.35248573049812
103082299#0_0,103082299#0,5.56,22.566402458260864,88.35889803944416
103082299#1_0,103082299#1,5.56,22.566732058325627,88.35892801428729
103082299#2_0,103082299#2,5.56,22.567340829831462,88.35903415109085
103082302_0,103082302,5.56,22.565860329396962,88.35345173125177
103082305#0_0,103082305#0,5.56,22.56576026946757,88.35880237151245
103082305#1_0,103082305#1,5.56,22.566294447284537,88.35864004320986
103082305#2_0,103082305#2,5.56,22.56652423204786,88.35855369913237
103082305#3_0,103082305#3,5.56,22.56720088912709,88.35835425349882
103082306_0,103082306,2.78,22.56748251209698,88.35995622437528
103082309_0,103082309,2.78,22.566169964056353,88.3575414420844
103082310#0_0,103082310#0,13.89,22.567732759002592,88.35753496094893
103082310#1_0,103082310#1,13.89,22.567686324506546,88.35721522737114
103082312_0,103082312,22.22,22.566323764697874,88.35218595845272
103082313#0_0,103082313#0,2.78,22.566952893898453,88.35971830590181
103082313#1_0,103082313#1,2.78,22.566892151598655,88.35997999754579
103082314#0_0,103082314#0,11.11,22.566628550772904,88.35611546112911
103082314#1_0,103082314#1,11.11,22.566308391172726,88.3564758545212
103082314#2_0,103082314#2,11.11,22.56623226494805,88.35653832294649
103082314#3_0,103082314#3,11.11,22.566148174690344,88.35661335601995
103082314#4_0,103082314#4,11.11,22.56487615158889,88.357793196965
103082316_0,103082316,13.89,22.566767819358134,88.35499181721933
103082317#0_0,103082317#0,11.11,22.566420247023732,88.35433994812472
103082317#1_0,103082317#1,11.11,22.565953367491733,88.35408360434671
103082319#1_0,103082319#1,5.56,22.57029655217509,88.35845159615818
103082321#0_0,103082321#0,5.56,22.566197205665745,88.35886033647157
103082321#1_0,103082321#1,5.56,22.566167057492716,88.35911444973638
103082325#1_0,103082325#1,13.89,22.566613668699517,88.36040954788021
103082325#2_0,103082325#2,13.89,22.56628571579507,88.36031306597778
103082325#3_0,103082325#3,13.89,22.565866629799473,88.36016307777547
103082326#0_0,103082326#0,13.89,22.56630918755129,88.35497867935834
103082326#1_0,103082326#1,13.89,22.567016976452596,88.35567131916018
103082327#0_0,103082327#0,5.56,22.566419727354745,88.35920571710147
103082327#1_0,103082327#1,5.56,22.566457602649596,88.3589350491802
103082327#2_0,103082327#2,5.56,22.566461048509353,88.35863428478866
103082328_0,103082328,5.56,22.56651841629489,88.35722149338689
103212679_0,103212679,13.89,22.566505346759563,88.3606901245568
103212684#0_0,103212684#0,13.89,22.566689166933283,88.36127485339077
103212684#2_0,103212684#2,13.89,22.566357852455866,88.3611487720546
103212684#3_0,103212684#3,13.89,22.565966671034694,88.36099944420498
103212686_0,103212686,2.78,22.568406263953836,88.3614561685598
103212688#0_0,103212688#0,2.78,22.56602050010615,88.361778174196
103212688#1_0,103212688#1,2.78,22.566221118533228,88.36190433429546
103212688#2_0,103212688#2,2.78,22.566445992501002,88.36203530387277
103212689_0,103212689,13.89,22.56702258671689,88.36084302364984
103212690_0,103212690,2.78,22.56747708942997,88.36116228960637
103212697_0,103212697,2.78,22.56620114399154,88.36152213614835
103230484#0_0,103230484#0,13.89,22.5756916723081,88.36086861944129
103230484#2_0,103230484#2,13.89,22.576534813644717,88.36105070023999
103230500_0,103230500,5.56,22.575600532216413,88.35997324590902
103230510_0,103230510,13.89,22.577894077080934,88.36137878257745
103230516#0_0,103230516#0,11.11,22.575021276458095,88.36057376554578
103230516#0_1,103230516#0,11.11,22.575048557511394,88.3605839536313
103230516#1_0,103230516#1,11.11,22.57464817091463,88.36172395885373
103230516#1_1,103230516#1,11.11,22.574675727772277,88.36173356629916
103230525_0,103230525,2.78,22.571439907021144,88.36261489732212
103230526#0_0,103230526#0,2.78,22.571719899641028,88.36225304150992
103230526#1_0,103230526#1,2.78,22.571847729723405,88.36193034164685
103230546_0,103230546,13.89,22.572267943888804,88.36270337079101
103230552#0_0,103230552#0,13.89,22.575831930982908,88.36065651600497
103230552#1_0,103230552#1,13.89,22.57656238265363,88.36077096438494
103230557#0_0,103230557#0,22.22,22.572183871546667,88.35912860921647
103230557#1_0,103230557#1,22.22,22.571922418574825,88.35977668186858
103230557#2_0,103230557#2,22.22,22.57164603752849,88.36027804237676
103230557#4_0,103230557#4,22.22,22.571391701643996,88.3607037586308
103230557#5_0,103230557#5,22.22,22.57122883864349,88.36097204116908
103230557#6_0,103230557#6,22.22,22.571134291852893,88.36111903687892
103230557#7_0,103230557#7,22.22,22.570992821716548,88.36133549744385
103230568_0,103230568,2.78,22.57120287189246,88.36179825512501
103230574_0,103230574,2.78,22.570524198883028,88.3621285724851
103230587#0_0,103230587#0,13.89,22.575595231393287,88.36243274162767
103230587#1_0,103230587#1,13.89,22.575939148509146,88.36100769708925
103230607#0_0,103230607#0,13.89,22.576218823222277,88.35895411628425
103230607#1_0,103230607#1,13.89,22.576292215202226,88.35822170390422
103230607#2_0,103230607#2,13.89,22.576411451959046,88.35773930447343
103230607#3_0,103230607#3,13.89,22.576510223003275,88.35741270610889
103230607#4_0,103230607#4,13.89,22.576676993074948,88.35684158454914
103230607#5_0,103230607#5,13.89,22.576936990739963,88.35597940341408
104043544#0_0,104043544#0,22.22,22.566441371574456,88.36311309290858
104043544#2_0,104043544#2,22.22,22.567406913407577,88.36190820304395
104043544#4_0,104043544#4,22.22,22.5677963769681,88.36144998433815
104043544#5_0,104043544#5,22.22,22.567939665572226,88.36132807573286
104043544#6_0,104043544#6,22.22,22.56809350629348,88.36100534714554
104043544#7_0,104043544#7,22.22,22.56821727298887,88.36067152760651
104043544#8_0,104043544#8,22.22,22.568337972147457,88.3603905827238
1087118361#0_0,1087118361#0,27.78,22.569469618651834,88.36067730439756
1087118361#1_0,1087118361#1,27.78,22.56916427989947,88.36054486329752
1087118361#11_0,1087118361#11,27.78,22.566582215392522,88.35996382822854
1087118361#12_0,1087118361#12,27.78,22.56637266629807,88.35990021266753
1087118361#13_0,1087118361#13,27.78,22.56511669462483,88.35944744669908
1087118361#2_0,1087118361#2,27.78,22.568591038315187,88.3602962024934
1087118361#3_0,1087118361#3,27.78,22.568304363918482,88.3602742306583
1087118361#4_0,1087118361#4,27.78,22.568157908338158,88.36024750792333
1087118361#5_0,1087118361#5,27.78,22.56773314313986,88.36019228266399
1087118361#6_0,1087118361#6,27.78,22.567553139963128,88.36017009360799
1087118361#8_0,1087118361#8,27.78,22.567235205202554,88.36011718131094
1087118361#9_0,1087118361#9,27.78,22.567051147954924,88.36008308799492
1087118362#0_0,1087118362#0,11.11,22.570672012226364,88.3573833395449
1087118362#1_0,1087118362#1,11.11,22.57085230932641,88.35682530887117
1087118362#10_0,1087118362#10,11.11,22.571749679050676,88.35404861079246
1087118362#11_0,1087118362#11,11.11,22.57205729596398,88.35309637404026
1087118362#2_0,1087118362#2,11.11,22.57094356885166,88.35654299718105
1087118362#3_0,1087118362#3,11.11,22.57099411639867,88.35638632859146
1087118362#5_0,1087118362#5,11.11,22.571148625167943,88.35590837525716
1087118362#6_0,1087118362#6,11.11,22.57120584864637,88.35573115348568
1087118362#7_0,1087118362#7,11.11,22.571340230882377,88.35531543939388
1087118362#8_0,1087118362#8,11.11,22.571471461054514,88.35490922461932
1087118362#9_0,1087118362#9,11.11,22.571676971725864,88.35427353223193
1124089269_0,1124089269,27.78,22.566076236938386,88.35203047088928
1124089269_1,1124089269,27.78,22.566100943069447,88.35201398461746
1124089270_0,1124089270,27.78,22.56661158846684,88.3532306215161
1124089270_1,1124089270,27.78,22.566637713537762,88.35321726130552
1124089271_0,1124089271,27.78,22.56708403009451,88.35423148100195
1124089271_1,1124089271,27.78,22.56710980053887,88.35421733946461
1124089272#1_0,1124089272#1,27.78,22.567551922598255,88.35518192603546
1124089272#1_1,1124089272#1,27.78,22.567577336782218,88.35516719764054
1124089273_0,1124089273,27.78,22.56790935066908,88.355917730502
1124089273_1,1124089273,27.78,22.56793520992118,88.35590378458323
1124089274_0,1124089274,27.78,22.568360919449542,88.35689613282258
1124089274_1,1124089274,27.78,22.568386867450304,88.35688238242386
1124089275#0_0,1124089275#0,27.78,22.5684929803541,88.35717294249675
1124089275#0_1,1124089275#0,27.78,22.568518396347027,88.35715801989772
1124089275#1_0,1124089275#1,27.78,22.568715027974545,88.3574144557965
1124089275#1_1,1124089275#1,27.78,22.568727371504945,88.35738598431477
1124089275#2_0,1124089275#2,27.78,22.570423212485515,88.35796715068723
1124089275#2_1,1124089275#2,27.78,22.570431502685715,88.35793737490428
1124102295#0_0,1124102295#0,27.78,22.56969113523118,88.34960656858009
1124102295#2_0,1124102295#2,27.78,22.57033990241451,88.34984464216294
1124102296_0,1124102296,27.78,22.56944468244865,88.34952714418756
1124102297_0,1124102297,27.78,22.56882679600194,88.34930085030437
1124102298_0,1124102298,27.78,22.56801109988386,88.34901058637824
1124102300#1_0,1124102300#1,13.89,22.572655174744806,88.3507080646796
1124102303_0,1124102303,11.11,22.5727231804323,88.35070882469822
1124102316#0_0,1124102316#0,13.89,22.572697675864607,88.35095998256838
1124102316#1_0,1124102316#1,13.89,22.572681856138228,88.3507789324652
1124105437#0_0,1124105437#0,27.78,22.566934740543736,88.34862277512674
1124105783_0,1124105783,27.78,22.566335360131795,88.34839744795424
1124379127#0_0,1124379127#0,16.67,22.573037271616528,88.35886699573653
1124379127#0_1,1124379127#0,16.67,22.573046643304128,88.3588375218334
1124379127#1_0,1124379127#1,16.67,22.573780036393227,88.35911703048838
1124379127#1_1,1124379127#1,16.67,22.573788688090318,88.35908725761915
1124379127#2_0,1124379127#2,16.67,22.574069119490307,88.35920661841087
1124379127#2_1,1124379127#2,16.67,22.574077139832802,88.35917674203831
1124379127#3_0,1124379127#3,16.67,22.57472550809758,88.35941729600994
1124379127#3_1,1124379127#3,16.67,22.57473388891719,88.35938752030509
1124382852_0,1124382852,27.78,22.569373102106166,88.34676541720222
1124382853#0_0,1124382853#0,27.78,22.565916574455713,88.34539677297246
1124382853#1_0,1124382853#1,27.78,22.567166810328494,88.34591422792951
1124382853#2_0,1124382853#2,27.78,22.56825466761632,88.34636437270198
1124382853#3_0,1124382853#3,27.78,22.568984014793052,88.34666623144183
1124382853#5_0,1124382853#5,27.78,22.569280776192198,88.34678902810292
1126633510#0_0,1126633510#0,11.11,22.572517179727786,88.35070613629553
1126633510#1_0,1126633510#1,11.11,22.57063769815102,88.34997300046443
1126633510#1_1,1126633510#1,11.11,22.57062823776864,88.35000247367675
1126633510#2_0,1126633510#2,11.11,22.570426098471522,88.34992717518637
1126633511#0_0,1126633511#0,11.11,22.5687916604178,88.36310829141101
1126633511#1_0,1126633511#1,11.11,22.56898616494712,88.36252804804093
1126633511#2_0,1126633511#2,11.11,22.56912868449234,88.36210270256856
1126633511#3_0,1126633511#3,11.11,22.56928454593545,88.36163761343792
1126633511#4_0,1126633511#4,11.11,22.5693445933619,88.36145828483828
1126633511#5_0,1126633511#5,11.11,22.569453472237274,88.36113345841943
1126633511#6_0,1126633511#6,11.11,22.56955881974667,88.36082026720204
1126641020#0_0,1126641020#0,27.78,22.572905171862917,88.34807437560603
1126641020#1_0,1126641020#1,27.78,22.573573969040073,88.34823989545835
1126641021_0,1126641021,27.78,22.572386744937152,88.34787832278764
1128043713#0_0,1128043713#0,11.11,22.566481704004797,88.3532416074033
1128043713#0_1,1128043713#0,11.11,22.566455580569812,88.35325477310897
1128043713#1_0,1128043713#1,11.11,22.56615902800953,88.35247464668232
1128043713#1_1,1128043713#1,11.11,22.566132636961594,88.35248742089286
1128043713#2_0,1128043713#2,11.11,22.565962521467203,88.35199833882909
1128043713#2_1,1128043713#2,11.11,22.56593923909638,88.35201736750147
1128043714#1_0,1128043714#1,11.11,22.569734744517472,88.360278638907
1128043714#2_0,1128043714#2,11.11,22.56999413833067,88.35947913305041
1128043714#3_0,1128043714#3,11.11,22.570083816029502,88.35920283927054
1128043714#4_0,1128043714#4,11.11,22.570315292731024,88.35848912535278
1128043714#5_0,1128043714#5,11.11,22.570409884453998,88.35819760948729
1130603776#0_0,1130603776#0,16.67,22.571478972451615,88.35832051197826
1130603776#0_1,1130603776#0,16.67,22.571487532845847,88.35829083589886
1130603776#1_0,1130603776#1,16.67,22.571851754591712,88.35844563687598
1130603776#1_1,1130603776#1,16.67,22.571860406148065,88.35841586436524
1130603776#2_0,1130603776#2,16.67,22.572309920564702,88.35859921998099
1130603776#2_1,1130603776#2,16.67,22.57231848101746,88.3585695437467
1132238886_0,1132238886,27.78,22.57089350373976,88.36136330926155
1132632801#0_0,1132632801#0,5.56,22.569835235202333,88.34970969916172
1132632802#0_0,1132632802#0,27.78,22.57027952960012,88.34991368824168
1132632802#1_0,1132632802#1,27.78,22.569879168635342,88.3497590456712
1132632803_0,1132632803,27.78,22.570528786040402,88.3498421051373
1137238825#0_0,1137238825#0,11.11,22.566296061707014,88.34848459204055
1147855370_0,1147855370,5.56,22.576804935550182,88.35033895499048
1147855371_0,1147855371,5.56,22.57645025502802,88.35018708215296
1147855373#0_0,1147855373#0,13.89,22.575361663187024,88.35096523588327
1147855373#1_0,1147855373#1,13.89,22.575718940023382,88.35076525522888
1166076215_0,1166076215,5.56,22.571068468178662,88.35686574314998
1173597755#0_0,1173597755#0,11.11,22.57455054850324,88.35381240893872
1173597755#1_0,1173597755#1,11.11,22.575054679321045,88.35396759660732
1173597755#11_0,1173597755#11,11.11,22.57769927615449,88.35588619982734
1173597755#12_0,1173597755#12,11.11,22.57774166377658,88.35590441305794
1173597755#13_0,1173597755#13,11.11,22.57917230470159,88.35664835164769
1173597755#14_0,1173597755#14,11.11,22.579719561441603,88.35681944242918
1173597755#2_0,1173597755#2,11.11,22.575277266651046,88.35404913357588
1173597755#3_0,1173597755#3,11.11,22.57568890336657,88.3542048780401
1173597755#4_0,1173597755#4,11.11,22.57576624204646,88.35423422765639
1173597755#5_0,1173597755#5,11.11,22.576084700045303,88.35458960887303
1173597755#6_0,1173597755#6,11.11,22.576128485693257,88.354645571311
1173597755#7_0,1173597755#7,11.11,22.576786863799295,88.35533865348476
1173597755#8_0,1173597755#8,11.11,22.5769292764684,88.35546998408437
1173597755#9_0,1173597755#9,11.11,22.577018273034867,88.35555206573692
1173613296_0,1173613296,5.56,22.57514081293466,88.35778199983137
1173911880_0,1173911880,5.56,22.57126909879492,88.35522488046202
1173917946_0,1173917946,2.78,22.570269120398873,88.35482141895318
1178005070_0,1178005070,13.89,22.571490915401643,88.35687474142847
1178005978#0_0,1178005978#0,13.89,22.57178807834989,88.35778299781414
1178005978#1_0,1178005978#1,13.89,22.57145448564762,88.35714572575269
1178006786_0,1178006786,13.89,22.571280906463365,88.35566682422493
1178012659_0,1178012659,13.89,22.567480578512463,88.3494269151226
1178013318_0,1178013318,5.56,22.57282019222035,88.3528876222139
1178014356_0,1178014356,13.89,22.56680364803909,88.34911135714475
1178016910_0,1178016910,13.89,22.57028213765406,88.35175249835085
1178017066_0,1178017066,5.56,22.566419771919655,88.35834572484045
1178018200#0_0,1178018200#0,2.78,22.567262115862064,88.35730783992763
1178018200#1_0,1178018200#1,2.78,22.56759228856153,88.35736631177663
1178023089_0,1178023089,13.89,22.575573096340943,88.35127784154504
1178026570_0,1178026570,2.78,22.575663902960226,88.34968340460844
1178041322_0,1178041322,2.78,22.570204556490875,88.35270726313131
1178043793_0,1178043793,22.22,22.56702425533145,88.34563703718376
1178044304_0,1178044304,5.56,22.576200104775467,88.35184727587374
1178053876_0,1178053876,5.56,22.57430917393339,88.35968932394006
1178055450_0,1178055450,5.56,22.573404452985294,88.36093446781054
1192799362_0,1192799362,16.67,22.578122045904223,88.36048331822967
1192799362_1,1192799362,16.67,22.578131146989527,88.3604538407303
1192799363#0_0,1192799363#0,16.67,22.574363837027654,88.35945226191068
1192799363#0_1,1192799363#0,16.67,22.574355095767604,88.3594819367401
1192799363#1_0,1192799363#1,16.67,22.573884166223543,88.35928912580954
1192799363#1_1,1192799363#1,16.67,22.573875424997674,88.35931880054996
1192799363#2_0,1192799363#2,16.67,22.572502748523014,88.35881380798398
1192799363#2_1,1192799363#2,16.67,22.57249670940901,88.35884438425941
1192799363#3_0,1192799363#3,16.67,22.571534806938132,88.35847890376573
1192799363#3_1,1192799363#3,16.67,22.571525795762366,88.3585084781687
1192799363#4_0,1192799363#4,16.67,22.571072972298648,88.35833189941413
1192799363#4_1,1192799363#4,16.67,22.571064861826,88.3583617743216
1192799363#5_0,1192799363#5,16.67,22.57048818872708,88.35813399454314
1192799363#5_1,1192799363#5,16.67,22.57047944774319,88.3581636686535
1192799364_0,1192799364,16.67,22.5753670619072,88.3597906392666
1192799364_1,1192799364,16.67,22.575359311557943,88.3598206157791
1192799365_0,1192799365,11.11,22.57535140889351,88.3595377134687
1192799365_1,1192799365,11.11,22.57537887558487,88.35954731965742
1192799366_0,1192799366,16.67,22.57477091714558,88.35959076180005
1192799366_1,1192799366,16.67,22.574762175856517,88.359620436705
1192800521_0,1192800521,16.67,22.575276339698878,88.35960320930072
1192800521_1,1192800521,16.67,22.575285080989683,88.35957353428621
1196271501#0_0,1196271501#0,11.11,22.56954154294794,88.34964119322971
1196271501#1_0,1196271501#1,11.11,22.569005733363724,88.3494502225743
1196271501#2_0,1196271501#2,11.11,22.568154460630755,88.34914803802752
1196283316_0,1196283316,22.22,22.571534261318007,88.35110843258705
1198952554#0_0,1198952554#0,11.11,22.5675414473211,88.35649861719489
1198952554#2_0,1198952554#2,11.11,22.56710368996383,88.35701929887641
1198952554#3_0,1198952554#3,11.11,22.56674912041934,88.35738985751306
1198952554#4_0,1198952554#4,11.11,22.566431092086557,88.35772216337665
1198952554#5_0,1198952554#5,11.11,22.566220758924747,88.35795438149427
1198952554#6_0,1198952554#6,11.11,22.565718784180348,88.35846372681672
1198952555#0_0,1198952555#0,11.11,22.570000240725946,88.35117293605383
1198952555#1_0,1198952555#1,11.11,22.56991457683506,88.35147835356935
1198952555#2_0,1198952555#2,11.11,22.569861409426533,88.3516678692342
1198952555#3_0,1198952555#3,11.11,22.569550027188285,88.35277877588571
1199457538#0_0,1199457538#0,13.89,22.56987160718566,88.35664259746144
1199457538#1_0,1199457538#1,13.89,22.569610890509324,88.35654143071183
1199457538#2_0,1199457538#2,13.89,22.56911045171122,88.35637713534696
1199457539_0,1199457539,13.89,22.56765116883855,88.35416592975994
1199457540#0_0,1199457540#0,22.22,22.56798242455376,88.35454621336244
1199457540#1_0,1199457540#1,22.22,22.567783080135086,88.35488970576237
1199457540#2_0,1199457540#2,22.22,22.567634179649506,88.35517426920096
1199688354_0,1199688354,13.89,22.567369962009472,88.36236764658699
1199696697_0,1199696697,5.56,22.57092922385312,88.36086766297547
1199696698_0,1199696698,13.89,22.570918731211048,88.3610507871228
1207714955_0,1207714955,5.56,22.577143366639156,88.36038248027943
1207714956#0_0,1207714956#0,5.56,22.57712113663154,88.3608743910541
1207714956#1_0,1207714956#1,5.56,22.576930026700346,88.36083059569249
1217693991_0,1217693991,5.56,22.567490294332607,88.34478700417124
1217693993_0,1217693993,5.56,22.56678148178501,88.34388686976962
1217693994_0,1217693994,5.56,22.567566226686843,88.34402372549229
1217695267#3_0,1217695267#3,5.56,22.569458963505916,88.34957970293148
1217696063_0,1217696063,5.56,22.570169557865203,88.35005947097517
1217698313_0,1217698313,5.56,22.570931997675512,88.35119437016908
1217701043#0_0,1217701043#0,2.78,22.565997752673113,88.34653180272309
1217701043#1_0,1217701043#1,2.78,22.56563847626526,88.3471542209677
1226391948#0_0,1226391948#0,5.56,22.569113575025646,88.34495738457912
1226391948#1_0,1226391948#1,5.56,22.568879455187496,88.34483938155456
1226393093_0,1226393093,13.89,22.567681696419466,88.3434897614388
1234870859_0,1234870859,5.56,22.569461279757288,88.36136334463862
1238263630#0_0,1238263630#0,2.78,22.573234188346348,88.3544359941823
1251129390#0_0,1251129390#0,11.11,22.569342495324044,88.35774532902789
1251129390#0_1,1251129390#0,11.11,22.569333844735443,88.35777500381029
1251129390#1_0,1251129390#1,11.11,22.568631805895144,88.35750428050916
1251129390#1_1,1251129390#1,11.11,22.568618562491995,88.3575323541365
1251129390#2_0,1251129390#2,11.11,22.56835129185136,88.3571485064494
1251129390#2_1,1251129390#2,11.11,22.568325699337688,88.35716294104269
1251129390#3_0,1251129390#3,11.11,22.56826703897293,88.35697535002984
1251129390#3_1,1251129390#3,11.11,22.568241447294476,88.35698968740357
1251129391_0,1251129391,11.11,22.567504180532836,88.35537022565788
1251129391_1,1251129391,11.11,22.56747832214301,88.35538407439597
1275560130_0,1275560130,13.89,22.567538146544308,88.35753140191731
1275560131_0,1275560131,2.78,22.56737689049619,88.357460384942
1275565110#1_0,1275565110#1,13.89,22.567554555356935,88.36017360856694
1275565110#2_0,1275565110#2,13.89,22.568083361994564,88.36027254832601
1275565110#3_0,1275565110#3,13.89,22.568305585512455,88.36027929977634
1275565110#4_0,1275565110#4,13.89,22.568768565924575,88.3603227440407
1275565110#5_0,1275565110#5,13.89,22.569508054179643,88.36069285320748
1275565110#6_0,1275565110#6,13.89,22.569717672258474,88.36080159796367
1275573515_0,1275573515,13.89,22.57438483846658,88.35914776232248
1277600332#0_0,1277600332#0,11.11,22.57005591493496,88.3531331464469
1277600332#1_0,1277600332#1,11.11,22.57100405936935,88.35321417632076
1287656128#1_0,1287656128#1,22.22,22.56899433914211,88.34672760137558
1288011209_0,1288011209,11.11,22.56709258974323,88.35455551048022
1288011209_1,1288011209,11.11,22.56706726428575,88.35457043431408
1309209159#0_0,1309209159#0,2.78,22.570293448267677,88.36151866271277
1309209159#1_0,1309209159#1,2.78,22.570017382358582,88.36191828953208
1309211043_0,1309211043,13.89,22.573082759233852,88.35881764670366
1309211669_0,1309211669,5.56,22.57343866741825,88.35724159846677
1309211670_0,1309211670,5.56,22.5734798572862,88.35718773286654
1309211671_0,1309211671,5.56,22.574268764323808,88.35639133941069
1312946259#3_0,1312946259#3,11.11,22.572774005954148,88.35326685825397
1312946259#4_0,1312946259#4,11.11,22.573098923278728,88.35337039912007
1312946260_0,1312946260,11.11,22.572018333383987,88.35304678246568
1342408879_0,1342408879,13.89,22.57702572833965,88.35865799906965
1348970997_0,1348970997,5.56,22.56728857920738,88.35142347933804
1348970998_0,1348970998,5.56,22.56707424476485,88.35136994370362
135461188#0_0,135461188#0,11.11,22.567444833737465,88.34888623378572
135461188#1_0,135461188#1,11.11,22.567272207926045,88.34883495555965
135461188#2_0,135461188#2,11.11,22.566949356047846,88.34872162798077
135461188#3_0,135461188#3,11.11,22.566399429974364,88.34852284479358
1387728842#0_0,1387728842#0,11.11,22.574158940214925,88.35128778306779
1387728842#1_0,1387728842#1,11.11,22.573972983445255,88.35123228416087
1388181076#0_0,1388181076#0,22.22,22.574466195990325,88.35204150650114
1388181076#1_0,1388181076#1,22.22,22.574312178228737,88.3525482687817
1388181076#2_0,1388181076#2,22.22,22.57424577240352,88.35276518438103
1388181076#3_0,1388181076#3,22.22,22.574140825542667,88.35310767107728
1388181076#4_0,1388181076#4,22.22,22.573973831280163,88.35356762088723
1388965579_0,1388965579,27.78,22.575241404193413,88.34870155792076
1388965580#0_0,1388965580#0,11.11,22.576337386827355,88.34707322438294
1388965580#1_0,1388965580#1,11.11,22.578909329094884,88.34811333461481
1389216080#0_0,1389216080#0,11.11,22.573335146626313,88.35344156330456
1389216080#2_0,1389216080#2,11.11,22.573599993106235,88.3535244835561
1419352711#0_0,1419352711#0,11.11,22.57013453060537,88.3471405331956
1419352711#1_0,1419352711#1,11.11,22.569348280973408,88.3468387970507
1419352712_0,1419352712,11.11,22.57109618641612,88.34750661029142
1434291944#0_0,1434291944#0,22.22,22.57357097466908,88.35505997576124
1434291944#1_0,1434291944#1,22.22,22.573454158061242,88.35548131485618
1434291944#2_0,1434291944#2,22.22,22.573305844321926,88.35601730181546
1434291945_0,1434291945,5.56,22.573262777116067,88.35606891245767
1434292703#0_0,1434292703#0,13.89,22.567374389171878,88.35806653177364
1434292703#1_0,1434292703#1,13.89,22.567651064216864,88.35791441678657
1435087429_0,1435087429,11.11,22.566861237918552,88.35624163580947
1435087430#0_0,1435087430#0,11.11,22.567111411047847,88.35565483454347
1435087430#1_0,1435087430#1,11.11,22.56674733922703,88.35600653434821
1476448641#0_0,1476448641#0,22.22,22.56810590783624,88.34894955900495
1485642374_0,1485642374,2.78,22.571732118086945,88.35401031523277
1502779183_0,1502779183,11.11,22.56639485522605,88.3534406112522
1502779184#1_0,1502779184#1,11.11,22.56655191449187,88.35339886762179
1502779184#1_1,1502779184#1,11.11,22.56652623442719,88.35341301014607
1526012118#0_0,1526012118#0,5.56,22.569201195475355,88.36015310093997
1530047251#0_0,1530047251#0,16.67,22.577604472577832,88.36043388618872
1530047251#0_1,1530047251#0,16.67,22.577597353460707,88.36046396659357
1530047251#1_0,1530047251#1,16.67,22.576994075786686,88.3602746136664
1530047251#1_1,1530047251#1,16.67,22.576987136508972,88.36030479297413
1530047253#0_0,1530047253#0,16.67,22.57591070435166,88.35980142030647
1530047253#0_1,1530047253#0,16.67,22.575918635330158,88.35977144544758
1530047253#1_0,1530047253#1,16.67,22.576436384085596,88.35997094524515
1530047253#1_1,1530047253#1,16.67,22.576444585218294,88.35994107019495
1530047255_0,1530047255,5.56,22.576872703237175,88.36066702744766
1546903355_0,1546903355,11.11,22.568066360048814,88.34921700802744
190903476#0_0,190903476#0,13.89,22.564656950033857,88.35928831143714
190903476#1_0,190903476#1,13.89,22.566952000053195,88.36002677914774
190904141#2_0,190904141#2,13.89,22.572689075787324,88.35103750891665
218918469#0_0,218918469#0,13.89,22.572676818664657,88.35070127319234
218918469#1_0,218918469#1,13.89,22.572724768648357,88.35087446696171
218918469#3_0,218918469#3,13.89,22.572537577397743,88.35163172354892
218918469#4_0,218918469#4,13.89,22.572427201981444,88.35197561294761
218918469#5_0,218918469#5,13.89,22.57224076397256,88.35255693835047
218918469#6_0,218918469#6,13.89,22.57215802886039,88.35281453866135
218918472#0_0,218918472#0,13.89,22.5721645693556,88.35299248269907
218918472#10_0,218918472#10,13.89,22.57776251809703,88.35591628824513
218918472#11_0,218918472#11,13.89,22.578786141237508,88.3564605545985
218918472#12_0,218918472#12,13.89,22.579641400669377,88.35680194816713
218918472#2_0,218918472#2,13.89,22.573102377923153,88.35335701151536
218918472#3_0,218918472#3,13.89,22.573282194143598,88.35341225834753
218918472#4_0,218918472#4,13.89,22.573904885468906,88.35360341873886
218918472#5_0,218918472#5,13.89,22.574084161310576,88.35365846647473
218918472#6_0,218918472#6,13.89,22.575057386108117,88.35395721650744
218918472#7_0,218918472#7,13.89,22.575774245407636,88.3542276923306
218918472#8_0,218918472#8,13.89,22.576557454537564,88.35505941753443
218918472#9_0,218918472#9,13.89,22.57701818247822,88.3555092709908
219055485#0_0,219055485#0,13.89,22.56962697802572,88.36078164593809
219055485#1_0,219055485#1,13.89,22.569499912258316,88.3607157250741
219055485#2_0,219055485#2,13.89,22.569165387538664,88.36054205382864
219055485#3_0,219055485#3,13.89,22.56876204559237,88.36034611798938
219055485#4_0,219055485#4,13.89,22.567858167168,88.36026469798797
219055485#5_0,219055485#5,13.89,22.56724343260185,88.36012688995571
219055485#6_0,219055485#6,13.89,22.56658521898105,88.35995043701018
219055485#7_0,219055485#7,13.89,22.565746190118283,88.35967690678676
219055485#8_0,219055485#8,13.89,22.56305553981337,88.35876633472414
219372550#0_0,219372550#0,13.89,22.57877826996066,88.3564835281534
219372550#1_0,219372550#1,13.89,22.577006803875847,88.35553045935004
219372550#10_0,219372550#10,13.89,22.5735081040649,88.3535068580329
219372550#11_0,219372550#11,13.89,22.573231352505328,88.35342187649643
219372550#12_0,219372550#12,13.89,22.572852079091316,88.35330555038296
219372550#13_0,219372550#13,13.89,22.572265063101973,88.35312524492441
219372550#15_0,219372550#15,13.89,22.57228936004305,88.35233119620574
219372550#3_0,219372550#3,13.89,22.576873709386597,88.35542946720686
219372550#4_0,219372550#4,13.89,22.576655729493492,88.3551979993847
219372550#5_0,219372550#5,13.89,22.57610303483917,88.35461108763846
219372550#6_0,219372550#6,13.89,22.57576026344681,88.35424700727607
219372550#7_0,219372550#7,13.89,22.57561247815903,88.35415287631218
219372550#8_0,219372550#8,13.89,22.574629885028692,88.35385121152208
219372550#9_0,219372550#9,13.89,22.574074850352716,88.35368084183979
27553246#0_0,27553246#0,11.11,22.56608613247912,88.34931589642291
27553246#1_0,27553246#1,11.11,22.56564048957119,88.3505521895499
412339544#0_0,412339544#0,44.44,22.57837353787543,88.34720934228235
412339544#1_0,412339544#1,44.44,22.575101881326773,88.34583333592066
449263233_0,449263233,13.89,22.573639041959133,88.3456165442433
486752916#0_0,486752916#0,2.78,22.57280645525457,88.34851515226043
486752916#1_0,486752916#1,2.78,22.57288493286596,88.34823669365541
486752916#2_0,486752916#2,2.78,22.572918501731547,88.34811117081459
50219794#0_0,50219794#0,11.11,22.57735788939339,88.35229273580107
50219794#0_1,50219794#0,11.11,22.57738677922336,88.35229428211669
50219794#1_0,50219794#1,11.11,22.57732330549503,88.352581354998
50219794#1_1,50219794#1,11.11,22.577351608406484,88.35258824489375
50219794#10_0,50219794#10,11.11,22.576134539828693,88.3566898995212
50219794#10_1,50219794#10,11.11,22.576162193088603,88.35669882623593
50219794#11_0,50219794#11,11.11,22.57599217936149,88.35716215226411
50219794#11_1,50219794#11,11.11,22.576019645392314,88.3571718552916
50219794#12_0,50219794#12,11.11,22.575891035176575,88.35750243975035
50219794#12_1,50219794#12,11.11,22.575918593141296,88.35751194922085
50219794#13_0,50219794#13,11.11,22.57567747935648,88.35832966465905
50219794#13_1,50219794#13,11.11,22.575705318894645,88.35833791268384
50219794#14_0,50219794#14,11.11,22.575622570970538,88.35854250985543
50219794#14_1,50219794#14,11.11,22.575650409673745,88.3585508551681
50219794#15_0,50219794#15,11.11,22.575464850502662,88.35915358916792
50219794#15_1,50219794#15,11.11,22.575492780305453,88.35916183822657
50219794#2_0,50219794#2,11.11,22.57703692586998,88.35352167867882
50219794#2_1,50219794#2,11.11,22.577064299377298,88.35353167195234
50219794#3_0,50219794#3,11.11,22.57693116808725,88.35389586994148
50219794#3_1,50219794#3,11.11,22.57695891265803,88.35390469979933
50219794#4_0,50219794#4,11.11,22.576605706659244,88.35504627320137
50219794#4_1,50219794#4,11.11,22.57663335920335,88.3550552968794
50219794#7_0,50219794#7,11.11,22.576516968745565,88.35529759655749
50219794#7_1,50219794#7,11.11,22.576544340488088,88.35530778463317
50219794#8_0,50219794#8,11.11,22.576403714640527,88.35576760826707
50219794#8_1,50219794#8,11.11,22.576431831016798,88.35577517773464
50219794#9_0,50219794#9,11.11,22.576225138633234,88.35636818112549
50219794#9_1,50219794#9,11.11,22.576252605539143,88.35637778676707
52085869#0_0,52085869#0,11.11,22.57131299095894,88.3465652472084
52085869#2_0,52085869#2,11.11,22.571531406625272,88.34576520838523
52085869#3_0,52085869#3,11.11,22.57189766601067,88.34445892789483
52087627#0_0,52087627#0,11.11,22.57323744544587,88.34940029342032
52087627#2_0,52087627#2,11.11,22.572810414697667,88.3508182125048
52097266#0_0,52097266#0,11.11,22.57730863000941,88.35674292444058
52097266#1_0,52097266#1,11.11,22.577226963547872,88.3574719554041
52097266#2_0,52097266#2,11.11,22.577155857669197,88.35808389201998
52097266#3_0,52097266#3,11.11,22.57708715024197,88.35857213830886
52097266#4_0,52097266#4,11.11,22.57707333570725,88.3588492874773
52097266#6_0,52097266#6,11.11,22.57692413692939,88.36002212463858
52097653#0_0,52097653#0,11.11,22.569828797262947,88.34445422674868
52097653#1_0,52097653#1,11.11,22.56972947267127,88.3447853856722
52097653#2_0,52097653#2,11.11,22.56957170685196,88.3453110681844
52097691_0,52097691,5.56,22.571860287528423,88.35013458408174
52152219#0_0,52152219#0,11.11,22.57379272523721,88.35112208549091
52152219#1_0,52152219#1,11.11,22.573561154572058,88.35089487365
52152298#0_0,52152298#0,22.22,22.570139512057466,88.36413152554115
52152298#1_0,52152298#1,22.22,22.570710168524478,88.36183037095329
52152298#2_0,52152298#2,22.22,22.570931599346398,88.3614616185375
52152302#1_0,52152302#1,22.22,22.57504079924351,88.34993856962764
52152302#2_0,52152302#2,22.22,22.574938189692006,88.35044428147205
52152302#3_0,52152302#3,22.22,22.57465671732921,88.3513611058467
52152309_0,52152309,22.22,22.575242189900337,88.34754215609088
52152311#0_0,52152311#0,11.11,22.572197038224832,88.3469664570613
52152311#1_0,52152311#1,11.11,22.572611562685704,88.34726351772325
52152313#0_0,52152313#0,13.89,22.570394469856794,88.34495220982714
52152313#1_0,52152313#1,13.89,22.571504088140628,88.34571621829312
52152314#0_0,52152314#0,13.89,22.5690727034964,88.34453111494939
52152314#1_0,52152314#1,13.89,22.567908444932446,88.34401420597202
52152323#0_0,52152323#0,11.11,22.567363610129362,88.34549484171568
52152323#2_0,52152323#2,11.11,22.567572240355073,88.34484887362271
52152323#3_0,52152323#3,11.11,22.567689669179206,88.34449134546446
52152323#4_0,52152323#4,11.11,22.567740618343645,88.34432845526786
52152323#5_0,52152323#5,11.11,22.567831811401188,88.34407307887803
52152323#6_0,52152323#6,11.11,22.56797007990868,88.3436966897822
52152323#7_0,52152323#7,11.11,22.568309666684353,88.34285650605409
52152345#0_0,52152345#0,27.78,22.574259003962585,88.3484615951284
52152345#1_0,52152345#1,27.78,22.574620815967894,88.34857112612379
52152346#0_0,52152346#0,27.78,22.5736400802485,88.34842338102739
52152346#1_0,52152346#1,27.78,22.572931934711267,88.34815720636364
52152346#2_0,52152346#2,27.78,22.572395985554135,88.34795038190396
52152366#0_0,52152366#0,11.11,22.5711458861977,88.36156292294194
52152366#0_1,52152366#0,11.11,22.57116020748036,88.36153563785885
52152366#1_0,52152366#1,11.11,22.57226396672211,88.36205386120562
52152366#1_1,52152366#1,11.11,22.572274869363348,88.36202498628386
52152366#2_0,52152366#2,11.11,22.572448258946864,88.36213474094554
52152366#2_1,52152366#2,11.11,22.572459160779676,88.36210596324067
52152366#3_0,52152366#3,11.11,22.573113526422393,88.3624269197484
52152366#3_1,52152366#3,11.11,22.573124428312344,88.36239814193434
52152366#4_0,52152366#4,11.11,22.573244186063445,88.36248432086929
52152366#4_1,52152366#4,11.11,22.573255088789164,88.36245544578594
52152366#5_0,52152366#5,11.11,22.57422782420394,88.36291618218465
52152366#5_1,52152366#5,11.11,22.574238727014436,88.36288730693916
52152369#0_0,52152369#0,13.89,22.576347218887786,88.35766621771455
52152369#1_0,52152369#1,13.89,22.57680737652068,88.35778724201025
52152374#0_0,52152374#0,11.11,22.577777428551574,88.35010226851473
52152374#1_0,52152374#1,11.11,22.577008709030764,88.34981126868756
52152374#2_0,52152374#2,11.11,22.57678234631634,88.34949073566533
52152374#3_0,52152374#3,11.11,22.576654333008197,88.34912836743119
52155433#0_0,52155433#0,16.67,22.57641016228046,88.36010237552136
52155433#0_1,52155433#0,16.67,22.57640178049117,88.36013224878005
52155433#1_0,52155433#1,16.67,22.57564232667979,88.35986939584498
52155433#1_1,52155433#1,16.67,22.575636559099514,88.35989987815731
52155579#0_0,52155579#0,11.11,22.56540512215719,88.3548439041797
52155579#1_0,52155579#1,11.11,22.565947442159022,88.35531172964316
52155579#2_0,52155579#2,11.11,22.566641564427744,88.35601823970352
52155735#0_0,52155735#0,22.22,22.568144866417462,88.353779894232
52155735#1_0,52155735#1,22.22,22.56811989712827,88.35399914944311
52155737#0_0,52155737#0,13.89,22.56611732332408,88.35471335086194
52155737#1_0,52155737#1,13.89,22.565858534627665,88.35510118747507
52155744#1_0,52155744#1,13.89,22.569242407344213,88.34817656060818
52155744#2_0,52155744#2,13.89,22.56976793048852,88.34838804454918
52155744#3_0,52155744#3,13.89,22.57067402959294,88.34871176901844
52155745#1_0,52155745#1,22.22,22.570593189555094,88.35101318910398
52155745#2_0,52155745#2,22.22,22.570137363751268,88.35096702428221
52155750#0_0,52155750#0,13.89,22.5695524851062,88.35575621780033
52155750#1_0,52155750#1,13.89,22.5698001412927,88.35585317064032
52155750#2_0,52155750#2,13.89,22.57019885992937,88.35598758555676
52155752#0_0,52155752#0,13.89,22.569883143024892,88.35373219672728
52155752#1_0,52155752#1,13.89,22.56949664126336,88.35494525823123
562694503#0_0,562694503#0,13.89,22.574054269671123,88.34969583516657
562694503#1_0,562694503#1,13.89,22.573742808931407,88.35101092083636
562694504_0,562694504,27.78,22.5743622739702,88.34864067773402
562694505#0_0,562694505#0,27.78,22.576043554654216,88.34896991990462
562694505#1_0,562694505#1,27.78,22.575434239227484,88.348830842473
562694505#2_0,562694505#2,27.78,22.5750266068471,88.34876764498718
563022376#1_0,563022376#1,11.11,22.574884652731868,88.35144055090902
563322829#0_0,563322829#0,11.11,22.576560307129494,88.35198675736056
563322829#1_0,563322829#1,11.11,22.576246494671928,88.35189441243683
563322829#2_0,563322829#2,11.11,22.576036368451543,88.35183459110073
563518385#0_0,563518385#0,11.11,22.5716816362809,88.34420824771682
563518385#1_0,563518385#1,11.11,22.571058639851223,88.34376037673742
563518385#2_0,563518385#2,11.11,22.57018326537077,88.34313092158754
563518385#3_0,563518385#3,11.11,22.56973802952716,88.34276822633873
563518385#4_0,563518385#4,11.11,22.568732427401084,88.34193076229438
563518385#5_0,563518385#5,11.11,22.566560813051215,88.34060043993009
659390158_0,659390158,2.78,22.57610317134132,88.34550080804013
659390162#0_0,659390162#0,2.78,22.572265324232237,88.3444854466501
659390162#1_0,659390162#1,2.78,22.57263699658228,88.34385931940307
659390163#0_0,659390163#0,5.56,22.57543556067593,88.34607758169227
659390163#2_0,659390163#2,5.56,22.57575195757334,88.34574326652105
659403198_0,659403198,13.89,22.570895837181745,88.34631231969368
673964117#0_0,673964117#0,2.78,22.57164271168818,88.34804634101917
673964117#2_0,673964117#2,2.78,22.57127544249429,88.3493511396361
673964117#3_0,673964117#3,2.78,22.57117321592296,88.34971475283179
689174708_0,689174708,5.56,22.573230841433567,88.36125604177046
689580383#1_0,689580383#1,5.56,22.57305033867166,88.35187791932931
689627819_0,689627819,13.89,22.576083932156596,88.3572279220141
689656208#0_0,689656208#0,5.56,22.571219893516524,88.3495664074203
689656208#1_0,689656208#1,5.56,22.571352952115674,88.34916662348768
689656208#2_0,689656208#2,5.56,22.57136069190454,88.3479429391829
689669925_0,689669925,13.89,22.56816066022179,88.34548867051527
693313966_0,693313966,5.56,22.573442125927762,88.36045341998945
693313967_0,693313967,5.56,22.572850686500338,88.36073267074224
693313968#0_0,693313968#0,5.56,22.573505527452443,88.36014447597674
693313968#1_0,693313968#1,5.56,22.57339472718701,88.36080307660245
693313968#2_0,693313968#2,5.56,22.57342183908907,88.3613770564772
696897744#0_0,696897744#0,11.11,22.57969740975228,88.35210840417746
696897744#1_0,696897744#1,11.11,22.576047080639306,88.35192475669146
696897744#2_0,696897744#2,11.11,22.57482024253033,88.35149555398097
697074637_0,697074637,5.56,22.575325028526215,88.35530470969555
697074638#0_0,697074638#0,5.56,22.574393242520852,88.36075870917578
697074638#1_0,697074638#1,5.56,22.574122353209905,88.3605259402171
697074639_0,697074639,5.56,22.572701318856573,88.36093252330852
697097811_0,697097811,5.56,22.575012292169443,88.3579949984229
705716192_0,705716192,27.78,22.575744413117597,88.34879738978887
705716193#1_0,705716193#1,27.78,22.57685895331345,88.34892971466586
705716193#2_0,705716193#2,27.78,22.57748414445871,88.34900670294128
749310218#2_0,749310218#2,27.78,22.57266435319057,88.35077662224934
749341589#0_0,749341589#0,11.11,22.57016687542858,88.35062595003504
749341589#1_0,749341589#1,11.11,22.570360727569927,88.3499675798386
771670219_0,771670219,13.89,22.572424227412906,88.34785690201844
788488088_0,788488088,2.78,22.56644520222837,88.35590088173893
92642074#0_0,92642074#0,44.44,22.56083271529163,88.33424640854001
92642074#1_0,92642074#1,44.44,22.573783316237535,88.34521374585213
92642074#2_0,92642074#2,44.44,22.575059181936687,88.34586297385984
92642074#3_0,92642074#3,44.44,22.578550310312426,88.3473370128876
92642074#4_0,92642074#4,44.44,22.5809702075309,88.34821936741932
995139942_0,995139942,5.56,22.56672516090971,88.35844042513371
995139945_0,995139945,5.56,22.567663021089714,88.36211582356411
995139946_0,995139946,2.78,22.566438337737086,88.36165954742592
995139947_0,995139947,5.56,22.572579179223,88.35641681785722
995139948#0_0,995139948#0,5.56,22.57185948101899,88.35577674075785
995139948#1_0,995139948#1,5.56,22.571843259903524,88.35641457568909
