window_start,window_end,lane_id,edge_id,vehicle_count,mean_speed_ms,max_speed_observed_ms,halting_count,occupancy_pct,speed_limit_ms,mean_gap_m,min_gap_m,mean_rel_velocity_ms,mean_time_gap_s,min_time_gap_s,mean_acceleration_ms2,min_acceleration_ms2,hard_brake_count
0,60.0,-101757288#0_0,-101757288#0,1,12.66,12.66,0,0.01,13.89,,,,,,2.22,0.91,0
0,60.0,-101757302#1_0,-101757302#1,1,14.4,14.4,0,0.12,13.89,,,,,,0.51,0.0,0
0,60.0,-101966385#0_0,-101966385#0,0,13.89,14.16,0,0.0,13.89,41.31,35.61,-0.23,4.43,3.0,-1.03,-5.0,16
0,60.0,-101966385#2_0,-101966385#2,0,13.89,13.07,0,0.0,13.89,43.06,31.74,-1.29,5.25,2.8,-2.39,-5.0,15
0,60.0,-101966385#3_0,-101966385#3,0,13.89,12.02,0,0.0,13.89,52.34,52.34,1.41,4.36,4.36,0.06,-1.17,0
0,60.0,-101966385#4_0,-101966385#4,1,8.15,16.25,0,0.09,13.89,,,,,,0.94,-2.22,0
0,60.0,-101966385#5_0,-101966385#5,0,13.89,12.82,0,0.0,13.89,59.46,32.57,2.45,6.37,2.8,0.99,-0.65,0
0,60.0,-101966443#10_0,-101966443#10,0,22.22,17.07,0,0.0,22.22,43.46,14.78,-0.79,3.2,1.1,-0.16,-1.38,0
0,60.0,-101966443#11_0,-101966443#11,0,22.22,17.47,0,0.0,22.22,38.2,14.73,-0.24,2.76,1.06,-0.08,-1.96,0
0,60.0,-101966443#12_0,-101966443#12,0,22.22,17.76,0,0.0,22.22,39.5,14.74,0.1,2.81,1.05,0.46,-0.43,0
0,60.0,-101966443#13_0,-101966443#13,0,22.22,16.9,0,0.0,22.22,37.34,12.45,-1.75,3.0,1.03,0.97,-1.12,0
0,60.0,-101966443#6_0,-101966443#6,2,8.51,17.28,0,0.16,22.22,32.6,9.76,2.0,3.19,1.02,-2.15,-5.0,10
0,60.0,-101966443#7_0,-101966443#7,2,13.56,17.78,0,0.12,22.22,43.56,14.4,3.74,3.03,1.04,-0.03,-3.1,1
0,60.0,-101966443#8_0,-101966443#8,0,22.22,17.43,0,0.0,22.22,42.14,14.6,1.27,3.08,1.08,-0.06,-1.73,0
0,60.0,-101966443#9_0,-101966443#9,0,22.22,17.31,0,0.0,22.22,39.43,14.7,-0.2,2.88,1.06,-0.01,-1.04,0
0,60.0,-101966453#0_0,-101966453#0,1,6.32,12.8,0,0.04,13.89,,,,,,-1.44,-4.72,2
0,60.0,-101966461_0,-101966461,0,13.89,13.61,0,0.0,13.89,24.65,9.45,0.63,3.27,1.07,-0.56,-5.0,9
0,60.0,-101972876#0_0,-101972876#0,0,13.89,14.91,0,0.0,13.89,67.4,33.53,12.77,5.2,3.27,-0.71,-5.0,4
0,60.0,-101972898#0_0,-101972898#0,0,13.89,13.89,0,0.0,13.89,76.3,67.72,4.07,9.39,5.47,-2.37,-5.0,13
0,60.0,-101972898#1_0,-101972898#1,0,13.89,13.89,0,0.0,13.89,93.48,92.09,2.49,6.84,6.81,-0.33,-0.87,0
0,60.0,-101972898#2_0,-101972898#2,1,6.76,10.1,0,0.18,13.89,,,,,,1.12,-0.23,0
0,60.0,-101972912#0_0,-101972912#0,0,13.89,14.07,0,0.0,13.89,31.63,9.54,0.71,3.45,1.03,-0.57,-5.0,18
0,60.0,-101972912#1_0,-101972912#1,0,13.89,7.41,0,0.0,13.89,38.87,10.12,-3.91,6.68,1.61,1.02,-1.15,0
0,60.0,-101972952#0_0,-101972952#0,0,13.89,10.51,0,0.0,13.89,74.47,74.47,4.99,14.92,14.92,-2.37,-5.0,3
0,60.0,-101972955#0_0,-101972955#0,4,0.21,10.5,3,0.31,13.89,10.37,0.0,-1.02,1.23,0.53,-0.43,-5.0,8
0,60.0,-101972955#1_0,-101972955#1,0,13.89,12.03,0,0.13,13.89,37.08,33.52,8.1,3.82,3.4,-2.12,-5.0,2
0,60.0,-101972955#3_0,-101972955#3,0,13.89,13.89,0,0.0,13.89,61.33,53.01,4.69,5.59,4.33,-2.15,-4.22,3
0,60.0,-101972960#0_0,-101972960#0,0,13.89,14.19,0,0.0,13.89,45.08,21.9,2.84,3.64,1.68,0.6,-2.14,0
0,60.0,-101972960#1_0,-101972960#1,0,13.89,10.19,0,0.0,13.89,46.34,15.37,-2.95,5.19,1.83,1.05,-0.44,0
0,60.0,-102688627#2_0,-102688627#2,1,10.55,11.16,0,0.15,11.11,,,,,,-0.24,-1.22,0
0,60.0,-102688627#3_0,-102688627#3,0,11.11,11.2,0,0.0,11.11,,,,,,0.02,-1.07,0
0,60.0,-102688627#4_0,-102688627#4,0,11.11,11.14,0,0.0,11.11,,,,,,-0.01,-0.63,0
0,60.0,-102688627#5_0,-102688627#5,0,11.11,11.08,0,0.0,11.11,,,,,,0.02,-0.69,0
0,60.0,-102961695_0,-102961695,0,13.89,14.88,0,0.0,13.89,11.19,7.42,0.87,1.23,0.95,-1.17,-5.0,7
0,60.0,-103050337_0,-103050337,0,13.89,14.12,0,0.0,13.89,24.38,13.4,0.9,2.31,1.39,-0.38,-4.91,8
0,60.0,-103082314#4_0,-103082314#4,2,10.69,11.22,0,0.01,11.11,196.49,67.88,1.8,18.6,6.68,0.02,-1.79,0
0,60.0,-103082316_0,-103082316,1,0.0,13.63,1,0.03,13.89,18.37,10.7,-7.17,50.42,50.42,-0.82,-5.0,5
0,60.0,-103082325#1_0,-103082325#1,0,13.89,9.99,0,0.0,13.89,27.34,22.62,0.59,3.65,2.43,0.45,-4.05,2
0,60.0,-103082326#0_0,-103082326#0,1,11.54,15.4,0,0.04,13.89,61.07,57.94,2.81,4.58,4.28,-1.2,-5.0,5
0,60.0,-104043544#4_0,-104043544#4,1,10.93,17.8,0,0.05,22.22,29.81,12.02,6.23,2.22,1.0,-1.26,-5.0,6
0,60.0,-104043544#5_0,-104043544#5,0,22.22,17.4,0,0.0,22.22,47.82,14.51,5.71,3.55,1.06,0.15,-0.95,0
0,60.0,-104043544#6_0,-104043544#6,0,22.22,16.87,0,0.0,22.22,58.26,14.0,3.57,4.28,1.03,0.69,-0.92,0
0,60.0,-104043544#7_0,-104043544#7,0,22.22,15.59,0,0.0,22.22,54.91,12.0,-2.33,4.96,1.08,1.35,-0.01,0
0,60.0,-104043544#8_0,-104043544#8,0,22.22,10.42,0,0.0,22.22,51.38,8.49,-6.08,7.33,1.17,1.48,-0.07,0
0,60.0,-1087118361#11_0,-1087118361#11,1,3.87,10.31,0,0.09,27.78,,,,,,1.51,0.48,0
0,60.0,-1087118361#3_0,-1087118361#3,0,27.78,7.71,0,0.0,27.78,52.6,52.6,-10.48,18.49,18.49,0.41,-1.42,0
0,60.0,-1087118361#4_0,-1087118361#4,0,27.78,10.89,0,0.0,27.78,5.97,0.5,2.42,1.2,0.18,-1.36,-4.54,2
0,60.0,-1087118361#5_0,-1087118361#5,1,14.57,17.91,0,0.05,27.78,35.83,17.4,12.37,2.48,1.68,-0.84,-3.15,4
0,60.0,-1087118361#6_0,-1087118361#6,0,27.78,18.0,0,0.0,27.78,66.72,66.11,11.58,4.17,3.67,0.0,0.0,0
0,60.0,-1087118361#8_0,-1087118361#8,0,27.78,17.5,0,0.0,27.78,80.15,73.52,-5.99,9.18,8.51,0.97,-0.8,0
0,60.0,-1087118361#9_0,-1087118361#9,0,27.78,15.07,0,0.0,27.78,45.17,36.29,-11.99,8.84,8.1,2.36,1.69,0
0,60.0,-1124382853#5_0,-1124382853#5,0,27.78,12.24,0,0.0,27.78,,,,,,-2.51,-4.81,6
0,60.0,-1147855373#0_0,-1147855373#0,0,13.89,7.8,0,0.0,13.89,,,,,,0.17,-2.48,0
0,60.0,-1198952555#0_0,-1198952555#0,0,11.11,10.75,0,0.0,11.11,84.86,11.57,-0.36,9.32,1.12,0.83,-0.31,0
0,60.0,-1199688354_0,-1199688354,0,13.89,13.64,0,0.0,13.89,,,,,,-2.39,-5.0,4
0,60.0,-1226393093_0,-1226393093,0,13.89,15.03,0,0.0,13.89,,,,,,-1.39,-5.0,8
0,60.0,-1342408879_0,-1342408879,0,13.89,14.34,0,0.0,13.89,11.42,10.46,-1.29,0.93,0.84,-0.09,-1.32,0
0,60.0,-52097266#2_0,-52097266#2,0,11.11,9.21,0,0.0,11.11,,,,,,-0.54,-3.65,1
0,60.0,-52152323#0_0,-52152323#0,0,11.11,11.66,0,0.05,11.11,,,,,,-1.69,-5.0,2
0,60.0,-52152323#2_0,-52152323#2,0,11.11,11.71,0,0.0,11.11,,,,,,-0.0,-1.49,0
0,60.0,-52152323#3_0,-52152323#3,0,11.11,12.16,0,0.0,11.11,,,,,,-0.02,-1.53,0
0,60.0,-52152323#4_0,-52152323#4,0,11.11,12.07,0,0.0,11.11,,,,,,-0.15,-1.9,0
0,60.0,-52152323#5_0,-52152323#5,0,11.11,11.69,0,0.0,11.11,,,,,,-0.25,-1.22,0
0,60.0,-52152323#6_0,-52152323#6,1,6.85,10.38,0,0.1,11.11,,,,,,1.08,-2.16,0
0,60.0,-52152369#1_0,-52152369#1,0,13.89,13.56,0,0.0,13.89,20.55,1.04,-0.35,2.22,0.14,-0.1,-5.0,8
0,60.0,-52155737#0_0,-52155737#0,0,13.89,14.0,0,0.0,13.89,100.82,100.82,-9.57,47.69,47.69,-2.36,-5.0,5
0,60.0,-52155750#0_0,-52155750#0,0,13.89,11.35,0,0.0,13.89,17.42,15.4,-0.18,2.16,1.6,-2.12,-4.9,6
0,60.0,-52155750#1_0,-52155750#1,0,13.89,12.16,0,0.0,13.89,25.17,17.04,-1.16,2.66,2.06,1.13,-2.22,0
0,60.0,-995139946_0,-995139946,0,2.78,2.92,0,0.07,2.78,14.53,2.13,0.25,6.55,0.96,-0.01,-1.89,0
0,60.0,101757302#1_0,101757302#1,0,13.89,10.84,0,0.0,13.89,,,,,,0.85,-2.28,0
0,60.0,101757302#2_0,101757302#2,0,13.89,11.92,0,0.0,13.89,,,,,,-3.28,-5.0,3
0,60.0,101757306#0_0,101757306#0,0,13.89,12.64,0,0.0,13.89,,,,,,-0.09,-5.0,3
0,60.0,101966385#3_0,101966385#3,0,13.89,13.89,0,0.0,13.89,,,,,,0.0,0.0,0
0,60.0,101966385#4_0,101966385#4,0,13.89,15.06,0,0.0,13.89,,,,,,-2.62,-5.0,8
0,60.0,101966393#0_0,101966393#0,1,14.2,16.11,0,0.04,13.89,,,,,,0.24,-1.29,0
0,60.0,101966393#1_0,101966393#1,0,13.89,16.15,0,0.0,13.89,,,,,,-0.12,-1.31,0
0,60.0,101966393#2_0,101966393#2,0,13.89,15.9,0,0.0,13.89,103.86,102.23,-2.16,13.53,11.61,-1.78,-5.0,6
0,60.0,101966397#1_0,101966397#1,0,13.89,13.89,0,0.0,13.89,112.4,88.96,8.15,12.04,8.1,-1.53,-5.0,10
0,60.0,101966443#5_0,101966443#5,0,22.22,18.0,0,0.0,22.22,,,,,,-3.34,-5.0,4
0,60.0,101966508_0,101966508,0,13.89,13.73,0,0.0,13.89,26.17,15.24,2.49,2.49,1.7,-0.61,-5.0,8
0,60.0,101966510#0_0,101966510#0,0,22.22,16.77,0,0.0,22.22,,,,,,2.33,1.41,0
0,60.0,101966510#1_0,101966510#1,0,22.22,17.52,0,0.0,22.22,,,,,,-0.11,-1.48,0
0,60.0,101966510#2_0,101966510#2,0,22.22,17.87,0,0.0,22.22,,,,,,0.06,-2.24,0
0,60.0,101966510#3_0,101966510#3,0,22.22,17.44,0,0.0,22.22,,,,,,0.06,-0.69,0
0,60.0,101966510#4_0,101966510#4,1,16.95,17.94,0,0.01,22.22,107.02,93.89,7.45,6.16,5.54,-0.15,-2.08,0
0,60.0,101972889_0,101972889,3,2.43,2.93,0,0.21,2.78,7.46,3.35,0.33,2.87,1.24,-0.11,-3.72,2
0,60.0,101972892#1_0,101972892#1,1,10.58,13.55,0,0.15,13.89,22.75,10.72,2.69,2.43,1.4,-1.93,-5.0,16
0,60.0,101972898#1_0,101972898#1,2,7.34,11.71,0,0.1,13.89,59.85,14.05,-5.11,8.15,2.21,1.15,-1.51,0
0,60.0,101972898#2_0,101972898#2,0,13.89,13.67,0,0.0,13.89,74.89,57.69,1.82,6.17,4.57,0.34,-1.44,0
0,60.0,101972898#3_0,101972898#3,0,13.89,14.17,0,0.0,13.89,51.55,42.06,1.56,4.52,3.36,-0.99,-5.0,4
0,60.0,101972924#0_0,101972924#0,0,22.22,16.89,0,0.0,22.22,125.29,83.42,-6.47,14.82,10.95,1.48,-0.8,0
0,60.0,101972924#2_0,101972924#2,0,22.22,17.6,0,0.0,22.22,145.76,136.62,2.15,10.06,8.27,-0.04,-0.78,0
0,60.0,101972924#3_0,101972924#3,0,22.22,17.51,0,0.0,22.22,106.81,80.21,13.07,6.55,4.93,-0.07,-1.54,0
0,60.0,101972924#5_0,101972924#5,2,8.25,17.93,1,0.11,22.22,31.67,1.78,-1.7,12.82,1.54,-1.38,-5.0,10
0,60.0,102688628#0_0,102688628#0,0,22.22,17.74,0,0.09,22.22,130.23,125.59,8.24,7.96,7.82,-0.12,-1.26,0
0,60.0,102688628#1_0,102688628#1,0,22.22,17.95,0,0.0,22.22,,,,,,-0.14,-1.63,0
0,60.0,102688628#2_0,102688628#2,0,22.22,16.92,0,0.0,22.22,67.08,62.07,10.89,4.92,4.68,-0.19,-1.08,0
0,60.0,102688628#3_0,102688628#3,1,4.4,17.79,0,0.06,22.22,43.28,2.64,1.35,4.16,0.6,-2.44,-5.0,10
0,60.0,102688628#4_0,102688628#4,0,22.22,13.98,0,0.0,22.22,10.82,10.08,-1.09,1.28,1.13,1.65,-1.02,0
0,60.0,102688628#5_0,102688628#5,2,14.47,16.63,0,0.08,22.22,14.08,13.53,-1.92,1.09,1.09,0.04,-5.0,4
0,60.0,102688631#1_0,102688631#1,1,11.91,12.28,0,0.03,11.11,120.84,120.74,0.35,11.34,10.93,0.93,-0.74,0
0,60.0,102688631#3_0,102688631#3,0,11.11,10.61,0,0.0,11.11,72.43,43.92,-0.79,9.41,4.64,1.24,-1.07,0
0,60.0,102688631#4_0,102688631#4,1,11.82,11.82,0,0.36,11.11,66.08,42.36,1.8,5.78,3.75,0.47,-1.07,0
0,60.0,102688631#5_0,102688631#5,0,11.11,11.54,0,0.0,11.11,30.76,24.65,2.16,3.04,2.22,-0.49,-5.0,3
0,60.0,102690982#1_0,102690982#1,1,12.07,12.75,0,0.06,11.11,58.1,45.55,-2.24,6.35,4.01,1.27,-1.37,0
0,60.0,102690982#2_0,102690982#2,1,12.58,13.04,0,0.02,11.11,56.44,30.12,0.29,5.02,2.31,0.05,-1.75,0
0,60.0,102690982#3_0,102690982#3,0,11.11,12.98,0,0.0,11.11,32.85,13.48,2.57,3.27,1.43,-0.79,-5.0,7
0,60.0,102690982#4_0,102690982#4,0,11.11,10.97,0,0.0,11.11,,,,,,-0.26,-3.98,3
0,60.0,102690983#0_0,102690983#0,0,22.22,15.2,0,0.0,22.22,108.74,93.37,1.84,8.04,6.24,1.0,-0.16,0
0,60.0,102690983#2_0,102690983#2,0,22.22,17.04,0,0.0,22.22,87.5,86.89,2.6,5.42,5.37,-0.28,-0.99,0
0,60.0,102690983#3_0,102690983#3,0,22.22,17.55,0,0.0,22.22,92.21,57.61,4.74,6.38,3.53,0.0,-1.03,0
0,60.0,102690983#4_0,102690983#4,0,22.22,17.79,0,0.01,22.22,20.64,0.1,4.72,2.11,1.82,-2.13,-5.0,14
0,60.0,102691001#0_0,102691001#0,0,11.11,9.27,0,0.0,11.11,10.79,9.32,0.01,1.24,1.05,-0.01,-1.45,0
0,60.0,102691001#1_0,102691001#1,3,0.26,9.18,1,0.2,11.11,5.79,0.08,1.27,1.03,0.51,-0.98,-5.0,5
0,60.0,102784452#3_0,102784452#3,0,27.78,14.57,0,0.0,27.78,128.11,121.66,-3.59,12.19,9.94,1.59,0.02,0
0,60.0,102784452#4_0,102784452#4,1,5.59,17.31,0,0.06,27.78,156.9,37.62,-5.71,25.22,7.79,-1.02,-5.0,6
0,60.0,102784452#6_0,102784452#6,0,27.78,18.0,0,0.0,27.78,,,,,,-1.69,-5.0,2
0,60.0,102961717#3_0,102961717#3,0,13.89,12.4,0,0.0,13.89,15.53,9.58,-1.14,1.63,1.03,1.01,-1.91,0
0,60.0,102961717#4_0,102961717#4,0,13.89,11.23,0,0.0,13.89,10.79,8.27,1.4,1.36,1.06,-0.97,-3.46,3
0,60.0,102961744_0,102961744,0,13.89,13.71,0,0.0,13.89,,,,,,-1.19,-4.51,2
0,60.0,103050320_0,103050320,1,1.88,2.95,0,0.02,2.78,,,,,,-0.07,-1.42,0
0,60.0,103082294_0,103082294,0,13.89,8.57,0,0.0,13.89,,,,,,0.16,-4.0,4
0,60.0,103082314#0_0,103082314#0,0,11.11,11.09,0,0.0,11.11,,,,,,0.0,0.0,0
0,60.0,103082314#1_0,103082314#1,0,11.11,11.01,0,0.0,11.11,,,,,,-0.03,-2.04,0
0,60.0,103082314#3_0,103082314#3,0,11.11,10.99,0,0.01,11.11,,,,,,-1.79,-4.39,3
0,60.0,103082326#0_0,103082326#0,1,14.04,14.04,0,0.03,13.89,117.18,94.02,9.3,12.43,6.69,1.14,-5.0,1
0,60.0,103230607#1_0,103230607#1,0,13.89,12.39,0,0.0,13.89,19.87,9.22,-2.98,2.27,1.07,1.31,0.13,0
0,60.0,103230607#2_0,103230607#2,0,13.89,14.99,0,0.0,13.89,27.3,13.78,0.81,2.06,1.02,0.37,-1.9,0
0,60.0,103230607#3_0,103230607#3,0,13.89,14.03,0,0.0,13.89,13.86,8.98,0.22,1.88,1.09,-0.4,-4.85,6
0,60.0,103230607#5_0,103230607#5,0,13.89,13.89,0,0.0,13.89,,,,,,-0.58,-5.0,6
0,60.0,104043544#2_0,104043544#2,0,22.22,10.42,0,0.0,22.22,,,,,,1.43,0.51,0
0,60.0,104043544#4_0,104043544#4,0,22.22,17.95,0,0.0,22.22,27.06,12.9,-0.25,1.73,0.93,0.14,-2.11,0
0,60.0,104043544#5_0,104043544#5,0,22.22,16.98,0,0.0,22.22,23.16,20.11,-1.19,1.56,1.18,0.42,-0.48,0
0,60.0,104043544#6_0,104043544#6,0,22.22,16.83,0,0.0,22.22,25.19,19.72,-0.68,1.73,1.17,-0.2,-1.37,0
0,60.0,104043544#7_0,104043544#7,0,22.22,16.47,0,0.0,22.22,21.12,16.91,3.81,1.57,1.15,-0.88,-3.78,1
0,60.0,104043544#8_0,104043544#8,1,3.17,13.74,0,0.11,22.22,9.19,0.0,-1.74,5.8,0.55,-0.2,-5.0,12
0,60.0,1087118361#11_0,1087118361#11,0,27.78,14.92,0,0.0,27.78,,,,,,-1.76,-5.0,11
0,60.0,1087118361#2_0,1087118361#2,0,27.78,18.0,0,0.0,27.78,62.88,21.02,7.66,4.24,1.82,-0.56,-3.09,1
0,60.0,1087118361#3_0,1087118361#3,0,27.78,3.51,0,0.0,27.78,34.47,34.47,-11.03,12.92,12.92,0.41,-0.42,0
0,60.0,1087118361#4_0,1087118361#4,0,27.78,14.74,0,0.0,27.78,43.07,13.11,0.22,5.37,1.35,1.0,-0.21,0
0,60.0,1087118361#5_0,1087118361#5,0,27.78,16.04,0,0.0,27.78,30.62,11.99,2.95,2.77,1.01,0.71,-4.75,1
0,60.0,1087118361#8_0,1087118361#8,0,27.78,18.0,0,0.0,27.78,,,,,,-1.01,-1.66,0
0,60.0,1087118361#9_0,1087118361#9,0,27.78,11.95,0,0.0,27.78,1.96,1.96,-7.08,0.44,0.44,-5.0,-5.0,4
0,60.0,1124089274_1,1124089274,0,27.78,17.95,0,0.0,27.78,,,,,,1.58,-0.66,0
0,60.0,1124089275#0_1,1124089275#0,0,27.78,17.75,0,0.0,27.78,,,,,,0.2,-0.6,0
0,60.0,1124089275#1_1,1124089275#1,0,27.78,17.99,0,0.0,27.78,,,,,,-0.26,-0.96,0
0,60.0,1124089275#2_1,1124089275#2,0,27.78,17.92,0,0.0,27.78,,,,,,0.04,-1.85,0
0,60.0,1124379127#0_1,1124379127#0,0,16.67,15.5,0,0.0,16.67,,,,,,1.35,-0.98,0
0,60.0,1124379127#1_1,1124379127#1,1,15.36,15.36,0,0.03,16.67,,,,,,0.62,0.29,0
0,60.0,1124382852_0,1124382852,1,13.31,17.9,0,0.01,27.78,,,,,,0.72,-1.96,0
0,60.0,1124382853#5_0,1124382853#5,0,27.78,7.51,0,0.0,27.78,210.79,207.54,-13.75,56.12,50.83,0.73,-4.85,1
0,60.0,1126633510#1_1,1126633510#1,0,11.11,11.3,0,0.0,11.11,,,,,,-0.02,-1.62,0
0,60.0,1126633510#2_0,1126633510#2,0,11.11,10.91,0,0.0,11.11,,,,,,-2.2,-5.0,5
0,60.0,1126641020#0_0,1126641020#0,0,27.78,17.87,0,0.0,27.78,,,,,,-0.11,-1.1,0
0,60.0,1126641021_0,1126641021,0,27.78,18.0,0,0.0,27.78,,,,,,-0.05,-2.24,0
0,60.0,1130603776#0_1,1130603776#0,1,17.96,17.96,0,0.02,16.67,,,,,,0.07,-1.59,0
0,60.0,1132632802#0_0,1132632802#0,1,6.47,13.41,0,0.05,27.78,98.2,64.39,-3.81,14.33,10.27,1.34,0.41,0
0,60.0,1132632802#1_0,1132632802#1,0,27.78,15.32,0,0.0,27.78,,,,,,1.0,0.81,0
0,60.0,1147855373#1_0,1147855373#1,0,13.89,11.54,0,0.0,13.89,11.55,8.96,0.99,1.48,1.11,-0.72,-4.01,5
0,60.0,1192799363#0_0,1192799363#0,1,13.27,14.7,0,0.07,16.67,,,,,,-0.13,-0.93,0
0,60.0,1192799363#1_0,1192799363#1,0,16.67,15.01,0,0.0,16.67,,,,,,-0.01,-1.72,0
0,60.0,1192799363#2_0,1192799363#2,1,13.93,14.98,0,0.02,16.67,,,,,,-0.12,-1.76,0
0,60.0,1192799364_0,1192799364,0,16.67,14.43,0,0.0,16.67,,,,,,-0.11,-1.3,0
0,60.0,1192799365_1,1192799365,0,11.11,10.7,0,0.0,11.11,,,,,,-1.33,-5.0,2
0,60.0,1192799366_0,1192799366,0,16.67,15.0,0,0.0,16.67,,,,,,-0.04,-2.4,0
0,60.0,1196271501#0_0,1196271501#0,1,10.68,10.99,0,0.08,11.11,157.92,157.92,1.18,14.79,14.79,-1.05,-5.0,2
0,60.0,1196271501#1_0,1196271501#1,0,11.11,10.44,0,0.0,11.11,,,,,,-0.15,-1.68,0
0,60.0,1196271501#2_0,1196271501#2,1,9.5,10.53,0,0.03,11.11,,,,,,-0.07,-1.35,0
0,60.0,1198952555#3_0,1198952555#3,0,11.11,9.91,0,0.02,11.11,,,,,,-0.88,-4.34,2
0,60.0,1199457540#0_0,1199457540#0,1,17.84,17.84,0,0.1,22.22,,,,,,0.67,0.23,0
0,60.0,1199457540#2_0,1199457540#2,0,22.22,7.23,0,0.0,22.22,55.53,25.5,-1.93,8.97,3.53,-0.25,-4.0,1
0,60.0,1251129390#1_1,1251129390#1,0,11.11,11.11,0,0.0,11.11,70.44,51.32,1.03,7.51,4.77,-0.4,-4.55,5
0,60.0,1251129390#2_0,1251129390#2,0,11.11,11.11,0,0.0,11.11,,,,,,-0.26,-1.02,0
0,60.0,1251129390#2_1,1251129390#2,0,11.11,12.61,0,0.0,11.11,,,,,,0.49,-0.36,0
0,60.0,1251129390#3_0,1251129390#3,0,11.11,11.14,0,0.0,11.11,,,,,,0.04,-0.6,0
0,60.0,1251129390#3_1,1251129390#3,2,10.76,12.79,0,0.04,11.11,60.41,49.18,-0.66,6.28,4.94,0.14,-3.45,1
0,60.0,1251129391_0,1251129391,0,11.11,12.83,0,0.0,11.11,87.72,80.63,-0.32,8.13,7.26,-0.01,-1.63,0
0,60.0,1288011209_0,1288011209,1,11.03,12.79,0,0.06,11.11,59.93,14.01,-0.25,6.0,1.65,-0.38,-5.0,8
0,60.0,1312946259#3_0,1312946259#3,0,11.11,11.19,0,0.0,11.11,123.16,116.56,-0.7,94.82,10.54,-0.79,-5.0,4
0,60.0,1312946259#4_0,1312946259#4,0,11.11,10.69,0,0.0,11.11,103.14,91.41,8.51,12.55,8.55,1.85,0.74,0
0,60.0,1312946260_0,1312946260,2,5.4,11.26,1,0.09,11.11,100.3,44.6,3.14,40.44,4.13,-0.1,-4.0,5
0,60.0,135461188#3_0,135461188#3,0,11.11,12.93,0,0.01,11.11,,,,,,-0.69,-4.77,5
0,60.0,1387728842#0_0,1387728842#0,1,8.91,9.99,0,0.04,11.11,11.81,8.0,-0.34,1.43,1.01,0.39,-1.96,0
0,60.0,1387728842#1_0,1387728842#1,0,11.11,9.73,0,0.0,11.11,11.39,9.81,0.16,1.26,1.12,-0.25,-1.66,0
0,60.0,1389216080#0_0,1389216080#0,0,11.11,11.0,0,0.0,11.11,69.99,64.8,10.66,6.56,6.41,-0.05,-1.52,0
0,60.0,1389216080#2_0,1389216080#2,2,5.09,10.5,1,0.09,11.11,78.49,18.81,-10.91,26.98,2.19,-0.45,-5.0,3
0,60.0,1434291944#0_0,1434291944#0,0,22.22,18.0,0,0.0,22.22,,,,,,-0.05,-1.4,0
0,60.0,1434291944#1_0,1434291944#1,0,22.22,17.83,0,0.0,22.22,,,,,,-0.09,-1.85,0
0,60.0,1434291944#2_0,1434291944#2,0,22.22,17.96,0,0.0,22.22,,,,,,0.11,-1.71,0
0,60.0,1434292703#1_0,1434292703#1,1,11.38,12.62,0,0.05,13.89,68.62,68.62,0.61,10.07,10.07,0.22,-5.0,7
0,60.0,1530047251#1_0,1530047251#1,0,16.67,16.68,0,0.0,16.67,,,,,,-0.31,-1.8,0
0,60.0,1530047253#0_1,1530047253#0,0,16.67,13.36,0,0.03,16.67,,,,,,0.28,-5.0,2
0,60.0,27553246#0_0,27553246#0,0,11.11,13.07,0,0.0,11.11,,,,,,0.28,-5.0,2
0,60.0,50219794#10_0,50219794#10,0,11.11,9.31,0,0.0,11.11,,,,,,0.32,-0.32,0
0,60.0,50219794#11_0,50219794#11,1,8.35,9.44,0,0.05,11.11,,,,,,-0.07,-1.85,0
0,60.0,50219794#15_1,50219794#15,0,11.11,10.81,0,0.0,11.11,,,,,,-0.14,-2.06,0
0,60.0,50219794#9_0,50219794#9,0,11.11,9.3,0,0.0,11.11,,,,,,-0.54,-1.65,0
0,60.0,50219794#9_1,50219794#9,0,11.11,9.22,0,0.0,11.11,,,,,,0.83,-1.56,0
0,60.0,52085869#0_0,52085869#0,2,9.91,10.61,0,0.05,11.11,26.44,26.09,1.45,2.56,2.46,0.22,-1.42,0
0,60.0,52097266#1_0,52097266#1,0,11.11,9.94,0,0.0,11.11,14.42,7.13,0.94,1.64,1.17,-0.32,-4.26,2
0,60.0,52152302#3_0,52152302#3,0,22.22,14.89,0,0.0,22.22,13.42,7.58,0.16,1.44,1.04,0.08,-5.0,7
0,60.0,52152313#0_0,52152313#0,0,13.89,13.68,0,0.0,13.89,,,,,,-0.05,-1.31,0
0,60.0,52152313#1_0,52152313#1,1,12.25,13.64,0,0.01,13.89,,,,,,-0.07,-2.1,0
0,60.0,52155433#0_0,52155433#0,1,16.45,16.45,0,0.05,16.67,,,,,,0.07,-1.54,0
0,60.0,52155433#1_0,52155433#1,0,16.67,14.97,0,0.0,16.67,,,,,,0.19,-0.63,0
0,60.0,52155735#0_0,52155735#0,1,8.45,17.91,0,0.04,22.22,,,,,,1.37,-2.3,0
0,60.0,52155735#1_0,52155735#1,0,22.22,17.91,0,0.0,22.22,,,,,,-0.14,-1.61,0
0,60.0,52155737#0_0,52155737#0,0,13.89,11.23,0,0.0,13.89,123.43,118.29,-5.24,27.9,17.29,0.69,-5.0,1
0,60.0,52155744#1_0,52155744#1,0,13.89,14.89,0,0.0,13.89,117.06,93.26,2.0,8.35,6.75,-0.0,-2.29,0
0,60.0,52155744#2_0,52155744#2,0,13.89,15.04,0,0.0,13.89,101.15,82.91,3.92,7.22,6.07,-0.03,-2.13,0
0,60.0,52155744#3_0,52155744#3,0,13.89,14.97,0,0.0,13.89,64.05,35.48,5.57,4.99,2.77,-0.74,-5.0,11
0,60.0,562694503#1_0,562694503#1,1,12.29,12.59,0,0.02,13.89,,,,,,-0.15,-0.96,0
0,60.0,563022376#1_0,563022376#1,0,11.11,10.13,0,0.0,11.11,,,,,,0.98,-0.99,0
0,60.0,689627819_0,689627819,0,13.89,12.9,0,0.0,13.89,19.45,9.95,-0.33,2.4,1.16,-0.15,-5.0,11
0,60.0,696897744#1_0,696897744#1,0,11.11,12.42,0,0.0,11.11,,,,,,-0.13,-4.07,1
0,60.0,749341589#0_0,749341589#0,1,10.9,12.94,0,0.09,11.11,56.55,13.2,3.21,5.13,1.24,0.3,-1.2,0
0,60.0,749341589#1_0,749341589#1,0,11.11,12.96,0,0.0,11.11,46.0,42.55,1.05,5.33,3.99,-0.6,-5.0,6
0,60.0,995139946_0,995139946,2,1.99,2.53,0,0.07,2.78,38.64,1.99,-3.3,19.86,1.02,-0.01,-1.62,0
0,60.0,:10279701147_0_1,:10279701147_0,0,27.78,16.74,0,0.0,27.78,,,,,,-0.04,-0.04,0
0,60.0,:10281958927_0_1,:10281958927_0,0,16.67,14.43,0,0.0,16.67,,,,,,-1.16,-1.16,0
0,60.0,:10281958933_2_0,:10281958933_2,1,5.42,5.42,0,0.06,6.01,,,,,,-5.0,-5.0,1
0,60.0,:10560867452_1_0,:10560867452_1,0,11.11,10.86,0,0.0,11.11,,,,,,-0.87,-0.87,0
0,60.0,:10680197995_4_0,:10680197995_4,0,7.43,7.95,0,0.0,7.43,9.75,8.9,0.0,1.37,1.14,-0.07,-4.95,1
0,60.0,:10943498141_2_0,:10943498141_2,0,3.65,4.27,0,0.0,3.65,,,,,,-2.3,-2.3,0
0,60.0,:10943498141_3_0,:10943498141_3,1,12.23,14.91,0,0.18,13.89,30.53,30.53,4.07,2.5,2.5,1.79,1.2,0
0,60.0,:10943498141_9_0,:10943498141_9,0,3.65,4.19,0,0.0,3.65,129.41,128.43,-3.6,35.99,35.52,-0.47,-2.05,0
0,60.0,:10943736751_0_0,:10943736751_0,0,16.67,15.01,0,0.0,16.67,,,,,,0.11,-1.66,0
0,60.0,:11282869379_6_0,:11282869379_6,0,11.11,10.91,0,0.0,11.11,,,,,,-1.13,-1.13,0
0,60.0,:1174832475_0_0,:1174832475_0,0,6.83,7.28,0,0.0,6.83,10.01,8.94,-0.72,1.51,1.29,-0.97,-5.0,1
0,60.0,:1174832811_0_0,:1174832811_0,0,11.11,9.59,0,0.0,11.11,10.86,9.83,0.17,1.17,1.09,0.23,-1.63,0
0,60.0,:1174832816_2_0,:1174832816_2,0,6.39,5.68,0,0.0,6.39,,,,,,-0.22,-1.68,0
0,60.0,:1174832834_0_0,:1174832834_0,0,8.93,8.51,0,0.0,8.93,110.9,80.71,3.1,13.35,9.61,0.88,-0.55,0
0,60.0,:1174832855_7_0,:1174832855_7,0,10.5,9.57,0,0.0,10.5,,,,,,1.18,0.45,0
0,60.0,:1174833147_12_0,:1174833147_12,0,8.29,8.91,0,0.0,8.29,,,,,,1.15,-1.36,0
0,60.0,:1176977350_4_0,:1176977350_4,0,8.05,7.94,0,0.0,8.05,,,,,,-0.67,-4.3,1
0,60.0,:1176977542_0_0,:1176977542_0,0,6.35,6.18,0,0.0,6.35,10.28,6.63,-2.13,1.97,1.3,0.18,-1.16,0
0,60.0,:1176977542_5_0,:1176977542_5,0,13.89,14.22,0,0.0,13.89,19.36,12.07,3.14,1.48,1.03,-0.63,-2.21,0
0,60.0,:1176978438_0_0,:1176978438_0,1,6.06,6.06,0,0.34,6.09,,,,,,-0.51,-3.3,1
0,60.0,:1177160369_3_0,:1177160369_3,0,22.22,17.17,0,0.0,22.22,,,,,,-0.28,-0.28,0
0,60.0,:1177160399_0_0,:1177160399_0,0,6.68,7.48,0,0.0,6.68,50.58,42.12,-4.86,7.24,5.7,0.55,-2.13,0
0,60.0,:1177160403_0_0,:1177160403_0,0,11.11,10.47,0,0.0,11.11,,,,,,0.41,-1.13,0
0,60.0,:1177160471_0_0,:1177160471_0,0,13.89,13.18,0,0.0,13.89,21.67,17.47,4.46,1.81,1.61,0.04,-3.46,1
0,60.0,:1177160515_3_0,:1177160515_3,0,6.06,7.14,0,0.0,6.06,77.05,76.57,2.67,11.32,10.86,-2.0,-5.0,2
0,60.0,:1177160556_0_0,:1177160556_0,0,16.67,14.01,0,0.0,16.67,,,,,,-0.08,-0.26,0
0,60.0,:1177160566_4_0,:1177160566_4,0,22.22,17.33,0,0.0,22.22,84.16,78.4,9.97,6.27,5.8,-0.15,-0.66,0
0,60.0,:1177160571_7_0,:1177160571_7,0,22.22,17.93,0,0.0,22.22,,,,,,0.35,-0.89,0
0,60.0,:1177160599_7_0,:1177160599_7,0,18.05,10.3,0,0.0,18.05,26.59,11.98,-3.93,3.32,1.2,1.43,0.45,0
0,60.0,:1177160675_6_0,:1177160675_6,0,13.89,13.99,0,0.0,13.89,51.54,51.24,1.1,3.88,3.66,1.64,0.77,0
0,60.0,:1177160687_0_0,:1177160687_0,0,11.11,10.96,0,0.0,11.11,,,,,,-0.28,-0.47,0
0,60.0,:1177160691_0_0,:1177160691_0,0,22.22,16.92,0,0.07,22.22,23.2,14.36,0.4,1.71,1.05,0.05,-0.5,0
0,60.0,:1177160765_4_0,:1177160765_4,0,11.11,10.81,0,0.0,11.11,,,,,,0.06,-0.34,0
0,60.0,:1177160773_0_0,:1177160773_0,0,22.22,17.64,0,0.0,22.22,,,,,,0.38,0.38,0
0,60.0,:1177160807_4_0,:1177160807_4,0,8.92,9.3,0,0.0,8.92,107.59,106.5,-2.17,12.61,12.24,1.07,-0.32,0
0,60.0,:1177160864_2_0,:1177160864_2,0,8.8,7.19,0,0.0,8.8,39.41,17.62,-3.56,8.91,3.5,0.6,-3.99,1
0,60.0,:1177160866_3_0,:1177160866_3,0,22.22,17.88,0,0.0,22.22,85.36,85.36,3.04,5.15,5.15,0.29,-0.92,0
0,60.0,:1177161018_0_0,:1177161018_0,0,13.89,15.99,0,0.0,13.89,,,,,,-0.08,-1.3,0
0,60.0,:1177161022_2_0,:1177161022_2,0,22.22,14.38,0,0.0,22.22,12.39,12.08,-1.2,1.09,1.08,1.37,0.55,0
0,60.0,:1177161049_7_0,:1177161049_7,0,22.22,17.92,0,0.0,22.22,,,,,,-0.12,-0.48,0
0,60.0,:1177161074_3_0,:1177161074_3,0,22.22,17.64,0,0.0,22.22,,,,,,-0.79,-1.2,0
0,60.0,:1177161154_1_0,:1177161154_1,0,13.89,11.34,0,0.0,13.89,26.11,15.67,-2.55,3.46,1.68,1.6,0.65,0
0,60.0,:1177161154_5_0,:1177161154_5,0,11.11,11.12,0,0.0,11.11,,,,,,0.24,-0.32,0
0,60.0,:1177161157_3_0,:1177161157_3,0,22.22,17.72,0,0.0,22.22,,,,,,1.91,1.91,0
0,60.0,:1177161219_0_0,:1177161219_0,0,6.16,4.1,0,0.0,6.16,23.84,8.1,-11.74,9.54,8.75,1.37,0.75,0
0,60.0,:1177161219_1_0,:1177161219_1,1,8.07,9.77,0,0.34,22.22,,,,,,2.11,1.32,0
0,60.0,:1177161219_2_0,:1177161219_2,0,27.78,15.12,0,0.0,27.78,136.53,135.72,-3.32,9.52,9.37,1.15,1.1,0
0,60.0,:1177161474_3_1,:1177161474_3,0,11.11,10.52,0,0.0,11.11,,,,,,-0.24,-1.43,0
0,60.0,:1177161483_1_0,:1177161483_1,0,9.98,6.14,0,0.71,9.98,46.34,2.48,-4.9,13.24,7.33,-2.65,-5.0,4
0,60.0,:1177161483_3_0,:1177161483_3,0,5.87,5.56,0,0.0,5.87,,,,,,-1.81,-5.0,1
0,60.0,:1177161483_7_0,:1177161483_7,0,22.22,10.98,0,0.0,22.22,,,,,,2.12,0.66,0
0,60.0,:1177161483_9_0,:1177161483_9,1,7.04,7.04,0,0.0,9.98,13.26,4.54,-2.86,3.12,1.49,2.05,0.6,0
0,60.0,:1177161504_6_0,:1177161504_6,0,22.22,16.87,0,0.0,22.22,44.15,14.79,-0.56,3.2,1.09,-0.51,-1.78,0
0,60.0,:1177161547_7_0,:1177161547_7,0,22.22,16.9,0,0.0,22.22,,,,,,0.0,-0.08,0
0,60.0,:1177161549_7_0,:1177161549_7,0,22.22,17.6,0,0.0,22.22,,,,,,-0.31,-1.09,0
0,60.0,:1177161612_6_0,:1177161612_6,0,22.22,17.49,0,0.0,22.22,32.58,14.83,-0.09,2.36,1.07,0.29,-0.85,0
0,60.0,:1177161645_5_0,:1177161645_5,0,22.22,17.19,0,0.0,22.22,41.09,14.57,-0.62,3.03,1.07,-0.41,-1.31,0
0,60.0,:1177161675_4_0,:1177161675_4,0,7.88,7.85,0,0.0,7.88,20.26,14.86,-1.29,2.68,2.01,0.06,-2.53,0
0,60.0,:1177211334_0_0,:1177211334_0,0,13.89,13.48,0,0.0,13.89,87.14,85.25,6.84,6.52,6.44,0.09,-1.52,0
0,60.0,:1177211334_3_0,:1177211334_3,0,6.54,6.42,0,0.47,6.54,39.49,12.22,-5.23,7.01,1.97,-0.09,-3.31,1
0,60.0,:1177211468_0_0,:1177211468_0,0,13.89,11.88,0,0.0,13.89,48.72,19.7,-0.49,4.48,1.91,1.57,0.48,0
0,60.0,:1177211474_4_0,:1177211474_4,0,13.89,12.72,0,0.0,13.89,75.51,56.11,-1.43,7.05,4.9,1.39,0.5,0
0,60.0,:1177211571_4_0,:1177211571_4,0,13.89,13.81,0,0.0,13.89,36.58,19.52,5.33,2.9,1.51,-0.13,-0.97,0
0,60.0,:1177211573_5_0,:1177211573_5,0,11.11,11.04,0,0.0,11.11,,,,,,0.9,0.71,0
0,60.0,:1177211724_7_0,:1177211724_7,0,22.22,17.73,0,0.0,22.22,139.37,132.5,5.29,9.37,8.22,0.23,-0.67,0
0,60.0,:1177211769_4_0,:1177211769_4,0,8.98,8.52,0,0.0,8.98,43.53,11.63,-4.09,6.17,1.39,1.01,-0.91,0
0,60.0,:1177211785_0_0,:1177211785_0,0,27.78,14.45,0,0.0,27.78,,,,,,-4.07,-4.07,1
0,60.0,:1177211785_6_0,:1177211785_6,0,27.78,15.47,0,0.0,27.78,63.77,58.65,-10.24,8.8,8.58,0.69,0.45,0
0,60.0,:1177211896_0_0,:1177211896_0,0,7.27,7.58,0,0.0,7.27,68.7,68.18,-0.67,11.27,10.82,0.44,-2.06,0
0,60.0,:1177211991_8_0,:1177211991_8,1,2.32,2.45,0,0.02,2.78,5.41,2.4,-0.02,2.51,1.1,0.02,-1.01,0
0,60.0,:1177212025_4_0,:1177212025_4,0,22.22,16.67,0,0.0,22.22,26.67,19.55,0.92,1.89,1.17,0.37,-0.49,0
0,60.0,:1177212025_6_0,:1177212025_6,0,22.22,16.3,0,0.0,22.22,45.26,14.07,0.99,3.37,1.05,0.84,0.27,0
0,60.0,:1177212077_0_0,:1177212077_0,0,22.22,15.55,0,0.0,22.22,14.41,13.03,4.73,1.37,1.17,-2.66,-3.8,2
0,60.0,:1177212077_6_0,:1177212077_6,0,22.22,12.49,0,0.0,22.22,57.74,11.41,-4.29,6.04,1.04,1.68,1.04,0
0,60.0,:1177212157_0_0,:1177212157_0,0,27.78,14.57,0,0.0,27.78,39.94,12.32,1.45,4.25,1.25,0.92,-0.37,0
0,60.0,:1177212157_2_0,:1177212157_2,0,27.78,15.28,0,0.0,27.78,12.83,5.17,8.36,1.42,1.05,-3.71,-5.0,7
0,60.0,:1177212157_5_0,:1177212157_5,0,7.19,6.97,0,0.0,7.19,,,,,,-0.27,-2.63,0
0,60.0,:11843639551_0_0,:11843639551_0,0,11.11,11.17,0,0.0,11.11,,,,,,0.05,-0.81,0
0,60.0,:11843639551_0_1,:11843639551_0,0,11.11,11.93,0,0.0,11.11,,,,,,-0.41,-1.01,0
0,60.0,:11843639551_3_0,:11843639551_3,0,8.92,8.37,0,0.0,8.92,54.95,46.52,-2.92,6.91,6.0,0.11,-3.11,1
0,60.0,:1186025321_5_0,:1186025321_5,0,13.89,11.74,0,0.0,13.89,,,,,,0.9,0.49,0
0,60.0,:1187083424_1_0,:1187083424_1,0,12.3,13.7,0,0.0,12.3,,,,,,-0.23,-0.38,0
0,60.0,:1187083424_2_0,:1187083424_2,0,10.93,12.6,0,0.0,10.93,53.04,53.04,3.0,4.21,4.21,-1.87,-4.52,1
0,60.0,:1189036468_3_0,:1189036468_3,1,16.3,17.92,0,0.18,22.22,119.64,119.64,11.89,7.34,7.34,0.42,0.35,0
0,60.0,:1189036489_6_0,:1189036489_6,0,13.89,14.78,0,0.0,13.89,13.31,11.8,-1.61,1.1,0.99,0.04,-1.26,0
0,60.0,:1189036513_4_0,:1189036513_4,0,13.89,13.67,0,0.0,13.89,26.28,13.52,-1.8,2.21,1.06,1.34,0.68,0
0,60.0,:1189036615_2_0,:1189036615_2,0,22.22,17.18,0,0.0,22.22,57.79,57.79,8.56,4.29,4.29,0.48,0.43,0
0,60.0,:1189036737_5_0,:1189036737_5,0,22.22,17.16,0,0.0,22.22,39.55,14.92,-0.07,2.81,1.13,0.03,-0.63,0
0,60.0,:1189036766_0_0,:1189036766_0,0,13.89,12.14,0,0.0,13.89,14.43,11.5,1.2,1.27,0.99,-0.66,-2.75,0
0,60.0,:1189036795_0_0,:1189036795_0,0,16.67,14.69,0,0.0,16.67,,,,,,-0.23,-1.02,0
0,60.0,:1189036817_0_0,:1189036817_0,0,16.67,14.95,0,0.0,16.67,,,,,,1.6,1.6,0
0,60.0,:1189036857_1_0,:1189036857_1,0,22.22,16.81,0,0.0,22.22,26.96,14.37,3.45,2.0,1.08,-0.1,-1.6,0
0,60.0,:1189036870_3_0,:1189036870_3,0,11.11,9.07,0,0.0,11.11,,,,,,0.15,-1.44,0
0,60.0,:1189036932_6_0,:1189036932_6,0,6.18,6.46,0,0.0,6.18,10.07,7.57,-1.79,1.68,1.25,-0.37,-2.33,0
0,60.0,:1189036937_1_0,:1189036937_1,0,22.22,16.75,0,0.0,22.22,40.02,14.55,0.26,2.92,1.07,-0.33,-1.36,0
0,60.0,:1189868548_2_1,:1189868548_2,0,27.78,17.31,0,0.0,27.78,,,,,,-0.51,-0.6,0
0,60.0,:1190100058_14_0,:1190100058_14,1,7.26,7.26,0,0.01,8.32,,,,,,2.09,2.09,0
0,60.0,:1190100061_0_0,:1190100061_0,0,22.22,17.87,0,0.0,22.22,,,,,,1.55,1.55,0
0,60.0,:1190100064_0_0,:1190100064_0,1,10.54,12.51,0,0.21,11.11,75.92,75.92,4.06,7.2,7.2,-1.11,-1.36,0
0,60.0,:1190100093_0_0,:1190100093_0,0,13.89,15.9,0,0.0,13.89,,,,,,0.11,-0.88,0
0,60.0,:1190100120_1_0,:1190100120_1,0,19.45,14.98,0,0.0,19.45,,,,,,-1.8,-4.46,1
0,60.0,:1190100139_1_0,:1190100139_1,0,11.11,10.57,0,0.0,11.11,,,,,,0.39,-1.11,0
0,60.0,:1190100178_6_0,:1190100178_6,0,11.11,11.27,0,0.0,11.11,,,,,,-0.84,-0.84,0
0,60.0,:1190100182_6_0,:1190100182_6,0,13.89,14.71,0,0.0,13.89,82.04,82.04,1.76,6.05,6.05,0.07,-0.2,0
0,60.0,:1190100185_0_0,:1190100185_0,0,27.78,14.73,0,0.0,27.78,,,,,,1.63,0.95,0
0,60.0,:1190100287_8_0,:1190100287_8,0,13.89,14.77,0,0.0,13.89,119.63,92.18,3.71,8.45,6.94,-0.15,-1.1,0
0,60.0,:1190100324_5_0,:1190100324_5,0,11.11,11.69,0,0.0,11.11,,,,,,0.41,-0.32,0
0,60.0,:1190100407_0_0,:1190100407_0,0,11.11,11.52,0,0.0,11.11,73.25,45.56,1.72,6.54,4.31,0.29,-0.95,0
0,60.0,:1190100439_2_0,:1190100439_2,0,13.89,12.89,0,0.0,13.89,,,,,,-1.06,-1.06,0
0,60.0,:1190100498_2_0,:1190100498_2,0,11.11,12.98,0,0.0,11.11,53.13,45.9,0.91,4.56,3.54,-0.11,-1.27,0
0,60.0,:1190100514_3_0,:1190100514_3,0,6.34,6.9,0,0.0,6.34,,,,,,-0.09,-2.79,0
0,60.0,:1190128192_0_0,:1190128192_0,0,22.22,17.29,0,0.0,22.22,49.43,49.43,16.36,2.99,2.99,0.28,0.07,0
0,60.0,:1190128211_0_0,:1190128211_0,0,7.81,8.22,0,0.0,7.81,26.27,22.72,7.21,3.64,3.18,-1.58,-4.0,2
0,60.0,:1190128211_10_0,:1190128211_10,0,7.57,5.65,0,0.0,7.57,25.7,23.84,-3.12,4.83,4.79,-4.31,-4.63,2
0,60.0,:1190128211_18_0,:1190128211_18,0,7.57,6.93,0,0.0,7.57,24.84,17.55,1.62,4.07,2.53,0.58,-0.64,0
0,60.0,:1190128211_5_0,:1190128211_5,1,8.9,8.9,0,0.01,13.89,29.49,29.49,8.07,3.31,3.31,2.61,2.61,0
0,60.0,:1190128222_10_0,:1190128222_10,0,7.97,7.38,0,0.0,7.97,135.8,135.76,-1.69,19.06,18.41,-0.77,-2.52,0
0,60.0,:1190128222_2_0,:1190128222_2,0,3.65,4.15,0,0.0,3.65,,,,,,-1.1,-1.69,0
0,60.0,:1190128222_7_0,:1190128222_7,0,7.97,8.15,0,0.0,7.97,134.17,134.17,-4.43,16.47,16.47,1.03,1.03,0
0,60.0,:1190128225_11_0,:1190128225_11,1,2.77,2.77,0,0.1,3.65,,,,,,-1.75,-1.75,0
0,60.0,:1190128225_8_0,:1190128225_8,0,3.65,3.64,0,1.16,3.65,,,,,,-2.28,-2.28,0
0,60.0,:1190128241_0_0,:1190128241_0,1,12.68,13.92,0,0.18,13.89,66.52,55.18,2.65,5.34,4.3,0.47,-1.2,0
0,60.0,:1190128241_3_0,:1190128241_3,0,7.25,7.24,0,0.0,7.25,,,,,,0.33,-1.08,0
0,60.0,:1190128257_4_0,:1190128257_4,0,6.24,6.33,0,0.0,6.24,,,,,,-0.43,-1.83,0
0,60.0,:1190128270_6_0,:1190128270_6,0,11.11,10.13,0,0.0,11.11,,,,,,-1.92,-1.92,0
0,60.0,:1190128289_0_0,:1190128289_0,0,13.89,10.5,0,0.0,13.89,40.17,11.58,-0.64,5.06,1.32,1.76,0.63,0
0,60.0,:1190128320_10_0,:1190128320_10,0,7.64,8.23,0,0.0,7.64,,,,,,0.68,-0.55,0
0,60.0,:1190128320_4_0,:1190128320_4,0,7.64,7.2,0,0.0,7.64,148.77,148.77,-8.42,20.65,20.65,-5.0,-5.0,1
0,60.0,:1190128345_6_0,:1190128345_6,0,11.11,10.54,0,0.0,11.11,,,,,,0.16,-0.79,0
0,60.0,:1191714336_4_0,:1191714336_4,0,22.22,16.66,0,0.0,22.22,24.35,19.92,-1.35,1.67,1.2,-0.38,-0.64,0
0,60.0,:1191714336_6_0,:1191714336_6,0,22.22,17.5,0,0.0,22.22,53.45,14.26,5.27,3.97,1.03,0.53,-0.99,0
0,60.0,:1191714356_3_0,:1191714356_3,0,6.87,6.75,0,0.0,6.87,68.2,64.92,6.36,10.77,10.07,0.5,-1.31,0
0,60.0,:1191714373_0_0,:1191714373_0,1,17.42,17.42,0,0.14,22.22,45.27,20.66,1.98,2.81,1.25,0.12,-1.18,0
0,60.0,:1191714373_7_0,:1191714373_7,0,22.22,17.2,0,0.0,22.22,41.92,14.48,5.91,3.03,1.05,-0.13,-1.02,0
0,60.0,:1191864018_0_0,:1191864018_0,0,16.67,14.93,0,0.0,16.67,,,,,,-0.38,-0.93,0
0,60.0,:13300645527_0_0,:13300645527_0,1,8.05,14.84,0,0.42,27.78,34.81,13.68,-4.11,6.62,1.4,0.98,-0.26,0
0,60.0,:13300645527_1_0,:13300645527_1,1,0.19,10.78,0,0.18,27.78,5.0,0.04,-0.19,3.02,0.5,-0.81,-4.89,11
0,60.0,:13300645529_0_0,:13300645529_0,0,27.78,14.53,0,0.0,27.78,12.4,7.73,2.09,1.54,1.11,-2.62,-5.0,15
0,60.0,:13300645529_1_0,:13300645529_1,0,27.78,17.99,0,0.0,27.78,61.85,52.73,11.43,4.24,3.15,0.16,-1.77,0
0,60.0,:13974625520_2_0,:13974625520_2,0,13.58,7.77,0,0.0,13.58,,,,,,1.3,0.89,0
0,60.0,:6311588102_0_0,:6311588102_0,1,17.47,17.47,0,0.42,27.78,,,,,,0.63,0.63,0
0,60.0,:6469564795_1_0,:6469564795_1,0,7.86,7.17,0,0.0,7.86,14.49,9.66,-1.99,2.43,1.35,-2.68,-5.0,5
0,60.0,:6469564795_9_0,:6469564795_9,1,7.76,8.0,0,0.19,7.86,18.71,9.73,-2.71,2.73,1.38,0.83,-1.98,0
0,60.0,:6469974905_3_0,:6469974905_3,0,11.11,11.27,0,0.0,11.11,41.1,41.1,2.51,3.65,3.65,-0.58,-2.23,0
0,60.0,:6544715978_1_0,:6544715978_1,0,6.26,6.97,0,0.0,6.26,,,,,,-2.41,-5.0,1
0,60.0,:663804415_3_0,:663804415_3,0,11.11,8.67,0,0.0,11.11,,,,,,-0.64,-1.36,0
0,60.0,:663825934_7_0,:663825934_7,1,6.15,6.15,0,0.09,7.03,,,,,,2.2,2.2,0
0,60.0,:663943275_7_0,:663943275_7,0,11.11,12.62,0,0.0,11.11,60.33,29.04,2.4,5.53,2.3,-0.31,-0.84,0
0,60.0,:663943276_2_0,:663943276_2,0,11.11,7.77,0,0.0,11.11,,,,,,1.32,0.82,0
0,60.0,:663943276_3_0,:663943276_3,0,6.77,7.59,0,0.0,6.77,,,,,,0.51,-2.25,0
0,60.0,:664446125_1_0,:664446125_1,0,11.11,9.18,0,0.0,11.11,11.01,9.87,0.17,1.23,1.1,-0.15,-1.08,0
0,60.0,:664446129_0_0,:664446129_0,0,11.11,9.35,0,0.0,11.11,10.37,9.59,0.56,1.13,1.05,0.39,-0.43,0
0,60.0,:664446557_0_0,:664446557_0,0,11.11,9.99,0,0.0,11.11,,,,,,0.19,-1.04,0
0,60.0,:664446557_4_0,:664446557_4,0,6.73,6.42,0,0.0,6.73,9.49,7.59,-0.61,1.53,1.2,-0.91,-4.27,1
0,60.0,:664446590_0_0,:664446590_0,0,27.78,17.47,0,0.0,27.78,,,,,,1.07,1.07,0
0,60.0,:664447004_6_0,:664447004_6,0,11.11,12.13,0,0.0,11.11,,,,,,1.12,-0.14,0
0,60.0,:664447208_1_0,:664447208_1,0,8.24,8.07,0,0.0,8.24,,,,,,3.0,3.0,0
0,60.0,:664447208_6_0,:664447208_6,0,6.34,6.17,0,0.0,6.34,10.42,7.36,-1.86,1.95,1.34,-0.5,-5.0,1
0,60.0,:664447208_9_0,:664447208_9,0,8.24,7.86,0,0.0,8.24,,,,,,-0.22,-0.9,0
0,60.0,:664472662_0_0,:664472662_0,0,7.19,8.31,0,0.07,7.19,,,,,,-2.29,-5.0,2
0,60.0,:664472707_3_0,:664472707_3,0,3.65,3.12,0,0.0,3.65,110.39,105.37,-9.57,38.2,35.04,0.67,-0.83,0
0,60.0,:664472749_2_0,:664472749_2,0,6.02,6.44,0,0.0,6.02,64.45,39.08,-3.68,10.57,6.21,-1.06,-5.0,2
0,60.0,:664472751_2_0,:664472751_2,0,11.11,12.12,0,0.0,11.11,12.41,12.0,-1.25,1.24,1.19,0.31,-0.7,0
0,60.0,:cluster_10279701141_664472702_0_0,:cluster_10279701141_664472702_0,0,11.11,12.3,0,0.0,11.11,83.81,81.83,4.21,7.72,7.55,0.2,-0.56,0
0,60.0,:cluster_10279701141_664472702_8_0,:cluster_10279701141_664472702_8,0,9.6,9.51,0,0.0,9.6,57.37,28.09,-2.23,7.31,3.56,0.8,-0.55,0
0,60.0,:cluster_10279701142_664471710_0_0,:cluster_10279701142_664471710_0,0,11.11,10.96,0,0.0,11.11,,,,,,-0.24,-0.6,0
0,60.0,:cluster_10279701142_664471710_18_0,:cluster_10279701142_664471710_18,1,8.27,8.87,0,0.29,8.04,,,,,,0.72,-1.1,0
0,60.0,:cluster_10279701142_664471710_4_0,:cluster_10279701142_664471710_4,0,8.04,9.01,0,0.0,8.04,,,,,,-1.73,-5.0,4
0,60.0,:cluster_10279842289_10846984358_2281204203_663943533_10_0,:cluster_10279842289_10846984358_2281204203_663943533_10,0,6.53,6.66,0,0.0,6.53,150.05,150.05,-7.92,25.09,25.09,1.56,0.78,0
0,60.0,:cluster_10279842289_10846984358_2281204203_663943533_1_0,:cluster_10279842289_10846984358_2281204203_663943533_1,1,6.64,6.64,0,0.88,6.53,148.8,146.09,-6.45,26.08,23.48,-2.69,-4.16,2
0,60.0,:cluster_10281958922_663940594_7_1,:cluster_10281958922_663940594_7,0,22.23,17.56,0,0.0,22.23,,,,,,0.77,0.77,0
0,60.0,:cluster_10281958925_10281958926_6508834064_6508834065_#1more_12_0,:cluster_10281958925_10281958926_6508834064_6508834065_#1more_12,0,9.05,8.25,0,0.0,9.05,,,,,,0.3,-0.61,0
0,60.0,:cluster_10281958932_663804338_0_0,:cluster_10281958932_663804338_0,0,16.67,14.97,0,0.0,16.67,,,,,,0.15,-0.99,0
0,60.0,:cluster_10281958932_663804338_10_0,:cluster_10281958932_663804338_10,0,6.44,6.22,0,0.0,6.44,,,,,,0.72,-0.85,0
0,60.0,:cluster_10281958935_12287656430_12287656431_663940647_1_0,:cluster_10281958935_12287656430_12287656431_663940647_1,0,16.67,16.53,0,0.0,16.67,,,,,,-0.24,-1.37,0
0,60.0,:cluster_10281965682_663944134_4_0,:cluster_10281965682_663944134_4,0,11.11,9.8,0,0.0,11.11,27.79,27.54,-0.25,3.11,2.81,1.22,0.47,0
0,60.0,:cluster_10281965682_663944134_6_0,:cluster_10281965682_663944134_6,0,27.78,17.39,0,0.0,27.78,,,,,,0.4,0.4,0
0,60.0,:cluster_10560867453_663943486_1_0,:cluster_10560867453_663943486_1,0,19.45,8.56,0,0.0,19.45,162.98,162.98,-2.18,21.17,21.17,1.49,0.47,0
0,60.0,:cluster_10560867453_663943486_2_0,:cluster_10560867453_663943486_2,0,11.11,9.58,0,0.0,11.11,,,,,,0.92,-2.69,0
0,60.0,:cluster_10560867453_663943486_3_0,:cluster_10560867453_663943486_3,0,5.98,5.0,0,0.0,5.98,58.23,54.63,-7.3,11.84,11.38,-1.49,-4.87,1
0,60.0,:cluster_10917990606_663844223_15_0,:cluster_10917990606_663844223_15,0,27.78,15.17,0,0.0,27.78,38.53,15.7,4.59,3.01,1.62,-0.76,-2.41,0
0,60.0,:cluster_10917990606_663844223_18_0,:cluster_10917990606_663844223_18,1,6.72,7.12,0,0.21,7.54,9.6,9.6,-1.32,1.43,1.43,1.79,1.1,0
0,60.0,:cluster_10917990606_663844223_21_0,:cluster_10917990606_663844223_21,0,4.08,3.72,0,0.0,4.08,15.87,6.6,-10.5,11.02,5.16,0.96,-1.02,0
0,60.0,:cluster_10917990606_663844223_3_0,:cluster_10917990606_663844223_3,0,7.54,5.46,0,0.0,7.54,8.44,7.94,-2.58,1.82,1.64,2.09,1.34,0
0,60.0,:cluster_10917990606_663844223_5_0,:cluster_10917990606_663844223_5,0,5.75,5.89,0,0.0,5.75,34.81,6.12,-5.67,8.52,1.09,0.66,-4.56,1
0,60.0,:cluster_10917990606_663844223_8_0,:cluster_10917990606_663844223_8,0,4.08,4.19,0,0.0,4.08,23.33,0.1,-11.92,1.94,0.08,-0.84,-4.7,3
0,60.0,:cluster_10943484228_1190100465_9_0,:cluster_10943484228_1190100465_9,0,13.89,11.65,0,0.0,13.89,45.52,40.29,0.47,5.74,4.49,1.3,0.53,0
0,60.0,:cluster_10943717330_6470135655_9_0,:cluster_10943717330_6470135655_9,0,11.11,12.15,0,0.0,11.11,,,,,,0.35,-1.96,0
0,60.0,:cluster_11158897098_664472732_9_0,:cluster_11158897098_664472732_9,1,6.32,6.32,0,0.25,7.18,,,,,,1.4,1.13,0
0,60.0,:cluster_11158897100_11158897101_11158897102_664471748_#1more_0_0,:cluster_11158897100_11158897101_11158897102_664471748_#1more_0,2,9.0,13.44,0,0.12,13.85,102.52,17.39,-5.77,13.02,2.24,1.48,0.55,0
0,60.0,:cluster_11502623494_11502623496_1186025300_13298747739_5_0,:cluster_11502623494_11502623496_1186025300_13298747739_5,0,11.11,11.29,0,0.0,11.11,51.4,43.48,10.66,4.82,4.05,0.31,-2.43,0
0,60.0,:cluster_11502623497_1177160337_4_0,:cluster_11502623497_1177160337_4,0,11.11,5.15,0,0.0,11.11,121.45,116.94,3.74,36.06,22.7,1.55,0.77,0
0,60.0,:cluster_1177160373_664472773_1_0,:cluster_1177160373_664472773_1,0,13.89,10.41,0,0.0,13.89,25.0,20.68,-3.32,3.2,2.72,1.58,0.45,0
0,60.0,:cluster_1177160434_1177161050_5_0,:cluster_1177160434_1177161050_5,0,11.79,13.78,0,0.0,11.79,,,,,,-0.73,-4.12,3
0,60.0,:cluster_1177161441_1190128246_4_0,:cluster_1177161441_1190128246_4,0,22.22,17.44,0,0.0,22.22,90.92,89.48,2.59,5.65,5.46,1.01,-1.07,0
0,60.0,:cluster_1177211304_1177211692_6_0,:cluster_1177211304_1177211692_6,0,22.22,17.64,0,0.0,22.22,67.86,63.81,16.4,4.14,3.94,0.16,-0.84,0
0,60.0,:cluster_1177211336_1191714436_5_0,:cluster_1177211336_1191714436_5,0,13.89,10.78,0,0.0,13.89,49.49,45.67,3.67,5.27,4.24,1.67,0.65,0
0,60.0,:cluster_1177211353_1177211711_12_0,:cluster_1177211353_1177211711_12,0,10.82,11.24,0,0.0,10.82,11.33,3.55,3.54,1.64,1.03,-2.44,-5.0,11
0,60.0,:cluster_1177211353_1177211711_5_0,:cluster_1177211353_1177211711_5,0,22.22,15.25,0,0.0,22.22,,,,,,2.41,1.38,0
0,60.0,:cluster_1177211394_1177211683_6_0,:cluster_1177211394_1177211683_6,0,22.22,17.13,0,0.0,22.22,,,,,,0.72,-0.28,0
0,60.0,:cluster_1177211428_1177211911_0_0,:cluster_1177211428_1177211911_0,0,5.75,5.2,0,0.0,5.75,,,,,,0.43,-0.97,0
0,60.0,:cluster_1177211838_13300645525_13300645528_0_0,:cluster_1177211838_13300645525_13300645528_0,0,6.14,5.97,0,0.0,6.14,30.85,7.83,-4.44,5.7,1.33,-0.75,-4.21,3
0,60.0,:cluster_1177211838_13300645525_13300645528_4_0,:cluster_1177211838_13300645525_13300645528_4,0,27.78,17.13,0,0.0,27.78,81.01,79.57,4.32,7.02,6.74,1.32,0.05,0
0,60.0,:cluster_1177212073_13300645524_664471560_10_0,:cluster_1177212073_13300645524_664471560_10,0,27.78,13.58,0,0.0,27.78,,,,,,1.63,0.84,0
0,60.0,:cluster_1177212073_13300645524_664471560_18_0,:cluster_1177212073_13300645524_664471560_18,0,4.08,2.22,0,0.0,4.08,21.97,14.43,-14.89,13.38,12.92,1.42,1.04,0
0,60.0,:cluster_1177212073_13300645524_664471560_3_0,:cluster_1177212073_13300645524_664471560_3,0,4.08,2.97,0,0.0,4.08,2.02,0.16,-12.38,0.54,0.16,-2.18,-5.0,1
0,60.0,:cluster_1186025344_13298747727_13298747728_13298747738_#3more_10_0,:cluster_1186025344_13298747727_13298747728_13298747738_#3more_10,0,11.11,11.15,0,0.0,11.11,,,,,,0.2,-0.83,0
0,60.0,:cluster_1190128285_13300645523_13300645535_11_0,:cluster_1190128285_13300645523_13300645535_11,0,4.08,3.72,0,0.0,4.08,106.96,106.96,-8.33,30.8,30.8,-0.05,-0.94,0
0,60.0,:cluster_1190128285_13300645523_13300645535_2_0,:cluster_1190128285_13300645523_13300645535_2,0,4.08,3.74,0,0.0,4.08,,,,,,-0.36,-3.72,1
0,60.0,:cluster_11942000227_11942000230_6173706992_26_0,:cluster_11942000227_11942000230_6173706992_26,0,3.65,3.43,0,0.0,3.65,196.94,193.6,-14.14,62.67,58.31,-0.5,-1.31,0
0,60.0,:cluster_11942000227_11942000230_6173706992_9_0,:cluster_11942000227_11942000230_6173706992_9,0,3.65,3.79,0,0.0,3.65,186.15,186.15,-13.98,52.57,52.57,-3.18,-3.33,2
0,60.0,:cluster_11944729366_664471711_8_0,:cluster_11944729366_664471711_8,0,4.66,4.61,0,0.0,4.66,95.0,70.67,-10.89,24.92,15.61,-1.61,-4.0,1
0,60.0,:cluster_664446535_8507351665_8507351666_3_0,:cluster_664446535_8507351665_8507351666_3,0,11.11,11.04,0,0.0,11.11,83.35,80.8,10.62,7.85,7.78,-0.49,-1.69,0
60.0,120.0,-101757273#0_0,-101757273#0,0,22.22,18.0,0,0.0,22.22,,,,,,-2.54,-5.0,5
60.0,120.0,-101757288#0_0,-101757288#0,1,13.03,15.54,0,0.03,13.89,144.51,144.51,-4.98,11.35,11.35,-0.01,-5.0,6
60.0,120.0,-101757302#0_0,-101757302#0,0,13.89,14.36,0,0.0,13.89,,,,,,-2.8,-5.0,7
60.0,120.0,-101757302#1_0,-101757302#1,0,13.89,10.7,0,0.0,13.89,,,,,,0.84,0.0,0
60.0,120.0,-101757306#0_0,-101757306#0,0,13.89,14.98,0,0.0,13.89,,,,,,-1.34,-5.0,5
60.0,120.0,-101757306#1_0,-101757306#1,0,13.89,13.98,0,0.0,13.89,,,,,,-0.29,-5.0,3
60.0,120.0,-101943113_0,-101943113,0,13.89,13.89,0,0.0,13.89,,,,,,-1.08,-5.0,3
60.0,120.0,-101966385#0_0,-101966385#0,0,13.89,13.7,0,0.0,13.89,19.93,0.1,-4.79,3.55,0.19,-0.91,-5.0,19
60.0,120.0,-101966385#2_0,-101966385#2,0,13.89,13.84,0,0.0,13.89,50.59,13.08,1.78,5.72,1.5,-2.34,-5.0,15
60.0,120.0,-101966385#3_0,-101966385#3,0,13.89,11.91,0,0.0,13.89,64.01,21.21,4.91,5.76,1.93,0.44,-0.73,0
60.0,120.0,-101966385#4_0,-101966385#4,0,13.89,14.06,0,0.0,13.89,57.02,22.21,2.12,7.05,1.78,0.72,-4.0,1
60.0,120.0,-101966385#5_0,-101966385#5,0,13.89,14.07,0,0.0,13.89,,,,,,1.36,-0.7,0
60.0,120.0,-101966393#0_0,-101966393#0,1,8.68,16.0,0,0.02,13.89,65.23,47.35,-0.04,4.58,3.1,-0.63,-4.66,3
60.0,120.0,-101966393#1_0,-101966393#1,0,13.89,12.14,0,0.0,13.89,,,,,,1.76,-0.59,0
60.0,120.0,-101966424#1_0,-101966424#1,0,13.89,13.36,0,0.19,13.89,,,,,,-0.16,-0.17,0
60.0,120.0,-101966424#2_0,-101966424#2,0,13.89,13.68,0,0.0,13.89,,,,,,1.19,-0.65,0
60.0,120.0,-101966443#0_0,-101966443#0,0,22.22,16.65,0,0.0,22.22,,,,,,-1.26,-5.0,4
60.0,120.0,-101966443#10_0,-101966443#10,0,22.22,17.72,0,0.0,22.22,24.46,21.48,7.44,1.81,1.73,-0.95,-2.53,0
60.0,120.0,-101966443#11_0,-101966443#11,0,22.22,17.53,0,0.0,22.22,68.14,38.38,10.59,4.04,2.27,-0.07,-1.86,0
60.0,120.0,-101966443#12_0,-101966443#12,0,22.22,17.12,0,0.0,22.22,,,,,,-0.42,-1.44,0
60.0,120.0,-101966443#13_0,-101966443#13,0,22.22,17.57,0,0.0,22.22,114.62,112.16,-1.77,10.48,6.43,1.31,-0.6,0
60.0,120.0,-101966443#1_0,-101966443#1,0,22.22,12.04,0,0.0,22.22,,,,,,1.14,-1.96,0
60.0,120.0,-101966443#2_0,-101966443#2,0,22.22,17.11,0,0.0,22.22,,,,,,-3.9,-5.0,4
60.0,120.0,-101966443#3_0,-101966443#3,0,22.22,17.1,0,0.0,22.22,,,,,,-0.84,-1.35,0
60.0,120.0,-101966443#4_0,-101966443#4,1,8.47,16.96,0,0.04,22.22,,,,,,1.16,0.36,0
60.0,120.0,-101966443#5_0,-101966443#5,0,22.22,11.83,0,0.0,22.22,,,,,,0.41,-4.0,1
60.0,120.0,-101966443#6_0,-101966443#6,0,22.22,13.71,0,0.0,22.22,13.81,9.4,1.25,1.47,1.07,-1.07,-3.41,4
60.0,120.0,-101966443#7_0,-101966443#7,2,16.22,16.54,0,0.05,22.22,22.61,15.12,1.52,1.64,1.08,0.4,-0.85,0
60.0,120.0,-101966443#8_0,-101966443#8,0,22.22,14.04,0,0.0,22.22,17.51,17.06,-0.96,1.29,1.25,-1.37,-4.99,6
60.0,120.0,-101966443#9_0,-101966443#9,0,22.22,17.96,0,0.0,22.22,17.21,16.64,1.46,1.4,1.32,0.92,-0.72,0
60.0,120.0,-101966453#0_0,-101966453#0,0,13.89,13.89,0,0.0,13.89,,,,,,-2.22,-5.0,5
60.0,120.0,-101966457_0,-101966457,0,13.89,13.87,0,0.0,13.89,90.39,81.51,-5.23,9.98,7.97,-0.23,-5.0,3
60.0,120.0,-101966486_0,-101966486,1,2.62,2.88,0,0.02,2.78,103.96,27.8,-12.24,46.74,12.35,-0.0,-2.06,0
60.0,120.0,-101966488#0_0,-101966488#0,0,13.89,14.75,0,0.0,13.89,,,,,,-1.92,-5.0,5
60.0,120.0,-101972876#0_0,-101972876#0,0,13.89,12.89,0,0.0,13.89,81.07,69.18,8.63,6.44,5.56,-0.65,-4.0,2
60.0,120.0,-101972883#4_0,-101972883#4,0,13.89,13.89,0,0.0,13.89,,,,,,-2.89,-5.0,4
60.0,120.0,-101972898#0_0,-101972898#0,0,13.89,12.04,0,0.0,13.89,,,,,,-2.02,-4.0,3
60.0,120.0,-101972898#2_0,-101972898#2,0,13.89,10.11,0,0.0,13.89,,,,,,1.67,1.02,0
60.0,120.0,-101972898#3_0,-101972898#3,0,13.89,12.43,0,0.0,13.89,,,,,,0.41,-5.0,2
60.0,120.0,-101972912#0_0,-101972912#0,0,13.89,13.8,0,0.0,13.89,24.31,16.34,1.68,2.35,1.58,-0.48,-4.63,8
60.0,120.0,-101972912#1_0,-101972912#1,0,13.89,7.05,0,0.0,13.89,22.06,11.63,-5.09,3.74,1.95,0.45,-2.08,0
60.0,120.0,-101972944_0,-101972944,1,8.36,12.93,0,0.03,13.89,,,,,,0.42,-5.0,3
60.0,120.0,-101972952#0_0,-101972952#0,0,13.89,8.51,0,0.0,13.89,86.87,86.53,0.59,12.53,11.49,-0.49,-3.72,1
60.0,120.0,-101972955#0_0,-101972955#0,0,13.89,11.82,0,0.0,13.89,5.95,0.0,-0.92,2.75,0.51,-0.18,-5.0,15
60.0,120.0,-101972955#1_0,-101972955#1,0,13.89,11.08,0,0.0,13.89,32.65,16.03,3.51,4.18,1.73,-1.46,-4.46,7
60.0,120.0,-101972955#3_0,-101972955#3,0,13.89,11.0,0,0.0,13.89,42.78,16.1,2.01,5.43,1.78,-0.22,-5.0,8
60.0,120.0,-101972956_0,-101972956,0,13.89,14.59,0,0.0,13.89,,,,,,-2.01,-4.68,8
60.0,120.0,-101972960#0_0,-101972960#0,0,13.89,14.63,0,0.0,13.89,36.24,26.59,1.23,2.94,1.99,0.77,-2.05,0
60.0,120.0,-101972960#1_0,-101972960#1,0,13.89,10.57,0,0.0,13.89,31.67,21.89,-4.43,3.63,2.56,1.07,-0.43,0
60.0,120.0,-102688627#0_0,-102688627#0,2,0.92,10.77,1,0.07,11.11,26.1,1.76,3.59,2.63,0.77,-0.73,-4.0,6
60.0,120.0,-102688627#1_0,-102688627#1,0,11.11,10.77,0,0.0,11.11,41.51,40.29,0.71,3.96,3.76,0.02,-0.92,0
60.0,120.0,-102688627#2_0,-102688627#2,0,11.11,10.76,0,0.0,11.11,44.63,43.93,0.81,4.22,4.08,-0.17,-2.38,0
60.0,120.0,-102688627#3_0,-102688627#3,0,11.11,10.9,0,0.0,11.11,35.49,12.29,0.3,3.68,1.18,-0.18,-4.53,1
60.0,120.0,-102688627#4_0,-102688627#4,0,11.11,10.67,0,0.0,11.11,41.92,34.3,0.3,4.06,3.23,-0.04,-1.26,0
60.0,120.0,-102688627#5_0,-102688627#5,0,11.11,10.73,0,0.0,11.11,54.12,53.22,0.7,5.17,5.01,0.05,-0.76,0
60.0,120.0,-103050320_0,-103050320,1,2.39,3.02,0,0.04,2.78,71.08,70.85,-0.2,29.07,26.26,0.01,-1.97,0
60.0,120.0,-103050330#0_0,-103050330#0,0,13.89,12.78,0,0.0,13.89,,,,,,0.04,-2.24,0
60.0,120.0,-103050330#1_0,-103050330#1,1,13.64,13.64,0,0.21,13.89,,,,,,-0.6,-1.18,0
60.0,120.0,-103050330#2_0,-103050330#2,0,13.89,13.68,0,0.0,13.89,,,,,,-0.22,-1.66,0
60.0,120.0,-103050330#3_0,-103050330#3,0,13.89,12.24,0,0.0,13.89,,,,,,1.04,0.4,0
60.0,120.0,-103050330#4_0,-103050330#4,0,13.89,8.3,0,0.0,13.89,,,,,,0.26,-5.0,2
60.0,120.0,-103082294_0,-103082294,0,13.89,8.64,0,0.0,13.89,,,,,,1.24,-1.08,0
60.0,120.0,-103082314#0_0,-103082314#0,0,11.11,8.98,0,0.0,11.11,86.67,52.39,-3.25,12.66,5.84,-3.95,-5.0,3
60.0,120.0,-103082314#1_0,-103082314#1,0,11.11,12.31,0,0.0,11.11,55.76,46.84,3.53,4.82,4.46,0.08,-1.28,0
60.0,120.0,-103082314#2_0,-103082314#2,0,11.11,9.56,0,0.0,11.11,49.25,49.25,-0.56,5.15,5.15,-0.19,-0.19,0
60.0,120.0,-103082314#3_0,-103082314#3,0,11.11,11.74,0,0.0,11.11,57.37,47.65,-3.21,8.73,4.44,0.92,-2.41,0
60.0,120.0,-103082314#4_0,-103082314#4,0,11.11,11.77,0,0.0,11.11,138.41,47.87,2.38,12.4,4.61,-0.0,-1.35,0
60.0,120.0,-103082316_0,-103082316,1,0.0,12.7,1,0.03,13.89,25.98,0.0,-1.21,9.09,0.5,-0.25,-4.06,18
60.0,120.0,-103082325#1_0,-103082325#1,0,13.89,10.38,0,0.0,13.89,19.89,18.18,1.06,2.37,1.78,-0.26,-3.49,2
60.0,120.0,-103082326#0_0,-103082326#0,0,13.89,15.38,0,0.0,13.89,59.5,53.09,-0.21,7.33,3.57,-2.08,-4.0,9
60.0,120.0,-103230484#2_0,-103230484#2,0,13.89,12.64,0,0.0,13.89,59.1,51.23,3.31,5.9,4.22,-0.88,-5.0,3
60.0,120.0,-103230510_0,-103230510,0,13.89,12.74,0,0.0,13.89,,,,,,0.62,-2.17,0
60.0,120.0,-103230607#4_0,-103230607#4,0,13.89,15.68,0,0.0,13.89,37.67,32.59,3.94,3.09,2.33,-1.65,-5.0,3
60.0,120.0,-104043544#4_0,-104043544#4,0,22.22,14.04,0,0.0,22.22,8.93,2.15,3.02,1.1,0.86,-2.28,-4.7,6
60.0,120.0,-104043544#5_0,-104043544#5,0,22.22,14.73,0,0.0,22.22,18.3,18.12,1.08,1.26,1.26,0.28,-1.0,0
60.0,120.0,-104043544#6_0,-104043544#6,0,22.22,14.92,0,0.0,22.22,20.6,20.34,1.0,1.4,1.36,0.06,-0.27,0
60.0,120.0,-104043544#7_0,-104043544#7,0,22.22,13.08,0,0.0,22.22,21.9,21.49,-1.12,1.79,1.69,1.44,0.94,0
60.0,120.0,-104043544#8_0,-104043544#8,0,22.22,8.37,0,0.0,22.22,14.21,10.07,-2.79,2.18,2.09,1.09,0.23,0
60.0,120.0,-1087118361#0_0,-1087118361#0,0,27.78,12.01,0,0.0,27.78,90.05,10.21,-5.19,133.11,1.22,-0.96,-5.0,9
60.0,120.0,-1087118361#11_0,-1087118361#11,0,27.78,13.99,0,0.0,27.78,28.38,13.26,-2.25,10.85,2.05,0.21,-4.0,2
60.0,120.0,-1087118361#12_0,-1087118361#12,1,0.0,11.13,1,0.14,27.78,66.96,36.58,-3.1,49.51,4.62,-0.77,-5.0,5
60.0,120.0,-1087118361#13_0,-1087118361#13,0,27.78,18.0,0,0.0,27.78,97.82,83.58,12.37,5.59,4.7,-0.02,-2.28,0
60.0,120.0,-1087118361#1_0,-1087118361#1,0,27.78,17.31,0,0.0,27.78,12.94,10.34,-1.24,1.21,1.05,0.65,-5.0,2
60.0,120.0,-1087118361#2_0,-1087118361#2,2,0.0,16.88,2,0.06,27.78,39.56,0.0,2.23,15.49,0.57,-0.2,-5.0,18
60.0,120.0,-1087118361#4_0,-1087118361#4,0,27.78,11.55,0,0.43,27.78,1.84,0.0,1.06,1.12,0.61,-0.58,-5.0,2
60.0,120.0,-1087118361#5_0,-1087118361#5,7,0.0,16.3,7,0.61,27.78,4.9,0.0,0.73,1.56,0.53,-0.37,-4.92,8
60.0,120.0,-1087118361#8_0,-1087118361#8,4,0.11,12.08,3,0.54,27.78,17.82,0.0,0.15,7.52,0.58,-0.36,-5.0,15
60.0,120.0,-1087118361#9_0,-1087118361#9,0,27.78,13.14,0,0.0,27.78,19.19,8.29,-0.99,3.84,1.14,0.52,-4.0,4
60.0,120.0,-1124382853#5_0,-1124382853#5,0,27.78,10.2,0,0.0,27.78,,,,,,-1.8,-4.0,1
60.0,120.0,-1147855373#0_0,-1147855373#0,0,13.89,9.04,0,0.0,13.89,20.51,3.21,-2.68,5.14,0.6,-1.59,-5.0,5
60.0,120.0,-1147855373#1_0,-1147855373#1,0,13.89,14.98,0,0.0,13.89,,,,,,0.54,0.0,0
60.0,120.0,-1178014356_0,-1178014356,0,13.89,15.15,0,0.0,13.89,145.98,144.61,6.74,22.4,18.45,-1.29,-5.0,4
60.0,120.0,-1178023089_0,-1178023089,0,13.89,9.45,0,0.0,13.89,138.23,138.23,-4.55,19.88,19.88,0.45,-5.0,2
60.0,120.0,-1198952554#0_0,-1198952554#0,3,8.0,11.7,0,0.1,11.11,68.87,16.34,-4.36,7.32,1.64,-0.02,-5.0,7
60.0,120.0,-1198952554#2_0,-1198952554#2,0,11.11,10.03,0,0.0,11.11,39.03,38.63,0.62,4.04,3.88,0.04,-0.95,0
60.0,120.0,-1198952554#3_0,-1198952554#3,0,11.11,10.18,0,0.0,11.11,62.96,43.78,4.79,6.56,4.54,-0.12,-1.75,0
60.0,120.0,-1198952555#0_0,-1198952555#0,0,11.11,11.38,0,0.0,11.11,115.88,105.09,7.86,12.29,9.23,1.15,0.23,0
60.0,120.0,-1199457538#1_0,-1199457538#1,0,13.89,12.26,0,0.0,13.89,14.04,14.04,-6.48,1.9,1.9,-1.39,-4.3,2
60.0,120.0,-1199457538#2_0,-1199457538#2,0,13.89,9.93,0,0.0,13.89,,,,,,1.35,0.59,0
60.0,120.0,-1199688354_0,-1199688354,0,13.89,13.89,0,0.0,13.89,50.2,47.29,3.77,4.14,4.03,-1.63,-5.0,8
60.0,120.0,-1226393093_0,-1226393093,0,13.89,14.14,0,0.0,13.89,89.94,82.62,-0.18,11.93,6.47,-1.41,-5.0,10
60.0,120.0,-52097266#2_0,-52097266#2,0,11.11,9.95,0,0.0,11.11,,,,,,-0.58,-3.58,2
60.0,120.0,-52097653#0_0,-52097653#0,0,11.11,12.02,0,0.0,11.11,14.3,6.61,0.88,1.55,1.07,-0.02,-5.0,1
60.0,120.0,-52152313#0_0,-52152313#0,0,13.89,15.02,0,0.0,13.89,36.13,9.0,2.88,4.39,1.26,-1.16,-5.0,17
60.0,120.0,-52152313#1_0,-52152313#1,0,13.89,15.03,0,0.0,13.89,43.46,11.44,0.35,3.73,1.34,0.52,-1.5,0
60.0,120.0,-52152323#0_0,-52152323#0,0,11.11,11.4,0,0.0,11.11,58.62,19.97,-1.57,6.77,2.04,-0.95,-5.0,10
60.0,120.0,-52152323#2_0,-52152323#2,0,11.11,11.36,0,0.0,11.11,69.24,38.67,1.04,7.02,4.74,-0.04,-1.79,0
60.0,120.0,-52152323#3_0,-52152323#3,1,10.2,11.41,0,0.09,11.11,73.95,31.54,-0.16,7.44,3.61,-0.13,-1.73,0
60.0,120.0,-52152323#4_0,-52152323#4,0,11.11,11.42,0,0.0,11.11,72.82,28.88,-0.55,7.3,3.56,-0.15,-1.69,0
60.0,120.0,-52152323#5_0,-52152323#5,0,11.11,11.38,0,0.0,11.11,71.55,24.15,-0.55,7.21,2.64,-0.14,-1.57,0
60.0,120.0,-52152323#6_0,-52152323#6,0,11.11,10.47,0,0.0,11.11,101.13,92.63,-1.63,12.65,9.46,1.12,-0.66,0
60.0,120.0,-52152369#0_0,-52152369#0,0,13.89,12.31,0,0.0,13.89,,,,,,1.03,-0.42,0
60.0,120.0,-52152369#1_0,-52152369#1,0,13.89,13.99,0,0.0,13.89,,,,,,-0.11,-4.0,6
60.0,120.0,-52155579#1_0,-52155579#1,0,11.11,10.74,0,0.0,11.11,,,,,,-0.12,-3.77,1
60.0,120.0,-52155579#2_0,-52155579#2,0,11.11,10.74,0,0.0,11.11,,,,,,1.27,-1.78,0
60.0,120.0,-52155737#0_0,-52155737#0,0,13.89,14.62,0,0.0,13.89,127.57,127.57,-2.7,47.83,47.83,-2.02,-4.0,9
60.0,120.0,-52155737#1_0,-52155737#1,0,13.89,11.29,0,0.0,13.89,52.11,51.06,-0.88,6.05,4.66,0.54,-4.9,1
60.0,120.0,-52155744#1_0,-52155744#1,0,13.89,11.96,0,0.0,13.89,,,,,,-0.95,-5.0,3
60.0,120.0,-52155744#2_0,-52155744#2,0,13.89,12.0,0,0.0,13.89,,,,,,-0.16,-2.46,0
60.0,120.0,-52155744#3_0,-52155744#3,0,13.89,11.98,0,0.0,13.89,,,,,,0.78,-1.51,0
60.0,120.0,-52155750#1_0,-52155750#1,1,11.65,11.65,0,0.06,13.89,,,,,,1.15,-1.41,0
60.0,120.0,-52155750#2_0,-52155750#2,1,11.06,12.22,0,0.02,13.89,82.28,77.82,3.16,7.1,6.49,0.15,-2.04,0
60.0,120.0,-52155752#1_0,-52155752#1,0,13.89,12.78,0,0.0,13.89,,,,,,-0.68,-4.93,3
60.0,120.0,-563518385#2_0,-563518385#2,2,8.09,9.24,0,0.04,11.11,9.07,8.19,-1.73,1.43,1.41,1.33,0.27,0
60.0,120.0,-689627819_0,-689627819,1,10.86,13.31,0,0.05,13.89,,,,,,-0.43,-5.0,3
60.0,120.0,-689669925_0,-689669925,0,13.89,12.88,0,0.0,13.89,66.52,0.12,0.66,9.41,0.92,-1.43,-5.0,5
60.0,120.0,101757273#0_0,101757273#0,0,22.22,13.82,0,0.0,22.22,,,,,,1.41,0.51,0
60.0,120.0,101757273#1_0,101757273#1,0,22.22,17.95,0,0.0,22.22,,,,,,1.05,-2.18,0
60.0,120.0,101757273#2_0,101757273#2,0,22.22,14.74,0,0.0,22.22,,,,,,-4.23,-5.0,4
60.0,120.0,101757302#1_0,101757302#1,0,13.89,12.49,0,0.0,13.89,27.02,13.35,-0.36,2.95,1.69,1.57,-0.12,0
60.0,120.0,101757302#2_0,101757302#2,0,13.89,13.19,0,0.0,13.89,27.89,11.17,0.16,3.65,1.42,-2.41,-5.0,12
60.0,120.0,101757306#0_0,101757306#0,0,13.89,11.22,0,0.0,13.89,,,,,,-0.12,-4.0,6
60.0,120.0,101943132_0,101943132,1,11.52,11.52,0,0.04,13.89,,,,,,0.94,0.6,0
60.0,120.0,101943152_0,101943152,1,12.29,12.29,0,0.04,13.89,,,,,,1.32,0.5,0
60.0,120.0,101966385#3_0,101966385#3,0,13.89,12.7,0,0.0,13.89,,,,,,0.0,0.0,0
60.0,120.0,101966385#4_0,101966385#4,0,13.89,13.53,0,0.0,13.89,13.19,8.95,-4.33,1.67,0.66,-2.32,-4.0,4
60.0,120.0,101966393#0_0,101966393#0,0,13.89,13.94,0,0.0,13.89,,,,,,0.17,-0.86,0
60.0,120.0,101966393#1_0,101966393#1,0,13.89,13.99,0,0.0,13.89,,,,,,-0.02,-0.44,0
60.0,120.0,101966393#2_0,101966393#2,0,13.89,14.2,0,0.0,13.89,128.87,120.92,-0.27,18.31,13.88,-1.7,-4.0,7
60.0,120.0,101966397#1_0,101966397#1,1,11.3,13.85,0,0.04,13.89,103.08,40.65,-0.28,15.63,3.54,-1.52,-4.0,4
60.0,120.0,101966427_0,101966427,1,15.8,16.01,0,0.02,13.89,,,,,,0.47,-5.0,4
60.0,120.0,101966430#0_0,101966430#0,0,13.89,12.62,0,0.0,13.89,,,,,,-0.14,-4.0,3
60.0,120.0,101966430#1_0,101966430#1,0,13.89,13.67,0,0.0,13.89,,,,,,0.98,-0.66,0
60.0,120.0,101966430#2_0,101966430#2,0,13.89,13.83,0,0.0,13.89,,,,,,-0.06,-2.36,0
60.0,120.0,101966430#3_0,101966430#3,0,13.89,13.9,0,0.0,13.89,13.65,13.65,0.68,1.12,1.12,-0.07,-1.96,0
60.0,120.0,101966443#10_0,101966443#10,0,22.22,17.48,0,0.0,22.22,,,,,,0.41,-0.34,0
60.0,120.0,101966443#11_0,101966443#11,0,22.22,17.98,0,0.0,22.22,,,,,,-0.12,-2.08,0
60.0,120.0,101966443#12_0,101966443#12,0,22.22,17.16,0,0.0,22.22,,,,,,-1.34,-1.34,0
60.0,120.0,101966443#13_0,101966443#13,0,22.22,17.92,0,0.0,22.22,137.59,137.59,5.97,9.95,9.95,-2.25,-5.0,9
60.0,120.0,101966443#5_0,101966443#5,0,22.22,13.9,0,0.0,22.22,,,,,,0.41,-4.0,3
60.0,120.0,101966443#6_0,101966443#6,0,22.22,17.63,0,0.0,22.22,,,,,,1.32,-0.46,0
60.0,120.0,101966443#7_0,101966443#7,1,15.42,18.0,0,0.04,22.22,34.73,23.32,1.82,2.01,1.31,-0.59,-4.63,1
60.0,120.0,101966443#8_0,101966443#8,0,22.22,18.0,0,0.0,22.22,35.69,34.73,4.11,2.0,1.97,-0.03,-1.04,0
60.0,120.0,101966443#9_0,101966443#9,0,22.22,17.95,0,0.0,22.22,32.44,32.16,0.14,2.43,2.18,-2.58,-5.0,5
60.0,120.0,101966453#0_0,101966453#0,0,13.89,13.67,0,0.0,13.89,77.91,77.77,0.09,6.99,6.45,-0.63,-3.98,3
60.0,120.0,101966488#0_0,101966488#0,0,13.89,12.32,0,0.0,13.89,91.39,91.39,0.13,12.48,12.48,0.6,-5.0,2
60.0,120.0,101966508_0,101966508,0,13.89,14.69,0,0.0,13.89,35.05,30.2,-0.11,3.74,2.53,-0.29,-5.0,3
60.0,120.0,101966510#0_0,101966510#0,0,22.22,18.0,0,0.0,22.22,68.09,21.78,-5.01,7.4,2.29,1.45,-2.04,0
60.0,120.0,101966510#1_0,101966510#1,0,22.22,18.0,0,0.0,22.22,47.58,25.38,0.81,3.1,1.42,0.52,-1.76,0
60.0,120.0,101966510#2_0,101966510#2,1,17.35,17.99,0,0.03,22.22,122.12,20.95,3.34,7.52,1.38,-0.65,-5.0,6
60.0,120.0,101966510#3_0,101966510#3,0,22.22,17.51,0,0.0,22.22,119.46,61.97,8.19,7.62,3.72,0.21,-0.65,0
60.0,120.0,101966510#4_0,101966510#4,0,22.22,17.99,0,0.01,22.22,55.04,0.1,3.41,4.75,0.17,-1.13,-5.0,31
60.0,120.0,101972883#4_0,101972883#4,0,13.89,8.12,0,0.0,13.89,71.45,35.99,3.53,14.15,5.89,0.58,-4.04,1
60.0,120.0,101972889_0,101972889,0,2.78,2.96,0,0.0,2.78,6.45,3.9,-0.75,2.46,1.4,0.06,-1.11,0
60.0,120.0,101972892#1_0,101972892#1,0,13.89,14.66,0,0.0,13.89,16.7,8.27,1.63,1.98,1.13,-2.01,-4.97,14
60.0,120.0,101972898#1_0,101972898#1,0,13.89,10.35,0,0.0,13.89,29.12,9.6,-3.61,3.63,1.21,1.33,-0.31,0
60.0,120.0,101972898#2_0,101972898#2,0,13.89,14.59,0,0.0,13.89,39.11,13.93,-0.36,3.19,1.11,0.71,-1.67,0
60.0,120.0,101972898#3_0,101972898#3,0,13.89,14.66,0,0.0,13.89,32.47,8.07,2.14,3.17,1.06,-1.24,-5.0,25
60.0,120.0,101972912#1_0,101972912#1,0,13.89,4.24,0,0.0,13.89,40.75,10.34,-4.69,34.51,34.51,-0.1,-5.0,2
60.0,120.0,101972924#0_0,101972924#0,2,10.69,17.57,0,0.1,22.22,38.72,5.84,-3.29,3.91,1.0,1.33,-0.29,0
60.0,120.0,101972924#2_0,101972924#2,2,17.53,17.94,0,0.11,22.22,110.34,18.13,7.36,6.97,1.03,0.67,-1.34,0
60.0,120.0,101972924#3_0,101972924#3,1,16.35,17.88,0,0.07,22.22,102.52,76.25,12.62,6.75,4.66,0.1,-1.67,0
60.0,120.0,101972924#5_0,101972924#5,3,3.55,17.92,2,0.1,22.22,10.97,0.0,0.7,1.68,0.51,-0.7,-5.0,19
60.0,120.0,101972944_0,101972944,0,13.89,14.27,0,0.0,13.89,,,,,,-1.34,-5.0,8
60.0,120.0,101972954#2_0,101972954#2,0,13.89,11.28,0,0.0,13.89,138.63,137.58,-2.21,17.51,16.81,1.3,0.52,0
60.0,120.0,101972954#4_0,101972954#4,0,13.89,13.9,0,0.0,13.89,91.41,91.41,-7.5,15.89,15.89,-2.11,-5.0,3
60.0,120.0,101972956_0,101972956,1,0.0,10.51,1,0.06,13.89,46.59,0.1,-11.25,15.07,0.6,-0.04,-4.03,6
60.0,120.0,101972962_0,101972962,0,13.89,13.89,0,0.0,13.89,14.61,6.8,-0.26,1.44,1.03,0.05,-5.0,9
60.0,120.0,102027267#0_0,102027267#0,0,11.11,10.46,0,0.0,11.11,117.05,111.43,-3.56,16.2,12.84,1.2,-0.7,0
60.0,120.0,102027267#1_0,102027267#1,0,11.11,11.44,0,0.0,11.11,128.23,119.79,0.35,11.58,10.48,-0.03,-1.7,0
60.0,120.0,102027267#2_0,102027267#2,1,10.84,11.37,0,0.02,11.11,152.32,119.36,0.7,13.95,10.52,-0.0,-2.04,0
60.0,120.0,102027267#3_0,102027267#3,1,10.74,11.4,0,0.04,11.11,,,,,,-0.07,-1.67,0
60.0,120.0,102027267#4_0,102027267#4,0,11.11,11.27,0,0.0,11.11,235.71,231.86,-7.32,23.32,22.2,0.0,-1.93,0
60.0,120.0,102027267#5_0,102027267#5,1,9.8,11.27,0,0.09,11.11,253.13,250.53,-4.09,25.17,24.16,0.03,-0.7,0
60.0,120.0,102027267#6_0,102027267#6,0,11.11,11.24,0,0.0,11.11,,,,,,-0.93,-5.0,2
60.0,120.0,102688627#5_0,102688627#5,1,3.92,9.35,0,0.08,11.11,22.91,21.35,1.38,2.86,2.39,-1.55,-4.89,1
60.0,120.0,102688628#0_0,102688628#0,0,22.22,17.98,0,0.0,22.22,84.86,26.75,3.99,5.63,1.53,0.08,-1.53,0
60.0,120.0,102688628#1_0,102688628#1,0,22.22,17.91,0,0.0,22.22,75.86,26.6,8.66,4.94,1.5,-0.1,-2.33,0
60.0,120.0,102688628#2_0,102688628#2,0,22.22,17.93,0,0.0,22.22,48.45,25.94,9.23,2.97,1.45,0.03,-2.26,0
60.0,120.0,102688628#3_0,102688628#3,0,22.22,17.9,0,0.0,22.22,28.86,0.1,-0.26,20.02,0.76,-1.81,-5.0,27
60.0,120.0,102688628#4_0,102688628#4,0,22.22,11.84,0,0.0,22.22,32.95,7.96,1.64,3.93,1.05,1.24,-0.8,0
60.0,120.0,102688628#5_0,102688628#5,3,1.23,14.81,1,0.13,22.22,11.33,0.0,-0.73,3.95,0.5,-0.39,-5.0,43
60.0,120.0,102688631#1_0,102688631#1,0,11.11,12.91,0,0.0,11.11,46.59,26.62,0.09,4.18,2.47,0.11,-1.9,0
60.0,120.0,102688631#2_0,102688631#2,1,6.2,12.81,0,0.09,11.11,86.86,57.44,0.75,7.23,5.07,-0.43,-5.0,4
60.0,120.0,102688631#3_0,102688631#3,0,11.11,12.95,0,0.06,11.11,101.14,56.5,0.69,8.85,4.98,0.02,-2.34,0
60.0,120.0,102688631#4_0,102688631#4,0,11.11,13.0,0,0.0,11.11,113.55,55.99,-2.49,10.05,4.93,-0.01,-1.13,0
60.0,120.0,102688631#5_0,102688631#5,0,11.11,12.89,0,0.0,11.11,99.8,9.79,-1.54,9.7,1.17,-0.88,-5.0,10
60.0,120.0,102690982#1_0,102690982#1,0,11.11,11.7,0,0.0,11.11,36.35,6.79,-0.98,3.88,1.03,0.53,-1.95,0
60.0,120.0,102690982#2_0,102690982#2,4,10.32,13.08,0,0.14,11.11,43.64,11.82,0.24,4.02,1.09,0.0,-2.29,0
60.0,120.0,102690982#3_0,102690982#3,1,6.81,13.09,0,0.02,11.11,34.27,8.97,1.4,3.35,1.15,-0.63,-5.0,20
60.0,120.0,102690982#4_0,102690982#4,0,11.11,11.15,0,0.0,11.11,,,,,,-0.27,-4.0,3
60.0,120.0,102690983#0_0,102690983#0,1,12.85,16.41,0,0.1,22.22,77.78,28.99,-1.46,5.95,2.48,1.37,-0.37,0
60.0,120.0,102690983#2_0,102690983#2,0,22.22,17.42,0,0.0,22.22,81.81,43.08,4.06,5.02,2.88,0.19,-0.73,0
60.0,120.0,102690983#3_0,102690983#3,1,16.28,17.99,0,0.1,22.22,78.87,35.53,4.8,5.03,2.17,0.02,-1.96,0
60.0,120.0,102690983#4_0,102690983#4,1,3.85,17.92,0,0.05,22.22,60.42,15.43,-2.01,6.5,1.56,-2.6,-5.0,35
60.0,120.0,102690992#0_0,102690992#0,0,11.11,10.96,0,0.0,11.11,96.7,88.06,-0.37,10.55,9.05,0.87,-1.36,0
60.0,120.0,102690992#1_0,102690992#1,1,9.97,11.1,0,0.03,11.11,98.65,92.25,1.06,9.35,8.59,0.05,-2.27,0
60.0,120.0,102690992#2_0,102690992#2,2,5.43,11.13,1,0.04,11.11,107.8,12.45,1.5,14.44,5.82,-0.26,-5.0,4
60.0,120.0,102691001#0_0,102691001#0,0,11.11,12.18,0,0.0,11.11,64.77,32.36,7.26,6.2,2.73,-0.03,-1.46,0
60.0,120.0,102691001#1_0,102691001#1,1,0.0,11.66,1,0.04,11.11,20.58,0.0,-1.25,4.11,0.51,-0.19,-5.0,9
60.0,120.0,102784452#3_0,102784452#3,1,12.05,14.86,0,0.09,27.78,48.62,13.9,-3.27,5.34,2.03,1.31,-1.62,0
60.0,120.0,102784452#4_0,102784452#4,1,13.78,17.57,0,0.06,27.78,87.63,38.79,-0.82,8.48,2.69,0.4,-5.0,6
60.0,120.0,102784452#5_0,102784452#5,0,27.78,17.62,0,0.0,27.78,54.7,51.88,-3.53,3.97,3.76,0.65,-0.31,0
60.0,120.0,102784452#6_0,102784452#6,0,27.78,17.61,0,0.0,27.78,89.35,60.41,2.27,5.66,4.37,-0.26,-1.74,0
60.0,120.0,102784452#8_0,102784452#8,1,13.33,18.0,0,0.05,27.78,73.3,55.01,5.13,4.79,4.09,0.07,-1.75,0
60.0,120.0,102961698#1_0,102961698#1,2,9.78,15.77,0,0.1,13.89,25.53,4.96,-1.0,3.0,1.26,-0.79,-5.0,18
60.0,120.0,102961698#2_0,102961698#2,0,13.89,13.8,0,0.0,13.89,14.54,13.73,-0.32,1.28,1.09,0.99,-1.07,0
60.0,120.0,102961698#3_0,102961698#3,2,13.37,13.77,0,0.13,13.89,15.38,15.18,-0.42,1.16,1.13,-0.11,-1.03,0
60.0,120.0,102961717#1_0,102961717#1,0,13.89,12.38,0,0.0,13.89,,,,,,-0.18,-1.7,0
60.0,120.0,102961717#2_0,102961717#2,0,13.89,12.2,0,0.0,13.89,,,,,,0.24,-0.87,0
60.0,120.0,102961717#4_0,102961717#4,0,13.89,11.48,0,0.0,13.89,,,,,,-0.95,-4.9,5
60.0,120.0,102961724#0_0,102961724#0,0,13.89,12.58,0,0.0,13.89,,,,,,-0.8,-0.8,0
60.0,120.0,102961724#1_0,102961724#1,0,13.89,13.42,0,0.0,13.89,,,,,,-2.07,-5.0,3
60.0,120.0,102961744_0,102961744,0,13.89,14.91,0,0.0,13.89,,,,,,-2.09,-4.0,8
60.0,120.0,103050320_0,103050320,1,2.22,3.02,0,0.05,2.78,73.02,70.46,0.05,30.4,25.87,0.01,-2.31,0
60.0,120.0,103050330#0_0,103050330#0,0,13.89,12.16,0,0.0,13.89,,,,,,-0.28,-1.44,0
60.0,120.0,103050330#1_0,103050330#1,0,13.89,11.88,0,0.0,13.89,,,,,,-2.52,-4.61,2
60.0,120.0,103082310#0_0,103082310#0,0,13.89,12.11,0,0.0,13.89,,,,,,1.4,0.77,0
60.0,120.0,103082310#1_0,103082310#1,0,13.89,14.12,0,0.0,13.89,,,,,,-0.93,-5.0,5
60.0,120.0,103082314#0_0,103082314#0,0,11.11,11.11,0,0.0,11.11,,,,,,0.0,0.0,0
60.0,120.0,103082314#1_0,103082314#1,0,11.11,12.31,0,0.0,11.11,,,,,,0.19,-0.66,0
60.0,120.0,103082314#3_0,103082314#3,0,11.11,12.03,0,0.0,11.11,31.59,30.23,-1.15,3.31,2.55,-2.11,-4.0,3
60.0,120.0,103082326#0_0,103082326#0,1,12.69,13.02,0,0.07,13.89,81.96,54.51,3.49,10.1,4.7,0.25,-4.5,11
60.0,120.0,103212684#0_0,103212684#0,0,13.89,12.48,0,0.0,13.89,23.14,22.42,-2.93,3.3,3.24,1.44,0.48,0
60.0,120.0,103230484#0_0,103230484#0,1,6.54,11.67,0,0.04,13.89,55.89,55.79,-0.02,9.06,8.56,0.15,-4.45,3
60.0,120.0,103230484#2_0,103230484#2,1,13.41,13.89,0,0.03,13.89,,,,,,-0.08,-1.68,0
60.0,120.0,103230510_0,103230510,0,13.89,12.73,0,0.0,13.89,,,,,,-0.48,-5.0,3
60.0,120.0,103230516#0_0,103230516#0,0,11.11,10.32,0,0.0,11.11,,,,,,0.06,-2.21,0
60.0,120.0,103230516#0_1,103230516#0,0,11.11,11.2,0,0.0,11.11,128.58,123.11,1.3,13.29,11.2,-0.2,-4.83,2
60.0,120.0,103230552#0_0,103230552#0,0,13.89,8.39,0,0.0,13.89,,,,,,1.37,0.74,0
60.0,120.0,103230607#0_0,103230607#0,0,13.89,13.83,0,0.0,13.89,,,,,,0.81,-1.67,0
60.0,120.0,103230607#1_0,103230607#1,0,13.89,13.82,0,0.0,13.89,,,,,,-0.06,-1.35,0
60.0,120.0,103230607#2_0,103230607#2,0,13.89,13.46,0,0.0,13.89,,,,,,-1.55,-4.63,4
60.0,120.0,103230607#3_0,103230607#3,0,13.89,9.23,0,0.0,13.89,,,,,,0.25,-3.07,1
60.0,120.0,103230607#4_0,103230607#4,0,13.89,13.57,0,0.0,13.89,,,,,,0.42,-4.38,1
60.0,120.0,103230607#5_0,103230607#5,0,13.89,13.08,0,0.0,13.89,,,,,,-0.49,-4.0,3
60.0,120.0,104043544#2_0,104043544#2,1,4.98,11.39,0,0.07,22.22,74.47,65.53,-5.43,9.82,7.08,1.19,0.16,0
60.0,120.0,104043544#4_0,104043544#4,0,22.22,17.99,0,0.0,22.22,86.82,74.06,5.28,5.48,4.31,0.66,-1.69,0
60.0,120.0,104043544#5_0,104043544#5,0,22.22,17.68,0,0.0,22.22,84.49,66.1,7.26,5.28,3.74,0.04,-0.61,0
60.0,120.0,104043544#6_0,104043544#6,0,22.22,17.73,0,0.0,22.22,76.87,59.43,4.53,5.1,3.35,0.06,-0.85,0
60.0,120.0,104043544#7_0,104043544#7,0,22.22,17.98,0,0.0,22.22,72.48,42.66,3.12,5.08,2.45,0.11,-1.07,0
60.0,120.0,104043544#8_0,104043544#8,0,22.22,16.1,0,0.0,22.22,54.33,1.0,-6.39,3.67,1.99,-0.83,-5.0,10
60.0,120.0,1087118361#11_0,1087118361#11,0,27.78,12.72,0,0.0,27.78,39.28,30.13,9.32,4.17,3.6,-2.37,-4.0,3
60.0,120.0,1087118361#4_0,1087118361#4,0,27.78,9.27,0,0.0,27.78,18.97,18.24,-2.98,2.09,1.97,1.76,1.14,0
60.0,120.0,1087118361#5_0,1087118361#5,0,27.78,14.56,0,0.0,27.78,21.92,15.69,1.77,1.85,1.44,0.66,-4.13,1
60.0,120.0,1087118361#8_0,1087118361#8,1,6.33,16.45,0,0.05,27.78,34.24,15.87,8.34,2.92,1.12,-0.48,-4.0,1
60.0,120.0,1087118361#9_0,1087118361#9,1,0.0,9.07,1,0.4,27.78,14.09,0.07,-2.87,6.61,0.03,-1.05,-4.0,10
60.0,120.0,1124089270_1,1124089270,1,9.49,9.49,0,0.02,27.78,115.52,114.28,-1.59,14.48,12.28,1.22,-0.32,0
60.0,120.0,1124089271_0,1124089271,0,27.78,13.59,0,0.0,27.78,,,,,,0.51,-0.71,0
60.0,120.0,1124089271_1,1124089271,1,10.54,11.29,0,0.03,27.78,,,,,,0.99,-0.54,0
60.0,120.0,1124089272#1_0,1124089272#1,1,10.93,13.9,0,0.03,27.78,151.13,128.58,-3.71,12.87,12.1,0.12,-1.15,0
60.0,120.0,1124089272#1_1,1124089272#1,0,27.78,17.64,0,0.0,27.78,41.69,33.09,6.4,2.55,1.9,1.38,-0.89,0
60.0,120.0,1124089273_0,1124089273,1,14.61,17.49,0,0.03,27.78,46.39,38.29,4.06,3.35,2.43,0.88,-0.66,0
60.0,120.0,1124089273_1,1124089273,0,27.78,17.98,0,0.0,27.78,62.65,30.11,-1.61,4.72,1.69,1.18,-1.98,0
60.0,120.0,1124089274_0,1124089274,1,7.74,17.72,0,0.02,27.78,62.5,21.1,4.43,5.02,1.39,0.45,-1.57,0
60.0,120.0,1124089274_1,1124089274,0,27.78,17.92,0,0.0,27.78,61.96,30.25,4.72,4.49,1.7,0.25,-4.9,1
60.0,120.0,1124089275#0_0,1124089275#0,0,27.78,17.35,0,0.07,27.78,28.65,10.57,-2.33,15.01,1.34,-2.81,-5.0,19
60.0,120.0,1124089275#0_1,1124089275#0,0,27.78,17.95,0,0.0,27.78,62.16,31.41,3.61,3.63,1.95,0.55,-1.94,0
60.0,120.0,1124089275#1_1,1124089275#1,0,27.78,17.96,0,0.0,27.78,68.4,24.86,4.24,4.02,1.81,-0.93,-5.0,12
60.0,120.0,1124089275#2_0,1124089275#2,1,17.88,17.99,0,0.01,27.78,,,,,,0.14,-1.08,0
60.0,120.0,1124089275#2_1,1124089275#2,1,17.56,17.96,0,0.01,27.78,,,,,,0.32,-2.34,0
60.0,120.0,1124102295#0_0,1124102295#0,0,27.78,18.0,0,0.0,27.78,100.76,95.09,8.69,5.76,5.62,-0.3,-1.41,0
60.0,120.0,1124102295#2_0,1124102295#2,0,27.78,17.91,0,0.0,27.78,89.84,89.84,5.21,5.25,5.25,-1.95,-5.0,8
60.0,120.0,1124379127#0_0,1124379127#0,1,11.58,11.58,0,0.08,16.67,,,,,,1.04,0.28,0
60.0,120.0,1124379127#0_1,1124379127#0,1,12.37,12.37,0,0.04,16.67,,,,,,0.99,0.21,0
60.0,120.0,1124379127#1_0,1124379127#1,0,16.67,15.25,0,0.0,16.67,,,,,,-0.22,-1.44,0
60.0,120.0,1124379127#1_1,1124379127#1,0,16.67,15.41,0,0.0,16.67,,,,,,-0.25,-0.84,0
60.0,120.0,1124379127#2_0,1124379127#2,0,16.67,15.5,0,0.0,16.67,,,,,,0.3,-1.38,0
60.0,120.0,1124379127#2_1,1124379127#2,0,16.67,13.09,0,0.0,16.67,,,,,,1.59,0.55,0
60.0,120.0,1124379127#3_0,1124379127#3,0,16.67,15.3,0,0.0,16.67,,,,,,0.18,-1.13,0
60.0,120.0,1124379127#3_1,1124379127#3,0,16.67,15.62,0,0.0,16.67,,,,,,0.43,-0.68,0
60.0,120.0,1124382852_0,1124382852,0,27.78,17.99,0,0.0,27.78,82.14,32.07,2.64,4.97,1.9,0.53,-2.47,0
60.0,120.0,1124382853#2_0,1124382853#2,1,17.93,17.94,0,0.02,27.78,96.5,34.35,-1.84,7.81,2.94,1.07,-2.05,0
60.0,120.0,1124382853#3_0,1124382853#3,1,16.7,17.94,0,0.06,27.78,87.33,68.36,8.3,5.12,3.88,-0.54,-5.0,6
60.0,120.0,1124382853#5_0,1124382853#5,0,27.78,13.0,0,0.0,27.78,72.16,67.06,-6.24,7.82,5.16,-1.75,-5.0,10
60.0,120.0,1126633510#0_0,1126633510#0,1,10.89,11.04,0,0.01,11.11,15.85,8.08,0.17,1.75,1.02,0.25,-2.43,0
60.0,120.0,1126633510#1_1,1126633510#1,0,11.11,11.83,0,0.0,11.11,20.88,8.05,0.55,2.08,1.0,-0.02,-2.49,0
60.0,120.0,1126633510#2_0,1126633510#2,0,11.11,11.31,0,0.0,11.11,13.6,7.01,1.16,1.87,1.04,-1.25,-5.0,6
60.0,120.0,1126633511#2_0,1126633511#2,2,7.2,11.04,0,0.12,11.11,17.94,17.94,-4.44,3.6,3.6,1.07,-0.67,0
60.0,120.0,1126633511#3_0,1126633511#3,0,11.11,11.15,0,0.0,11.11,,,,,,-0.14,-2.02,0
60.0,120.0,1126641020#0_0,1126641020#0,2,13.23,17.8,0,0.09,27.78,81.68,15.89,0.47,4.89,1.15,-0.04,-1.43,0
60.0,120.0,1126641020#1_0,1126641020#1,0,27.78,18.0,0,0.0,27.78,94.94,69.45,0.99,5.6,3.93,-0.06,-1.92,0
60.0,120.0,1126641021_0,1126641021,1,16.0,17.94,0,0.03,27.78,61.11,16.39,0.52,3.82,1.15,0.27,-2.33,0
60.0,120.0,1128043713#0_1,1128043713#0,0,11.11,11.02,0,0.0,11.11,,,,,,-0.86,-2.11,0
60.0,120.0,1128043713#1_1,1128043713#1,0,11.11,11.82,0,0.0,11.11,,,,,,-0.17,-2.35,0
60.0,120.0,1128043714#1_0,1128043714#1,0,11.11,11.49,0,0.0,11.11,13.63,12.26,-0.34,1.39,1.15,0.65,-1.86,0
60.0,120.0,1128043714#2_0,1128043714#2,0,11.11,11.13,0,0.0,11.11,12.04,11.53,0.22,1.15,1.07,-0.03,-2.6,0
60.0,120.0,1128043714#3_0,1128043714#3,0,11.11,10.84,0,0.0,11.11,12.31,11.88,-0.31,1.22,1.17,0.1,-1.1,0
60.0,120.0,1128043714#4_0,1128043714#4,0,11.11,10.98,0,0.0,11.11,12.16,11.87,0.03,1.16,1.08,0.03,-2.06,0
60.0,120.0,1128043714#5_0,1128043714#5,2,1.22,10.88,1,0.18,11.11,6.04,1.39,3.1,1.02,0.57,-2.14,-5.0,6
60.0,120.0,1130603776#0_1,1130603776#0,0,16.67,17.91,0,0.0,16.67,,,,,,-0.04,-1.56,0
60.0,120.0,1130603776#1_1,1130603776#1,0,16.67,17.92,0,0.0,16.67,,,,,,-1.22,-5.0,4
60.0,120.0,1130603776#2_1,1130603776#2,0,16.67,17.8,0,0.0,16.67,20.35,4.06,7.9,1.63,0.97,-2.32,-5.0,11
60.0,120.0,1132632802#0_0,1132632802#0,1,11.95,13.68,0,0.12,27.78,42.74,13.79,-1.72,5.56,1.25,1.29,-0.92,0
60.0,120.0,1132632802#1_0,1132632802#1,0,27.78,13.26,0,0.0,27.78,23.94,14.27,1.95,1.92,1.24,0.36,-1.51,0
60.0,120.0,1173597755#7_0,1173597755#7,0,11.11,10.83,0,0.0,11.11,,,,,,0.47,-1.82,0
60.0,120.0,1173597755#8_0,1173597755#8,0,11.11,11.05,0,0.0,11.11,,,,,,-0.12,-2.22,0
60.0,120.0,1173597755#9_0,1173597755#9,0,11.11,10.81,0,0.0,11.11,,,,,,-0.15,-1.54,0
60.0,120.0,1178005978#0_0,1178005978#0,1,10.57,10.57,0,0.02,13.89,,,,,,1.46,-0.48,0
60.0,120.0,1178023089_0,1178023089,1,3.4,13.92,0,0.07,13.89,,,,,,-2.56,-5.0,9
60.0,120.0,1192799363#0_0,1192799363#0,0,16.67,17.05,0,0.0,16.67,147.52,101.08,0.52,9.53,6.06,-0.11,-2.14,0
60.0,120.0,1192799363#1_0,1192799363#1,0,16.67,17.04,0,0.0,16.67,116.91,101.47,0.19,7.35,6.07,-0.02,-2.08,0
60.0,120.0,1192799363#2_0,1192799363#2,1,15.94,16.94,0,0.02,16.67,107.93,49.16,3.06,7.42,3.67,-0.47,-5.0,8
60.0,120.0,1192799363#3_0,1192799363#3,1,13.43,17.5,0,0.03,16.67,52.86,30.09,-0.19,3.76,2.51,0.31,-2.11,0
60.0,120.0,1192799363#3_1,1192799363#3,1,14.63,17.79,0,0.05,16.67,74.69,36.67,-0.38,4.97,2.09,0.66,-1.15,0
60.0,120.0,1192799363#4_0,1192799363#4,0,16.67,16.62,0,0.0,16.67,,,,,,-0.07,-1.59,0
60.0,120.0,1192799363#4_1,1192799363#4,1,14.31,17.8,0,0.05,16.67,59.94,0.65,-1.15,6.39,0.06,-0.03,-4.0,3
60.0,120.0,1192799363#5_1,1192799363#5,0,16.67,17.76,0,0.0,16.67,47.02,6.59,2.4,3.23,0.59,-0.01,-5.0,2
60.0,120.0,1192799364_0,1192799364,1,17.09,17.09,0,0.09,16.67,,,,,,0.04,-1.27,0
60.0,120.0,1192799365_0,1192799365,1,2.97,11.23,0,0.08,11.11,124.24,121.11,-6.32,12.61,12.35,-1.75,-5.0,6
60.0,120.0,1192799365_1,1192799365,0,11.11,12.07,0,0.0,11.11,78.55,65.02,-4.54,31.84,6.14,-1.29,-4.5,12
60.0,120.0,1192799366_0,1192799366,0,16.67,17.01,0,0.0,16.67,114.62,107.4,-3.67,9.4,7.66,0.68,-1.91,0
60.0,120.0,1192800521_0,1192800521,0,16.67,15.22,0,0.0,16.67,,,,,,-2.15,-5.0,4
60.0,120.0,1196271501#0_0,1196271501#0,1,8.88,11.79,0,0.06,11.11,67.19,14.93,0.08,6.32,1.54,-0.39,-5.0,5
60.0,120.0,1196271501#1_0,1196271501#1,0,11.11,11.84,0,0.0,11.11,49.41,13.76,0.65,4.67,1.31,-0.03,-2.35,0
60.0,120.0,1196271501#2_0,1196271501#2,1,10.06,12.85,0,0.06,11.11,41.1,8.4,0.72,4.35,1.23,-0.07,-5.0,13
60.0,120.0,1196283316_0,1196283316,2,15.72,17.93,0,0.03,22.22,86.69,34.62,-2.57,6.31,3.84,0.78,-2.15,0
60.0,120.0,1198952555#3_0,1198952555#3,0,11.11,11.24,0,0.0,11.11,,,,,,-0.74,-4.0,2
60.0,120.0,1199457540#0_0,1199457540#0,0,22.22,17.55,0,0.0,22.22,80.87,66.69,7.25,4.93,3.86,0.88,-0.71,0
60.0,120.0,1199457540#1_0,1199457540#1,0,22.22,17.94,0,0.0,22.22,58.59,40.39,5.04,4.62,2.62,-0.84,-5.0,13
60.0,120.0,1199457540#2_0,1199457540#2,0,22.22,8.13,0,0.0,22.22,111.35,14.98,-9.48,16.58,2.26,-2.95,-5.0,6
60.0,120.0,1251129390#0_0,1251129390#0,0,11.11,11.41,0,0.0,11.11,,,,,,-0.26,-5.0,1
60.0,120.0,1251129390#0_1,1251129390#0,0,11.11,11.74,0,0.0,11.11,41.11,11.79,0.32,3.84,1.05,-0.13,-5.0,5
60.0,120.0,1251129390#1_0,1251129390#1,1,10.34,10.44,0,0.02,11.11,,,,,,-0.92,-1.65,0
60.0,120.0,1251129390#1_1,1251129390#1,1,10.58,11.54,0,0.05,11.11,21.12,0.06,2.09,2.19,0.37,-0.41,-5.0,10
60.0,120.0,1251129390#2_1,1251129390#2,1,10.39,10.43,0,0.15,11.11,,,,,,-0.95,-3.91,1
60.0,120.0,1251129390#3_0,1251129390#3,2,11.08,11.41,0,0.05,11.11,59.98,11.1,-0.15,5.86,1.1,0.24,-2.07,0
60.0,120.0,1251129390#3_1,1251129390#3,1,9.31,11.74,0,0.02,11.11,47.14,11.21,-1.86,5.05,1.07,0.19,-1.89,0
60.0,120.0,1251129391_0,1251129391,0,11.11,11.68,0,0.0,11.11,79.44,61.25,0.12,7.93,6.09,-0.03,-2.0,0
60.0,120.0,1251129391_1,1251129391,0,11.11,11.64,0,0.0,11.11,,,,,,1.0,1.0,0
60.0,120.0,1277600332#0_0,1277600332#0,1,9.66,12.68,0,0.04,11.11,149.09,147.37,-2.25,14.74,14.23,0.01,-4.48,4
60.0,120.0,1277600332#1_0,1277600332#1,0,11.11,12.61,0,0.0,11.11,142.59,96.58,12.2,11.71,7.81,0.03,-1.32,0
60.0,120.0,1287656128#1_0,1287656128#1,1,16.65,17.93,0,0.04,22.22,134.09,91.48,2.67,12.34,5.5,-0.81,-5.0,4
60.0,120.0,1288011209_0,1288011209,0,11.11,11.33,0,0.0,11.11,68.96,28.84,-1.59,7.37,2.65,-0.61,-5.0,11
60.0,120.0,1312946259#3_0,1312946259#3,0,11.11,11.02,0,0.0,11.11,11.74,0.5,-0.37,8.35,0.53,-0.35,-4.0,4
60.0,120.0,1312946259#4_0,1312946259#4,0,11.11,10.22,0,0.0,11.11,53.54,6.49,-0.59,8.12,0.99,1.31,0.57,0
60.0,120.0,1312946260_0,1312946260,1,0.0,11.15,1,0.03,11.11,34.69,0.0,2.29,8.41,0.51,-0.2,-4.0,7
60.0,120.0,135461188#0_0,135461188#0,1,10.48,10.99,0,0.04,11.11,71.8,69.78,1.71,6.74,6.47,0.06,-2.12,0
60.0,120.0,135461188#1_0,135461188#1,0,11.11,9.49,0,0.0,11.11,,,,,,0.21,-0.08,0
60.0,120.0,135461188#2_0,135461188#2,1,9.08,9.19,0,0.07,11.11,,,,,,-0.06,-0.23,0
60.0,120.0,1387728842#0_0,1387728842#0,1,10.58,11.61,0,0.09,11.11,33.02,25.4,-2.55,3.86,3.21,0.44,-1.44,0
60.0,120.0,1387728842#1_0,1387728842#1,0,11.11,11.69,0,0.0,11.11,104.26,36.45,7.6,9.84,3.12,-0.32,-2.29,0
60.0,120.0,1388181076#0_0,1388181076#0,1,17.42,17.42,0,0.03,22.22,62.43,32.92,-1.8,5.29,2.72,1.55,-1.68,0
60.0,120.0,1388181076#1_0,1388181076#1,0,22.22,17.91,0,0.0,22.22,30.69,27.16,4.33,1.8,1.65,0.65,-1.5,0
60.0,120.0,1388181076#2_0,1388181076#2,0,22.22,17.49,0,0.09,22.22,113.07,22.89,2.91,7.69,1.44,-1.44,-5.0,4
60.0,120.0,1388181076#3_0,1388181076#3,0,22.22,17.11,0,0.0,22.22,93.93,19.31,1.62,6.32,1.29,0.32,-0.65,0
60.0,120.0,1388181076#4_0,1388181076#4,0,22.22,17.84,0,0.0,22.22,94.59,17.04,0.4,6.24,1.18,-0.09,-1.62,0
60.0,120.0,1388965579_0,1388965579,0,27.78,17.84,0,0.0,27.78,75.19,25.85,0.32,7.32,1.93,-2.77,-5.0,23
60.0,120.0,1389216080#0_0,1389216080#0,0,11.11,11.2,0,0.0,11.11,54.41,10.65,0.61,4.93,0.97,0.29,-0.52,0
60.0,120.0,1389216080#2_0,1389216080#2,2,0.0,11.21,2,0.16,11.11,31.85,0.01,-3.0,3.94,0.52,-0.85,-4.0,9
60.0,120.0,1434291944#0_0,1434291944#0,2,13.37,17.98,0,0.03,22.22,61.61,13.22,-2.22,4.78,1.1,0.63,-2.81,0
60.0,120.0,1434291944#1_0,1434291944#1,0,22.22,17.92,0,0.0,22.22,56.38,19.47,1.12,3.42,1.14,0.06,-2.01,0
60.0,120.0,1434291944#2_0,1434291944#2,2,16.57,17.8,0,0.14,22.22,50.33,18.96,1.4,2.94,1.13,0.08,-2.08,0
60.0,120.0,1434292703#1_0,1434292703#1,0,13.89,9.32,0,0.0,13.89,,,,,,-0.94,-5.0,4
60.0,120.0,1435087429_0,1435087429,0,11.11,12.26,0,0.0,11.11,70.81,0.1,2.19,8.47,1.66,-0.22,-5.0,8
60.0,120.0,1476448641#0_0,1476448641#0,0,22.22,17.91,0,0.0,22.22,,,,,,0.97,-1.49,0
60.0,120.0,1502779184#1_1,1502779184#1,0,11.11,11.83,0,0.0,11.11,,,,,,0.07,-1.14,0
60.0,120.0,1530047251#1_0,1530047251#1,0,16.67,16.67,0,0.0,16.67,,,,,,-0.02,-0.03,0
60.0,120.0,1530047253#0_1,1530047253#0,1,12.3,12.3,0,0.08,16.67,,,,,,0.4,-4.0,3
60.0,120.0,1546903355_0,1546903355,0,11.11,11.88,0,0.0,11.11,51.64,9.74,-0.36,5.61,1.23,0.51,-2.27,0
60.0,120.0,27553246#0_0,27553246#0,0,11.11,11.28,0,0.0,11.11,,,,,,0.17,-3.46,1
60.0,120.0,50219794#10_0,50219794#10,0,11.11,12.81,0,0.0,11.11,,,,,,-0.29,-1.51,0
60.0,120.0,50219794#10_1,50219794#10,0,11.11,11.15,0,0.0,11.11,,,,,,-0.11,-0.72,0
60.0,120.0,50219794#11_0,50219794#11,0,11.11,12.76,0,0.0,11.11,123.88,123.05,1.86,11.37,11.22,-0.06,-1.75,0
60.0,120.0,50219794#11_1,50219794#11,0,11.11,11.17,0,0.0,11.11,,,,,,0.24,0.24,0
60.0,120.0,50219794#12_0,50219794#12,0,11.11,11.17,0,0.0,11.11,,,,,,-0.2,-2.14,0
60.0,120.0,50219794#13_0,50219794#13,0,11.11,11.11,0,0.0,11.11,93.85,90.12,-1.06,10.59,9.77,0.12,-0.9,0
60.0,120.0,50219794#13_1,50219794#13,0,11.11,11.17,0,0.0,11.11,93.38,72.0,-0.19,9.2,8.11,-0.09,-1.38,0
60.0,120.0,50219794#14_0,50219794#14,0,11.11,11.11,0,0.0,11.11,,,,,,-0.1,-1.57,0
60.0,120.0,50219794#14_1,50219794#14,0,11.11,10.74,0,0.0,11.11,89.38,79.62,0.49,9.36,8.3,-0.05,-0.47,0
60.0,120.0,50219794#15_0,50219794#15,0,11.11,11.15,0,0.0,11.11,95.18,85.27,-6.72,9.79,8.67,-0.0,-0.86,0
60.0,120.0,50219794#15_1,50219794#15,1,10.06,12.09,0,0.08,11.11,110.95,71.17,1.92,11.01,6.65,-0.01,-1.63,0
60.0,120.0,50219794#2_1,50219794#2,0,11.11,11.12,0,0.0,11.11,,,,,,-0.07,-2.05,0
60.0,120.0,50219794#3_0,50219794#3,0,11.11,12.6,0,0.0,11.11,,,,,,0.75,0.0,0
60.0,120.0,50219794#3_1,50219794#3,0,11.11,11.11,0,0.0,11.11,,,,,,-0.28,-1.3,0
60.0,120.0,50219794#4_0,50219794#4,0,11.11,12.8,0,0.0,11.11,,,,,,-0.54,-4.37,6
60.0,120.0,50219794#4_1,50219794#4,0,11.11,11.2,0,0.0,11.11,,,,,,-0.11,-5.0,1
60.0,120.0,50219794#7_0,50219794#7,0,11.11,12.18,0,0.0,11.11,,,,,,1.58,-0.51,0
60.0,120.0,50219794#8_0,50219794#8,0,11.11,12.67,0,0.0,11.11,,,,,,0.91,0.2,0
60.0,120.0,50219794#9_0,50219794#9,0,11.11,12.76,0,0.0,11.11,,,,,,-0.05,-1.53,0
60.0,120.0,50219794#9_1,50219794#9,0,11.11,11.19,0,0.0,11.11,,,,,,0.79,-0.45,0
60.0,120.0,52085869#0_0,52085869#0,0,11.11,11.86,0,0.0,11.11,59.36,13.86,2.51,5.28,1.4,0.04,-1.55,0
60.0,120.0,52085869#2_0,52085869#2,0,11.11,11.95,0,0.0,11.11,34.79,8.34,0.56,3.29,1.23,-0.54,-3.77,2
60.0,120.0,52085869#3_0,52085869#3,0,11.11,11.41,0,0.0,11.11,99.27,99.27,-4.15,15.76,15.76,0.13,-4.33,4
60.0,120.0,52087627#2_0,52087627#2,0,11.11,9.67,0,0.0,11.11,,,,,,-0.42,-5.0,3
60.0,120.0,52097266#0_0,52097266#0,1,10.34,11.15,0,0.02,11.11,,,,,,0.31,-2.16,0
60.0,120.0,52097266#6_0,52097266#6,0,11.11,11.15,0,0.0,11.11,,,,,,-0.29,-5.0,2
60.0,120.0,52097653#0_0,52097653#0,1,9.34,9.34,0,0.01,11.11,,,,,,1.38,-0.85,0
60.0,120.0,52097653#1_0,52097653#1,0,11.11,10.44,0,0.0,11.11,,,,,,1.77,0.71,0
60.0,120.0,52097653#2_0,52097653#2,1,0.0,11.19,1,0.01,11.11,58.67,18.44,-9.01,,,-0.27,-5.0,4
60.0,120.0,52152219#1_0,52152219#1,0,11.11,11.04,0,0.0,11.11,146.57,144.43,-7.84,26.45,21.71,-0.03,-5.0,5
60.0,120.0,52152302#1_0,52152302#1,1,10.98,17.87,0,0.04,22.22,110.4,100.07,2.96,8.63,7.41,0.86,-1.03,0
60.0,120.0,52152302#2_0,52152302#2,0,22.22,17.95,0,0.0,22.22,96.69,92.34,2.14,7.16,6.89,-0.01,-2.15,0
60.0,120.0,52152302#3_0,52152302#3,1,3.91,17.97,0,0.03,22.22,9.15,0.1,-4.9,1.75,0.06,-0.98,-5.0,18
60.0,120.0,52152309_0,52152309,1,10.74,17.77,0,0.01,22.22,78.74,51.59,6.03,4.71,3.35,0.35,-5.0,3
60.0,120.0,52152313#0_0,52152313#0,0,13.89,14.97,0,0.0,13.89,,,,,,0.03,-0.74,0
60.0,120.0,52152313#1_0,52152313#1,1,14.65,14.83,0,0.03,13.89,,,,,,-0.82,-5.0,7
60.0,120.0,52152345#0_0,52152345#0,0,27.78,17.88,0,0.0,27.78,87.97,64.53,1.64,5.14,3.64,-0.01,-1.87,0
60.0,120.0,52152345#1_0,52152345#1,0,27.78,17.9,0,0.0,27.78,84.42,41.26,6.43,5.04,2.4,-0.02,-1.31,0
60.0,120.0,52155433#0_0,52155433#0,0,16.67,17.06,0,0.0,16.67,,,,,,0.43,-1.51,0
60.0,120.0,52155433#1_0,52155433#1,0,16.67,16.88,0,0.0,16.67,,,,,,0.26,-0.76,0
60.0,120.0,52155735#0_0,52155735#0,0,22.22,17.98,0,0.0,22.22,66.52,52.33,-3.35,4.98,4.15,1.3,-0.46,0
60.0,120.0,52155735#1_0,52155735#1,0,22.22,17.95,0,0.0,22.22,89.24,72.27,-1.99,8.69,4.05,0.58,-1.16,0
60.0,120.0,52155737#0_0,52155737#0,0,13.89,10.29,0,0.0,13.89,145.04,136.99,0.17,19.61,18.37,0.49,-4.0,3
60.0,120.0,52155745#1_0,52155745#1,0,22.22,17.64,0,0.0,22.22,,,,,,0.17,-1.39,0
60.0,120.0,52155745#2_0,52155745#2,1,8.56,17.36,0,0.05,22.22,,,,,,-2.55,-5.0,4
60.0,120.0,52155752#0_0,52155752#0,0,13.89,13.86,0,0.0,13.89,50.26,48.57,1.22,3.69,3.58,0.54,-1.84,0
60.0,120.0,52155752#1_0,52155752#1,2,13.05,13.61,0,0.05,13.89,45.37,44.68,1.23,3.38,3.34,-0.07,-1.95,0
60.0,120.0,562694503#1_0,562694503#1,0,13.89,13.84,0,0.0,13.89,,,,,,-0.65,-5.0,7
60.0,120.0,562694505#2_0,562694505#2,0,27.78,10.93,0,0.0,27.78,,,,,,1.49,0.53,0
60.0,120.0,563022376#1_0,563022376#1,0,11.11,12.41,0,0.0,11.11,53.18,16.27,-2.87,6.16,2.47,1.01,-2.06,0
60.0,120.0,563518385#2_0,563518385#2,0,11.11,11.44,0,0.0,11.11,,,,,,-0.19,-3.89,1
60.0,120.0,689627819_0,689627819,1,5.59,12.25,0,0.1,13.89,38.13,9.98,-4.07,25.57,1.04,-0.42,-5.0,11
60.0,120.0,696897744#1_0,696897744#1,0,11.11,10.93,0,0.0,11.11,,,,,,-0.2,-4.0,2
60.0,120.0,696897744#2_0,696897744#2,1,11.34,12.16,0,0.01,11.11,49.45,48.36,0.74,4.25,4.02,0.52,-1.65,0
60.0,120.0,749310218#2_0,749310218#2,0,27.78,13.17,0,0.0,27.78,63.56,6.74,-4.23,11.7,0.89,-0.34,-5.0,6
60.0,120.0,749341589#0_0,749341589#0,0,11.11,11.14,0,0.0,11.11,39.05,11.87,3.0,3.59,1.12,0.0,-0.8,0
60.0,120.0,749341589#1_0,749341589#1,0,11.11,11.71,0,0.0,11.11,22.49,0.01,-1.64,6.5,0.37,-0.74,-5.0,20
60.0,120.0,995139946_0,995139946,1,1.71,2.92,0,0.03,2.78,23.14,2.08,-1.43,11.07,0.91,0.01,-1.86,0
60.0,120.0,:10279701147_0_1,:10279701147_0,0,27.78,17.95,0,0.0,27.78,,,,,,1.54,0.84,0
60.0,120.0,:10279701147_2_0,:10279701147_2,0,5.97,5.69,0,0.0,5.97,,,,,,-1.47,-3.49,1
60.0,120.0,:10279761589_4_0,:10279761589_4,0,27.78,16.77,0,0.0,27.78,92.45,92.45,5.29,5.51,5.51,-0.12,-0.38,0
60.0,120.0,:10281958924_0_1,:10281958924_0,0,16.67,17.33,0,0.0,16.67,,,,,,-0.15,-1.16,0
60.0,120.0,:10281958928_0_0,:10281958928_0,0,16.67,14.35,0,0.0,16.67,,,,,,-0.35,-0.35,0
60.0,120.0,:10281958928_3_0,:10281958928_3,0,6.41,6.18,0,0.0,6.41,,,,,,-0.35,-1.33,0
60.0,120.0,:10281958930_0_0,:10281958930_0,0,16.67,14.91,0,0.0,16.67,,,,,,-1.13,-1.26,0
60.0,120.0,:10281958930_0_1,:10281958930_0,0,16.67,14.31,0,0.0,16.67,,,,,,2.44,2.44,0
60.0,120.0,:10281958931_0_0,:10281958931_0,0,16.67,15.3,0,0.0,16.67,,,,,,1.13,1.13,0
60.0,120.0,:10281958933_2_0,:10281958933_2,0,6.01,5.56,0,0.0,6.01,,,,,,-0.1,-0.62,0
60.0,120.0,:10560867452_1_0,:10560867452_1,0,11.11,8.27,0,0.0,11.11,9.57,7.94,0.14,1.26,1.17,-1.31,-2.59,0
60.0,120.0,:10560867456_0_0,:10560867456_0,0,11.11,8.69,0,0.0,11.11,11.05,9.59,-0.04,1.28,1.11,0.09,-0.34,0
60.0,120.0,:10680197991_1_0,:10680197991_1,0,13.89,11.37,0,0.0,13.89,,,,,,-0.57,-1.12,0
60.0,120.0,:10680197995_0_0,:10680197995_0,1,11.71,11.91,0,0.12,13.89,,,,,,-0.49,-0.58,0
60.0,120.0,:10907806554_7_0,:10907806554_7,0,13.89,13.58,0,0.0,13.89,,,,,,-0.13,-0.87,0
60.0,120.0,:10943277968_0_0,:10943277968_0,0,22.22,14.49,0,0.0,22.22,,,,,,2.45,1.96,0
60.0,120.0,:10943433498_0_1,:10943433498_0,0,16.67,17.52,0,0.0,16.67,,,,,,-0.56,-0.63,0
60.0,120.0,:10943433498_2_0,:10943433498_2,0,5.99,6.14,0,0.0,5.99,,,,,,-1.9,-4.36,1
60.0,120.0,:10943490945_4_0,:10943490945_4,0,11.11,9.91,0,0.0,11.11,41.12,40.15,2.41,4.27,4.13,-0.17,-1.05,0
60.0,120.0,:10943490952_0_0,:10943490952_0,0,13.89,13.6,0,0.0,13.89,,,,,,0.9,-0.63,0
60.0,120.0,:10943498141_2_0,:10943498141_2,0,3.65,3.77,0,0.0,3.65,23.93,23.93,-8.86,6.35,6.35,-3.58,-3.58,1
60.0,120.0,:10943498141_3_0,:10943498141_3,0,13.89,14.09,0,0.0,13.89,28.4,28.4,4.27,2.24,2.24,0.42,-0.35,0
60.0,120.0,:10943498141_7_0,:10943498141_7,0,8.1,8.26,0,0.0,8.1,135.65,129.74,7.44,18.41,15.71,1.39,0.56,0
60.0,120.0,:10943498141_9_0,:10943498141_9,0,3.65,3.57,0,0.0,3.65,29.42,27.61,-7.3,8.52,7.74,-0.41,-0.42,0
60.0,120.0,:10943566925_1_0,:10943566925_1,0,7.62,7.4,0,0.0,7.62,,,,,,1.05,0.33,0
60.0,120.0,:10943566925_6_0,:10943566925_6,0,13.89,14.52,0,0.0,13.89,115.21,115.21,1.21,9.99,9.99,-2.29,-4.21,1
60.0,120.0,:10943566926_8_0,:10943566926_8,0,3.65,3.6,0,0.0,3.65,119.69,119.69,-3.49,33.22,33.22,-1.33,-3.14,1
60.0,120.0,:10943736751_0_0,:10943736751_0,0,16.67,16.76,0,0.0,16.67,135.63,101.35,0.37,8.43,6.05,0.57,-0.2,0
60.0,120.0,:11282869379_6_0,:11282869379_6,0,11.11,11.28,0,0.0,11.11,76.35,36.84,1.42,7.56,4.19,0.22,-0.37,0
60.0,120.0,:1174832475_0_0,:1174832475_0,0,6.83,7.28,0,0.0,6.83,,,,,,1.04,-0.04,0
60.0,120.0,:1174832475_2_0,:1174832475_2,1,13.46,16.85,0,0.27,22.22,86.19,83.8,8.54,6.41,6.23,0.03,-0.04,0
60.0,120.0,:1174832527_1_0,:1174832527_1,0,6.28,6.54,0,0.0,6.28,,,,,,-1.04,-3.04,1
60.0,120.0,:1174832527_7_0,:1174832527_7,0,22.22,17.79,0,0.0,22.22,48.82,38.0,4.34,2.95,2.14,1.75,0.47,0
60.0,120.0,:1174832534_6_0,:1174832534_6,1,14.64,14.64,0,0.21,22.22,,,,,,1.36,0.45,0
60.0,120.0,:1174832716_3_0,:1174832716_3,0,22.22,16.99,0,0.0,22.22,98.98,98.76,1.32,7.36,7.34,-0.5,-1.77,0
60.0,120.0,:1174832811_0_0,:1174832811_0,0,11.11,12.12,0,0.0,11.11,68.59,36.69,3.35,6.49,3.03,0.4,-0.74,0
60.0,120.0,:1174832816_2_0,:1174832816_2,0,6.39,7.07,0,0.0,6.39,46.81,12.51,-3.24,7.1,2.09,-0.09,-1.75,0
60.0,120.0,:1174832834_0_0,:1174832834_0,0,8.93,6.79,0,0.0,8.93,162.09,158.83,3.32,26.37,23.4,0.82,0.48,0
60.0,120.0,:1174832834_4_0,:1174832834_4,1,11.83,12.06,0,0.13,11.11,87.59,84.64,11.94,7.33,7.15,-0.54,-0.63,0
60.0,120.0,:1174832855_1_0,:1174832855_1,0,13.89,15.08,0,0.0,13.89,,,,,,0.55,-2.09,0
60.0,120.0,:1174832855_7_0,:1174832855_7,0,10.5,10.45,0,0.0,10.5,25.15,5.67,-4.24,6.13,1.26,1.55,0.59,0
60.0,120.0,:1174832895_7_1,:1174832895_7,0,11.11,11.15,0,0.0,11.11,,,,,,0.26,-0.86,0
60.0,120.0,:1174832997_0_0,:1174832997_0,0,22.22,17.21,0,0.0,22.22,,,,,,-0.77,-0.77,0
60.0,120.0,:1174833090_6_0,:1174833090_6,0,22.22,16.73,0,0.0,22.22,,,,,,-0.27,-0.27,0
60.0,120.0,:1174833147_12_0,:1174833147_12,0,8.29,7.75,0,0.0,8.29,,,,,,0.97,-0.1,0
60.0,120.0,:1174833147_5_0,:1174833147_5,0,13.89,9.3,0,0.0,13.89,,,,,,1.31,0.98,0
60.0,120.0,:1176977350_4_0,:1176977350_4,0,8.05,9.33,0,0.0,8.05,,,,,,1.11,-0.87,0
60.0,120.0,:1176977542_0_0,:1176977542_0,0,6.35,6.94,0,0.0,6.35,,,,,,0.09,-1.45,0
60.0,120.0,:1176977542_16_0,:1176977542_16,0,7.85,7.56,0,0.0,7.85,,,,,,1.08,-1.19,0
60.0,120.0,:1176977542_6_0,:1176977542_6,0,7.85,5.84,0,0.0,7.85,,,,,,-4.31,-4.63,2
60.0,120.0,:1176978389_3_0,:1176978389_3,0,6.91,7.86,0,0.0,6.91,,,,,,-2.24,-5.0,1
60.0,120.0,:1176978438_0_0,:1176978438_0,0,6.09,5.47,0,0.0,6.09,,,,,,-2.21,-4.0,1
60.0,120.0,:1176978438_2_0,:1176978438_2,0,11.11,12.75,0,0.0,11.11,,,,,,0.16,0.16,0
60.0,120.0,:1177160369_3_0,:1177160369_3,0,22.22,17.86,0,0.0,22.22,86.03,72.06,3.87,5.96,4.17,0.22,-2.21,0
60.0,120.0,:1177160399_0_0,:1177160399_0,1,7.01,7.2,0,0.22,6.68,20.58,4.0,-5.76,5.74,1.16,1.11,-0.67,0
60.0,120.0,:1177160399_3_0,:1177160399_3,0,11.11,11.77,0,0.0,11.11,43.93,12.89,0.04,4.2,1.3,0.07,-1.43,0
60.0,120.0,:1177160403_0_0,:1177160403_0,0,11.11,11.76,0,0.0,11.11,43.39,13.62,0.6,4.14,1.33,-0.03,-2.01,0
60.0,120.0,:1177160403_1_0,:1177160403_1,1,6.17,7.34,0,0.03,6.47,26.66,5.4,-5.74,6.14,1.67,0.68,-3.33,1
60.0,120.0,:1177160515_3_0,:1177160515_3,0,6.06,6.15,0,0.0,6.06,,,,,,-1.49,-4.0,1
60.0,120.0,:1177160524_6_0,:1177160524_6,1,12.69,13.21,0,0.06,13.89,,,,,,-0.23,-0.48,0
60.0,120.0,:1177160556_0_0,:1177160556_0,0,16.67,16.54,0,0.0,16.67,119.47,119.47,-1.26,7.71,7.71,-0.18,-1.06,0
60.0,120.0,:1177160566_4_0,:1177160566_4,0,22.22,17.21,0,0.0,22.22,64.59,26.47,10.4,4.12,1.54,-0.2,-0.9,0
60.0,120.0,:1177160571_7_0,:1177160571_7,0,22.22,17.59,0,0.0,22.22,72.2,26.34,-1.7,5.16,1.5,0.21,-1.14,0
60.0,120.0,:1177160573_0_0,:1177160573_0,0,11.11,10.55,0,0.0,11.11,39.67,39.46,0.83,3.79,3.74,0.09,-1.02,0
60.0,120.0,:1177160598_0_0,:1177160598_0,0,13.89,12.13,0,0.0,13.89,,,,,,0.5,0.23,0
60.0,120.0,:1177160598_7_0,:1177160598_7,0,13.89,11.9,0,0.0,13.89,,,,,,-0.35,-1.23,0
60.0,120.0,:1177160599_1_0,:1177160599_1,0,18.05,9.69,0,0.0,18.05,,,,,,1.38,0.45,0
60.0,120.0,:1177160599_3_0,:1177160599_3,1,9.89,10.48,0,0.14,9.6,,,,,,-1.33,-4.08,1
60.0,120.0,:1177160599_4_0,:1177160599_4,0,11.11,11.09,0,0.0,11.11,,,,,,0.23,-1.76,0
60.0,120.0,:1177160599_7_0,:1177160599_7,0,18.05,9.96,0,0.0,18.05,95.93,78.52,-9.29,31.69,14.06,1.56,0.55,0
60.0,120.0,:1177160675_6_0,:1177160675_6,0,13.89,12.91,0,0.0,13.89,60.86,16.16,5.59,5.1,1.46,1.13,-0.83,0
60.0,120.0,:1177160684_6_0,:1177160684_6,0,11.32,9.76,0,0.0,11.32,,,,,,1.32,0.85,0
60.0,120.0,:1177160687_0_0,:1177160687_0,0,11.11,10.53,0,0.0,11.11,45.72,45.55,0.6,4.37,4.33,-0.09,-0.63,0
60.0,120.0,:1177160687_1_0,:1177160687_1,0,7.58,6.13,0,0.0,7.58,136.76,136.76,-9.31,22.32,22.32,-2.62,-2.62,0
60.0,120.0,:1177160687_9_0,:1177160687_9,0,7.58,7.45,0,0.0,7.58,108.07,76.62,-7.76,14.57,10.28,0.88,-0.09,0
60.0,120.0,:1177160691_0_0,:1177160691_0,0,22.22,15.49,0,0.09,22.22,18.51,18.51,-0.82,1.19,1.19,2.21,1.46,0
60.0,120.0,:1177160691_1_0,:1177160691_1,0,7.95,6.68,0,0.0,7.95,,,,,,-4.36,-5.0,2
60.0,120.0,:1177160691_7_0,:1177160691_7,0,22.22,17.88,0,0.0,22.22,,,,,,0.32,-1.14,0
60.0,120.0,:1177160691_9_0,:1177160691_9,0,7.95,7.75,0,0.0,7.95,,,,,,0.77,-0.37,0
60.0,120.0,:1177160694_6_0,:1177160694_6,0,13.89,13.44,0,0.0,13.89,,,,,,0.4,-2.14,0
60.0,120.0,:1177160716_3_0,:1177160716_3,0,2.78,2.7,0,0.0,2.78,70.58,70.4,-0.04,29.3,26.4,-0.13,-1.26,0
60.0,120.0,:1177160765_4_0,:1177160765_4,0,11.11,10.56,0,0.0,11.11,52.75,52.41,0.54,5.09,4.96,-0.05,-0.85,0
60.0,120.0,:1177160773_0_0,:1177160773_0,0,22.22,17.93,0,0.0,22.22,119.52,25.19,1.2,7.35,1.41,0.11,-0.53,0
60.0,120.0,:1177160779_3_0,:1177160779_3,0,13.89,12.27,0,0.0,13.89,,,,,,2.34,2.22,0
60.0,120.0,:1177160807_4_0,:1177160807_4,0,8.92,8.65,0,0.0,8.92,128.04,124.41,3.54,16.8,14.43,1.1,-0.32,0
60.0,120.0,:1177160864_0_0,:1177160864_0,1,9.28,12.94,0,0.19,22.22,68.44,9.43,-5.05,7.0,1.05,-2.77,-5.0,11
60.0,120.0,:1177160866_1_0,:1177160866_1,0,3.65,3.52,0,0.0,3.65,,,,,,0.06,-1.57,0
60.0,120.0,:1177160866_3_0,:1177160866_3,0,22.22,17.93,0,0.0,22.22,75.89,43.49,5.53,4.57,2.67,0.14,-0.65,0
60.0,120.0,:1177160923_10_0,:1177160923_10,0,7.86,6.94,0,0.0,7.86,26.17,22.4,-7.55,3.89,3.53,1.25,0.15,0
60.0,120.0,:1177160923_4_0,:1177160923_4,0,7.86,5.06,0,0.0,7.86,18.49,18.49,-8.89,3.65,3.65,-4.69,-4.69,1
60.0,120.0,:1177160983_3_1,:1177160983_3,0,11.11,10.93,0,0.0,11.11,91.29,77.6,-0.25,9.3,8.3,-0.11,-0.97,0
60.0,120.0,:1177161018_0_0,:1177161018_0,0,13.89,13.85,0,0.0,13.89,,,,,,0.11,-0.45,0
60.0,120.0,:1177161018_3_0,:1177161018_3,0,5.96,6.85,0,0.0,5.96,,,,,,0.55,-0.82,0
60.0,120.0,:1177161022_2_0,:1177161022_2,0,22.22,12.32,0,0.0,22.22,27.78,10.09,4.01,2.58,1.01,1.23,0.5,0
60.0,120.0,:1177161049_7_0,:1177161049_7,0,22.22,17.49,0,0.0,22.22,47.01,26.6,0.97,2.76,1.52,-0.27,-1.0,0
60.0,120.0,:1177161074_2_0,:1177161074_2,0,6.54,6.94,0,0.0,6.54,,,,,,-1.92,-5.0,1
60.0,120.0,:1177161074_3_0,:1177161074_3,0,22.22,17.71,0,0.0,22.22,128.1,64.99,6.41,8.27,4.04,-0.1,-0.88,0
60.0,120.0,:1177161076_4_0,:1177161076_4,0,13.89,13.77,0,0.0,13.89,15.16,15.16,0.33,1.12,1.12,-0.3,-0.53,0
60.0,120.0,:1177161154_5_0,:1177161154_5,0,11.11,10.49,0,0.0,11.11,34.37,34.34,0.05,3.32,3.27,0.06,-0.95,0
60.0,120.0,:1177161157_3_0,:1177161157_3,0,22.22,17.85,0,0.0,22.22,67.01,37.81,-1.27,4.96,2.25,1.39,-0.98,0
60.0,120.0,:1177161219_0_0,:1177161219_0,0,6.16,7.04,0,0.0,6.16,,,,,,0.06,-1.75,0
60.0,120.0,:1177161219_1_0,:1177161219_1,0,22.22,10.91,0,0.0,22.22,77.16,4.31,-10.51,18.52,1.14,1.65,0.58,0
60.0,120.0,:1177161219_2_0,:1177161219_2,0,27.78,15.76,0,0.0,27.78,63.63,34.62,0.96,4.78,2.8,0.83,0.5,0
60.0,120.0,:1177161371_10_0,:1177161371_10,1,5.45,5.45,0,0.43,7.53,,,,,,-5.0,-5.0,1
60.0,120.0,:1177161371_5_0,:1177161371_5,0,13.89,9.14,0,0.0,13.89,,,,,,1.36,0.5,0
60.0,120.0,:1177161474_3_0,:1177161474_3,0,11.11,11.24,0,0.0,11.11,110.12,108.43,-6.47,11.09,10.72,0.17,-0.78,0
60.0,120.0,:1177161474_3_1,:1177161474_3,0,11.11,12.07,0,0.0,11.11,69.79,69.32,1.86,6.39,6.2,0.15,-0.86,0
60.0,120.0,:1177161483_1_0,:1177161483_1,0,9.98,6.13,0,0.0,9.98,14.45,10.56,-3.11,2.43,1.78,-3.4,-3.93,2
60.0,120.0,:1177161483_3_0,:1177161483_3,0,5.87,5.87,0,0.0,5.87,60.16,57.69,4.7,10.44,9.9,-1.36,-4.0,1
60.0,120.0,:1177161483_4_0,:1177161483_4,0,22.22,15.09,0,0.0,22.22,,,,,,1.61,0.58,0
60.0,120.0,:1177161483_6_0,:1177161483_6,0,10.2,8.91,0,0.0,10.2,,,,,,0.98,0.08,0
60.0,120.0,:1177161483_7_0,:1177161483_7,0,22.22,7.64,0,0.0,22.22,35.91,3.96,-0.62,9.97,1.09,1.25,0.18,0
60.0,120.0,:1177161483_9_0,:1177161483_9,0,9.98,8.92,0,0.0,9.98,22.13,11.43,-3.24,2.86,1.5,1.3,-1.16,0
60.0,120.0,:1177161504_0_0,:1177161504_0,0,22.22,17.83,0,0.0,22.22,,,,,,1.27,0.56,0
60.0,120.0,:1177161504_6_0,:1177161504_6,0,22.22,17.74,0,0.0,22.22,,,,,,0.65,-0.17,0
60.0,120.0,:1177161508_3_0,:1177161508_3,0,7.77,7.63,0,0.0,7.77,,,,,,-1.73,-4.0,1
60.0,120.0,:1177161508_4_0,:1177161508_4,0,11.11,10.41,0,0.0,11.11,43.39,43.12,0.54,4.21,4.2,-0.32,-0.76,0
60.0,120.0,:1177161547_7_0,:1177161547_7,0,22.22,17.78,0,0.0,22.22,68.33,19.46,0.1,4.43,1.21,-0.37,-1.88,0
60.0,120.0,:1177161549_3_0,:1177161549_3,0,6.93,7.15,0,0.0,6.93,94.38,93.16,-3.89,14.21,13.02,-1.77,-1.89,0
60.0,120.0,:1177161549_7_0,:1177161549_7,0,22.22,17.82,0,0.0,22.22,71.95,71.95,0.64,4.1,4.1,0.05,-0.76,0
60.0,120.0,:1177161553_1_0,:1177161553_1,1,2.87,2.87,0,0.06,8.34,,,,,,-0.31,-0.31,0
60.0,120.0,:1177161553_4_0,:1177161553_4,0,13.89,13.88,0,0.0,13.89,,,,,,0.73,0.0,0
60.0,120.0,:1177161573_13_0,:1177161573_13,0,13.89,13.48,0,0.0,13.89,47.42,47.14,1.43,3.53,3.51,0.14,-0.18,0
60.0,120.0,:1177161573_4_0,:1177161573_4,0,7.97,7.2,0,0.0,7.97,,,,,,-0.3,-1.61,0
60.0,120.0,:1177161573_9_0,:1177161573_9,0,13.89,8.03,0,0.0,13.89,,,,,,0.71,0.53,0
60.0,120.0,:1177161612_4_0,:1177161612_4,0,22.22,16.95,0,0.0,22.22,,,,,,-0.85,-1.93,0
60.0,120.0,:1177161612_6_0,:1177161612_6,0,22.22,16.93,0,0.0,22.22,19.46,18.83,2.65,1.68,1.58,-0.18,-2.1,0
60.0,120.0,:1177161612_9_0,:1177161612_9,0,3.65,3.49,0,0.0,3.65,42.0,41.37,-3.55,12.45,12.23,-1.51,-3.46,1
60.0,120.0,:1177161631_0_0,:1177161631_0,0,6.39,6.51,0,0.0,6.39,,,,,,-1.47,-3.83,1
60.0,120.0,:1177161631_1_0,:1177161631_1,0,22.22,13.83,0,0.0,22.22,,,,,,2.0,1.07,0
60.0,120.0,:1177161631_3_0,:1177161631_3,0,6.84,7.82,0,0.0,6.84,,,,,,0.76,-1.56,0
60.0,120.0,:1177161631_4_0,:1177161631_4,0,13.89,7.13,0,0.0,13.89,10.96,7.43,-2.76,3.19,1.86,2.35,0.88,0
60.0,120.0,:1177161631_5_0,:1177161631_5,0,8.07,7.63,0,0.0,8.07,,,,,,0.77,-1.35,0
60.0,120.0,:1177161634_3_0,:1177161634_3,0,11.11,11.76,0,0.0,11.11,,,,,,-0.16,-0.51,0
60.0,120.0,:1177161645_4_0,:1177161645_4,0,22.22,17.7,0,0.0,22.22,,,,,,0.37,-0.34,0
60.0,120.0,:1177161645_5_0,:1177161645_5,0,22.22,17.97,0,0.0,22.22,32.63,32.63,11.5,2.17,2.17,-1.03,-3.84,1
60.0,120.0,:1177161675_4_0,:1177161675_4,0,7.88,8.19,0,0.0,7.88,,,,,,1.5,0.81,0
60.0,120.0,:1177161698_10_0,:1177161698_10,0,7.79,6.42,0,0.0,7.79,,,,,,0.48,-1.49,0
60.0,120.0,:1177161698_4_0,:1177161698_4,0,13.89,13.55,0,0.0,13.89,,,,,,0.49,-0.65,0
60.0,120.0,:1177161698_7_0,:1177161698_7,0,7.79,4.92,0,0.0,7.79,,,,,,-5.0,-5.0,1
60.0,120.0,:1177211334_3_0,:1177211334_3,0,6.54,6.81,0,0.0,6.54,20.21,8.28,-3.65,3.61,1.33,0.15,-3.6,1
60.0,120.0,:1177211432_0_0,:1177211432_0,0,16.67,16.63,0,0.0,16.67,,,,,,0.65,0.06,0
60.0,120.0,:1177211432_0_1,:1177211432_0,0,16.67,17.91,0,0.0,16.67,65.04,35.59,2.01,4.0,1.99,-0.3,-1.68,0
60.0,120.0,:1177211432_3_0,:1177211432_3,0,6.17,6.33,0,0.0,6.17,100.76,98.74,-7.73,17.26,15.61,-0.96,-1.79,0
60.0,120.0,:1177211462_1_0,:1177211462_1,0,8.34,6.15,0,0.0,8.34,19.65,12.23,-4.94,5.01,3.49,0.96,-1.91,0
60.0,120.0,:1177211464_0_0,:1177211464_0,0,11.11,10.97,0,0.0,11.11,13.16,13.16,0.11,1.29,1.29,-0.5,-2.61,0
60.0,120.0,:1177211468_0_0,:1177211468_0,0,13.89,12.05,0,0.0,13.89,36.0,26.35,-2.97,3.4,2.59,1.31,0.95,0
60.0,120.0,:1177211474_2_0,:1177211474_2,0,3.65,3.5,0,0.0,3.65,81.27,78.69,-10.08,23.61,22.5,-1.43,-4.57,2
60.0,120.0,:1177211474_4_0,:1177211474_4,0,13.89,12.45,0,0.0,13.89,37.57,12.68,-1.67,3.42,1.17,1.26,-0.81,0
60.0,120.0,:1177211539_0_0,:1177211539_0,0,11.11,11.26,0,0.0,11.11,,,,,,1.87,1.87,0
60.0,120.0,:1177211539_0_1,:1177211539_0,0,11.11,11.16,0,0.0,11.11,36.96,12.09,0.73,3.46,1.11,-0.08,-1.56,0
60.0,120.0,:1177211571_4_0,:1177211571_4,0,13.89,14.66,0,0.0,13.89,29.5,22.89,4.8,2.32,1.66,0.19,-1.0,0
60.0,120.0,:1177211573_4_0,:1177211573_4,0,11.11,11.11,0,0.0,11.11,59.29,48.57,0.8,6.22,4.87,0.01,-1.35,0
60.0,120.0,:1177211573_5_0,:1177211573_5,0,11.11,12.21,0,0.0,11.11,31.54,31.28,0.83,2.63,2.56,-0.07,-1.07,0
60.0,120.0,:1177211724_7_0,:1177211724_7,0,22.22,17.63,0,0.0,22.22,123.23,84.86,10.06,8.15,5.23,0.54,-0.85,0
60.0,120.0,:1177211755_0_0,:1177211755_0,0,11.11,10.55,0,0.0,11.11,,,,,,-0.97,-0.97,0
60.0,120.0,:1177211769_4_0,:1177211769_4,0,8.98,8.75,0,0.0,8.98,25.45,18.16,-3.26,3.13,2.18,0.96,-1.52,0
60.0,120.0,:1177211785_0_0,:1177211785_0,0,27.78,12.63,0,0.0,27.78,12.05,11.15,4.72,1.07,1.06,-3.45,-4.0,3
60.0,120.0,:1177211785_6_0,:1177211785_6,0,27.78,13.12,0,0.0,27.78,16.73,5.01,1.71,2.43,1.05,0.28,-2.82,0
60.0,120.0,:1177211801_2_0,:1177211801_2,0,6.03,6.02,0,0.32,6.03,13.83,12.02,-3.23,2.82,2.38,-0.79,-4.0,2
60.0,120.0,:1177211896_0_0,:1177211896_0,0,7.27,6.22,0,0.0,7.27,,,,,,0.63,0.03,0
60.0,120.0,:1177211991_8_0,:1177211991_8,0,2.78,2.28,0,0.0,2.78,19.7,19.58,-0.03,9.79,8.62,-0.2,-0.75,0
60.0,120.0,:1177212025_4_0,:1177212025_4,0,22.22,17.78,0,0.0,22.22,72.24,51.6,4.73,4.86,2.9,-0.34,-1.15,0
60.0,120.0,:1177212025_6_0,:1177212025_6,0,22.22,14.68,0,0.0,22.22,21.68,21.34,0.83,1.52,1.45,1.6,1.42,0
60.0,120.0,:1177212028_3_0,:1177212028_3,0,6.46,6.9,0,0.0,6.46,35.2,34.87,0.34,5.42,5.11,-0.16,-1.92,0
60.0,120.0,:1177212028_7_0,:1177212028_7,0,27.78,15.28,0,0.0,27.78,77.37,75.78,7.8,5.54,5.17,-4.96,-5.0,2
60.0,120.0,:1177212077_0_0,:1177212077_0,0,22.22,17.78,0,0.0,22.22,65.45,37.94,3.33,4.57,2.13,-0.96,-3.63,1
60.0,120.0,:1177212077_6_0,:1177212077_6,0,22.22,10.45,0,0.0,22.22,19.92,19.35,-2.37,2.01,1.96,1.67,0.72,0
60.0,120.0,:1177212096_0_0,:1177212096_0,0,11.11,10.51,0,0.0,11.11,12.32,12.25,-0.03,1.18,1.18,-0.05,-0.97,0
60.0,120.0,:1177212155_0_0,:1177212155_0,0,6.22,6.39,0,0.0,6.22,,,,,,0.26,-2.1,0
60.0,120.0,:1177212157_0_0,:1177212157_0,0,27.78,10.51,0,0.0,27.78,21.43,19.71,-3.36,2.13,2.01,1.26,0.92,0
60.0,120.0,:1177212157_2_0,:1177212157_2,0,27.78,14.66,0,0.0,27.78,12.69,4.55,5.83,1.35,1.08,-2.37,-5.0,5
60.0,120.0,:1177212157_5_0,:1177212157_5,0,7.19,4.7,0,0.0,7.19,11.73,3.79,1.19,6.86,0.95,0.82,-0.99,0
60.0,120.0,:11843639551_2_0,:11843639551_2,0,5.79,5.17,0,0.0,5.79,,,,,,-1.21,-3.51,1
60.0,120.0,:11843639551_3_0,:11843639551_3,0,8.92,9.13,0,0.0,8.92,33.36,8.46,-3.58,9.11,1.28,0.98,-3.31,1
60.0,120.0,:1186025292_10_0,:1186025292_10,0,8.03,8.28,0,0.0,8.03,,,,,,1.68,0.84,0
60.0,120.0,:1186025292_4_0,:1186025292_4,0,8.03,5.77,0,0.0,8.03,,,,,,-5.0,-5.0,1
60.0,120.0,:1186025303_3_0,:1186025303_3,0,22.22,17.45,0,0.0,22.22,25.38,25.38,3.56,1.51,1.51,0.61,-1.59,0
60.0,120.0,:1186025321_5_0,:1186025321_5,0,13.89,13.67,0,0.0,13.89,21.66,14.0,2.9,1.95,1.42,1.45,-1.41,0
60.0,120.0,:1186025330_2_0,:1186025330_2,1,17.46,17.46,0,0.07,22.22,118.7,22.32,2.49,7.63,1.52,-0.35,-2.32,0
60.0,120.0,:1186025330_3_0,:1186025330_3,0,6.05,5.53,0,0.0,6.05,,,,,,-1.07,-3.01,1
60.0,120.0,:1186025330_5_0,:1186025330_5,0,3.65,3.91,0,0.0,3.65,,,,,,-2.16,-2.77,0
60.0,120.0,:1186025346_3_0,:1186025346_3,0,22.22,16.92,0,0.0,22.22,103.59,18.84,0.05,7.1,1.31,-0.35,-1.2,0
60.0,120.0,:1187083424_1_0,:1187083424_1,0,12.3,12.5,0,0.0,12.3,,,,,,-0.38,-0.38,0
60.0,120.0,:1187083424_2_0,:1187083424_2,0,10.93,11.83,0,0.0,10.93,51.84,22.08,5.04,4.58,2.01,-0.93,-3.36,1
60.0,120.0,:1187083489_0_0,:1187083489_0,0,11.11,9.14,0,0.0,11.11,,,,,,-0.2,-1.77,0
60.0,120.0,:1189036468_3_0,:1189036468_3,0,22.22,17.96,0,0.0,22.22,74.2,26.73,5.28,4.98,1.49,0.22,-1.88,0
60.0,120.0,:1189036513_4_0,:1189036513_4,0,13.89,13.53,0,0.0,13.89,,,,,,0.0,-0.58,0
60.0,120.0,:1189036615_2_0,:1189036615_2,0,22.22,17.91,0,0.0,22.22,54.57,25.01,9.3,3.23,1.4,0.11,-1.04,0
60.0,120.0,:1189036617_3_0,:1189036617_3,0,11.11,12.78,0,0.0,11.11,,,,,,-0.66,-1.68,0
60.0,120.0,:1189036617_3_1,:1189036617_3,0,11.11,10.63,0,0.0,11.11,,,,,,0.34,0.34,0
60.0,120.0,:1189036644_3_0,:1189036644_3,0,11.11,10.99,0,0.0,11.11,,,,,,-0.43,-1.43,0
60.0,120.0,:1189036644_3_1,:1189036644_3,0,11.11,11.01,0,0.0,11.11,89.85,82.49,1.13,9.01,7.95,0.24,-1.38,0
60.0,120.0,:1189036694_3_0,:1189036694_3,0,11.11,10.76,0,0.0,11.11,11.81,11.74,-0.17,1.14,1.09,-0.3,-1.46,0
60.0,120.0,:1189036717_0_1,:1189036717_0,0,16.67,17.75,0,0.0,16.67,53.04,4.0,0.72,3.57,0.41,0.2,-1.4,0
60.0,120.0,:1189036737_4_0,:1189036737_4,0,22.22,17.74,0,0.0,22.22,,,,,,-0.36,-1.66,0
60.0,120.0,:1189036737_5_0,:1189036737_5,0,22.22,17.84,0,0.0,22.22,110.02,109.16,3.71,6.44,6.4,0.26,-1.01,0
60.0,120.0,:1189036766_4_0,:1189036766_4,0,8.47,8.96,0,0.0,8.47,,,,,,1.21,0.33,0
60.0,120.0,:1189036777_0_0,:1189036777_0,0,22.22,16.86,0,0.0,22.22,,,,,,-0.15,-0.15,0
60.0,120.0,:1189036795_0_0,:1189036795_0,0,16.67,16.78,0,0.0,16.67,,,,,,-0.53,-1.22,0
60.0,120.0,:1189036797_6_0,:1189036797_6,0,13.89,12.88,0,0.0,13.89,,,,,,0.61,0.61,0
60.0,120.0,:1189036817_0_0,:1189036817_0,0,16.67,16.81,0,0.0,16.67,110.4,101.72,2.88,7.04,6.35,-0.37,-2.0,0
60.0,120.0,:1189036857_1_0,:1189036857_1,0,22.22,13.95,0,0.0,22.22,22.73,14.01,3.72,1.68,1.04,-0.58,-2.95,0
60.0,120.0,:1189036857_2_0,:1189036857_2,0,22.22,18.0,0,0.0,22.22,,,,,,1.79,1.62,0
60.0,120.0,:1189036870_3_0,:1189036870_3,0,11.11,12.53,0,0.0,11.11,,,,,,-0.02,-0.4,0
60.0,120.0,:1189036870_3_1,:1189036870_3,0,11.11,11.17,0,0.0,11.11,,,,,,0.3,-0.25,0
60.0,120.0,:1189036932_1_0,:1189036932_1,0,13.89,13.82,0,0.0,13.89,,,,,,-0.01,-0.79,0
60.0,120.0,:1189036937_1_0,:1189036937_1,0,22.22,15.92,0,0.0,22.22,16.66,16.66,-0.03,1.33,1.33,-0.18,-4.07,1
60.0,120.0,:1189036937_2_0,:1189036937_2,0,22.22,17.38,0,0.0,22.22,32.87,32.87,3.74,1.91,1.91,-0.56,-1.7,0
60.0,120.0,:1189868548_0_0,:1189868548_0,0,5.85,5.97,0,0.0,5.85,,,,,,0.39,-0.72,0
60.0,120.0,:1189868548_2_0,:1189868548_2,0,27.78,17.58,0,0.0,27.78,31.02,17.59,6.25,2.01,1.4,-0.35,-3.05,1
60.0,120.0,:1189868548_2_1,:1189868548_2,0,27.78,17.56,0,0.0,27.78,69.15,40.19,4.26,4.02,2.5,-0.32,-1.04,0
60.0,120.0,:1189868548_4_0,:1189868548_4,0,10.64,10.78,0,0.0,10.64,78.1,77.9,0.96,7.3,7.23,-2.34,-5.0,1
60.0,120.0,:1189868590_4_0,:1189868590_4,0,13.89,12.82,0,0.0,13.89,,,,,,0.65,0.06,0
60.0,120.0,:1189868591_4_0,:1189868591_4,1,11.26,13.29,0,0.14,13.89,13.67,13.67,-0.04,1.21,1.21,-0.63,-1.83,0
60.0,120.0,:1189868598_0_0,:1189868598_0,0,22.22,17.49,0,0.0,22.22,,,,,,-0.29,-0.29,0
60.0,120.0,:1190100058_14_0,:1190100058_14,0,8.32,8.63,0,0.0,8.32,66.43,23.27,-7.55,9.86,3.11,0.73,-1.54,0
60.0,120.0,:1190100061_0_0,:1190100061_0,0,22.22,17.83,0,0.0,22.22,116.41,60.47,10.66,7.2,3.65,0.29,-0.75,0
60.0,120.0,:1190100064_0_0,:1190100064_0,0,11.11,11.2,0,0.0,11.11,35.33,13.76,2.46,3.23,1.3,-0.15,-0.89,0
60.0,120.0,:1190100093_0_0,:1190100093_0,0,13.89,13.85,0,0.0,13.89,,,,,,0.05,-0.18,0
60.0,120.0,:1190100093_6_0,:1190100093_6,0,13.89,13.73,0,0.0,13.89,,,,,,1.59,1.39,0
60.0,120.0,:1190100107_2_0,:1190100107_2,0,11.11,10.59,0,0.0,11.11,98.91,94.55,0.2,9.76,9.24,-0.79,-1.33,0
60.0,120.0,:1190100120_1_0,:1190100120_1,1,11.3,13.4,0,0.28,19.45,21.4,14.35,1.21,1.82,1.33,-0.26,-1.83,0
60.0,120.0,:1190100138_3_0,:1190100138_3,0,11.11,11.17,0,0.0,11.11,244.87,243.13,-7.14,24.47,24.3,0.19,-1.33,0
60.0,120.0,:1190100139_1_0,:1190100139_1,1,10.66,11.74,0,0.28,11.11,69.74,17.2,0.71,6.61,1.56,-0.33,-2.22,0
60.0,120.0,:1190100178_6_0,:1190100178_6,0,11.11,11.21,0,0.0,11.11,64.38,27.1,0.15,6.2,3.1,0.1,-0.74,0
60.0,120.0,:1190100182_0_0,:1190100182_0,0,13.89,11.58,0,0.0,13.89,,,,,,-0.59,-0.59,0
60.0,120.0,:1190100185_0_0,:1190100185_0,0,27.78,13.6,0,0.0,27.78,30.08,14.84,1.78,2.46,1.24,0.7,-1.32,0
60.0,120.0,:1190100199_0_0,:1190100199_0,0,11.11,12.62,0,0.0,11.11,58.34,28.35,0.31,5.05,2.74,-0.06,-0.71,0
60.0,120.0,:1190100244_3_0,:1190100244_3,0,11.11,11.08,0,0.0,11.11,,,,,,0.41,-0.15,0
60.0,120.0,:1190100287_1_0,:1190100287_1,0,13.89,11.85,0,0.0,13.89,,,,,,2.16,2.16,0
60.0,120.0,:1190100324_5_0,:1190100324_5,0,11.11,11.17,0,0.0,11.11,77.05,30.62,0.5,7.42,3.4,0.23,-0.74,0
60.0,120.0,:1190100352_6_0,:1190100352_6,0,27.78,17.4,0,0.0,27.78,105.13,101.23,8.89,6.28,6.04,-0.11,-2.19,0
60.0,120.0,:1190100407_0_0,:1190100407_0,1,10.6,12.67,0,0.1,11.11,147.98,56.55,-3.72,13.46,5.16,0.04,-0.51,0
60.0,120.0,:1190100439_1_0,:1190100439_1,0,13.89,14.87,0,0.0,13.89,35.87,15.78,3.79,2.57,1.37,0.07,-0.47,0
60.0,120.0,:1190100439_2_0,:1190100439_2,0,13.89,14.93,0,0.0,13.89,,,,,,0.1,-0.1,0
60.0,120.0,:1190100487_1_0,:1190100487_1,0,11.11,9.37,0,0.0,11.11,,,,,,0.01,-0.26,0
60.0,120.0,:1190100495_3_0,:1190100495_3,0,11.11,10.73,0,0.0,11.11,,,,,,-0.43,-1.83,0
60.0,120.0,:1190100498_2_0,:1190100498_2,0,11.11,12.47,0,0.0,11.11,42.14,11.14,0.06,3.9,1.02,0.21,-2.01,0
60.0,120.0,:1190100514_3_0,:1190100514_3,0,6.34,6.47,0,0.0,6.34,96.5,85.03,-3.74,15.99,14.82,0.26,-0.28,0
60.0,120.0,:1190128192_0_0,:1190128192_0,0,22.22,17.75,0,0.0,22.22,59.57,32.9,4.86,3.72,1.98,-0.01,-0.76,0
60.0,120.0,:1190128206_15_0,:1190128206_15,0,3.65,3.83,0,0.0,3.65,87.24,85.34,3.74,23.37,22.5,-0.95,-3.26,1
60.0,120.0,:1190128211_0_0,:1190128211_0,0,7.81,7.24,0,0.0,7.81,56.11,55.34,0.9,8.1,7.85,-1.58,-3.54,1
60.0,120.0,:1190128211_10_0,:1190128211_10,0,7.57,5.35,0,0.0,7.57,21.26,21.26,-4.24,3.97,3.97,-3.08,-3.08,1
60.0,120.0,:1190128211_18_0,:1190128211_18,0,7.57,8.09,0,0.0,7.57,24.46,23.27,-2.6,3.44,3.11,1.83,1.35,0
60.0,120.0,:1190128211_5_0,:1190128211_5,0,13.89,10.65,0,0.0,13.89,22.78,14.12,6.4,2.79,1.42,1.18,-0.37,0
60.0,120.0,:1190128222_10_0,:1190128222_10,0,7.97,6.83,0,0.0,7.97,136.92,134.67,3.28,21.73,19.74,1.25,0.76,0
60.0,120.0,:1190128222_2_0,:1190128222_2,0,3.65,3.79,0,0.0,3.65,66.89,63.47,-2.66,19.24,16.75,-0.65,-1.77,0
60.0,120.0,:1190128222_3_0,:1190128222_3,0,6.66,6.41,0,0.0,6.66,57.47,56.52,-2.49,9.17,8.92,-1.62,-5.0,1
60.0,120.0,:1190128222_7_0,:1190128222_7,0,7.97,5.02,0,0.0,7.97,139.97,137.19,1.15,28.23,27.32,-3.93,-4.0,2
60.0,120.0,:1190128225_11_0,:1190128225_11,0,3.65,3.52,0,0.0,3.65,43.83,41.89,-7.89,12.62,11.89,-0.86,-2.61,0
60.0,120.0,:1190128225_4_0,:1190128225_4,1,9.67,11.66,0,0.29,11.11,48.22,48.15,0.13,4.72,4.59,-0.15,-1.5,0
60.0,120.0,:1190128241_0_0,:1190128241_0,0,13.89,14.61,0,0.0,13.89,37.49,14.77,2.26,2.93,1.06,0.25,-0.81,0
60.0,120.0,:1190128241_6_0,:1190128241_6,0,6.17,5.05,0,0.0,6.17,,,,,,-1.29,-5.0,1
60.0,120.0,:1190128257_0_0,:1190128257_0,1,4.64,5.59,0,0.22,6.51,,,,,,-3.45,-5.0,1
60.0,120.0,:1190128257_5_0,:1190128257_5,0,13.89,10.22,0,0.0,13.89,,,,,,1.26,0.56,0
60.0,120.0,:1190128270_0_0,:1190128270_0,0,11.11,12.36,0,0.0,11.11,51.38,51.27,1.3,4.43,4.17,-1.23,-3.93,2
60.0,120.0,:1190128270_6_0,:1190128270_6,0,11.11,11.38,0,0.0,11.11,,,,,,0.54,0.54,0
60.0,120.0,:1190128289_0_0,:1190128289_0,0,13.89,9.87,0,0.0,13.89,29.01,17.35,-3.93,3.43,2.23,1.44,0.51,0
60.0,120.0,:1190128289_10_0,:1190128289_10,0,3.65,3.24,0,0.0,3.65,,,,,,-2.09,-5.0,1
60.0,120.0,:1190128318_0_1,:1190128318_0,0,11.11,11.82,0,0.0,11.11,,,,,,0.14,-1.33,0
60.0,120.0,:1190128320_10_0,:1190128320_10,0,7.64,8.0,0,0.0,7.64,58.76,47.0,5.78,8.82,6.73,0.84,-2.31,0
60.0,120.0,:1190128320_4_0,:1190128320_4,0,7.64,7.41,0,0.0,7.64,64.24,53.17,4.09,11.36,7.18,-3.41,-5.0,4
60.0,120.0,:1190128345_0_0,:1190128345_0,0,11.11,11.58,0,0.0,11.11,57.54,48.76,2.4,5.6,4.77,0.39,-0.85,0
60.0,120.0,:1190128345_6_0,:1190128345_6,0,11.11,12.28,0,0.0,11.11,32.11,32.11,0.62,2.61,2.61,0.25,-0.25,0
60.0,120.0,:1191714336_4_0,:1191714336_4,0,22.22,17.69,0,0.0,22.22,86.55,64.12,5.36,6.0,3.62,0.1,-0.25,0
60.0,120.0,:1191714336_6_0,:1191714336_6,0,22.22,15.28,0,0.0,22.22,19.28,19.2,1.15,1.31,1.27,-0.34,-2.11,0
60.0,120.0,:1191714356_3_0,:1191714356_3,0,6.87,7.66,0,0.0,6.87,86.12,86.02,0.5,11.27,11.23,0.13,0.09,0
60.0,120.0,:1191714373_0_0,:1191714373_0,0,22.22,17.89,0,0.0,22.22,97.32,70.12,8.9,6.35,4.03,0.29,-1.43,0
60.0,120.0,:1191714373_7_0,:1191714373_7,0,22.22,14.27,0,0.0,22.22,17.44,17.25,0.87,1.23,1.22,-0.26,-1.16,0
60.0,120.0,:1191863693_4_0,:1191863693_4,0,6.05,5.81,0,0.0,6.05,,,,,,-1.17,-3.88,1
60.0,120.0,:1191863775_0_0,:1191863775_0,0,3.65,2.76,0,0.0,3.65,,,,,,-1.13,-3.27,1
60.0,120.0,:1191863899_1_0,:1191863899_1,0,13.89,11.57,0,0.0,13.89,,,,,,-1.74,-1.74,0
60.0,120.0,:1191863899_2_0,:1191863899_2,0,13.89,12.58,0,0.0,13.89,,,,,,-0.44,-1.63,0
60.0,120.0,:1191863915_4_0,:1191863915_4,0,13.89,10.58,0,0.0,13.89,,,,,,1.46,0.64,0
60.0,120.0,:1191864018_0_0,:1191864018_0,0,16.67,16.85,0,0.0,16.67,,,,,,-0.4,-0.83,0
60.0,120.0,:13300645526_2_0,:13300645526_2,0,27.78,14.37,0,0.0,27.78,11.54,11.54,2.85,1.17,1.17,-1.21,-5.0,1
60.0,120.0,:13300645527_0_0,:13300645527_0,0,27.78,8.7,0,0.0,27.78,15.87,14.28,-3.11,2.13,1.91,1.02,-0.62,0
60.0,120.0,:13300645527_1_0,:13300645527_1,2,1.21,9.05,0,0.33,27.78,13.55,0.0,-2.22,3.29,0.51,-0.18,-5.0,9
60.0,120.0,:13300645529_0_0,:13300645529_0,0,27.78,13.87,0,0.0,27.78,12.46,9.05,2.0,1.67,1.27,-2.45,-5.0,7
60.0,120.0,:13300645529_1_0,:13300645529_1,0,27.78,12.53,0,0.0,27.78,12.88,8.69,1.15,1.41,1.06,0.06,-4.6,4
60.0,120.0,:13974625520_2_0,:13974625520_2,1,8.73,10.44,0,0.19,13.58,85.98,82.64,-7.25,9.49,8.54,2.1,0.61,0
60.0,120.0,:5424221999_0_0,:5424221999_0,0,27.78,17.76,0,0.0,27.78,87.16,64.25,4.78,5.17,3.79,0.13,-1.13,0
60.0,120.0,:6173584946_0_0,:6173584946_0,0,11.11,10.55,0,0.0,11.11,121.86,121.86,-1.13,11.99,11.99,0.81,0.17,0
60.0,120.0,:6173584950_0_0,:6173584950_0,0,11.11,10.1,0,0.0,11.11,,,,,,-1.74,-1.74,0
60.0,120.0,:6311588102_0_0,:6311588102_0,0,27.78,17.39,0,0.0,27.78,72.68,72.68,1.06,4.18,4.18,-0.08,-0.17,0
60.0,120.0,:6469564795_1_0,:6469564795_1,0,7.86,5.86,0,0.0,7.86,,,,,,-3.13,-3.68,1
60.0,120.0,:6469564795_4_0,:6469564795_4,0,8.23,8.67,0,0.0,8.23,,,,,,1.43,0.42,0
60.0,120.0,:6469564795_6_0,:6469564795_6,0,6.78,7.02,0,0.0,6.78,37.04,36.68,-2.17,5.49,5.22,-0.77,-1.05,0
60.0,120.0,:6469564795_9_0,:6469564795_9,0,7.86,8.21,0,0.0,7.86,,,,,,0.96,-1.87,0
60.0,120.0,:6469974905_3_0,:6469974905_3,0,11.11,12.84,0,0.0,11.11,112.36,54.51,-0.8,9.58,4.77,0.28,-0.84,0
60.0,120.0,:6544715978_1_0,:6544715978_1,0,6.26,6.05,0,0.0,6.26,,,,,,-1.77,-4.0,2
60.0,120.0,:6544715978_2_0,:6544715978_2,0,6.02,5.39,0,0.0,6.02,,,,,,2.05,1.24,0
60.0,120.0,:663804415_3_0,:663804415_3,0,11.11,11.97,0,0.0,11.11,,,,,,0.35,0.0,0
60.0,120.0,:663804415_3_1,:663804415_3,0,11.11,11.05,0,0.0,11.11,,,,,,0.47,0.47,0
60.0,120.0,:663825914_0_0,:663825914_0,0,27.78,17.86,0,0.0,27.78,58.69,58.69,-2.86,4.23,4.23,0.09,-1.09,0
60.0,120.0,:663825934_4_0,:663825934_4,0,19.45,16.42,0,0.0,19.45,,,,,,-3.99,-5.0,4
60.0,120.0,:663825934_7_0,:663825934_7,0,7.03,7.16,0,0.0,7.03,,,,,,-0.34,-1.8,0
60.0,120.0,:663826061_0_0,:663826061_0,0,6.16,6.2,0,0.0,6.16,106.21,103.56,-5.24,17.7,17.54,-1.08,-4.01,1
60.0,120.0,:663842386_3_0,:663842386_3,0,11.11,10.81,0,0.0,11.11,12.61,12.41,0.05,1.22,1.16,-0.05,-1.4,0
60.0,120.0,:663940642_3_0,:663940642_3,0,8.31,7.88,0,0.0,8.31,,,,,,-1.61,-3.83,1
60.0,120.0,:663943263_1_0,:663943263_1,0,7.5,6.75,0,0.0,7.5,,,,,,-5.0,-5.0,1
60.0,120.0,:663943263_3_0,:663943263_3,1,5.82,5.82,0,0.49,5.84,7.05,6.57,-0.45,1.33,1.24,-0.65,-5.0,1
60.0,120.0,:663943263_9_0,:663943263_9,0,7.5,7.28,0,0.0,7.5,,,,,,0.26,-0.75,0
60.0,120.0,:663943275_7_0,:663943275_7,0,11.11,12.41,0,0.0,11.11,40.81,14.62,0.87,3.61,1.29,0.02,-2.13,0
60.0,120.0,:663943276_2_0,:663943276_2,0,11.11,8.0,0,0.0,11.11,,,,,,1.07,1.02,0
60.0,120.0,:663943276_3_0,:663943276_3,1,5.35,7.61,0,0.22,6.77,39.63,11.31,-4.45,6.12,1.93,0.44,-1.83,0
60.0,120.0,:664446124_2_0,:664446124_2,0,5.65,5.32,0,0.0,5.65,,,,,,-0.88,-4.2,1
60.0,120.0,:664446125_1_0,:664446125_1,0,11.11,12.03,0,0.0,11.11,97.83,36.1,7.88,9.47,3.0,0.39,-0.24,0
60.0,120.0,:664446129_0_0,:664446129_0,0,11.11,11.95,0,0.0,11.11,35.94,29.79,8.67,3.31,2.49,0.26,-0.18,0
60.0,120.0,:664446531_1_0,:664446531_1,0,3.65,3.74,0,0.0,3.65,,,,,,-1.1,-3.93,2
60.0,120.0,:664446557_0_0,:664446557_0,0,11.11,11.37,0,0.0,11.11,,,,,,0.03,-0.65,0
60.0,120.0,:664446557_1_0,:664446557_1,0,9.44,10.41,0,0.0,9.44,79.41,56.79,-5.33,8.34,5.54,-1.15,-5.0,2
60.0,120.0,:664446557_4_0,:664446557_4,0,6.73,5.28,0,0.0,6.73,15.5,7.41,-8.02,4.8,4.29,2.11,0.47,0
60.0,120.0,:664446557_5_0,:664446557_5,0,22.22,5.84,0,0.0,22.22,18.16,7.7,-8.41,5.74,4.93,1.92,1.07,0
60.0,120.0,:664446571_2_0,:664446571_2,0,6.3,5.91,0,0.0,6.3,,,,,,-0.02,-1.16,0
60.0,120.0,:664446588_1_0,:664446588_1,0,11.11,11.34,0,0.0,11.11,159.68,159.68,1.47,14.08,14.08,-0.11,-0.68,0
60.0,120.0,:664446590_0_0,:664446590_0,0,27.78,17.61,0,0.0,27.78,51.15,16.2,-0.06,3.17,1.16,-0.03,-1.6,0
60.0,120.0,:664446594_0_0,:664446594_0,0,7.7,7.0,0,0.0,7.7,19.64,8.94,-1.44,3.2,1.3,0.42,-1.78,0
60.0,120.0,:664446594_1_0,:664446594_1,1,7.1,7.24,0,0.17,7.62,209.47,204.18,6.79,30.97,28.68,0.73,-0.29,0
60.0,120.0,:664446596_1_0,:664446596_1,0,7.01,7.49,0,0.0,7.01,34.69,8.9,-2.47,4.84,1.41,-0.44,-4.0,1
60.0,120.0,:664446596_2_0,:664446596_2,0,5.86,5.79,0,0.0,5.86,,,,,,-0.35,-2.31,0
60.0,120.0,:664446599_7_0,:664446599_7,0,11.11,11.01,0,0.0,11.11,,,,,,0.38,-0.57,0
60.0,120.0,:664447004_6_0,:664447004_6,0,11.11,11.38,0,0.0,11.11,103.7,99.58,1.01,9.84,9.32,0.72,-0.69,0
60.0,120.0,:664447206_2_0,:664447206_2,0,11.11,11.05,0,0.0,11.11,89.79,89.79,-2.23,10.65,10.65,-0.08,-2.03,0
60.0,120.0,:664447208_1_0,:664447208_1,0,8.24,5.39,0,0.0,8.24,,,,,,-3.95,-4.0,2
60.0,120.0,:664447208_9_0,:664447208_9,0,8.24,7.39,0,0.0,8.24,,,,,,1.36,0.91,0
60.0,120.0,:664472662_0_0,:664472662_0,0,7.19,8.24,0,0.0,7.19,47.36,45.94,-5.45,5.91,5.9,-1.76,-4.11,2
60.0,120.0,:664472662_1_0,:664472662_1,0,27.78,17.08,0,0.0,27.78,50.2,50.2,-4.1,3.67,3.67,0.43,-0.98,0
60.0,120.0,:664472699_0_0,:664472699_0,0,6.58,6.51,0,0.0,6.58,94.33,91.01,-6.21,15.5,13.97,-0.2,-1.45,0
60.0,120.0,:664472699_2_0,:664472699_2,0,22.22,17.8,0,0.0,22.22,71.31,62.19,8.95,4.05,3.57,0.1,-0.99,0
60.0,120.0,:664472703_12_0,:664472703_12,0,8.11,7.56,0,0.0,8.11,,,,,,-0.2,-1.76,0
60.0,120.0,:664472703_3_0,:664472703_3,0,6.44,6.98,0,0.0,6.44,91.4,54.5,-4.7,14.65,7.81,-0.91,-4.0,1
60.0,120.0,:664472703_4_0,:664472703_4,0,8.11,7.86,0,0.0,8.11,,,,,,-0.06,-0.06,0
60.0,120.0,:664472707_3_0,:664472707_3,0,3.65,3.97,0,0.0,3.65,,,,,,-0.56,-4.0,1
60.0,120.0,:664472708_0_0,:664472708_0,0,7.06,6.77,0,0.0,7.06,51.22,50.84,1.28,7.65,7.63,-1.42,-4.06,1
60.0,120.0,:664472749_0_0,:664472749_0,0,11.11,12.32,0,0.0,11.11,84.37,57.31,2.32,7.15,5.22,-0.22,-0.99,0
60.0,120.0,:664472749_1_0,:664472749_1,0,6.14,4.67,0,0.0,6.14,,,,,,-0.69,-0.88,0
60.0,120.0,:664472751_2_0,:664472751_2,0,11.11,11.23,0,0.0,11.11,96.9,94.25,10.84,8.68,8.39,0.05,-0.56,0
60.0,120.0,:664472776_3_0,:664472776_3,0,6.02,6.14,0,0.0,6.02,,,,,,-1.37,-5.0,2
60.0,120.0,:664472776_4_0,:664472776_4,0,11.11,12.42,0,0.0,11.11,,,,,,-0.14,-0.84,0
60.0,120.0,:7371768928_0_0,:7371768928_0,0,11.11,9.85,0,0.0,11.11,,,,,,-1.79,-1.79,0
60.0,120.0,:cluster_10279701138_664472033_15_0,:cluster_10279701138_664472033_15,0,7.46,7.97,0,0.0,7.46,113.15,112.93,-0.15,15.12,14.17,-0.38,-1.83,0
60.0,120.0,:cluster_10279701138_664472033_3_0,:cluster_10279701138_664472033_3,0,7.46,7.8,0,0.0,7.46,,,,,,-1.26,-4.66,1
60.0,120.0,:cluster_10279701141_664472702_0_0,:cluster_10279701141_664472702_0,1,11.52,11.52,0,0.31,11.11,83.59,65.86,1.58,8.07,6.55,0.02,-1.39,0
60.0,120.0,:cluster_10279701141_664472702_10_0,:cluster_10279701141_664472702_10,0,10.16,10.22,0,0.0,10.16,132.47,23.5,-6.93,17.62,2.52,1.68,0.6,0
60.0,120.0,:cluster_10279701141_664472702_5_0,:cluster_10279701141_664472702_5,0,27.78,13.83,0,0.0,27.78,185.64,184.79,-3.36,13.64,13.49,-0.07,-1.0,0
60.0,120.0,:cluster_10279701141_664472702_5_1,:cluster_10279701141_664472702_5,0,27.78,17.37,0,0.0,27.78,31.65,31.65,2.89,1.82,1.82,-0.11,-0.11,0
60.0,120.0,:cluster_10279701142_664471710_0_0,:cluster_10279701142_664471710_0,0,11.11,10.5,0,0.0,11.11,55.43,54.98,0.57,5.34,5.29,0.03,-1.24,0
60.0,120.0,:cluster_10279701142_664471710_10_0,:cluster_10279701142_664471710_10,0,27.78,17.86,0,0.0,27.78,36.59,35.33,2.05,2.47,2.15,0.11,-1.21,0
60.0,120.0,:cluster_10279701142_664471710_10_1,:cluster_10279701142_664471710_10,0,27.78,17.91,0,0.0,27.78,30.84,30.66,0.17,1.75,1.73,0.34,-1.59,0
60.0,120.0,:cluster_10279701142_664471710_18_0,:cluster_10279701142_664471710_18,0,8.04,8.29,0,0.0,8.04,,,,,,-0.15,-1.9,0
60.0,120.0,:cluster_10279701142_664471710_1_0,:cluster_10279701142_664471710_1,0,11.11,11.03,0,0.0,11.11,99.04,59.91,0.77,9.63,5.9,0.09,-1.18,0
60.0,120.0,:cluster_10279701142_664471710_1_1,:cluster_10279701142_664471710_1,0,11.11,11.48,0,0.0,11.11,,,,,,-0.16,-0.61,0
60.0,120.0,:cluster_10279701142_664471710_4_0,:cluster_10279701142_664471710_4,0,8.04,7.56,0,0.0,8.04,117.05,117.05,-3.5,16.45,16.45,-0.82,-5.0,1
60.0,120.0,:cluster_10279701142_664471710_5_0,:cluster_10279701142_664471710_5,0,8.42,8.78,0,0.0,8.42,111.38,99.79,-2.31,14.22,12.41,0.72,-2.04,0
60.0,120.0,:cluster_10279761592_11942000229_11942000233_663943274_0_0,:cluster_10279761592_11942000229_11942000233_663943274_0,0,9.3,10.45,0,0.0,9.3,,,,,,0.87,-0.9,0
60.0,120.0,:cluster_10279761592_11942000229_11942000233_663943274_12_0,:cluster_10279761592_11942000229_11942000233_663943274_12,1,5.64,6.77,0,0.62,6.41,53.18,8.89,-3.26,9.28,1.38,-0.01,-2.4,0
60.0,120.0,:cluster_10279761592_11942000229_11942000233_663943274_1_0,:cluster_10279761592_11942000229_11942000233_663943274_1,0,11.11,10.8,0,0.0,11.11,75.58,74.92,1.26,7.11,6.99,-0.25,-1.14,0
60.0,120.0,:cluster_10279761592_11942000229_11942000233_663943274_2_0,:cluster_10279761592_11942000229_11942000233_663943274_2,0,6.41,6.6,0,0.0,6.41,48.34,8.25,-1.9,7.97,1.25,-2.21,-5.0,5
60.0,120.0,:cluster_10279842289_10846984358_2281204203_663943533_10_0,:cluster_10279842289_10846984358_2281204203_663943533_10,0,6.53,6.37,0,0.0,6.53,,,,,,-0.54,-0.54,0
60.0,120.0,:cluster_10281958922_663940594_1_0,:cluster_10281958922_663940594_1,0,13.89,14.31,0,0.0,13.89,,,,,,-1.43,-2.0,0
60.0,120.0,:cluster_10281958922_663940594_1_1,:cluster_10281958922_663940594_1,0,13.89,13.64,0,0.0,13.89,41.49,11.26,1.84,3.26,0.93,-1.92,-5.0,5
60.0,120.0,:cluster_10281958922_663940594_7_1,:cluster_10281958922_663940594_7,0,22.23,17.44,0,0.0,22.23,,,,,,0.09,0.07,0
60.0,120.0,:cluster_10281958925_10281958926_6508834064_6508834065_#1more_0_0,:cluster_10281958925_10281958926_6508834064_6508834065_#1more_0,0,15.28,14.73,0,0.0,15.28,94.89,76.09,5.88,10.54,5.64,1.7,0.47,0
60.0,120.0,:cluster_10281958925_10281958926_6508834064_6508834065_#1more_10_0,:cluster_10281958925_10281958926_6508834064_6508834065_#1more_10,0,15.23,14.65,0,0.0,15.23,24.89,4.41,-3.42,2.87,1.04,1.35,-0.54,0
60.0,120.0,:cluster_10281958925_10281958926_6508834064_6508834065_#1more_12_0,:cluster_10281958925_10281958926_6508834064_6508834065_#1more_12,0,9.05,8.98,0,0.0,9.05,10.73,9.78,-0.76,1.45,1.24,1.17,0.48,0
60.0,120.0,:cluster_10281958925_10281958926_6508834064_6508834065_#1more_16_0,:cluster_10281958925_10281958926_6508834064_6508834065_#1more_16,0,9.86,9.11,0,0.0,9.86,17.74,5.03,-6.14,4.89,1.13,1.41,-0.6,0
60.0,120.0,:cluster_10281958925_10281958926_6508834064_6508834065_#1more_1_0,:cluster_10281958925_10281958926_6508834064_6508834065_#1more_1,0,16.67,16.68,0,0.0,16.67,68.63,68.57,0.13,5.0,4.96,0.11,-0.7,0
60.0,120.0,:cluster_10281958925_10281958926_6508834064_6508834065_#1more_8_0,:cluster_10281958925_10281958926_6508834064_6508834065_#1more_8,0,9.86,7.96,0,0.0,9.86,12.82,0.1,-7.98,1.51,0.49,-0.94,-5.0,6
60.0,120.0,:cluster_10281958932_663804338_0_0,:cluster_10281958932_663804338_0,0,16.67,17.01,0,0.0,16.67,,,,,,0.44,-1.06,0
60.0,120.0,:cluster_10281958932_663804338_10_0,:cluster_10281958932_663804338_10,0,6.44,6.99,0,0.0,6.44,,,,,,0.31,-0.72,0
60.0,120.0,:cluster_10281958932_663804338_3_0,:cluster_10281958932_663804338_3,0,10.63,9.86,0,0.0,10.63,,,,,,1.0,-1.83,0
60.0,120.0,:cluster_10281958932_663804338_7_0,:cluster_10281958932_663804338_7,0,10.76,8.23,0,0.0,10.76,89.53,78.66,-10.95,17.02,14.41,0.56,-3.66,1
60.0,120.0,:cluster_10281958932_663804338_8_1,:cluster_10281958932_663804338_8,0,11.11,9.03,0,0.0,11.11,119.14,108.43,-3.79,39.3,16.06,0.96,-1.31,0
60.0,120.0,:cluster_10281958935_12287656430_12287656431_663940647_14_0,:cluster_10281958935_12287656430_12287656431_663940647_14,0,8.34,8.5,0,0.0,8.34,,,,,,1.06,-0.61,0
60.0,120.0,:cluster_10281958935_12287656430_12287656431_663940647_1_0,:cluster_10281958935_12287656430_12287656431_663940647_1,0,16.67,16.92,0,0.0,16.67,,,,,,0.27,0.12,0
60.0,120.0,:cluster_10281965682_663944134_3_0,:cluster_10281965682_663944134_3,0,8.61,9.1,0,0.0,8.61,94.57,22.08,-6.83,13.47,2.65,0.89,-0.39,0
60.0,120.0,:cluster_10281965682_663944134_4_0,:cluster_10281965682_663944134_4,0,11.11,9.26,0,0.0,11.11,106.41,105.5,-1.11,13.1,11.54,1.49,1.01,0
60.0,120.0,:cluster_10281965682_663944134_6_0,:cluster_10281965682_663944134_6,0,27.78,17.84,0,0.0,27.78,56.89,27.57,2.31,3.41,1.75,-0.32,-2.56,0
60.0,120.0,:cluster_10560867453_663943486_1_0,:cluster_10560867453_663943486_1,0,19.45,8.91,0,0.0,19.45,16.47,9.74,-1.92,2.36,1.64,1.44,0.62,0
60.0,120.0,:cluster_10560867453_663943486_2_0,:cluster_10560867453_663943486_2,0,11.11,11.02,0,0.0,11.11,83.08,54.36,-2.78,16.68,5.59,1.2,0.25,0
60.0,120.0,:cluster_10560867453_663943486_3_0,:cluster_10560867453_663943486_3,1,3.39,5.66,0,0.27,5.98,19.24,6.03,-8.8,7.95,5.94,1.13,0.14,0
60.0,120.0,:cluster_10560867453_663943486_4_0,:cluster_10560867453_663943486_4,0,5.81,5.65,0,0.0,5.81,111.75,83.56,-5.03,21.41,15.44,-0.94,-5.0,1
60.0,120.0,:cluster_10917990606_663844223_18_0,:cluster_10917990606_663844223_18,0,7.54,6.62,0,0.0,7.54,12.02,11.03,-2.06,1.92,1.88,0.56,-1.72,0
60.0,120.0,:cluster_10917990606_663844223_1_0,:cluster_10917990606_663844223_1,0,8.47,8.84,0,0.0,8.47,70.86,30.33,-5.32,8.43,3.76,-0.05,-5.0,2
60.0,120.0,:cluster_10917990606_663844223_3_0,:cluster_10917990606_663844223_3,0,7.54,5.05,0,0.0,7.54,10.59,10.29,-1.7,2.26,2.15,1.39,1.36,0
60.0,120.0,:cluster_10917990606_663844223_5_0,:cluster_10917990606_663844223_5,0,5.75,5.18,0,0.0,5.75,6.53,5.1,-1.76,1.43,1.07,0.41,-1.06,0
60.0,120.0,:cluster_10917990606_663844223_6_0,:cluster_10917990606_663844223_6,2,4.54,6.89,0,0.24,27.78,40.18,7.35,1.37,9.31,1.32,1.91,0.51,0
60.0,120.0,:cluster_10943433501_10943433503_0_0,:cluster_10943433501_10943433503_0,0,22.22,17.81,0,0.0,22.22,,,,,,0.82,-0.08,0
60.0,120.0,:cluster_10943484228_1190100465_9_0,:cluster_10943484228_1190100465_9,0,13.89,11.3,0,0.0,13.89,39.72,16.77,0.84,4.64,2.13,1.51,0.63,0
60.0,120.0,:cluster_10943717330_6470135655_1_0,:cluster_10943717330_6470135655_1,0,12.19,10.73,0,0.0,12.19,23.06,6.09,-4.62,4.6,2.68,1.78,0.69,0
60.0,120.0,:cluster_10943717330_6470135655_9_0,:cluster_10943717330_6470135655_9,0,11.11,11.23,0,0.0,11.11,68.8,44.26,1.02,6.96,4.94,-0.08,-2.2,0
60.0,120.0,:cluster_11158897098_664472732_0_1,:cluster_11158897098_664472732_0,0,11.11,11.88,0,0.0,11.11,,,,,,0.1,-1.67,0
60.0,120.0,:cluster_11158897098_664472732_9_0,:cluster_11158897098_664472732_9,0,7.18,7.03,0,0.0,7.18,,,,,,0.83,0.23,0
60.0,120.0,:cluster_11158897100_11158897101_11158897102_664471748_#1more_0_0,:cluster_11158897100_11158897101_11158897102_664471748_#1more_0,0,13.85,13.6,0,0.0,13.85,70.43,18.64,-5.58,8.18,2.25,1.39,0.54,0
60.0,120.0,:cluster_11158897100_11158897101_11158897102_664471748_#1more_13_0,:cluster_11158897100_11158897101_11158897102_664471748_#1more_13,0,27.78,13.75,0,0.0,27.78,159.16,157.52,-2.86,11.67,11.46,0.08,-0.63,0
60.0,120.0,:cluster_11158897100_11158897101_11158897102_664471748_#1more_6_0,:cluster_11158897100_11158897101_11158897102_664471748_#1more_6,0,11.08,11.11,0,0.0,11.08,125.9,125.0,-3.73,13.85,13.31,1.37,-1.82,0
60.0,120.0,:cluster_11158897100_11158897101_11158897102_664471748_#1more_7_0,:cluster_11158897100_11158897101_11158897102_664471748_#1more_7,1,10.96,12.86,0,0.09,18.05,43.35,10.74,-6.0,10.41,2.77,1.37,-0.5,0
60.0,120.0,:cluster_11502623494_11502623496_1186025300_13298747739_5_0,:cluster_11502623494_11502623496_1186025300_13298747739_5,0,11.11,11.17,0,0.0,11.11,55.41,11.13,-1.18,5.08,1.07,-0.06,-1.65,0
60.0,120.0,:cluster_11502623497_1177160337_4_0,:cluster_11502623497_1177160337_4,0,11.11,5.68,0,0.0,11.11,57.24,4.36,-4.17,20.6,1.05,1.19,0.57,0
60.0,120.0,:cluster_1176977581_1176977943_2_0,:cluster_1176977581_1176977943_2,0,7.98,7.93,0,0.0,7.98,,,,,,0.51,-0.44,0
60.0,120.0,:cluster_1177160373_664472773_13_0,:cluster_1177160373_664472773_13,0,13.89,12.31,0,0.0,13.89,,,,,,0.52,-1.57,0
60.0,120.0,:cluster_1177160373_664472773_5_0,:cluster_1177160373_664472773_5,0,13.89,12.71,0,0.0,13.89,,,,,,0.04,-2.22,0
60.0,120.0,:cluster_1177160434_1177161050_4_0,:cluster_1177160434_1177161050_4,0,27.78,17.94,0,0.0,27.78,84.21,64.66,2.2,5.43,4.72,-0.01,-2.32,0
60.0,120.0,:cluster_1177160434_1177161050_5_0,:cluster_1177160434_1177161050_5,0,11.79,11.77,0,0.0,11.79,,,,,,-0.61,-4.0,1
60.0,120.0,:cluster_1177161169_664472775_1_0,:cluster_1177161169_664472775_1,0,18.05,10.17,0,0.0,18.05,,,,,,1.34,1.3,0
60.0,120.0,:cluster_1177161441_1190128246_4_0,:cluster_1177161441_1190128246_4,0,22.22,17.32,0,0.0,22.22,93.29,37.17,4.08,5.92,2.76,0.96,-0.21,0
60.0,120.0,:cluster_1177211304_1177211692_6_0,:cluster_1177211304_1177211692_6,0,22.22,17.64,0,0.0,22.22,67.14,62.99,15.43,4.41,3.67,0.18,-0.76,0
60.0,120.0,:cluster_1177211336_1191714436_5_0,:cluster_1177211336_1191714436_5,0,13.89,10.99,0,0.0,13.89,34.72,16.7,1.2,4.3,1.96,1.46,0.5,0
60.0,120.0,:cluster_1177211353_1177211711_14_0,:cluster_1177211353_1177211711_14,0,7.94,7.65,0,0.0,7.94,2.76,2.45,-0.55,1.22,1.04,-1.55,-4.86,5
60.0,120.0,:cluster_1177211353_1177211711_18_0,:cluster_1177211353_1177211711_18,0,7.94,7.9,0,0.0,7.94,4.91,3.58,-1.06,1.17,1.05,0.78,-0.9,0
60.0,120.0,:cluster_1177211353_1177211711_5_0,:cluster_1177211353_1177211711_5,0,22.22,15.23,0,0.0,22.22,81.76,81.16,-0.25,6.17,5.33,1.52,0.59,0
60.0,120.0,:cluster_1177211367_9189383185_5_0,:cluster_1177211367_9189383185_5,0,8.34,7.2,0,0.0,8.34,53.62,8.84,-2.3,12.7,3.13,1.08,-0.49,0
60.0,120.0,:cluster_1177211394_1177211683_2_0,:cluster_1177211394_1177211683_2,0,7.74,7.07,0,0.0,7.74,,,,,,1.09,0.09,0
60.0,120.0,:cluster_1177211394_1177211683_6_0,:cluster_1177211394_1177211683_6,0,22.22,17.46,0,0.0,22.22,59.78,17.45,0.2,3.76,1.11,0.7,-0.75,0
60.0,120.0,:cluster_1177211428_1177211911_0_0,:cluster_1177211428_1177211911_0,0,5.75,5.77,0,0.3,5.75,57.84,54.0,-7.21,12.15,10.98,-1.18,-4.23,2
60.0,120.0,:cluster_1177211698_663826189_0_0,:cluster_1177211698_663826189_0,0,9.17,9.44,0,0.0,9.17,79.65,79.65,-10.32,10.57,10.57,0.14,-1.28,0
60.0,120.0,:cluster_1177211698_663826189_10_0,:cluster_1177211698_663826189_10,0,8.32,8.28,0,0.0,8.32,39.3,5.46,-3.92,6.69,2.26,0.82,-2.07,0
60.0,120.0,:cluster_1177211698_663826189_5_0,:cluster_1177211698_663826189_5,1,10.16,10.16,0,0.08,11.11,40.21,39.44,-1.38,4.1,4.04,0.46,-0.36,0
60.0,120.0,:cluster_1177211838_13300645525_13300645528_0_0,:cluster_1177211838_13300645525_13300645528_0,0,6.14,6.29,0,0.0,6.14,15.33,8.86,-3.11,2.94,1.47,-0.4,-4.0,1
60.0,120.0,:cluster_1177211838_13300645525_13300645528_4_0,:cluster_1177211838_13300645525_13300645528_4,0,27.78,14.15,0,0.0,27.78,28.56,4.19,-0.04,8.75,1.05,1.14,-1.27,0
60.0,120.0,:cluster_1177211838_13300645525_13300645528_8_0,:cluster_1177211838_13300645525_13300645528_8,0,7.21,5.7,0,0.1,7.21,42.06,38.28,4.21,11.0,6.72,2.17,1.3,0
60.0,120.0,:cluster_1177212073_13300645524_664471560_10_0,:cluster_1177212073_13300645524_664471560_10,0,27.78,16.06,0,0.0,27.78,24.46,15.67,2.62,5.46,1.39,0.83,-3.11,1
60.0,120.0,:cluster_1177212073_13300645524_664471560_18_0,:cluster_1177212073_13300645524_664471560_18,0,4.08,2.69,0,0.0,4.08,20.47,12.46,-10.84,15.13,10.36,1.35,1.05,0
60.0,120.0,:cluster_1177212073_13300645524_664471560_3_0,:cluster_1177212073_13300645524_664471560_3,0,4.08,2.15,0,0.0,4.08,0.98,0.1,-8.41,0.36,0.27,-0.11,-2.06,0
60.0,120.0,:cluster_1177212073_13300645524_664471560_5_0,:cluster_1177212073_13300645524_664471560_5,0,7.19,6.63,0,0.0,7.19,21.46,5.0,-2.83,5.41,1.05,1.0,-4.0,1
60.0,120.0,:cluster_1186025344_13298747727_13298747728_13298747738_#3more_10_0,:cluster_1186025344_13298747727_13298747728_13298747738_#3more_10,0,11.11,6.93,0,0.0,11.11,5.75,4.18,-1.07,1.15,1.05,1.11,0.07,0
60.0,120.0,:cluster_1189036471_1189036770_5_0,:cluster_1189036471_1189036770_5,0,13.89,13.99,0,0.0,13.89,84.05,83.94,0.13,6.12,6.0,1.01,-1.12,0
60.0,120.0,:cluster_1190100404_664446591_3_0,:cluster_1190100404_664446591_3,0,11.11,11.72,0,0.0,11.11,41.55,12.71,2.26,3.73,1.31,0.12,-1.88,0
60.0,120.0,:cluster_1190128285_13300645523_13300645535_11_0,:cluster_1190128285_13300645523_13300645535_11,0,4.08,4.47,0,0.0,4.08,27.57,27.29,1.59,6.47,6.23,-0.5,-0.81,0
60.0,120.0,:cluster_1190128285_13300645523_13300645535_2_0,:cluster_1190128285_13300645523_13300645535_2,0,4.08,4.57,0,0.0,4.08,28.88,28.88,2.5,6.32,6.32,-2.06,-2.06,0
60.0,120.0,:cluster_1190128285_13300645523_13300645535_3_0,:cluster_1190128285_13300645523_13300645535_3,0,27.78,10.63,0,0.0,27.78,41.05,41.05,-0.69,4.07,3.86,1.91,1.75,0
60.0,120.0,:cluster_1191863963_1191864049_0_0,:cluster_1191863963_1191864049_0,1,6.92,6.92,0,0.07,10.68,59.75,58.6,-4.99,9.73,8.8,2.38,1.92,0
60.0,120.0,:cluster_1191863963_1191864049_10_0,:cluster_1191863963_1191864049_10,0,7.95,6.5,0,0.0,7.95,,,,,,0.37,-1.09,0
60.0,120.0,:cluster_11942000227_11942000230_6173706992_10_0,:cluster_11942000227_11942000230_6173706992_10,0,8.12,9.22,0,0.0,8.12,227.17,224.98,-9.35,28.21,26.14,1.05,-0.7,0
60.0,120.0,:cluster_11942000227_11942000230_6173706992_15_0,:cluster_11942000227_11942000230_6173706992_15,0,7.23,7.16,0,0.0,7.23,82.25,78.63,-4.59,12.93,12.27,-1.28,-5.0,2
60.0,120.0,:cluster_11942000227_11942000230_6173706992_16_0,:cluster_11942000227_11942000230_6173706992_16,0,27.78,17.65,0,0.0,27.78,66.08,65.84,2.52,4.02,3.76,-2.18,-4.49,2
60.0,120.0,:cluster_11942000227_11942000230_6173706992_26_0,:cluster_11942000227_11942000230_6173706992_26,0,3.65,3.7,0,0.0,3.65,217.61,215.16,-9.85,60.52,58.13,-2.2,-4.0,1
60.0,120.0,:cluster_11942000232_664472748_13_0,:cluster_11942000232_664472748_13,0,11.11,10.86,0,0.0,11.11,90.5,89.95,2.3,8.35,8.28,0.12,0.09,0
60.0,120.0,:cluster_11942000232_664472748_2_0,:cluster_11942000232_664472748_2,0,6.92,5.83,0,0.0,6.92,,,,,,0.63,-1.3,0
60.0,120.0,:cluster_11942000232_664472748_5_0,:cluster_11942000232_664472748_5,0,22.22,17.92,0,0.0,22.22,,,,,,0.62,-0.1,0
60.0,120.0,:cluster_11944729366_664471711_0_1,:cluster_11944729366_664471711_0,0,11.11,9.98,0,0.0,11.11,,,,,,0.94,-0.32,0
60.0,120.0,:cluster_11944729366_664471711_2_0,:cluster_11944729366_664471711_2,0,4.66,4.87,0,0.0,4.66,0.93,0.1,-4.9,0.68,0.11,-0.9,-4.56,2
60.0,120.0,:cluster_11944729366_664471711_4_0,:cluster_11944729366_664471711_4,1,8.46,9.97,0,0.0,22.69,71.36,49.87,-8.14,19.03,5.89,1.58,0.5,0
60.0,120.0,:cluster_11944729366_664471711_5_1,:cluster_11944729366_664471711_5,0,27.78,9.83,0,0.0,27.78,,,,,,1.18,0.92,0
60.0,120.0,:cluster_11944729366_664471711_8_0,:cluster_11944729366_664471711_8,0,4.66,4.7,0,0.0,4.66,8.86,3.27,-4.05,3.11,1.17,0.82,-1.39,0
60.0,120.0,:cluster_13298740740_664446558_1_0,:cluster_13298740740_664446558_1,0,6.52,6.55,0,0.0,6.52,23.58,10.19,-3.64,3.69,1.68,0.12,-3.61,1
60.0,120.0,:cluster_13298740740_664446558_4_0,:cluster_13298740740_664446558_4,0,22.22,16.75,0,0.0,22.22,87.83,16.42,-0.2,6.03,1.11,-0.28,-3.25,1
60.0,120.0,:cluster_13298747733_13298747737_663825864_4_0,:cluster_13298747733_13298747737_663825864_4,0,11.11,6.39,0,0.0,11.11,,,,,,1.48,0.56,0
60.0,120.0,:cluster_13298747733_13298747737_663825864_6_0,:cluster_13298747733_13298747737_663825864_6,0,9.91,9.88,0,0.0,9.91,,,,,,0.2,-2.2,0
60.0,120.0,:cluster_13298747747_13298747748_13298747749_13298747755_#2more_0_0,:cluster_13298747747_13298747748_13298747749_13298747755_#2more_0,0,9.42,6.46,0,0.0,9.42,12.52,4.87,-3.06,2.88,1.03,1.56,0.3,0
60.0,120.0,:cluster_13298747747_13298747748_13298747749_13298747755_#2more_10_0,:cluster_13298747747_13298747748_13298747749_13298747755_#2more_10,0,12.71,8.8,0,0.0,12.71,,,,,,1.42,0.63,0
60.0,120.0,:cluster_13298747747_13298747748_13298747749_13298747755_#2more_1_0,:cluster_13298747747_13298747748_13298747749_13298747755_#2more_1,0,16.66,9.28,0,0.0,16.66,52.51,10.21,-8.09,9.81,2.94,1.64,0.51,0
60.0,120.0,:cluster_13298747750_13298747754_7007141699_1_0,:cluster_13298747750_13298747754_7007141699_1,0,6.5,6.94,0,0.0,6.5,12.1,7.35,-1.54,1.91,1.09,-0.1,-4.0,2
60.0,120.0,:cluster_13300645520_13300645530_663844204_5_0,:cluster_13300645520_13300645530_663844204_5,1,4.46,7.8,0,0.15,7.61,10.92,10.6,-0.75,1.48,1.44,0.38,-5.0,1
60.0,120.0,:cluster_13908994425_13908994429_13908994430_4_0,:cluster_13908994425_13908994429_13908994430_4,0,27.78,17.58,0,0.0,27.78,7.89,6.63,-1.57,1.36,1.25,1.33,-0.81,0
60.0,120.0,:cluster_5424222000_664446587_3_0,:cluster_5424222000_664446587_3,0,27.78,17.71,0,0.0,27.78,93.29,37.06,4.63,5.63,2.17,-0.05,-0.82,0
60.0,120.0,:cluster_5424222009_664446539_2_0,:cluster_5424222009_664446539_2,1,8.13,8.85,0,0.11,8.61,30.62,29.91,-3.05,4.06,3.85,0.73,-1.45,0
60.0,120.0,:cluster_5424222009_664446539_4_0,:cluster_5424222009_664446539_4,0,5.57,6.53,0,0.0,5.57,,,,,,-1.68,-3.8,1
60.0,120.0,:cluster_5424222009_664446539_6_0,:cluster_5424222009_664446539_6,0,5.57,5.73,0,0.0,5.57,,,,,,-0.8,-2.23,0
60.0,120.0,:cluster_663842376_663944135_4_0,:cluster_663842376_663944135_4,0,27.78,17.49,0,0.0,27.78,94.81,69.04,1.76,5.57,3.95,0.21,-0.67,0
60.0,120.0,:cluster_663943516_664446119_1_0,:cluster_663943516_664446119_1,1,5.86,6.02,0,0.23,7.06,154.52,152.53,-7.81,26.97,26.73,0.79,-0.48,0
60.0,120.0,:cluster_664446535_8507351665_8507351666_3_0,:cluster_664446535_8507351665_8507351666_3,0,11.11,10.79,0,0.0,11.11,55.34,10.25,1.11,5.34,0.96,0.72,-0.72,0
120.0,180.0,-101757273#0_0,-101757273#0,0,22.22,17.67,0,0.0,22.22,80.0,80.0,1.53,17.11,17.11,-2.05,-5.0,8
120.0,180.0,-101757273#1_0,-101757273#1,0,22.22,17.71,0,0.0,22.22,,,,,,0.13,-1.47,0
120.0,180.0,-101757273#2_0,-101757273#2,0,22.22,18.0,0,0.0,22.22,,,,,,-0.55,-1.47,0
120.0,180.0,-101757288#0_0,-101757288#0,0,13.89,13.24,0,0.0,13.89,81.82,71.68,-5.65,7.97,5.57,-1.18,-4.0,4
120.0,180.0,-101757302#0_0,-101757302#0,0,13.89,13.49,0,0.0,13.89,130.04,129.68,-0.36,17.76,16.38,-1.73,-4.0,3
120.0,180.0,-101757302#1_0,-101757302#1,0,13.89,13.51,0,0.0,13.89,,,,,,-0.49,-0.97,0
120.0,180.0,-101757306#0_0,-101757306#0,0,13.89,12.29,0,0.0,13.89,,,,,,-0.39,-4.0,2
120.0,180.0,-101757306#1_0,-101757306#1,1,13.05,13.05,0,0.03,13.89,,,,,,0.53,-4.0,3
120.0,180.0,-101943113_0,-101943113,0,13.89,13.89,0,0.0,13.89,,,,,,-1.28,-4.0,4
120.0,180.0,-101966385#0_0,-101966385#0,0,13.89,13.29,0,0.0,13.89,21.68,18.25,-0.57,2.4,1.4,-1.61,-5.0,5
120.0,180.0,-101966385#2_0,-101966385#2,0,13.89,12.72,0,0.0,13.89,94.12,86.69,1.18,9.87,6.94,-1.64,-5.0,7
120.0,180.0,-101966385#3_0,-101966385#3,0,13.89,10.65,0,0.0,13.89,101.37,97.08,3.29,10.3,9.16,-0.17,-0.97,0
120.0,180.0,-101966385#4_0,-101966385#4,0,13.89,11.55,0,0.0,13.89,103.13,88.46,-3.45,18.17,10.02,1.47,-1.76,0
120.0,180.0,-101966385#5_0,-101966385#5,0,13.89,13.86,0,0.0,13.89,32.31,23.12,-4.03,4.64,3.54,1.2,-0.49,0
120.0,180.0,-101966393#0_0,-101966393#0,1,11.61,15.83,0,0.02,13.89,126.44,55.76,-1.73,12.5,9.03,-0.69,-5.0,5
120.0,180.0,-101966393#1_0,-101966393#1,0,13.89,13.76,0,0.0,13.89,,,,,,0.67,-0.68,0
120.0,180.0,-101966393#2_0,-101966393#2,0,13.89,13.48,0,0.0,13.89,69.73,67.24,-3.48,8.42,8.0,1.19,-1.73,0
120.0,180.0,-101966397#0_0,-101966397#0,1,14.47,14.79,0,0.04,13.89,,,,,,0.1,-1.23,0
120.0,180.0,-101966397#1_0,-101966397#1,0,13.89,11.95,0,0.0,13.89,154.45,154.45,-6.56,27.75,27.75,1.19,-0.8,0
120.0,180.0,-101966424#1_0,-101966424#1,0,13.89,16.15,0,0.0,13.89,,,,,,1.99,1.99,0
120.0,180.0,-101966424#2_0,-101966424#2,0,13.89,14.38,0,0.0,13.89,,,,,,1.28,-0.16,0
120.0,180.0,-101966430#0_0,-101966430#0,0,13.89,14.58,0,0.0,13.89,,,,,,-0.63,-5.0,3
120.0,180.0,-101966430#1_0,-101966430#1,1,7.11,15.01,0,0.04,13.89,116.73,115.18,-1.3,14.12,9.43,-0.92,-5.0,6
120.0,180.0,-101966430#2_0,-101966430#2,0,13.89,13.71,0,0.0,13.89,,,,,,1.06,-1.52,0
120.0,180.0,-101966443#0_0,-101966443#0,0,22.22,17.95,0,0.0,22.22,55.36,17.08,1.55,4.4,1.55,-1.12,-5.0,17
120.0,180.0,-101966443#10_0,-101966443#10,0,22.22,17.87,0,0.0,22.22,83.67,44.05,1.67,5.42,2.68,0.12,-1.11,0
120.0,180.0,-101966443#11_0,-101966443#11,0,22.22,17.99,0,0.0,22.22,75.49,40.88,1.09,4.94,2.49,0.06,-1.56,0
120.0,180.0,-101966443#12_0,-101966443#12,0,22.22,17.47,0,0.0,22.22,39.71,39.71,-1.75,2.47,2.47,-0.54,-1.08,0
120.0,180.0,-101966443#13_0,-101966443#13,0,22.22,17.66,0,0.0,22.22,61.97,25.68,-2.1,5.01,2.29,1.07,-0.85,0
120.0,180.0,-101966443#1_0,-101966443#1,1,9.53,12.96,0,0.11,22.22,57.54,24.52,-4.53,5.06,2.65,1.42,0.45,0
120.0,180.0,-101966443#2_0,-101966443#2,0,22.22,15.42,0,0.0,22.22,37.17,11.69,-1.8,4.49,1.31,-3.37,-5.0,23
120.0,180.0,-101966443#3_0,-101966443#3,1,17.05,17.75,0,0.09,22.22,50.1,18.53,5.68,3.45,1.25,0.27,-2.62,0
120.0,180.0,-101966443#4_0,-101966443#4,0,22.22,17.93,0,0.0,22.22,64.19,22.57,1.1,5.46,1.29,0.82,-5.0,5
120.0,180.0,-101966443#5_0,-101966443#5,0,22.22,17.76,0,0.0,22.22,29.07,9.6,0.1,2.99,1.11,-0.96,-5.0,12
120.0,180.0,-101966443#6_0,-101966443#6,1,13.48,17.98,0,0.06,22.22,34.84,18.85,3.18,2.01,1.06,0.31,-1.83,0
120.0,180.0,-101966443#7_0,-101966443#7,0,22.22,17.95,0,0.0,22.22,78.61,18.97,0.76,8.18,1.07,0.94,-1.18,0
120.0,180.0,-101966443#8_0,-101966443#8,1,13.38,17.98,0,0.15,22.22,102.2,87.22,-0.06,6.33,6.1,-1.3,-4.0,3
120.0,180.0,-101966443#9_0,-101966443#9,0,22.22,17.03,0,0.0,22.22,96.35,86.87,0.71,6.46,6.34,-0.21,-1.52,0
120.0,180.0,-101966453#0_0,-101966453#0,0,13.89,14.27,0,0.0,13.89,29.55,0.1,-17.38,,,-0.58,-4.0,6
120.0,180.0,-101966457_0,-101966457,0,13.89,12.75,0,0.0,13.89,37.97,0.1,-7.05,6.71,0.36,-0.67,-4.0,5
120.0,180.0,-101966461_0,-101966461,1,0.0,13.66,1,0.02,13.89,17.64,0.1,-1.16,4.39,0.7,-0.45,-5.0,12
120.0,180.0,-101966486_0,-101966486,0,2.78,2.88,0,0.0,2.78,86.12,9.68,-1.55,38.17,4.54,0.01,-1.29,0
120.0,180.0,-101966488#0_0,-101966488#0,0,13.89,13.89,0,0.0,13.89,,,,,,-1.79,-4.0,5
120.0,180.0,-101966488#1_0,-101966488#1,0,13.89,12.98,0,0.0,13.89,19.28,0.11,-3.26,4.05,0.54,-0.96,-5.0,9
120.0,180.0,-101966488#2_0,-101966488#2,0,13.89,13.89,0,0.0,13.89,50.3,22.74,5.56,4.8,1.72,0.34,-1.72,0
120.0,180.0,-101966494_0,-101966494,0,13.89,14.91,0,0.0,13.89,145.98,140.34,-1.51,14.58,10.64,-0.79,-5.0,3
120.0,180.0,-101972876#0_0,-101972876#0,0,13.89,12.64,0,0.0,13.89,,,,,,-0.0,-2.41,0
120.0,180.0,-101972883#2_0,-101972883#2,0,13.89,12.33,0,0.0,13.89,,,,,,-1.27,-5.0,2
120.0,180.0,-101972883#3_0,-101972883#3,0,13.89,10.97,0,0.0,13.89,,,,,,1.21,-1.05,0
120.0,180.0,-101972883#4_0,-101972883#4,0,13.89,13.1,0,0.0,13.89,,,,,,-2.3,-4.0,4
120.0,180.0,-101972898#0_0,-101972898#0,0,13.89,13.46,0,0.0,13.89,18.25,14.56,1.55,2.38,1.59,-0.74,-4.0,10
120.0,180.0,-101972898#2_0,-101972898#2,0,13.89,10.72,0,0.0,13.89,89.87,89.35,1.85,12.22,11.24,0.47,-5.0,1
120.0,180.0,-101972898#3_0,-101972898#3,0,13.89,12.14,0,0.0,13.89,53.94,48.13,1.8,7.01,4.28,0.37,-4.0,3
120.0,180.0,-101972912#0_0,-101972912#0,1,11.7,12.35,0,0.03,13.89,23.03,16.52,1.94,2.31,1.61,-0.31,-4.43,8
120.0,180.0,-101972912#1_0,-101972912#1,0,13.89,8.19,0,0.0,13.89,54.81,15.94,-2.99,8.3,2.23,0.16,-4.8,2
120.0,180.0,-101972944_0,-101972944,0,13.89,12.82,0,0.0,13.89,,,,,,0.13,-4.0,5
120.0,180.0,-101972954#4_0,-101972954#4,0,13.89,11.23,0,0.0,13.89,,,,,,0.49,-5.0,2
120.0,180.0,-101972955#0_0,-101972955#0,0,13.89,13.29,0,0.0,13.89,50.63,0.6,-1.74,16.37,0.7,-0.74,-5.0,10
120.0,180.0,-101972955#1_0,-101972955#1,0,13.89,11.18,0,0.0,13.89,53.23,40.97,3.19,7.1,5.09,-1.34,-5.0,5
120.0,180.0,-101972955#3_0,-101972955#3,0,13.89,13.83,0,0.0,13.89,68.87,48.42,5.15,7.72,3.92,-0.79,-5.0,5
120.0,180.0,-101972956_0,-101972956,0,13.89,10.45,0,0.0,13.89,,,,,,-1.49,-4.0,4
120.0,180.0,-101972960#0_0,-101972960#0,0,13.89,13.46,0,0.0,13.89,31.05,14.73,1.61,2.54,1.09,0.33,-1.44,0
120.0,180.0,-101972960#1_0,-101972960#1,0,13.89,10.45,0,0.0,13.89,31.04,28.39,-3.28,3.52,3.14,1.26,-2.14,0
120.0,180.0,-102688627#0_0,-102688627#0,0,11.11,12.06,0,0.0,11.11,1.41,0.35,-0.24,1.31,0.58,-0.35,-4.2,3
120.0,180.0,-102688627#1_0,-102688627#1,1,10.03,11.97,0,0.05,11.11,,,,,,0.83,-1.66,0
120.0,180.0,-102688627#2_0,-102688627#2,0,11.11,11.49,0,0.0,11.11,,,,,,-0.9,-3.5,1
120.0,180.0,-102688627#3_0,-102688627#3,1,11.55,11.74,0,0.05,11.11,79.46,76.85,1.49,6.9,6.61,-0.07,-4.0,2
120.0,180.0,-102688627#4_0,-102688627#4,0,11.11,11.74,0,0.0,11.11,86.69,84.88,1.45,7.58,7.46,-0.11,-1.23,0
120.0,180.0,-102688627#5_0,-102688627#5,1,11.56,11.56,0,0.1,11.11,96.8,90.76,0.16,10.74,8.86,0.43,-1.84,0
120.0,180.0,-102688629#2_0,-102688629#2,1,4.99,10.74,0,0.08,11.11,,,,,,-1.62,-5.0,1
120.0,180.0,-102688629#3_0,-102688629#3,0,11.11,10.71,0,0.0,11.11,,,,,,-0.04,-0.58,0
120.0,180.0,-102688629#4_0,-102688629#4,0,11.11,10.28,0,0.0,11.11,,,,,,0.96,0.96,0
120.0,180.0,-102688629#5_0,-102688629#5,0,11.11,12.52,0,0.0,11.11,73.58,72.77,3.02,6.0,5.94,0.16,-1.25,0
120.0,180.0,-102688629#6_0,-102688629#6,0,11.11,12.64,0,0.0,11.11,78.35,76.58,1.77,6.52,6.27,0.24,-1.41,0
120.0,180.0,-102961717#0_0,-102961717#0,0,13.89,15.67,0,0.0,13.89,,,,,,-0.8,-5.0,4
120.0,180.0,-102961717#1_0,-102961717#1,0,13.89,15.72,0,0.0,13.89,,,,,,0.23,-0.69,0
120.0,180.0,-102961717#2_0,-102961717#2,0,13.89,15.61,0,0.0,13.89,,,,,,0.56,-1.97,0
120.0,180.0,-102961724#0_0,-102961724#0,0,13.89,11.78,0,0.0,13.89,,,,,,1.26,1.19,0
120.0,180.0,-102961724#1_0,-102961724#1,0,13.89,9.95,0,0.0,13.89,,,,,,1.36,-0.69,0
120.0,180.0,-103050320_0,-103050320,1,2.83,2.86,0,0.05,2.78,74.97,1.07,-3.94,31.74,9.26,-0.03,-2.22,0
120.0,180.0,-103050330#0_0,-103050330#0,1,9.29,13.81,0,0.08,13.89,42.12,41.57,-0.21,3.64,3.13,-1.27,-4.65,2
120.0,180.0,-103050330#1_0,-103050330#1,0,13.89,14.22,0,0.0,13.89,28.52,13.93,-1.99,2.67,2.05,0.73,-0.19,0
120.0,180.0,-103050330#2_0,-103050330#2,1,13.24,13.86,0,0.0,13.89,70.46,69.18,5.19,5.14,4.99,-1.76,-5.0,3
120.0,180.0,-103050330#3_0,-103050330#3,1,9.93,14.31,0,0.15,13.89,32.76,31.93,-3.7,3.49,3.38,1.03,-1.84,0
120.0,180.0,-103050330#4_0,-103050330#4,0,13.89,9.4,0,0.0,13.89,37.37,18.53,-2.59,5.64,1.97,-0.05,-4.0,2
120.0,180.0,-103050337_0,-103050337,2,12.07,13.39,0,0.08,13.89,72.1,14.77,2.24,6.74,1.2,-0.11,-5.0,10
120.0,180.0,-103082294_0,-103082294,0,13.89,8.68,0,0.0,13.89,44.16,43.41,-3.14,7.22,6.92,0.66,-3.05,1
120.0,180.0,-103082309_0,-103082309,1,2.35,2.78,0,0.02,2.78,,,,,,-0.43,-0.86,0
120.0,180.0,-103082310#0_0,-103082310#0,0,13.89,9.46,0,0.0,13.89,124.86,124.86,6.86,18.2,18.2,-1.73,-5.0,1
120.0,180.0,-103082310#1_0,-103082310#1,1,9.3,9.3,0,0.04,13.89,,,,,,1.28,-0.23,0
120.0,180.0,-103082313#1_0,-103082313#1,0,2.78,2.98,0,0.0,2.78,43.43,39.94,-3.87,17.5,13.84,0.04,-1.76,0
120.0,180.0,-103082314#0_0,-103082314#0,0,11.11,7.96,0,0.0,11.11,,,,,,-3.85,-4.0,2
120.0,180.0,-103082314#1_0,-103082314#1,0,11.11,10.26,0,0.0,11.11,,,,,,0.04,-0.97,0
120.0,180.0,-103082314#2_0,-103082314#2,0,11.11,9.55,0,0.0,11.11,,,,,,-0.34,-0.34,0
120.0,180.0,-103082314#3_0,-103082314#3,0,11.11,9.91,0,0.0,11.11,103.71,103.71,-4.16,34.2,34.2,0.83,-0.74,0
120.0,180.0,-103082316_0,-103082316,1,1.28,13.79,0,0.07,13.89,33.08,0.0,-1.39,4.66,0.5,-0.23,-5.0,20
120.0,180.0,-103082326#0_0,-103082326#0,0,13.89,14.13,0,0.0,13.89,,,,,,-1.2,-5.0,2
120.0,180.0,-103082326#1_0,-103082326#1,0,13.89,13.9,0,0.0,13.89,90.8,63.9,7.75,13.29,6.0,1.2,-2.78,0
120.0,180.0,-103212679_0,-103212679,0,13.89,10.61,0,0.0,13.89,,,,,,0.53,-4.55,1
120.0,180.0,-103212684#3_0,-103212684#3,0,13.89,10.15,0,0.0,13.89,,,,,,1.24,-0.24,0
120.0,180.0,-103230484#2_0,-103230484#2,0,13.89,13.85,0,0.0,13.89,,,,,,-1.13,-4.0,4
120.0,180.0,-103230510_0,-103230510,0,13.89,13.86,0,0.0,13.89,,,,,,0.57,-0.79,0
120.0,180.0,-103230607#4_0,-103230607#4,0,13.89,13.68,0,0.0,13.89,157.02,147.72,-9.28,38.9,31.12,-0.17,-4.12,3
120.0,180.0,-104043544#4_0,-104043544#4,0,22.22,17.5,0,0.0,22.22,,,,,,-3.56,-5.0,5
120.0,180.0,-1087118361#0_0,-1087118361#0,0,27.78,7.36,0,0.0,27.78,6.25,0.0,-0.41,4.63,0.56,0.07,-4.5,5
120.0,180.0,-1087118361#11_0,-1087118361#11,1,13.6,13.6,0,0.09,27.78,41.54,5.86,-2.63,16.25,2.74,-0.1,-4.0,5
120.0,180.0,-1087118361#12_0,-1087118361#12,0,27.78,13.45,0,0.0,27.78,89.21,87.29,1.1,27.49,6.98,0.33,-1.2,0
120.0,180.0,-1087118361#13_0,-1087118361#13,0,27.78,13.9,0,0.0,27.78,107.21,102.06,5.65,7.95,7.46,-0.02,-0.75,0
120.0,180.0,-1087118361#1_0,-1087118361#1,0,27.78,9.41,0,0.0,27.78,2.65,0.0,0.07,1.38,0.62,-0.05,-3.35,1
120.0,180.0,-1087118361#2_0,-1087118361#2,6,2.99,14.22,1,0.23,27.78,11.53,0.0,0.67,3.06,0.51,-0.15,-4.77,17
120.0,180.0,-1087118361#4_0,-1087118361#4,0,27.78,10.3,0,0.0,27.78,2.88,0.0,0.35,1.48,0.55,-0.2,-3.52,1
120.0,180.0,-1087118361#5_0,-1087118361#5,2,7.81,14.04,0,0.17,27.78,10.01,0.0,0.14,2.2,0.68,0.51,-5.0,5
120.0,180.0,-1087118361#8_0,-1087118361#8,0,27.78,10.98,0,0.0,27.78,8.21,0.0,-0.71,3.94,0.51,-0.05,-4.59,8
120.0,180.0,-1087118361#9_0,-1087118361#9,0,27.78,12.05,0,0.0,27.78,16.71,9.87,2.46,2.51,1.1,0.95,-5.0,1
120.0,180.0,-1124382853#5_0,-1124382853#5,0,27.78,13.1,0,0.0,27.78,103.88,103.88,-3.02,13.35,13.35,-2.18,-5.0,2
120.0,180.0,-1147855373#0_0,-1147855373#0,0,13.89,9.25,0,0.0,13.89,7.34,6.61,-0.98,1.14,1.02,-1.24,-4.0,3
120.0,180.0,-1147855373#1_0,-1147855373#1,0,13.89,13.89,0,0.0,13.89,,,,,,-0.05,-1.2,0
120.0,180.0,-1178005978#0_0,-1178005978#0,0,13.89,14.06,0,0.0,13.89,56.94,9.11,-6.16,4.53,0.82,-0.31,-5.0,3
120.0,180.0,-1178005979_0,-1178005979,0,13.89,14.69,0,0.0,13.89,,,,,,-1.18,-5.0,3
120.0,180.0,-1178006786_0,-1178006786,1,11.58,11.58,0,0.03,13.89,,,,,,1.75,-0.1,0
120.0,180.0,-1178014356_0,-1178014356,0,13.89,13.89,0,0.0,13.89,102.42,93.93,0.23,11.17,7.81,-1.08,-4.7,6
120.0,180.0,-1178023089_0,-1178023089,1,2.91,8.26,0,0.02,13.89,,,,,,0.17,-3.93,2
120.0,180.0,-1198952554#0_0,-1198952554#0,5,1.85,12.22,4,0.2,11.11,11.66,0.0,-1.98,6.25,0.5,-0.19,-5.0,11
120.0,180.0,-1198952554#2_0,-1198952554#2,0,11.11,12.37,0,0.0,11.11,,,,,,-0.29,-3.53,1
120.0,180.0,-1198952555#0_0,-1198952555#0,0,11.11,10.14,0,0.0,11.11,49.96,10.88,-0.6,4.98,1.1,-0.15,-0.56,0
120.0,180.0,-1198952555#1_0,-1198952555#1,0,11.11,10.06,0,0.0,11.11,47.9,10.74,-0.79,4.89,1.08,-0.18,-1.22,0
120.0,180.0,-1198952555#2_0,-1198952555#2,0,11.11,12.07,0,0.0,11.11,17.26,10.22,-0.17,1.76,1.03,0.0,-1.86,0
120.0,180.0,-1198952555#3_0,-1198952555#3,0,11.11,12.01,0,0.0,11.11,8.58,6.43,-0.71,1.05,0.99,0.7,-1.84,0
120.0,180.0,-1199457538#1_0,-1199457538#1,0,13.89,14.56,0,0.07,13.89,,,,,,-1.8,-4.0,7
120.0,180.0,-1199457538#2_0,-1199457538#2,0,13.89,11.94,0,0.0,13.89,,,,,,1.1,-1.9,0
120.0,180.0,-1199457539_0,-1199457539,0,13.89,12.66,0,0.0,13.89,28.86,0.1,-9.18,4.22,0.16,-0.42,-5.0,4
120.0,180.0,-1199688354_0,-1199688354,0,13.89,13.68,0,0.0,13.89,,,,,,-1.73,-4.0,4
120.0,180.0,-1199696698_0,-1199696698,0,13.89,11.18,0,0.0,13.89,,,,,,-2.7,-5.0,2
120.0,180.0,-1226393093_0,-1226393093,0,13.89,13.39,0,0.0,13.89,,,,,,-1.06,-4.0,3
120.0,180.0,-1435087429_0,-1435087429,0,11.11,11.21,0,0.0,11.11,53.74,44.61,1.75,5.47,4.2,-0.38,-4.58,5
120.0,180.0,-1530047256_0,-1530047256,0,11.11,11.05,0,0.0,11.11,,,,,,0.09,-5.0,2
120.0,180.0,-52097266#0_0,-52097266#0,1,7.75,12.71,0,0.04,11.11,86.38,79.17,4.54,7.98,6.84,-0.28,-5.0,11
120.0,180.0,-52152313#0_0,-52152313#0,0,13.89,13.79,0,0.0,13.89,,,,,,-1.03,-4.0,3
120.0,180.0,-52152314#1_0,-52152314#1,1,10.16,10.16,0,0.02,13.89,,,,,,1.26,-2.22,0
120.0,180.0,-52152323#0_0,-52152323#0,1,10.27,11.11,0,0.05,11.11,103.22,90.02,-3.96,11.64,8.32,-1.1,-4.0,7
120.0,180.0,-52152323#2_0,-52152323#2,0,11.11,11.1,0,0.0,11.11,119.13,92.05,1.14,11.35,8.5,-0.07,-1.16,0
120.0,180.0,-52152323#3_0,-52152323#3,0,11.11,11.1,0,0.0,11.11,110.59,109.15,0.88,10.22,10.02,-0.01,-1.13,0
120.0,180.0,-52152323#4_0,-52152323#4,0,11.11,11.09,0,0.0,11.11,126.08,112.02,2.2,11.68,10.11,0.13,-0.29,0
120.0,180.0,-52152323#5_0,-52152323#5,0,11.11,11.11,0,0.0,11.11,113.08,113.08,0.86,10.43,10.43,0.03,-1.26,0
120.0,180.0,-52152323#6_0,-52152323#6,0,11.11,9.89,0,0.0,11.11,,,,,,0.37,-1.34,0
120.0,180.0,-52152369#0_0,-52152369#0,0,13.89,13.92,0,0.0,13.89,,,,,,1.38,-0.3,0
120.0,180.0,-52155579#1_0,-52155579#1,0,11.11,9.85,0,0.0,11.11,,,,,,-0.2,-2.57,0
120.0,180.0,-52155579#2_0,-52155579#2,0,11.11,9.72,0,0.0,11.11,,,,,,1.08,-0.74,0
120.0,180.0,-52155737#0_0,-52155737#0,0,13.89,15.42,0,0.0,13.89,,,,,,-1.69,-5.0,4
120.0,180.0,-52155737#1_0,-52155737#1,0,13.89,10.12,0,0.0,13.89,,,,,,0.34,-3.01,1
120.0,180.0,-52155744#1_0,-52155744#1,0,13.89,13.47,0,0.0,13.89,57.65,0.1,-6.42,10.53,0.16,-0.34,-4.0,5
120.0,180.0,-52155744#2_0,-52155744#2,0,13.89,13.48,0,0.0,13.89,186.56,186.56,2.91,13.9,13.9,0.14,-0.73,0
120.0,180.0,-52155744#3_0,-52155744#3,1,9.18,13.24,0,0.05,13.89,,,,,,0.91,-0.81,0
120.0,180.0,-52155750#0_0,-52155750#0,0,13.89,14.19,0,0.0,13.89,41.0,0.11,-4.38,20.26,0.04,-2.55,-5.0,21
120.0,180.0,-52155750#1_0,-52155750#1,0,13.89,15.11,0,0.0,13.89,39.13,14.4,4.95,3.4,1.15,0.02,-2.66,0
120.0,180.0,-52155750#2_0,-52155750#2,0,13.89,15.22,0,0.0,13.89,58.98,17.23,-0.15,4.91,1.28,0.42,-2.01,0
120.0,180.0,-52155752#1_0,-52155752#1,0,13.89,13.9,0,0.0,13.89,,,,,,-0.55,-4.0,2
120.0,180.0,-563518385#1_0,-563518385#1,0,11.11,11.4,0,0.0,11.11,11.32,9.84,0.08,1.22,1.0,0.09,-2.7,0
120.0,180.0,-563518385#2_0,-563518385#2,0,11.11,9.84,0,0.0,11.11,11.24,9.23,-0.19,1.26,1.07,0.16,-2.0,0
120.0,180.0,-689627819_0,-689627819,1,13.46,13.46,0,0.05,13.89,,,,,,-0.38,-5.0,6
120.0,180.0,-689669925_0,-689669925,0,13.89,13.05,0,0.0,13.89,,,,,,-1.19,-4.0,4
120.0,180.0,101757273#0_0,101757273#0,1,13.93,13.93,0,0.03,22.22,,,,,,1.36,-0.66,0
120.0,180.0,101757273#1_0,101757273#1,0,22.22,17.85,0,0.0,22.22,,,,,,0.64,-1.24,0
120.0,180.0,101757273#2_0,101757273#2,0,22.22,17.89,0,0.0,22.22,,,,,,-1.98,-5.0,6
120.0,180.0,101757273#3_0,101757273#3,0,22.22,17.92,0,0.0,22.22,,,,,,-0.03,-2.05,0
120.0,180.0,101757273#4_0,101757273#4,0,22.22,17.74,0,0.0,22.22,,,,,,-0.12,-1.95,0
120.0,180.0,101757273#5_0,101757273#5,0,22.22,17.5,0,0.0,22.22,122.51,122.51,-4.48,19.51,19.51,-2.48,-5.0,9
120.0,180.0,101757302#1_0,101757302#1,0,13.89,10.91,0,0.0,13.89,12.85,11.46,-1.54,1.33,1.26,1.1,0.46,0
120.0,180.0,101757302#2_0,101757302#2,0,13.89,12.05,0,0.0,13.89,24.63,8.29,0.47,3.92,1.19,-1.73,-4.0,7
120.0,180.0,101943132_0,101943132,0,13.89,13.83,0,0.0,13.89,,,,,,-0.53,-5.0,8
120.0,180.0,101943135_0,101943135,1,13.19,14.31,0,0.02,13.89,,,,,,1.23,-2.24,0
120.0,180.0,101943152_0,101943152,0,13.89,12.97,0,0.0,13.89,141.18,116.69,5.46,16.45,10.27,-0.57,-5.0,7
120.0,180.0,101966385#2_0,101966385#2,0,13.89,12.19,0,0.0,13.89,,,,,,-0.11,-1.07,0
120.0,180.0,101966385#3_0,101966385#3,0,13.89,11.46,0,0.0,13.89,,,,,,0.41,0.41,0
120.0,180.0,101966385#4_0,101966385#4,0,13.89,12.1,0,0.0,13.89,,,,,,-1.4,-5.0,2
120.0,180.0,101966393#0_0,101966393#0,1,12.28,13.28,0,0.02,13.89,,,,,,0.29,-1.92,0
120.0,180.0,101966397#1_0,101966397#1,0,13.89,14.29,0,0.0,13.89,57.29,10.13,3.5,5.46,1.03,-0.91,-5.0,7
120.0,180.0,101966424#1_0,101966424#1,0,13.89,13.06,0,0.0,13.89,,,,,,-0.23,-0.45,0
120.0,180.0,101966424#2_0,101966424#2,0,13.89,14.12,0,0.0,13.89,,,,,,-1.73,-5.0,3
120.0,180.0,101966427_0,101966427,1,13.12,13.93,0,0.02,13.89,51.75,0.1,-7.92,13.58,13.38,-0.37,-5.0,11
120.0,180.0,101966430#0_0,101966430#0,0,13.89,13.9,0,0.0,13.89,,,,,,-0.26,-5.0,3
120.0,180.0,101966430#1_0,101966430#1,0,13.89,14.15,0,0.0,13.89,205.3,205.3,-2.09,18.17,18.17,0.86,-1.41,0
120.0,180.0,101966430#2_0,101966430#2,0,13.89,14.34,0,0.0,13.89,,,,,,0.12,-0.67,0
120.0,180.0,101966430#3_0,101966430#3,0,13.89,14.24,0,0.0,13.89,170.0,152.97,13.64,12.47,11.34,-0.05,-1.53,0
120.0,180.0,101966443#0_0,101966443#0,0,22.22,14.25,0,0.0,22.22,,,,,,1.54,-0.21,0
120.0,180.0,101966443#10_0,101966443#10,0,22.22,17.97,0,0.0,22.22,96.7,95.66,-3.73,7.11,7.08,0.25,-0.42,0
120.0,180.0,101966443#11_0,101966443#11,0,22.22,17.82,0,0.0,22.22,99.68,93.84,2.0,7.34,6.99,-0.12,-1.61,0
120.0,180.0,101966443#12_0,101966443#12,0,22.22,16.52,0,0.0,22.22,86.96,86.96,6.36,6.53,6.53,0.47,0.07,0
120.0,180.0,101966443#13_0,101966443#13,1,13.4,17.79,0,0.04,22.22,75.67,73.73,2.5,5.64,5.41,-1.62,-5.0,10
120.0,180.0,101966443#1_0,101966443#1,0,22.22,15.33,0,0.0,22.22,,,,,,-2.59,-5.0,3
120.0,180.0,101966443#2_0,101966443#2,0,22.22,9.54,0,0.0,22.22,,,,,,0.58,-1.25,0
120.0,180.0,101966443#3_0,101966443#3,0,22.22,14.3,0,0.0,22.22,,,,,,1.99,1.3,0
120.0,180.0,101966443#4_0,101966443#4,1,17.51,17.51,0,0.04,22.22,47.24,44.89,10.04,2.76,2.68,1.53,-1.35,0
120.0,180.0,101966443#5_0,101966443#5,0,22.22,16.74,0,0.0,22.22,37.89,12.61,-1.15,4.39,1.13,0.08,-5.0,5
120.0,180.0,101966443#6_0,101966443#6,0,22.22,16.96,0,0.0,22.22,50.97,45.84,-4.13,3.85,3.77,1.1,-0.65,0
120.0,180.0,101966443#7_0,101966443#7,0,22.22,17.78,0,0.0,22.22,53.58,25.58,-6.11,4.96,1.98,-0.92,-5.0,4
120.0,180.0,101966443#8_0,101966443#8,0,22.22,17.45,0,0.0,22.22,66.49,53.03,-1.94,4.9,3.82,0.07,-0.83,0
120.0,180.0,101966443#9_0,101966443#9,0,22.22,17.79,0,0.0,22.22,88.05,86.2,-3.73,6.52,6.38,-0.14,-1.3,0
120.0,180.0,101966453#0_0,101966453#0,0,13.89,14.04,0,0.0,13.89,46.32,45.6,-1.19,3.77,3.26,-0.75,-4.0,6
120.0,180.0,101966453#1_0,101966453#1,1,13.47,13.66,0,0.02,13.89,,,,,,-0.1,-1.88,0
120.0,180.0,101966488#0_0,101966488#0,0,13.89,9.73,0,0.0,13.89,51.25,15.21,-3.32,10.0,1.68,0.47,-4.0,1
120.0,180.0,101966494_0,101966494,0,13.89,13.82,0,0.0,13.89,,,,,,-0.91,-5.0,2
120.0,180.0,101966508_0,101966508,0,13.89,13.6,0,0.0,13.89,,,,,,1.02,0.38,0
120.0,180.0,101966510#0_0,101966510#0,1,12.15,13.92,0,0.05,22.22,73.16,13.37,-2.97,7.08,1.05,1.22,-1.31,0
120.0,180.0,101966510#1_0,101966510#1,0,22.22,17.81,0,0.0,22.22,51.03,12.61,-0.12,3.39,0.91,0.54,-1.77,0
120.0,180.0,101966510#2_0,101966510#2,1,13.85,17.93,0,0.04,22.22,89.73,21.79,3.62,6.43,1.25,-0.47,-5.0,7
120.0,180.0,101966510#3_0,101966510#3,0,22.22,17.89,0,0.0,22.22,84.1,25.33,2.89,6.07,1.42,0.24,-1.13,0
120.0,180.0,101966510#4_0,101966510#4,5,4.77,17.82,1,0.11,22.22,39.13,0.09,0.53,5.09,0.3,-0.91,-5.0,28
120.0,180.0,101972883#2_0,101972883#2,0,13.89,12.22,0,0.0,13.89,,,,,,1.62,-1.11,0
120.0,180.0,101972883#4_0,101972883#4,0,13.89,7.17,0,0.0,13.89,118.08,116.49,-3.03,33.24,28.69,0.27,-3.18,1
120.0,180.0,101972892#1_0,101972892#1,0,13.89,12.36,0,0.0,13.89,14.91,9.79,1.4,1.76,1.2,-1.21,-5.0,7
120.0,180.0,101972898#1_0,101972898#1,0,13.89,10.02,0,0.0,13.89,,,,,,1.08,0.33,0
120.0,180.0,101972898#2_0,101972898#2,0,13.89,13.59,0,0.0,13.89,,,,,,0.88,0.61,0
120.0,180.0,101972898#3_0,101972898#3,0,13.89,13.74,0,0.0,13.89,,,,,,-1.17,-4.0,4
120.0,180.0,101972912#1_0,101972912#1,1,0.0,4.01,1,0.33,13.89,,,,,,-0.39,-3.9,1
120.0,180.0,101972924#0_0,101972924#0,1,10.65,17.75,0,0.04,22.22,45.56,8.93,-1.57,3.87,1.05,1.23,-2.25,0
120.0,180.0,101972924#2_0,101972924#2,1,13.46,17.84,0,0.07,22.22,59.74,14.13,-0.44,5.0,1.04,0.32,-1.9,0
120.0,180.0,101972924#3_0,101972924#3,1,16.92,17.99,0,0.03,22.22,43.2,14.48,6.23,2.83,1.05,-0.23,-4.64,5
120.0,180.0,101972924#5_0,101972924#5,14,0.0,17.17,14,0.58,22.22,1.83,0.0,0.22,1.26,0.52,-0.27,-5.0,40
120.0,180.0,101972944_0,101972944,0,13.89,13.62,0,0.0,13.89,,,,,,-1.53,-4.0,5
120.0,180.0,101972952#0_0,101972952#0,0,13.89,10.87,0,0.0,13.89,,,,,,-2.07,-4.82,2
120.0,180.0,101972954#2_0,101972954#2,1,8.17,10.73,0,0.11,13.89,108.28,106.91,-5.92,14.15,13.42,1.03,-0.23,0
120.0,180.0,101972954#4_0,101972954#4,0,13.89,13.32,0,0.0,13.89,19.97,0.1,-13.59,,,-1.46,-4.0,7
120.0,180.0,101972955#0_0,101972955#0,0,13.89,10.89,0,0.0,13.89,,,,,,-0.45,-5.0,2
120.0,180.0,101972955#1_0,101972955#1,0,13.89,9.02,0,0.0,13.89,,,,,,-0.91,-2.0,0
120.0,180.0,101972955#3_0,101972955#3,0,13.89,12.15,0,0.0,13.89,,,,,,-1.4,-5.0,3
120.0,180.0,101972956_0,101972956,1,0.0,11.57,1,0.11,13.89,27.27,0.1,-13.33,9.2,0.17,-0.14,-4.82,7
120.0,180.0,102027267#0_0,102027267#0,0,11.11,11.02,0,0.0,11.11,,,,,,1.31,0.07,0
120.0,180.0,102027267#1_0,102027267#1,0,11.11,11.81,0,0.0,11.11,,,,,,0.04,-1.16,0
120.0,180.0,102027267#2_0,102027267#2,1,10.45,11.98,0,0.02,11.11,117.7,116.24,0.4,10.59,10.25,0.02,-1.06,0
120.0,180.0,102027267#3_0,102027267#3,0,11.11,11.84,0,0.0,11.11,91.95,73.48,0.19,8.22,6.47,-0.01,-0.97,0
120.0,180.0,102027267#4_0,102027267#4,0,11.11,11.95,0,0.0,11.11,110.78,72.52,0.83,9.97,6.3,0.01,-2.36,0
120.0,180.0,102027267#5_0,102027267#5,0,11.11,11.96,0,0.0,11.11,114.56,60.74,0.43,10.5,5.34,0.02,-2.01,0
120.0,180.0,102027267#6_0,102027267#6,1,11.4,11.5,0,0.01,11.11,116.57,50.12,-3.46,11.26,4.4,-0.67,-5.0,4
120.0,180.0,102688627#0_0,102688627#0,1,10.52,12.88,0,0.03,11.11,15.89,8.18,-2.19,1.71,1.09,0.55,-2.17,0
120.0,180.0,102688627#1_0,102688627#1,0,11.11,12.93,0,0.0,11.11,,,,,,0.08,-2.05,0
120.0,180.0,102688627#2_0,102688627#2,0,11.11,12.39,0,0.0,11.11,,,,,,0.07,-0.54,0
120.0,180.0,102688627#3_0,102688627#3,0,11.11,12.9,0,0.0,11.11,115.79,94.93,10.72,9.6,7.98,-0.2,-1.85,0
120.0,180.0,102688627#4_0,102688627#4,0,11.11,12.61,0,0.0,11.11,97.81,41.58,4.13,8.08,3.44,0.07,-1.56,0
120.0,180.0,102688627#5_0,102688627#5,2,0.01,12.88,2,0.15,11.11,20.87,0.0,-6.54,1.25,0.5,-0.55,-5.0,11
120.0,180.0,102688628#0_0,102688628#0,0,22.22,17.91,0,0.0,22.22,42.29,13.12,1.16,2.8,0.8,-0.06,-2.12,0
120.0,180.0,102688628#1_0,102688628#1,0,22.22,17.6,0,0.0,22.22,39.02,14.84,1.19,2.54,1.08,0.1,-1.74,0
120.0,180.0,102688628#2_0,102688628#2,0,22.22,17.87,0,0.0,22.22,40.64,14.84,2.31,2.68,1.07,-0.14,-2.81,0
120.0,180.0,102688628#3_0,102688628#3,0,22.22,17.75,0,0.0,22.22,35.84,8.84,2.67,3.68,1.07,-1.97,-5.0,35
120.0,180.0,102688628#4_0,102688628#4,0,22.22,12.93,0,0.0,22.22,43.04,10.71,2.95,5.23,1.09,1.37,-1.17,0
120.0,180.0,102688628#5_0,102688628#5,7,1.74,14.05,3,0.38,22.22,14.36,0.0,-0.19,1.44,0.5,-0.62,-5.0,25
120.0,180.0,102688629#2_0,102688629#2,0,11.11,8.73,0,0.0,11.11,,,,,,0.02,-1.38,0
120.0,180.0,102688629#3_0,102688629#3,0,11.11,8.98,0,0.0,11.11,135.89,135.45,-1.77,15.72,15.09,-0.82,-1.26,0
120.0,180.0,102688629#4_0,102688629#4,0,11.11,8.88,0,0.0,11.11,,,,,,0.57,0.13,0
120.0,180.0,102688629#5_0,102688629#5,0,11.11,8.6,0,0.0,11.11,,,,,,-0.46,-4.19,4
120.0,180.0,102688629#6_0,102688629#6,0,11.11,9.06,0,0.0,11.11,55.06,36.74,-2.39,61.42,4.13,-0.6,-5.0,3
120.0,180.0,102688631#1_0,102688631#1,0,11.11,11.92,0,0.0,11.11,45.18,36.98,2.24,4.19,3.16,0.17,-1.35,0
120.0,180.0,102688631#2_0,102688631#2,0,11.11,11.95,0,0.06,11.11,22.71,19.79,4.27,2.08,1.84,-0.76,-4.0,2
120.0,180.0,102688631#3_0,102688631#3,0,11.11,11.75,0,0.0,11.11,101.87,89.87,8.93,10.75,7.78,1.01,-0.26,0
120.0,180.0,102688631#4_0,102688631#4,0,11.11,11.44,0,0.0,11.11,72.38,67.03,10.82,6.55,6.03,-0.59,-2.3,0
120.0,180.0,102688631#5_0,102688631#5,0,11.11,12.14,0,0.0,11.11,38.93,0.02,-3.85,2.82,0.5,-0.59,-4.87,9
120.0,180.0,102690982#1_0,102690982#1,0,11.11,12.48,0,0.05,11.11,54.44,14.42,-0.64,5.5,1.3,0.36,-1.56,0
120.0,180.0,102690982#2_0,102690982#2,2,10.28,12.49,0,0.07,11.11,53.07,11.88,0.26,5.1,1.12,-0.01,-2.2,0
120.0,180.0,102690982#3_0,102690982#3,2,8.66,12.49,0,0.06,11.11,35.64,7.96,1.28,3.59,1.08,-0.41,-5.0,13
120.0,180.0,102690982#4_0,102690982#4,1,6.55,10.99,0,0.02,11.11,151.75,131.72,-0.68,14.51,12.27,-0.23,-4.0,4
120.0,180.0,102690983#0_0,102690983#0,1,7.0,17.59,0,0.1,22.22,54.52,22.1,-3.35,5.07,1.57,1.44,-1.83,0
120.0,180.0,102690983#2_0,102690983#2,0,22.22,17.96,0,0.0,22.22,66.25,24.36,1.4,4.41,1.48,0.6,-0.83,0
120.0,180.0,102690983#3_0,102690983#3,0,22.22,17.89,0,0.0,22.22,55.33,18.59,6.71,3.46,1.3,-0.02,-1.66,0
120.0,180.0,102690983#4_0,102690983#4,1,17.45,17.96,0,0.04,22.22,21.08,0.0,-0.26,2.63,0.56,-0.94,-5.0,39
120.0,180.0,102690992#0_0,102690992#0,0,11.11,12.0,0,0.0,11.11,85.67,27.95,0.46,8.87,2.65,0.64,-1.72,0
120.0,180.0,102690992#1_0,102690992#1,1,11.33,12.0,0,0.03,11.11,91.06,18.38,2.35,8.95,1.75,0.04,-1.78,0
120.0,180.0,102690992#2_0,102690992#2,7,2.82,11.36,2,0.14,11.11,20.62,0.0,0.02,3.33,0.51,-0.24,-4.84,18
120.0,180.0,102690997#1_0,102690997#1,0,13.89,14.02,0,0.0,13.89,17.35,17.09,0.25,1.27,1.22,0.17,-0.97,0
120.0,180.0,102690997#3_0,102690997#3,0,13.89,13.86,0,0.0,13.89,17.91,17.69,-0.05,1.34,1.29,0.06,-1.24,0
120.0,180.0,102690997#4_0,102690997#4,0,13.89,13.89,0,0.0,13.89,18.48,18.48,-1.06,1.44,1.44,-0.45,-0.82,0
120.0,180.0,102690997#5_0,102690997#5,0,13.89,15.48,0,0.0,13.89,79.35,18.36,4.87,5.5,1.36,0.1,-0.36,0
120.0,180.0,102690997#6_0,102690997#6,0,13.89,15.67,0,0.0,13.89,45.81,8.43,6.01,3.9,1.15,-1.39,-5.0,10
120.0,180.0,102691001#0_0,102691001#0,0,11.11,12.24,0,0.0,11.11,66.44,42.73,6.28,6.02,3.76,0.0,-1.5,0
120.0,180.0,102691001#1_0,102691001#1,1,0.0,12.0,1,0.04,11.11,33.87,1.0,-1.99,5.99,0.7,-0.21,-5.0,12
120.0,180.0,102784452#3_0,102784452#3,0,27.78,13.76,0,0.0,27.78,43.24,8.6,-2.25,4.69,1.05,1.37,-1.01,0
120.0,180.0,102784452#4_0,102784452#4,0,27.78,17.33,0,0.0,27.78,51.54,9.07,0.72,4.96,0.96,-0.66,-5.0,18
120.0,180.0,102784452#5_0,102784452#5,0,27.78,15.63,0,0.0,27.78,38.3,13.47,2.86,2.86,0.99,0.96,-1.53,0
120.0,180.0,102784452#6_0,102784452#6,0,27.78,16.67,0,0.0,27.78,40.12,14.11,3.11,2.94,1.05,-0.46,-5.0,2
120.0,180.0,102784452#8_0,102784452#8,1,15.22,16.68,0,0.04,27.78,26.27,14.16,1.66,1.93,1.03,0.17,-5.0,4
120.0,180.0,102961698#1_0,102961698#1,0,13.89,15.59,0,0.0,13.89,44.77,1.6,-0.84,8.23,0.29,-0.78,-5.0,23
120.0,180.0,102961698#2_0,102961698#2,0,13.89,15.95,0,0.0,13.89,50.86,12.69,-2.25,4.66,1.44,1.06,-2.21,0
120.0,180.0,102961698#3_0,102961698#3,0,13.89,15.97,0,0.0,13.89,57.66,15.75,-0.21,4.36,1.16,-0.15,-2.53,0
120.0,180.0,102961698#4_0,102961698#4,1,13.86,15.74,0,0.07,13.89,56.32,15.63,-0.17,4.24,1.12,0.0,-2.53,0
120.0,180.0,102961698#5_0,102961698#5,0,13.89,15.97,0,0.0,13.89,70.28,16.15,0.12,5.1,1.14,-0.03,-1.77,0
120.0,180.0,102961698#6_0,102961698#6,0,13.89,16.01,0,0.0,13.89,67.53,16.24,1.03,4.93,1.11,0.0,-2.84,0
120.0,180.0,102961698#7_0,102961698#7,4,3.63,15.96,0,0.06,13.89,25.82,0.0,1.37,3.05,0.03,-0.4,-5.0,19
120.0,180.0,102961717#0_0,102961717#0,1,11.03,11.03,0,0.01,13.89,,,,,,1.6,0.99,0
120.0,180.0,102961717#3_0,102961717#3,0,13.89,12.29,0,0.0,13.89,107.85,104.59,-1.72,9.19,8.82,0.01,-1.2,0
120.0,180.0,102961717#4_0,102961717#4,0,13.89,11.84,0,0.0,13.89,54.87,0.1,-10.4,11.78,0.84,-0.77,-5.0,7
120.0,180.0,102961724#0_0,102961724#0,0,13.89,15.79,0,0.0,13.89,59.53,59.53,-0.05,3.77,3.77,-0.15,-0.31,0
120.0,180.0,102961724#1_0,102961724#1,0,13.89,16.37,0,0.0,13.89,28.36,0.1,-2.68,6.73,0.68,-2.02,-4.0,15
120.0,180.0,102961758_0,102961758,1,1.76,2.81,0,0.03,2.78,,,,,,-0.03,-1.83,0
120.0,180.0,103050320_0,103050320,0,2.78,2.86,0,0.0,2.78,85.37,83.67,0.13,33.68,29.22,0.02,-0.99,0
120.0,180.0,103050330#0_0,103050330#0,0,13.89,16.58,0,0.0,13.89,34.22,21.73,2.95,2.9,1.57,0.65,-0.84,0
120.0,180.0,103050330#1_0,103050330#1,0,13.89,13.88,0,0.0,13.89,34.79,34.09,-0.33,3.75,2.94,-2.07,-4.0,7
120.0,180.0,103050330#2_0,103050330#2,0,13.89,15.02,0,0.0,13.89,,,,,,0.88,-0.06,0
120.0,180.0,103050330#3_0,103050330#3,0,13.89,15.19,0,0.04,13.89,,,,,,-2.87,-5.0,7
120.0,180.0,103050330#4_0,103050330#4,0,13.89,11.58,0,0.0,13.89,,,,,,-1.11,-5.0,2
120.0,180.0,103082294_0,103082294,0,13.89,9.84,0,0.0,13.89,94.79,94.79,3.05,15.72,15.72,-0.52,-4.94,1
120.0,180.0,103082310#0_0,103082310#0,0,13.89,11.41,0,0.0,13.89,73.63,22.16,-1.54,9.3,2.44,1.32,0.25,0
120.0,180.0,103082310#1_0,103082310#1,1,6.79,13.88,0,0.09,13.89,55.21,14.97,4.9,5.63,1.57,-1.07,-5.0,19
120.0,180.0,103082313#1_0,103082313#1,0,2.78,2.92,0,0.0,2.78,90.43,57.49,-8.29,104.61,22.3,-0.05,-2.98,0
120.0,180.0,103082314#0_0,103082314#0,0,11.11,10.53,0,0.0,11.11,54.06,54.06,-2.59,6.8,6.8,0.79,0.0,0
120.0,180.0,103082314#1_0,103082314#1,0,11.11,11.11,0,0.0,11.11,99.65,54.97,0.65,9.72,4.97,0.22,-2.05,0
120.0,180.0,103082314#2_0,103082314#2,0,11.11,10.63,0,0.0,11.11,137.66,137.66,1.08,12.95,12.95,0.18,0.18,0
120.0,180.0,103082314#3_0,103082314#3,0,11.11,11.19,0,0.0,11.11,93.53,52.34,0.85,8.76,4.71,-0.49,-4.0,3
120.0,180.0,103082314#4_0,103082314#4,3,10.5,11.22,0,0.03,11.11,103.22,50.25,0.96,9.78,4.54,0.04,-2.25,0
120.0,180.0,103082317#0_0,103082317#0,1,10.76,10.76,0,0.03,11.11,,,,,,0.3,-1.32,0
120.0,180.0,103082325#1_0,103082325#1,0,13.89,12.22,0,0.0,13.89,,,,,,0.21,-0.62,0
120.0,180.0,103082325#2_0,103082325#2,0,13.89,11.89,0,0.0,13.89,,,,,,-1.39,-4.53,1
120.0,180.0,103082326#0_0,103082326#0,0,13.89,15.28,0,0.0,13.89,43.28,1.3,5.66,3.88,0.78,-0.62,-5.0,12
120.0,180.0,103082326#1_0,103082326#1,0,13.89,15.56,0,0.0,13.89,,,,,,-1.9,-5.0,4
120.0,180.0,103212684#2_0,103212684#2,0,13.89,11.62,0,0.0,13.89,,,,,,1.61,-0.76,0
120.0,180.0,103212684#3_0,103212684#3,0,13.89,11.97,0,0.0,13.89,,,,,,-1.73,-5.0,2
120.0,180.0,103230484#0_0,103230484#0,1,13.75,13.75,0,0.03,13.89,55.74,52.87,-0.54,6.47,4.46,0.41,-4.0,6
120.0,180.0,103230484#2_0,103230484#2,0,13.89,13.6,0,0.0,13.89,,,,,,-0.07,-0.6,0
120.0,180.0,103230510_0,103230510,1,13.5,13.79,0,0.03,13.89,,,,,,-0.57,-4.0,5
120.0,180.0,103230516#0_0,103230516#0,0,11.11,11.33,0,0.0,11.11,26.07,23.81,-1.13,2.62,2.39,0.13,-1.1,0
120.0,180.0,103230516#0_1,103230516#0,0,11.11,11.05,0,0.0,11.11,,,,,,-0.44,-5.0,3
120.0,180.0,103230552#0_0,103230552#0,0,13.89,12.07,0,0.0,13.89,70.19,68.0,0.21,7.9,7.0,0.91,-2.07,0
120.0,180.0,103230557#7_0,103230557#7,0,22.22,6.78,0,0.0,22.22,,,,,,0.65,-0.21,0
120.0,180.0,103230607#0_0,103230607#0,0,13.89,15.12,0,0.0,13.89,,,,,,1.01,-0.72,0
120.0,180.0,103230607#1_0,103230607#1,0,13.89,15.12,0,0.0,13.89,,,,,,-0.12,-1.11,0
120.0,180.0,103230607#2_0,103230607#2,0,13.89,15.13,0,0.0,13.89,,,,,,-2.01,-4.0,3
120.0,180.0,103230607#4_0,103230607#4,0,13.89,12.8,0,0.0,13.89,58.46,24.83,4.02,7.31,1.97,-0.55,-5.0,8
120.0,180.0,104043544#0_0,104043544#0,0,22.22,18.0,0,0.0,22.22,,,,,,-0.03,-1.89,0
120.0,180.0,104043544#2_0,104043544#2,0,22.22,10.14,0,0.0,22.22,47.86,45.05,1.99,6.28,4.44,1.33,-0.3,0
120.0,180.0,104043544#4_0,104043544#4,0,22.22,16.41,0,0.0,22.22,54.21,38.74,0.38,4.51,2.79,0.96,-0.83,0
120.0,180.0,104043544#5_0,104043544#5,0,22.22,16.65,0,0.0,22.22,60.73,47.85,-0.77,4.2,3.48,0.72,-0.89,0
120.0,180.0,104043544#6_0,104043544#6,0,22.22,17.09,0,0.0,22.22,73.28,58.17,3.75,4.77,4.13,0.12,-0.48,0
120.0,180.0,104043544#7_0,104043544#7,0,22.22,17.85,0,0.0,22.22,59.1,34.36,5.96,3.73,2.12,-0.02,-0.94,0
120.0,180.0,104043544#8_0,104043544#8,0,22.22,16.78,0,0.0,22.22,38.9,1.81,-3.66,7.92,0.59,-1.49,-5.0,10
120.0,180.0,1087118361#5_0,1087118361#5,0,27.78,18.0,0,0.0,27.78,,,,,,-0.8,-2.19,0
120.0,180.0,1087118361#8_0,1087118361#8,0,27.78,9.79,0,0.0,27.78,25.13,18.23,8.44,3.09,1.86,1.73,1.4,0
120.0,180.0,1087118361#9_0,1087118361#9,0,27.78,4.51,0,0.0,27.78,13.7,0.12,0.27,3.02,0.58,-0.13,-3.41,1
120.0,180.0,1087118362#0_0,1087118362#0,0,11.11,10.85,0,0.0,11.11,89.98,88.58,1.51,8.84,8.25,-0.07,-2.17,0
120.0,180.0,1087118362#1_0,1087118362#1,0,11.11,10.71,0,0.0,11.11,84.25,82.31,3.02,8.33,8.1,-0.0,-1.48,0
120.0,180.0,1087118362#2_0,1087118362#2,0,11.11,10.88,0,0.0,11.11,,,,,,0.0,-1.7,0
120.0,180.0,1087118362#3_0,1087118362#3,0,11.11,10.29,0,0.0,11.11,,,,,,-0.83,-2.74,0
120.0,180.0,1087118362#5_0,1087118362#5,0,11.11,10.88,0,0.0,11.11,,,,,,0.13,-1.72,0
120.0,180.0,1087118362#6_0,1087118362#6,0,11.11,9.88,0,0.0,11.11,,,,,,-2.77,-3.54,1
120.0,180.0,1124089269_1,1124089269,0,27.78,18.0,0,0.0,27.78,,,,,,-0.22,-1.07,0
120.0,180.0,1124089270_1,1124089270,0,27.78,17.92,0,0.0,27.78,116.74,116.59,-0.03,10.32,9.59,0.81,-1.36,0
120.0,180.0,1124089271_0,1124089271,0,27.78,17.77,0,0.0,27.78,92.1,82.19,3.72,5.35,4.77,0.16,-1.61,0
120.0,180.0,1124089271_1,1124089271,0,27.78,17.95,0,0.0,27.78,74.41,40.32,3.42,6.37,2.25,-0.42,-5.0,8
120.0,180.0,1124089272#1_0,1124089272#1,0,27.78,17.95,0,0.0,27.78,96.44,58.31,3.51,6.0,3.29,0.4,-1.59,0
120.0,180.0,1124089272#1_1,1124089272#1,0,27.78,16.57,0,0.0,27.78,48.45,44.48,3.39,3.77,3.24,0.78,-0.64,0
120.0,180.0,1124089273_0,1124089273,0,27.78,17.86,0,0.0,27.78,90.2,38.59,1.56,6.16,2.33,0.78,-3.8,1
120.0,180.0,1124089273_1,1124089273,2,13.19,17.98,0,0.09,27.78,58.46,26.14,-3.16,5.52,2.86,1.12,-1.22,0
120.0,180.0,1124089274_0,1124089274,1,17.19,17.99,0,0.02,27.78,88.16,22.4,3.34,6.15,1.35,0.53,-1.74,0
120.0,180.0,1124089274_1,1124089274,2,17.87,17.98,0,0.04,27.78,85.66,51.6,-2.4,6.28,3.49,0.41,-4.0,1
120.0,180.0,1124089275#0_0,1124089275#0,0,27.78,16.53,0,0.0,27.78,66.55,12.63,-1.08,7.79,1.31,-3.29,-5.0,32
120.0,180.0,1124089275#0_1,1124089275#0,0,27.78,17.91,0,0.0,27.78,93.87,81.93,2.71,5.35,4.64,0.84,-1.34,0
120.0,180.0,1124089275#1_0,1124089275#1,0,27.78,17.72,0,0.0,27.78,186.48,186.16,0.26,10.62,10.51,-0.13,-1.42,0
120.0,180.0,1124089275#1_1,1124089275#1,0,27.78,17.85,0,0.0,27.78,101.66,101.45,1.8,5.92,5.82,-0.61,-4.0,3
120.0,180.0,1124089275#2_0,1124089275#2,0,27.78,17.97,0,0.0,27.78,187.82,187.43,-0.37,10.89,10.59,0.09,-2.13,0
120.0,180.0,1124089275#2_1,1124089275#2,1,13.8,17.98,0,0.02,27.78,,,,,,0.32,-2.45,0
120.0,180.0,1124102295#0_0,1124102295#0,0,27.78,16.7,0,0.0,27.78,71.78,66.74,10.39,4.41,4.15,-0.32,-0.64,0
120.0,180.0,1124102295#2_0,1124102295#2,0,27.78,16.46,0,0.0,27.78,47.17,42.72,4.21,3.58,2.83,-2.2,-4.0,5
120.0,180.0,1124102297_0,1124102297,0,27.78,17.45,0,0.0,27.78,14.49,6.76,-2.37,1.6,1.0,1.16,-2.36,0
120.0,180.0,1124102303_0,1124102303,0,11.11,8.69,0,0.0,11.11,73.66,19.06,-9.28,18.49,2.19,-0.52,-4.0,4
120.0,180.0,1124379127#0_0,1124379127#0,0,16.67,16.57,0,0.0,16.67,93.16,93.15,0.08,5.88,5.85,0.44,-1.95,0
120.0,180.0,1124379127#0_1,1124379127#0,0,16.67,17.98,0,0.0,16.67,,,,,,0.21,-2.02,0
120.0,180.0,1124379127#1_0,1124379127#1,0,16.67,16.48,0,0.0,16.67,,,,,,-0.0,-0.96,0
120.0,180.0,1124379127#1_1,1124379127#1,1,17.86,17.86,0,0.03,16.67,,,,,,0.03,-2.38,0
120.0,180.0,1124379127#2_0,1124379127#2,0,16.67,16.65,0,0.0,16.67,4.07,1.66,-3.33,0.31,0.13,0.22,-1.48,0
120.0,180.0,1124379127#2_1,1124379127#2,0,16.67,16.5,0,0.0,16.67,,,,,,0.75,-2.19,0
120.0,180.0,1124379127#3_0,1124379127#3,0,16.67,16.56,0,0.0,16.67,13.42,10.6,-2.85,1.0,0.79,0.11,-1.08,0
120.0,180.0,1124379127#3_1,1124379127#3,0,16.67,16.37,0,0.0,16.67,,,,,,0.48,-1.94,0
120.0,180.0,1124382852_0,1124382852,1,13.51,17.96,0,0.01,27.78,81.68,23.61,-2.16,5.69,2.7,0.71,-2.07,0
120.0,180.0,1124382853#2_0,1124382853#2,0,27.78,16.93,0,0.02,27.78,115.68,52.31,0.49,9.19,3.09,0.58,-2.01,0
120.0,180.0,1124382853#3_0,1124382853#3,0,27.78,17.97,0,0.0,27.78,80.26,49.9,3.1,5.23,2.8,-0.75,-5.0,6
120.0,180.0,1124382853#5_0,1124382853#5,0,27.78,12.11,0,0.0,27.78,46.5,8.8,-4.72,6.14,1.11,-2.44,-4.0,13
120.0,180.0,1126633510#0_0,1126633510#0,2,9.47,12.21,0,0.04,11.11,53.47,25.53,-1.29,5.38,3.29,0.45,-2.46,0
120.0,180.0,1126633510#1_0,1126633510#1,0,11.11,12.18,0,0.0,11.11,,,,,,-0.04,-2.29,0
120.0,180.0,1126633510#1_1,1126633510#1,0,11.11,12.1,0,0.0,11.11,91.16,60.63,2.28,8.38,5.15,0.01,-2.25,0
120.0,180.0,1126633510#2_0,1126633510#2,0,11.11,12.1,0,0.0,11.11,79.33,60.37,0.25,7.19,4.99,-2.41,-5.0,7
120.0,180.0,1126633511#2_0,1126633511#2,0,11.11,10.64,0,0.0,11.11,24.56,20.15,-2.45,3.02,2.69,1.08,-0.75,0
120.0,180.0,1126633511#3_0,1126633511#3,0,11.11,11.06,0,0.0,11.11,30.18,30.18,-1.61,3.19,3.19,0.01,-1.12,0
120.0,180.0,1126641020#0_0,1126641020#0,0,27.78,17.99,0,0.0,27.78,41.56,16.06,-0.16,3.1,1.17,0.25,-1.92,0
120.0,180.0,1126641020#1_0,1126641020#1,0,27.78,17.92,0,0.0,27.78,40.73,14.54,0.08,3.21,1.12,-0.5,-5.0,11
120.0,180.0,1126641021_0,1126641021,0,27.78,18.0,0,0.0,27.78,64.22,19.2,0.19,4.82,1.61,0.22,-4.0,2
120.0,180.0,1128043713#0_1,1128043713#0,0,11.11,10.86,0,0.0,11.11,,,,,,0.05,-0.52,0
120.0,180.0,1128043713#1_1,1128043713#1,1,8.89,10.9,0,0.04,11.11,,,,,,-0.21,-2.69,0
120.0,180.0,1128043714#1_0,1128043714#1,2,9.76,11.22,0,0.12,11.11,11.15,7.11,-0.6,1.29,1.0,0.58,-2.1,0
120.0,180.0,1128043714#2_0,1128043714#2,4,9.41,11.72,0,0.17,11.11,13.96,10.21,-0.34,1.45,1.05,0.01,-2.67,0
120.0,180.0,1128043714#3_0,1128043714#3,1,9.36,11.42,0,0.1,11.11,20.27,12.1,-0.83,2.07,1.21,0.02,-1.45,0
120.0,180.0,1128043714#4_0,1128043714#4,2,10.8,11.74,0,0.07,11.11,33.84,33.84,-0.79,3.25,3.25,0.04,-1.29,0
120.0,180.0,1128043714#5_0,1128043714#5,0,11.11,10.81,0,0.0,11.11,35.21,0.48,-9.38,2.49,0.54,-0.5,-5.0,3
120.0,180.0,1130603776#0_0,1130603776#0,0,16.67,17.96,0,0.0,16.67,88.91,78.6,-2.05,6.56,5.69,0.19,-1.91,0
120.0,180.0,1130603776#0_1,1130603776#0,0,16.67,17.85,0,0.0,16.67,108.14,103.06,2.96,6.19,5.8,0.41,-1.97,0
120.0,180.0,1130603776#1_0,1130603776#1,0,16.67,17.8,0,0.04,16.67,92.25,92.12,-0.38,5.87,5.76,-0.21,-1.77,0
120.0,180.0,1130603776#1_1,1130603776#1,0,16.67,17.98,0,0.0,16.67,114.28,63.55,14.32,6.64,3.71,-0.1,-1.79,0
120.0,180.0,1130603776#2_0,1130603776#2,0,16.67,17.96,0,0.0,16.67,92.57,92.14,-0.12,5.8,5.59,-0.01,-1.78,0
120.0,180.0,1130603776#2_1,1130603776#2,2,8.1,17.99,0,0.11,16.67,47.49,6.4,7.35,3.39,1.06,-1.55,-5.0,10
120.0,180.0,1132632802#0_0,1132632802#0,0,27.78,14.79,0,0.03,27.78,62.23,29.84,-3.07,8.0,3.46,1.43,-0.42,0
120.0,180.0,1132632802#1_0,1132632802#1,0,27.78,13.49,0,0.0,27.78,28.79,14.17,1.76,2.38,1.25,1.08,-0.92,0
120.0,180.0,1132632803_0,1132632803,0,27.78,12.84,0,0.0,27.78,51.35,49.06,1.68,4.7,3.88,-0.39,-5.0,2
120.0,180.0,1173597755#0_0,1173597755#0,0,11.11,11.28,0,0.0,11.11,25.27,12.52,3.3,2.34,1.13,-0.2,-4.0,5
120.0,180.0,1173597755#11_0,1173597755#11,0,11.11,11.25,0,0.0,11.11,,,,,,2.01,0.6,0
120.0,180.0,1173597755#1_0,1173597755#1,1,2.22,11.24,0,0.08,11.11,5.5,0.09,1.07,1.31,0.54,-0.57,-4.0,5
120.0,180.0,1173597755#2_0,1173597755#2,1,4.98,4.98,0,0.1,11.11,,,,,,0.72,0.72,0
120.0,180.0,1173597755#7_0,1173597755#7,0,11.11,8.82,0,0.0,11.11,,,,,,1.14,0.5,0
120.0,180.0,1173597755#8_0,1173597755#8,0,11.11,10.05,0,0.0,11.11,,,,,,0.5,-0.45,0
120.0,180.0,1173597755#9_0,1173597755#9,0,11.11,10.11,0,0.0,11.11,,,,,,-0.4,-3.15,1
120.0,180.0,1178005978#0_0,1178005978#0,0,13.89,14.27,0,0.0,13.89,80.07,75.61,-0.98,6.83,5.5,-0.5,-5.0,3
120.0,180.0,1178023089_0,1178023089,0,13.89,13.47,0,0.0,13.89,,,,,,-2.63,-4.0,5
120.0,180.0,1192799363#0_0,1192799363#0,0,16.67,17.06,0,0.0,16.67,79.32,14.81,-0.32,5.83,1.08,-0.04,-1.31,0
120.0,180.0,1192799363#0_1,1192799363#0,0,16.67,15.13,0,0.0,16.67,,,,,,-0.02,-1.86,0
120.0,180.0,1192799363#1_0,1192799363#1,0,16.67,17.02,0,0.0,16.67,79.91,15.14,-0.39,5.71,1.1,-0.01,-1.75,0
120.0,180.0,1192799363#2_0,1192799363#2,1,1.21,17.06,0,0.02,16.67,82.13,10.55,3.04,6.22,1.12,-0.86,-5.0,21
120.0,180.0,1192799363#3_0,1192799363#3,0,16.67,16.88,0,0.0,16.67,120.63,112.9,0.97,9.33,7.9,0.74,-1.2,0
120.0,180.0,1192799363#3_1,1192799363#3,0,16.67,17.75,0,0.0,16.67,34.25,6.58,-1.81,2.57,0.49,0.05,-5.0,3
120.0,180.0,1192799363#4_0,1192799363#4,0,16.67,16.9,0,0.0,16.67,19.3,19.3,-6.97,2.01,2.01,0.41,-1.13,0
120.0,180.0,1192799363#4_1,1192799363#4,1,13.69,17.34,0,0.06,16.67,80.08,13.41,-0.79,8.47,0.98,0.26,-1.25,0
120.0,180.0,1192799363#5_0,1192799363#5,0,16.67,17.02,0,-0.0,16.67,29.78,27.18,-0.79,2.27,2.09,0.22,-1.98,0
120.0,180.0,1192799363#5_1,1192799363#5,1,16.55,17.9,0,0.08,16.67,59.63,12.97,2.91,4.15,0.98,-0.04,-1.98,0
120.0,180.0,1192799364_0,1192799364,0,16.67,17.07,0,0.0,16.67,,,,,,-0.0,-0.68,0
120.0,180.0,1192799364_1,1192799364,1,12.57,14.21,0,0.12,16.67,,,,,,1.28,0.55,0
120.0,180.0,1192799365_0,1192799365,0,11.11,10.52,0,0.0,11.11,13.99,13.99,-16.29,,,-1.28,-4.0,3
120.0,180.0,1192799365_1,1192799365,0,11.11,10.39,0,0.0,11.11,,,,,,-0.81,-4.0,2
120.0,180.0,1192799366_0,1192799366,1,14.62,16.71,0,0.08,16.67,118.38,101.68,-6.94,12.61,10.85,0.67,-1.11,0
120.0,180.0,1192799366_1,1192799366,0,16.67,15.2,0,0.0,16.67,,,,,,-0.16,-1.51,0
120.0,180.0,1192800521_0,1192800521,0,16.67,16.68,0,0.0,16.67,13.74,9.88,1.26,1.46,1.25,-2.11,-5.0,12
120.0,180.0,1192800521_1,1192800521,0,16.67,16.48,0,0.0,16.67,,,,,,-0.2,-1.86,0
120.0,180.0,1196271501#0_0,1196271501#0,0,11.11,12.27,0,0.12,11.11,42.93,10.87,0.77,4.07,1.13,-0.5,-5.0,4
120.0,180.0,1196271501#1_0,1196271501#1,0,11.11,12.25,0,0.0,11.11,41.3,9.58,0.67,4.03,1.01,-0.03,-2.34,0
120.0,180.0,1196271501#2_0,1196271501#2,2,9.79,12.04,0,0.09,11.11,35.0,5.53,0.92,3.75,1.01,-0.27,-5.0,9
120.0,180.0,1196283316_0,1196283316,0,22.22,16.7,0,0.0,22.22,100.39,73.27,0.37,6.93,5.41,0.33,-1.27,0
120.0,180.0,1198952555#0_0,1198952555#0,0,11.11,9.29,0,0.0,11.11,56.35,53.38,-3.64,6.88,6.62,0.81,-2.49,0
120.0,180.0,1198952555#1_0,1198952555#1,0,11.11,10.68,0,0.0,11.11,,,,,,0.07,-2.22,0
120.0,180.0,1198952555#2_0,1198952555#2,0,11.11,11.07,0,0.0,11.11,66.97,38.3,-2.19,7.14,3.91,-0.01,-1.22,0
120.0,180.0,1198952555#3_0,1198952555#3,0,11.11,13.42,0,0.0,11.11,65.56,6.32,1.09,5.53,1.06,-0.84,-4.97,6
120.0,180.0,1199457538#2_0,1199457538#2,0,13.89,13.89,0,0.0,13.89,1.54,0.24,-5.52,0.18,0.03,-1.73,-4.34,3
120.0,180.0,1199457540#0_0,1199457540#0,0,22.22,17.83,0,0.0,22.22,39.9,19.2,3.31,2.67,1.25,0.75,-1.51,0
120.0,180.0,1199457540#1_0,1199457540#1,1,10.82,17.44,0,0.04,22.22,15.68,3.64,3.67,3.0,0.97,-1.35,-5.0,26
120.0,180.0,1199457540#2_0,1199457540#2,0,22.22,7.09,0,0.0,22.22,51.18,0.14,-5.57,24.65,0.5,-0.61,-5.0,6
120.0,180.0,1251129390#0_0,1251129390#0,0,11.11,11.33,0,0.0,11.11,,,,,,-0.1,-2.27,0
120.0,180.0,1251129390#0_1,1251129390#0,0,11.11,12.4,0,0.0,11.11,58.33,12.71,1.43,5.33,1.33,-0.21,-5.0,6
120.0,180.0,1251129390#1_0,1251129390#1,0,11.11,11.39,0,0.0,11.11,138.92,123.44,-0.67,12.87,10.95,0.05,-1.62,0
120.0,180.0,1251129390#1_1,1251129390#1,1,12.43,12.43,0,0.02,11.11,28.95,0.0,1.69,3.55,0.29,-0.23,-5.0,6
120.0,180.0,1251129390#2_0,1251129390#2,0,11.11,11.27,0,0.0,11.11,,,,,,-0.17,-2.16,0
120.0,180.0,1251129390#2_1,1251129390#2,1,11.5,11.5,0,0.15,11.11,54.37,13.88,2.87,5.35,1.38,-1.48,-4.0,3
120.0,180.0,1251129390#3_0,1251129390#3,0,11.11,11.87,0,0.0,11.11,94.69,13.17,0.06,8.9,1.18,0.26,-1.35,0
120.0,180.0,1251129390#3_1,1251129390#3,1,0.38,11.21,0,0.03,11.11,112.75,109.24,-5.99,128.19,25.47,-0.47,-4.0,4
120.0,180.0,1251129391_0,1251129391,0,11.11,11.03,0,0.0,11.11,56.24,2.44,0.14,5.63,0.28,-0.04,-4.0,2
120.0,180.0,1251129391_1,1251129391,0,11.11,11.26,0,0.0,11.11,,,,,,-0.4,-5.0,1
120.0,180.0,1277600332#0_0,1277600332#0,0,11.11,13.55,0,0.0,11.11,69.38,12.71,0.8,6.19,1.09,-0.27,-4.0,7
120.0,180.0,1277600332#1_0,1277600332#1,2,11.02,11.89,0,0.07,11.11,70.93,11.93,0.7,6.62,1.03,-0.25,-4.0,5
120.0,180.0,1287656128#1_0,1287656128#1,1,17.58,17.97,0,0.02,22.22,30.73,3.58,-7.69,3.97,0.61,-1.12,-4.0,4
120.0,180.0,1288011209_0,1288011209,0,11.11,11.69,0,0.0,11.11,45.65,9.77,0.16,5.68,1.04,-0.51,-5.0,12
120.0,180.0,1288011209_1,1288011209,0,11.11,10.77,0,0.0,11.11,,,,,,0.3,-1.77,0
120.0,180.0,1312946259#3_0,1312946259#3,0,11.11,11.25,0,0.0,11.11,6.82,1.42,0.34,1.22,0.86,-0.47,-4.02,6
120.0,180.0,1312946259#4_0,1312946259#4,0,11.11,9.01,0,0.0,11.11,22.45,7.61,-0.99,2.76,1.26,1.06,0.49,0
120.0,180.0,1312946260_0,1312946260,2,4.56,12.61,1,0.06,11.11,58.57,1.09,4.49,10.37,0.81,-0.22,-5.0,9
120.0,180.0,135461188#0_0,135461188#0,0,11.11,11.23,0,0.0,11.11,59.55,55.7,0.58,5.5,4.96,0.08,-1.2,0
120.0,180.0,135461188#1_0,135461188#1,0,11.11,11.27,0,0.0,11.11,58.54,55.51,1.15,5.33,4.95,0.2,-0.62,0
120.0,180.0,135461188#2_0,135461188#2,0,11.11,11.26,0,0.0,11.11,55.49,53.86,1.24,5.05,4.87,0.03,-1.35,0
120.0,180.0,135461188#3_0,135461188#3,0,11.11,11.11,0,0.0,11.11,40.05,32.11,3.23,3.84,3.02,-0.47,-3.81,3
120.0,180.0,1387728842#0_0,1387728842#0,0,11.11,12.16,0,0.0,11.11,49.58,36.19,-1.88,5.71,4.42,0.74,-1.55,0
120.0,180.0,1387728842#1_0,1387728842#1,0,11.11,11.39,0,0.0,11.11,94.65,52.05,5.82,8.48,4.64,-0.04,-1.0,0
120.0,180.0,1388181076#0_0,1388181076#0,1,12.34,17.14,0,0.05,22.22,58.53,16.43,-1.25,5.0,1.6,1.4,-0.89,0
120.0,180.0,1388181076#1_0,1388181076#1,0,22.22,18.0,0,0.0,22.22,57.85,16.57,2.17,4.56,1.08,-0.11,-5.0,4
120.0,180.0,1388181076#2_0,1388181076#2,0,22.22,17.38,0,0.0,22.22,86.42,18.65,3.33,7.54,1.23,-1.35,-5.0,11
120.0,180.0,1388181076#3_0,1388181076#3,1,6.13,17.93,0,0.07,22.22,77.44,17.17,6.06,5.52,1.18,0.46,-2.48,0
120.0,180.0,1388181076#4_0,1388181076#4,0,22.22,17.96,0,0.0,22.22,15.33,0.01,0.95,2.54,0.51,-1.15,-5.0,34
120.0,180.0,1388965579_0,1388965579,1,7.78,17.03,0,0.09,27.78,38.28,10.5,-1.7,4.96,1.01,-1.13,-5.0,24
120.0,180.0,1389216080#0_0,1389216080#0,1,6.06,11.05,0,0.05,11.11,67.78,12.11,-0.23,7.43,1.1,0.32,-2.05,0
120.0,180.0,1389216080#2_0,1389216080#2,0,11.11,11.61,0,0.0,11.11,44.04,0.0,-0.24,14.0,1.1,0.25,-1.26,0
120.0,180.0,1419352711#0_0,1419352711#0,0,11.11,12.0,0,0.0,11.11,,,,,,0.77,-2.13,0
120.0,180.0,1419352711#1_0,1419352711#1,0,11.11,12.0,0,0.0,11.11,107.69,106.93,0.49,9.5,8.95,0.14,-1.97,0
120.0,180.0,1419352712_0,1419352712,0,11.11,9.63,0,0.0,11.11,,,,,,-0.06,-1.81,0
120.0,180.0,1434291944#0_0,1434291944#0,4,12.5,17.93,0,0.06,22.22,27.27,5.81,-1.52,2.19,1.02,0.81,-2.46,0
120.0,180.0,1434291944#1_0,1434291944#1,0,22.22,17.89,0,0.0,22.22,29.55,14.47,0.34,1.85,1.04,-0.07,-1.46,0
120.0,180.0,1434291944#2_0,1434291944#2,0,22.22,17.89,0,0.0,22.22,31.47,14.58,0.18,1.96,1.08,-0.05,-2.07,0
120.0,180.0,1434292703#1_0,1434292703#1,0,13.89,11.24,0,0.0,13.89,28.98,1.89,-1.36,3.89,1.7,-0.19,-5.0,12
120.0,180.0,1435087429_0,1435087429,0,11.11,10.5,0,0.0,11.11,113.08,3.92,7.67,13.08,0.46,0.11,-4.0,1
120.0,180.0,1435087430#0_0,1435087430#0,0,11.11,11.18,0,0.0,11.11,,,,,,0.69,-4.7,1
120.0,180.0,1476448641#0_0,1476448641#0,0,22.22,17.76,0,0.0,22.22,,,,,,1.24,-0.47,0
120.0,180.0,1502779184#1_1,1502779184#1,0,11.11,10.91,0,0.0,11.11,,,,,,-0.01,-1.16,0
120.0,180.0,1530047253#0_1,1530047253#0,0,16.67,16.63,0,0.0,16.67,,,,,,-1.08,-4.0,3
120.0,180.0,1530047253#1_1,1530047253#1,0,16.67,16.58,0,0.0,16.67,,,,,,-1.08,-4.88,4
120.0,180.0,1546903355_0,1546903355,1,10.35,11.43,0,0.05,11.11,59.39,11.33,-0.56,6.49,1.32,0.47,-1.91,0
120.0,180.0,27553246#0_0,27553246#0,0,11.11,11.26,0,0.0,11.11,37.48,18.06,1.6,4.09,1.86,0.2,-4.18,3
120.0,180.0,50219794#10_0,50219794#10,0,11.11,12.06,0,0.0,11.11,66.46,64.94,2.23,6.19,6.07,-0.08,-0.83,0
120.0,180.0,50219794#11_0,50219794#11,1,11.12,12.05,0,0.05,11.11,67.38,64.45,-1.8,6.35,5.92,-0.05,-1.92,0
120.0,180.0,50219794#14_0,50219794#14,0,11.11,10.79,0,0.0,11.11,,,,,,-0.59,-1.18,0
120.0,180.0,50219794#15_0,50219794#15,0,11.11,10.69,0,0.0,11.11,,,,,,-0.0,-1.04,0
120.0,180.0,50219794#2_1,50219794#2,0,11.11,10.18,0,0.0,11.11,,,,,,-0.09,-1.08,0
120.0,180.0,50219794#3_0,50219794#3,0,11.11,10.9,0,0.0,11.11,132.36,131.04,0.51,18.53,15.13,0.7,-0.96,0
120.0,180.0,50219794#3_1,50219794#3,0,11.11,10.37,0,0.0,11.11,18.7,18.59,-0.0,1.91,1.79,0.91,-0.97,0
120.0,180.0,50219794#4_0,50219794#4,0,11.11,12.34,0,0.0,11.11,,,,,,-0.72,-5.0,8
120.0,180.0,50219794#4_1,50219794#4,1,10.98,11.39,0,0.04,11.11,6.93,0.0,0.76,1.25,0.67,-0.37,-4.61,7
120.0,180.0,50219794#7_0,50219794#7,0,11.11,12.14,0,0.0,11.11,,,,,,1.07,-0.77,0
120.0,180.0,50219794#7_1,50219794#7,0,11.11,11.45,0,0.0,11.11,,,,,,1.0,-0.74,0
120.0,180.0,50219794#8_0,50219794#8,0,11.11,11.79,0,0.0,11.11,,,,,,0.03,-0.44,0
120.0,180.0,50219794#8_1,50219794#8,0,11.11,10.41,0,0.0,11.11,,,,,,-2.64,-5.0,2
120.0,180.0,50219794#9_0,50219794#9,0,11.11,12.34,0,0.0,11.11,,,,,,-0.04,-2.41,0
120.0,180.0,52085869#3_0,52085869#3,0,11.11,11.99,0,0.0,11.11,,,,,,-0.08,-4.0,3
120.0,180.0,52087627#0_0,52087627#0,3,10.98,12.21,0,0.03,11.11,60.42,40.18,1.51,5.82,3.74,0.28,-2.31,0
120.0,180.0,52087627#2_0,52087627#2,1,0.0,10.77,1,0.13,11.11,180.74,167.0,-6.78,30.02,20.09,-0.48,-5.0,10
120.0,180.0,52097266#0_0,52097266#0,1,9.36,10.49,0,0.03,11.11,,,,,,0.79,0.3,0
120.0,180.0,52097266#1_0,52097266#1,0,11.11,11.18,0,0.0,11.11,,,,,,-0.08,-1.55,0
120.0,180.0,52097266#2_0,52097266#2,0,11.11,10.8,0,0.0,11.11,,,,,,-0.35,-1.12,0
120.0,180.0,52097266#3_0,52097266#3,0,11.11,11.18,0,0.0,11.11,152.88,150.79,0.58,14.25,13.66,0.0,-1.14,0
120.0,180.0,52097266#4_0,52097266#4,0,11.11,11.18,0,0.0,11.11,,,,,,0.21,-2.5,0
120.0,180.0,52097266#6_0,52097266#6,1,6.79,11.47,0,0.03,11.11,150.82,148.41,-3.18,14.43,13.98,0.04,-4.82,4
120.0,180.0,52097653#0_0,52097653#0,1,9.63,11.38,0,0.01,11.11,123.44,122.87,0.09,11.66,10.92,0.02,-1.83,0
120.0,180.0,52097653#1_0,52097653#1,0,11.11,11.25,0,0.0,11.11,156.57,122.49,4.18,17.23,10.89,0.91,-1.97,0
120.0,180.0,52097653#2_0,52097653#2,1,10.73,11.4,0,0.02,11.11,109.09,20.24,-0.88,14.93,9.07,-0.37,-5.0,7
120.0,180.0,52152219#0_0,52152219#0,0,11.11,11.29,0,0.0,11.11,,,,,,0.13,-0.71,0
120.0,180.0,52152219#1_0,52152219#1,0,11.11,11.33,0,0.0,11.11,99.76,42.28,5.11,13.37,4.55,-0.13,-4.0,5
120.0,180.0,52152302#1_0,52152302#1,2,12.85,18.0,0,0.06,22.22,102.02,35.85,1.1,6.9,2.61,1.11,-1.55,0
120.0,180.0,52152302#2_0,52152302#2,0,22.22,17.75,0,0.0,22.22,75.82,23.57,9.15,4.52,1.63,-0.3,-4.76,1
120.0,180.0,52152302#3_0,52152302#3,1,14.93,17.96,0,0.03,22.22,49.23,0.1,0.26,7.33,1.13,-0.98,-5.0,38
120.0,180.0,52152309_0,52152309,0,22.22,17.94,0,0.0,22.22,70.62,1.36,-0.79,7.27,0.14,0.03,-5.0,17
120.0,180.0,52152313#1_0,52152313#1,0,13.89,14.96,0,0.0,13.89,,,,,,-1.39,-4.0,5
120.0,180.0,52152345#0_0,52152345#0,1,17.32,17.95,0,0.03,27.78,55.25,15.38,1.14,3.85,1.1,0.19,-1.21,0
120.0,180.0,52152345#1_0,52152345#1,1,13.32,17.67,0,0.05,27.78,63.09,15.24,3.5,3.94,1.08,-0.07,-1.65,0
120.0,180.0,52152346#0_0,52152346#0,0,27.78,17.64,0,0.0,27.78,41.37,31.54,5.77,2.76,2.14,-1.05,-5.0,2
120.0,180.0,52152366#0_1,52152366#0,0,11.11,11.55,0,0.0,11.11,,,,,,0.56,-1.87,0
120.0,180.0,52155433#0_0,52155433#0,0,16.67,16.17,0,0.0,16.67,,,,,,0.83,-1.14,0
120.0,180.0,52155433#1_0,52155433#1,0,16.67,16.68,0,0.0,16.67,,,,,,0.04,-1.11,0
120.0,180.0,52155433#1_1,52155433#1,0,16.67,10.95,0,0.0,16.67,,,,,,1.41,0.42,0
120.0,180.0,52155735#0_0,52155735#0,0,22.22,17.59,0,0.0,22.22,57.26,23.29,-1.0,5.38,1.78,1.21,-1.95,0
120.0,180.0,52155735#1_0,52155735#1,0,22.22,17.94,0,0.0,22.22,36.86,16.68,-2.14,3.75,1.37,0.63,-5.0,3
120.0,180.0,52155737#0_0,52155737#0,0,13.89,12.34,0,0.0,13.89,6.35,5.74,3.4,0.72,0.71,0.8,-5.0,2
120.0,180.0,52155737#1_0,52155737#1,0,13.89,13.18,0,0.0,13.89,,,,,,1.41,-1.64,0
120.0,180.0,52155744#1_0,52155744#1,0,13.89,15.2,0,0.0,13.89,,,,,,0.2,-1.4,0
120.0,180.0,52155744#2_0,52155744#2,0,13.89,15.37,0,0.0,13.89,,,,,,0.04,-1.99,0
120.0,180.0,52155744#3_0,52155744#3,0,13.89,15.36,0,0.0,13.89,118.41,118.41,0.77,17.96,17.96,-1.08,-5.0,3
120.0,180.0,52155745#1_0,52155745#1,0,22.22,17.84,0,0.0,22.22,76.49,61.9,8.95,4.95,3.79,-0.0,-0.97,0
120.0,180.0,52155745#2_0,52155745#2,0,22.22,18.0,0,0.0,22.22,60.09,45.2,4.33,5.96,3.07,-2.33,-5.0,16
120.0,180.0,52155752#0_0,52155752#0,0,13.89,16.69,0,0.0,13.89,,,,,,0.85,-0.73,0
120.0,180.0,52155752#1_0,52155752#1,0,13.89,16.62,0,0.0,13.89,94.55,40.46,1.94,7.33,2.99,-0.37,-3.54,3
120.0,180.0,562694503#1_0,562694503#1,0,13.89,13.21,0,0.0,13.89,180.11,175.24,5.49,13.97,13.28,-0.8,-4.0,4
120.0,180.0,562694504_0,562694504,0,27.78,14.46,0,0.0,27.78,,,,,,1.52,-0.09,0
120.0,180.0,562694505#2_0,562694505#2,0,27.78,10.9,0,0.0,27.78,,,,,,1.11,-0.91,0
120.0,180.0,563022376#1_0,563022376#1,0,11.11,11.01,0,0.0,11.11,41.29,10.06,-2.18,5.33,1.45,0.87,-0.84,0
120.0,180.0,563518385#2_0,563518385#2,1,11.25,11.28,0,0.02,11.11,137.24,135.46,1.13,12.34,12.04,0.03,-0.94,0
120.0,180.0,689627819_0,689627819,1,9.28,11.41,0,0.04,13.89,,,,,,0.26,-4.26,3
120.0,180.0,696897744#2_0,696897744#2,0,11.11,11.51,0,0.0,11.11,50.86,43.68,-1.18,24.2,3.97,-0.58,-5.0,6
120.0,180.0,749310218#2_0,749310218#2,0,27.78,11.51,0,0.0,27.78,55.32,19.03,-1.27,7.22,1.82,-0.03,-4.0,3
120.0,180.0,749341589#0_0,749341589#0,0,11.11,11.45,0,0.0,11.11,40.56,10.85,1.59,4.13,1.1,0.01,-0.84,0
120.0,180.0,749341589#1_0,749341589#1,0,11.11,12.17,0,0.0,11.11,15.23,0.0,-2.9,1.05,0.53,-0.6,-4.0,16
120.0,180.0,771670219_0,771670219,0,13.89,13.75,0,0.0,13.89,2.52,0.34,-8.93,0.33,0.05,-1.09,-5.0,3
120.0,180.0,995139946_0,995139946,0,2.78,2.7,0,0.0,2.78,71.9,35.24,-6.33,32.79,15.32,0.05,-1.35,0
120.0,180.0,:10279701147_0_0,:10279701147_0,0,27.78,16.92,0,0.0,27.78,,,,,,-0.41,-0.65,0
120.0,180.0,:10279701147_0_1,:10279701147_0,0,27.78,17.4,0,0.0,27.78,,,,,,1.03,1.03,0
120.0,180.0,:10279701147_2_0,:10279701147_2,0,5.97,6.02,0,0.0,5.97,74.04,72.1,-7.65,12.8,11.97,-1.61,-2.33,0
120.0,180.0,:10279701147_3_0,:10279701147_3,0,6.44,6.87,0,0.0,6.44,,,,,,0.12,-0.88,0
120.0,180.0,:10279761589_4_0,:10279761589_4,0,27.78,16.24,0,0.0,27.78,61.68,61.68,10.11,3.8,3.8,0.35,0.35,0
120.0,180.0,:10281958924_0_0,:10281958924_0,0,16.67,16.92,0,0.0,16.67,91.68,91.68,-0.02,5.7,5.7,-0.38,-1.56,0
120.0,180.0,:10281958924_0_1,:10281958924_0,0,16.67,17.95,0,0.0,16.67,132.17,97.77,13.68,7.63,5.62,0.2,-2.22,0
120.0,180.0,:10281958927_0_0,:10281958927_0,0,16.67,16.38,0,0.0,16.67,,,,,,0.33,-0.66,0
120.0,180.0,:10281958927_0_1,:10281958927_0,0,16.67,17.86,0,0.0,16.67,,,,,,0.49,-0.25,0
120.0,180.0,:10281958928_0_0,:10281958928_0,0,16.67,16.43,0,0.0,16.67,,,,,,0.07,-1.75,0
120.0,180.0,:10281958928_0_1,:10281958928_0,0,16.67,16.57,0,0.0,16.67,,,,,,-0.09,-0.75,0
120.0,180.0,:10281958928_3_0,:10281958928_3,0,6.41,4.7,0,0.0,6.41,37.43,11.81,-11.76,19.21,11.19,1.47,0.67,0
120.0,180.0,:10281958928_4_0,:10281958928_4,0,3.65,3.16,0,0.0,3.65,,,,,,1.17,0.49,0
120.0,180.0,:10281958930_0_0,:10281958930_0,0,16.67,16.14,0,0.0,16.67,8.29,7.59,-2.81,0.62,0.56,-0.55,-0.75,0
120.0,180.0,:10281958930_0_1,:10281958930_0,0,16.67,16.63,0,0.0,16.67,,,,,,1.32,0.37,0
120.0,180.0,:10281958931_0_0,:10281958931_0,0,16.67,16.54,0,0.0,16.67,18.24,17.49,-2.87,1.34,1.3,-0.06,-0.71,0
120.0,180.0,:10281958931_0_1,:10281958931_0,0,16.67,16.11,0,0.0,16.67,,,,,,0.9,0.9,0
120.0,180.0,:10281958933_0_1,:10281958933_0,0,16.67,16.42,0,0.0,16.67,,,,,,0.16,0.16,0
120.0,180.0,:10281958933_2_0,:10281958933_2,0,6.01,6.52,0,0.0,6.01,,,,,,-0.41,-1.91,0
120.0,180.0,:10560867452_1_0,:10560867452_1,0,11.11,11.05,0,0.0,11.11,117.23,117.23,0.12,11.44,11.44,0.26,-0.4,0
120.0,180.0,:10560867456_0_0,:10560867456_0,0,11.11,12.15,0,0.0,11.11,72.55,49.31,0.37,6.44,4.06,-0.62,-2.24,0
120.0,180.0,:10680197981_2_0,:10680197981_2,0,13.89,14.67,0,0.0,13.89,,,,,,-1.89,-1.89,0
120.0,180.0,:10680197991_2_0,:10680197991_2,0,13.89,15.15,0,0.0,13.89,,,,,,-0.82,-0.82,0
120.0,180.0,:10680197995_0_0,:10680197995_0,0,13.89,12.26,0,0.0,13.89,103.69,103.69,-1.54,8.46,8.46,1.11,1.11,0
120.0,180.0,:10907806554_0_0,:10907806554_0,0,13.89,13.54,0,0.0,13.89,,,,,,1.71,1.3,0
120.0,180.0,:10907806554_7_0,:10907806554_7,0,13.89,13.73,0,0.0,13.89,,,,,,-0.09,-0.8,0
120.0,180.0,:10943277968_0_0,:10943277968_0,0,22.22,14.49,0,0.0,22.22,70.7,32.96,1.56,5.24,2.44,1.65,0.62,0
120.0,180.0,:10943277968_7_0,:10943277968_7,0,22.22,14.91,0,0.0,22.22,,,,,,1.34,1.34,0
120.0,180.0,:10943433498_0_0,:10943433498_0,1,17.04,17.04,0,0.06,16.67,92.56,92.56,-0.25,5.84,5.84,0.73,0.1,0
120.0,180.0,:10943433498_0_1,:10943433498_0,0,16.67,17.91,0,0.0,16.67,96.47,55.04,14.1,5.57,3.23,0.33,-0.25,0
120.0,180.0,:10943433498_3_0,:10943433498_3,0,6.33,6.41,0,0.0,6.33,11.79,4.15,-8.0,1.89,0.75,0.22,-1.51,0
120.0,180.0,:10943435169_2_0,:10943435169_2,0,6.68,6.24,0,0.0,6.68,,,,,,-1.77,-3.74,1
120.0,180.0,:10943490813_0_0,:10943490813_0,0,13.89,13.73,0,0.0,13.89,17.85,17.74,-0.27,1.32,1.29,-0.14,-0.98,0
120.0,180.0,:10943490816_0_0,:10943490816_0,0,13.89,13.94,0,0.0,13.89,16.97,16.89,0.2,1.23,1.22,0.01,-0.71,0
120.0,180.0,:10943490952_0_0,:10943490952_0,0,13.89,12.25,0,0.0,13.89,78.82,26.99,1.5,7.72,2.29,1.24,-2.2,0
120.0,180.0,:10943498141_7_0,:10943498141_7,0,8.1,8.14,0,0.0,8.1,103.29,99.66,-4.81,14.95,13.08,0.81,-0.29,0
120.0,180.0,:10943498141_9_0,:10943498141_9,0,3.65,3.08,0,0.0,3.65,80.85,77.43,-6.15,31.11,25.14,-1.29,-3.84,1
120.0,180.0,:10943498145_0_0,:10943498145_0,0,11.11,11.31,0,0.0,11.11,52.75,52.62,2.62,4.83,4.65,-0.15,-0.82,0
120.0,180.0,:10943566925_1_0,:10943566925_1,0,7.62,7.36,0,0.0,7.62,,,,,,1.03,0.3,0
120.0,180.0,:10943566925_6_0,:10943566925_6,0,13.89,12.79,0,0.0,13.89,,,,,,-2.97,-4.0,1
120.0,180.0,:10943566926_8_0,:10943566926_8,0,3.65,3.58,0,0.85,3.65,,,,,,0.11,-0.52,0
120.0,180.0,:10943736751_0_0,:10943736751_0,0,16.67,16.62,0,0.0,16.67,88.04,15.13,-0.65,6.26,1.14,0.42,-0.32,0
120.0,180.0,:11125046588_4_0,:11125046588_4,0,11.11,10.1,0,0.0,11.11,46.73,10.53,-0.75,4.74,1.06,0.08,-0.76,0
120.0,180.0,:11125046588_6_0,:11125046588_6,0,11.11,11.04,0,0.0,11.11,,,,,,0.21,-1.22,0
120.0,180.0,:11126932584_0_0,:11126932584_0,0,6.28,6.31,0,0.0,6.28,,,,,,-0.05,-1.23,0
120.0,180.0,:11282869379_6_0,:11282869379_6,0,11.11,10.96,0,0.0,11.11,105.7,104.28,4.87,9.82,9.77,0.09,-0.79,0
120.0,180.0,:1174832475_0_0,:1174832475_0,0,6.83,6.05,0,0.0,6.83,25.4,8.62,-13.0,6.38,4.91,1.62,0.56,0
120.0,180.0,:1174832475_2_0,:1174832475_2,0,22.22,17.53,0,0.0,22.22,79.13,21.73,7.16,4.71,1.57,-0.11,-1.14,0
120.0,180.0,:1174832527_1_0,:1174832527_1,0,6.28,5.79,0,0.0,6.28,,,,,,0.27,0.03,0
120.0,180.0,:1174832527_7_0,:1174832527_7,1,13.71,17.55,0,0.22,22.22,61.84,25.8,2.25,4.11,1.53,0.39,-0.8,0
120.0,180.0,:1174832534_0_0,:1174832534_0,0,22.22,17.97,0,0.0,22.22,,,,,,0.91,0.91,0
120.0,180.0,:1174832534_6_0,:1174832534_6,0,22.22,15.26,0,0.0,22.22,,,,,,1.22,0.59,0
120.0,180.0,:1174832699_0_0,:1174832699_0,0,11.11,9.16,0,0.0,11.11,134.06,133.56,-2.65,15.45,14.69,0.56,-0.81,0
120.0,180.0,:1174832699_7_0,:1174832699_7,0,11.11,10.04,0,0.0,11.11,,,,,,-0.58,-1.35,0
120.0,180.0,:1174832713_0_0,:1174832713_0,0,11.11,9.14,0,0.0,11.11,,,,,,0.17,-0.84,0
120.0,180.0,:1174832713_7_0,:1174832713_7,1,11.86,12.12,0,0.14,11.11,68.73,67.01,5.75,5.73,5.65,-0.08,-1.28,0
120.0,180.0,:1174832716_3_0,:1174832716_3,0,22.22,17.88,0,0.0,22.22,112.99,44.05,10.01,6.59,2.54,0.24,-1.33,0
120.0,180.0,:1174832811_0_0,:1174832811_0,0,11.11,11.78,0,0.0,11.11,83.71,52.57,4.14,7.49,4.46,0.02,-1.04,0
120.0,180.0,:1174832816_2_0,:1174832816_2,0,6.39,6.78,0,0.0,6.39,53.15,8.32,-3.09,8.84,1.27,-0.4,-1.76,0
120.0,180.0,:1174832834_0_0,:1174832834_0,0,8.93,8.38,0,0.0,8.93,70.12,52.59,1.32,9.91,7.2,0.45,-1.35,0
120.0,180.0,:1174832834_3_0,:1174832834_3,0,5.9,6.2,0,0.0,5.9,148.02,144.85,-6.38,25.36,25.02,-1.22,-5.0,2
120.0,180.0,:1174832834_4_0,:1174832834_4,0,11.11,11.78,0,0.0,11.11,108.67,78.74,4.53,9.55,6.68,0.74,-0.09,0
120.0,180.0,:1174832855_1_0,:1174832855_1,0,13.89,13.39,0,0.0,13.89,,,,,,0.06,-0.55,0
120.0,180.0,:1174832855_7_0,:1174832855_7,0,10.5,9.11,0,0.0,10.5,9.63,8.76,-1.7,1.23,1.2,1.27,0.65,0
120.0,180.0,:1174832885_4_0,:1174832885_4,0,13.89,14.93,0,0.0,13.89,88.1,18.33,7.69,6.36,1.34,-0.31,-0.78,0
120.0,180.0,:1174832895_3_0,:1174832895_3,0,6.25,6.28,0,0.0,6.25,128.29,124.77,-4.65,21.71,20.68,-0.55,-3.75,1
120.0,180.0,:1174832895_7_1,:1174832895_7,0,11.11,9.85,0,0.0,11.11,,,,,,0.04,-0.16,0
120.0,180.0,:1174832997_0_0,:1174832997_0,0,22.22,17.0,0,0.0,22.22,86.57,85.55,7.98,5.89,5.42,-0.4,-1.21,0
120.0,180.0,:1174833090_0_0,:1174833090_0,0,22.22,17.2,0,0.0,22.22,,,,,,0.04,0.04,0
120.0,180.0,:1174833090_6_0,:1174833090_6,0,22.22,17.95,0,0.0,22.22,,,,,,0.25,-0.53,0
120.0,180.0,:1174833124_0_0,:1174833124_0,0,3.65,3.68,0,0.0,3.65,,,,,,-1.98,-2.7,0
120.0,180.0,:1174833147_5_0,:1174833147_5,0,13.89,9.41,0,0.0,13.89,,,,,,1.03,0.56,0
120.0,180.0,:1176977350_7_0,:1176977350_7,0,11.11,10.85,0,0.0,11.11,,,,,,0.01,-0.47,0
120.0,180.0,:1176977453_4_0,:1176977453_4,0,7.88,8.45,0,0.0,7.88,107.9,102.46,7.11,14.73,12.96,0.98,-0.99,0
120.0,180.0,:1176977453_7_0,:1176977453_7,0,11.11,11.1,0,0.0,11.11,,,,,,0.44,-0.32,0
120.0,180.0,:1176977542_16_0,:1176977542_16,0,7.85,8.41,0,0.0,7.85,,,,,,1.52,0.82,0
120.0,180.0,:1176977542_6_0,:1176977542_6,0,7.85,6.13,0,0.0,7.85,,,,,,-2.9,-2.9,0
120.0,180.0,:1176978389_3_0,:1176978389_3,0,6.91,6.93,0,0.0,6.91,160.89,147.0,0.29,23.73,21.37,-1.34,-4.89,1
120.0,180.0,:1176978389_9_0,:1176978389_9,0,3.65,3.29,0,0.0,3.65,,,,,,-0.9,-2.38,0
120.0,180.0,:1176978438_2_0,:1176978438_2,0,11.11,11.92,0,0.0,11.11,,,,,,0.12,-0.54,0
120.0,180.0,:1176978438_4_0,:1176978438_4,0,6.2,5.79,0,0.0,6.2,,,,,,-0.62,-2.1,0
120.0,180.0,:1177160369_2_0,:1177160369_2,0,6.36,6.13,0,0.0,6.36,95.12,92.3,-10.88,16.61,15.06,-1.73,-4.81,1
120.0,180.0,:1177160369_3_0,:1177160369_3,0,22.22,16.95,0,0.0,22.22,45.32,19.88,1.33,3.29,1.4,1.09,-1.98,0
120.0,180.0,:1177160399_0_0,:1177160399_0,0,6.68,6.86,0,0.0,6.68,34.32,25.69,-4.83,6.13,4.72,-0.36,-2.84,0
120.0,180.0,:1177160399_3_0,:1177160399_3,1,10.28,11.41,0,0.18,11.11,56.41,14.39,-0.08,5.45,1.32,0.04,-1.31,0
120.0,180.0,:1177160403_0_0,:1177160403_0,0,11.11,12.24,0,0.0,11.11,38.66,9.18,1.24,3.8,1.03,0.06,-1.26,0
120.0,180.0,:1177160403_1_0,:1177160403_1,0,6.47,6.34,0,0.0,6.47,31.01,6.59,-6.38,6.86,5.24,0.94,-1.04,0
120.0,180.0,:1177160471_0_0,:1177160471_0,0,13.89,14.98,0,0.0,13.89,42.5,11.87,0.93,3.64,1.08,0.28,-2.64,0
120.0,180.0,:1177160515_3_0,:1177160515_3,0,6.06,6.01,0,0.0,6.06,31.38,19.33,-4.25,5.45,3.32,-1.94,-5.0,3
120.0,180.0,:1177160524_4_0,:1177160524_4,0,13.89,13.28,0,0.0,13.89,,,,,,1.5,0.87,0
120.0,180.0,:1177160524_6_0,:1177160524_6,0,13.89,16.02,0,0.0,13.89,59.39,59.27,-0.54,3.72,3.7,-0.15,-0.89,0
120.0,180.0,:1177160556_0_0,:1177160556_0,0,16.67,16.86,0,0.0,16.67,,,,,,0.34,-0.37,0
120.0,180.0,:1177160556_0_1,:1177160556_0,0,16.67,14.24,0,0.0,16.67,,,,,,-0.59,-0.59,0
120.0,180.0,:1177160566_4_0,:1177160566_4,0,22.22,17.7,0,0.0,22.22,40.2,14.76,1.49,2.62,1.09,0.09,-0.87,0
120.0,180.0,:1177160571_7_0,:1177160571_7,0,22.22,17.85,0,0.0,22.22,40.93,14.89,0.64,2.47,1.09,0.42,-0.84,0
120.0,180.0,:1177160573_0_0,:1177160573_0,0,11.11,11.78,0,0.0,11.11,,,,,,-0.03,-0.09,0
120.0,180.0,:1177160573_6_0,:1177160573_6,0,8.03,7.04,0,0.0,8.03,101.63,98.26,6.73,15.14,14.0,-1.13,-3.33,1
120.0,180.0,:1177160573_7_0,:1177160573_7,0,11.11,12.2,0,0.0,11.11,,,,,,0.02,-0.54,0
120.0,180.0,:1177160598_0_0,:1177160598_0,1,10.88,14.22,0,0.14,13.89,30.74,22.01,-0.07,2.6,2.03,0.76,-1.66,0
120.0,180.0,:1177160598_7_0,:1177160598_7,0,13.89,14.84,0,0.0,13.89,27.19,16.22,5.52,2.16,1.55,-1.51,-4.0,4
120.0,180.0,:1177160599_1_0,:1177160599_1,0,18.05,9.3,0,0.0,18.05,,,,,,1.54,0.7,0
120.0,180.0,:1177160599_3_0,:1177160599_3,0,9.6,9.27,0,0.0,9.6,76.32,74.05,-4.5,8.36,8.17,-0.86,-2.56,0
120.0,180.0,:1177160599_7_0,:1177160599_7,0,18.05,9.66,0,0.0,18.05,19.87,15.79,-4.15,2.47,2.4,1.51,1.0,0
120.0,180.0,:1177160675_0_0,:1177160675_0,0,13.89,11.26,0,0.0,13.89,,,,,,-1.42,-1.42,0
120.0,180.0,:1177160675_6_0,:1177160675_6,0,13.89,11.99,0,0.0,13.89,96.44,91.07,4.5,8.86,7.6,1.36,0.88,0
120.0,180.0,:1177160684_6_0,:1177160684_6,0,11.32,9.33,0,0.0,11.32,53.38,16.05,-4.89,7.15,2.36,1.59,0.72,0
120.0,180.0,:1177160684_7_0,:1177160684_7,0,10.18,8.35,0,0.0,10.18,,,,,,-0.22,-1.71,0
120.0,180.0,:1177160687_0_0,:1177160687_0,0,11.11,11.45,0,0.0,11.11,,,,,,0.27,-0.43,0
120.0,180.0,:1177160687_1_0,:1177160687_1,0,7.58,4.65,0,0.0,7.58,88.56,88.56,-13.15,19.05,19.05,-3.78,-3.78,1
120.0,180.0,:1177160687_7_0,:1177160687_7,0,11.11,12.65,0,0.0,11.11,,,,,,0.41,-0.48,0
120.0,180.0,:1177160687_9_0,:1177160687_9,0,7.58,7.36,0,0.0,7.58,102.33,94.54,-10.34,16.25,14.84,1.36,0.84,0
120.0,180.0,:1177160691_0_0,:1177160691_0,0,22.22,16.94,0,0.0,22.22,,,,,,-0.88,-2.07,0
120.0,180.0,:1177160691_11_0,:1177160691_11,0,3.65,3.1,0,0.0,3.65,60.65,53.44,-14.39,19.87,17.35,-1.26,-3.81,1
120.0,180.0,:1177160691_1_0,:1177160691_1,0,7.95,7.69,0,0.0,7.95,,,,,,-0.9,-4.0,1
120.0,180.0,:1177160691_4_0,:1177160691_4,0,8.1,8.16,0,0.0,8.1,105.72,105.72,-0.31,13.88,13.88,0.51,-1.03,0
120.0,180.0,:1177160691_7_0,:1177160691_7,0,22.22,17.11,0,0.0,22.22,75.95,74.92,-4.19,5.56,5.47,0.02,-0.22,0
120.0,180.0,:1177160691_9_0,:1177160691_9,0,7.95,9.24,0,0.0,7.95,,,,,,1.54,1.21,0
120.0,180.0,:1177160694_0_0,:1177160694_0,0,13.89,13.5,0,0.0,13.89,,,,,,0.91,0.91,0
120.0,180.0,:1177160694_6_0,:1177160694_6,0,13.89,15.16,0,0.0,13.89,,,,,,1.56,1.56,0
120.0,180.0,:1177160716_3_0,:1177160716_3,0,2.78,2.86,0,0.0,2.78,83.0,82.22,0.72,32.58,29.08,-0.19,-1.06,0
120.0,180.0,:1177160765_1_0,:1177160765_1,1,5.41,6.94,0,0.18,6.94,29.45,21.08,3.96,8.45,3.54,1.06,-1.29,0
120.0,180.0,:1177160765_4_0,:1177160765_4,0,11.11,11.72,0,0.0,11.11,90.31,89.95,0.96,7.93,7.68,0.77,-1.23,0
120.0,180.0,:1177160765_6_0,:1177160765_6,0,11.11,12.13,0,0.0,11.11,29.86,23.9,11.79,2.54,1.97,-0.27,-0.79,0
120.0,180.0,:1177160773_0_0,:1177160773_0,0,22.22,17.85,0,0.0,22.22,83.3,21.61,1.91,5.45,1.21,-0.02,-0.82,0
120.0,180.0,:1177160779_3_0,:1177160779_3,0,13.89,13.77,0,0.0,13.89,,,,,,1.45,0.79,0
120.0,180.0,:1177160807_0_0,:1177160807_0,0,11.11,10.14,0,0.0,11.11,48.94,10.99,-0.66,4.92,1.09,0.18,-0.41,0
120.0,180.0,:1177160807_6_0,:1177160807_6,0,7.58,7.88,0,0.0,7.58,63.0,61.02,-4.2,8.2,7.98,-1.12,-4.0,1
120.0,180.0,:1177160807_7_0,:1177160807_7,0,11.11,10.18,0,0.0,11.11,,,,,,0.54,-2.26,0
120.0,180.0,:1177160864_0_0,:1177160864_0,1,7.55,10.95,0,0.24,22.22,11.86,3.06,-1.07,3.06,0.89,0.39,-4.07,6
120.0,180.0,:1177160864_2_0,:1177160864_2,0,8.8,6.23,0,0.0,8.8,40.97,13.29,-4.47,9.89,5.62,1.46,0.49,0
120.0,180.0,:1177160866_1_0,:1177160866_1,0,3.65,3.71,0,0.0,3.65,63.5,62.08,-2.55,18.2,17.54,-0.21,-1.33,0
120.0,180.0,:1177160866_3_0,:1177160866_3,0,22.22,17.97,0,0.0,22.22,59.35,22.54,4.0,3.76,1.42,0.08,-1.05,0
120.0,180.0,:1177160923_10_0,:1177160923_10,0,7.86,8.04,0,0.0,7.86,,,,,,-0.07,-1.08,0
120.0,180.0,:1177160923_4_0,:1177160923_4,1,4.91,7.58,0,0.5,7.86,,,,,,-1.1,-4.0,1
120.0,180.0,:1177160978_4_0,:1177160978_4,0,13.89,15.92,0,0.0,13.89,71.2,16.07,2.57,5.18,1.08,0.23,-1.01,0
120.0,180.0,:1177161018_3_0,:1177161018_3,0,5.96,6.57,0,0.0,5.96,20.06,11.45,-11.52,10.45,8.72,1.17,-0.27,0
120.0,180.0,:1177161018_7_0,:1177161018_7,0,13.89,13.79,0,0.0,13.89,,,,,,0.13,-0.84,0
120.0,180.0,:1177161022_2_0,:1177161022_2,0,22.22,14.05,0,0.0,22.22,32.85,13.03,5.62,2.96,1.08,1.27,-2.12,0
120.0,180.0,:1177161049_7_0,:1177161049_7,0,22.22,17.77,0,0.0,22.22,40.0,14.86,0.77,2.41,1.07,0.4,-1.11,0
120.0,180.0,:1177161074_2_0,:1177161074_2,0,6.54,6.31,0,0.0,6.54,,,,,,-1.2,-4.0,2
120.0,180.0,:1177161074_3_0,:1177161074_3,1,17.48,17.59,0,0.14,22.22,74.13,26.18,2.31,5.31,1.49,0.1,-1.06,0
120.0,180.0,:1177161076_4_0,:1177161076_4,0,13.89,15.78,0,0.0,13.89,53.25,20.63,-0.05,4.02,1.39,0.16,-1.36,0
120.0,180.0,:1177161154_0_0,:1177161154_0,0,7.23,6.84,0,0.0,7.23,,,,,,-0.84,-3.87,1
120.0,180.0,:1177161154_13_0,:1177161154_13,0,11.11,12.67,0,0.0,11.11,103.28,77.25,7.14,8.55,6.42,0.2,-1.13,0
120.0,180.0,:1177161154_1_0,:1177161154_1,0,13.89,10.0,0,0.0,13.89,59.42,27.43,0.48,7.12,3.16,0.96,-4.71,1
120.0,180.0,:1177161154_5_0,:1177161154_5,0,11.11,11.78,0,0.0,11.11,83.34,82.82,1.38,7.3,7.05,0.11,-1.34,0
120.0,180.0,:1177161157_3_0,:1177161157_3,0,22.22,14.39,0,0.0,22.22,61.15,15.66,-1.69,4.42,1.2,1.22,0.15,0
120.0,180.0,:1177161205_4_0,:1177161205_4,0,13.89,15.32,0,0.0,13.89,53.58,16.22,-0.32,4.11,1.23,0.01,-2.57,0
120.0,180.0,:1177161219_0_0,:1177161219_0,0,6.16,6.35,0,0.0,6.16,61.09,7.69,-4.77,11.54,1.3,0.78,-0.78,0
120.0,180.0,:1177161219_1_0,:1177161219_1,1,9.51,9.51,0,0.17,22.22,62.55,13.3,-5.55,10.64,1.85,1.57,0.47,0
120.0,180.0,:1177161219_2_0,:1177161219_2,0,27.78,15.64,0,0.0,27.78,51.78,15.11,1.68,3.63,1.1,1.59,0.53,0
120.0,180.0,:1177161371_10_0,:1177161371_10,0,7.53,7.53,0,0.0,7.53,55.8,54.29,-6.76,8.03,7.61,-1.73,-4.0,2
120.0,180.0,:1177161371_12_0,:1177161371_12,1,6.27,6.27,0,0.08,5.89,,,,,,1.01,1.01,0
120.0,180.0,:1177161371_13_0,:1177161371_13,0,13.89,9.45,0,0.0,13.89,,,,,,1.27,0.74,0
120.0,180.0,:1177161371_18_0,:1177161371_18,0,7.53,7.99,0,0.0,7.53,76.37,60.26,-5.0,9.69,7.54,0.75,-1.77,0
120.0,180.0,:1177161371_5_0,:1177161371_5,0,13.89,8.1,0,0.0,13.89,26.63,23.36,-4.32,3.81,3.69,1.35,1.13,0
120.0,180.0,:1177161432_0_0,:1177161432_0,0,11.11,10.87,0,0.0,11.11,,,,,,-0.72,-2.26,0
120.0,180.0,:1177161468_1_0,:1177161468_1,0,13.89,13.84,0,0.0,13.89,32.12,16.06,3.7,2.65,1.45,-0.57,-3.03,1
120.0,180.0,:1177161468_6_0,:1177161468_6,0,6.52,6.09,0,0.0,6.52,,,,,,-1.07,-2.47,0
120.0,180.0,:1177161474_3_0,:1177161474_3,0,11.11,10.35,0,0.0,11.11,,,,,,0.06,-0.27,0
120.0,180.0,:1177161474_3_1,:1177161474_3,0,11.11,10.32,0,0.0,11.11,,,,,,0.26,-0.36,0
120.0,180.0,:1177161483_0_0,:1177161483_0,0,22.22,17.71,0,0.0,22.22,30.36,17.79,5.07,1.81,1.1,-0.01,-1.78,0
120.0,180.0,:1177161483_3_0,:1177161483_3,0,5.87,6.24,0,0.0,5.87,58.81,31.41,-1.78,10.63,5.25,-1.37,-5.0,2
120.0,180.0,:1177161483_4_0,:1177161483_4,0,22.22,13.71,0,0.0,22.22,41.38,39.83,-6.13,3.72,3.65,1.25,0.6,0
120.0,180.0,:1177161483_6_0,:1177161483_6,0,10.2,8.99,0,0.0,10.2,31.52,14.69,1.14,3.98,1.87,1.41,0.15,0
120.0,180.0,:1177161483_7_0,:1177161483_7,0,22.22,10.0,0,0.0,22.22,43.35,10.03,0.12,5.91,1.15,1.29,0.63,0
120.0,180.0,:1177161504_0_0,:1177161504_0,0,22.22,17.09,0,0.0,22.22,90.14,90.14,7.4,6.78,6.78,-0.36,-0.73,0
120.0,180.0,:1177161504_6_0,:1177161504_6,0,22.22,17.63,0,0.0,22.22,71.61,40.27,-0.36,5.14,2.41,0.27,-0.49,0
120.0,180.0,:1177161508_0_0,:1177161508_0,0,6.0,6.26,0,0.0,6.0,,,,,,-1.95,-4.36,1
120.0,180.0,:1177161508_3_0,:1177161508_3,0,7.77,7.95,0,0.0,7.77,,,,,,-0.22,-2.34,0
120.0,180.0,:1177161508_4_0,:1177161508_4,0,11.11,10.5,0,0.0,11.11,,,,,,-0.32,-1.18,0
120.0,180.0,:1177161508_6_0,:1177161508_6,0,11.11,12.63,0,0.0,11.11,,,,,,-0.16,-0.75,0
120.0,180.0,:1177161509_1_0,:1177161509_1,0,13.89,15.81,0,0.0,13.89,86.41,16.31,1.31,6.15,1.11,0.11,-1.28,0
120.0,180.0,:1177161547_7_0,:1177161547_7,0,22.22,17.17,0,0.0,22.22,35.32,14.7,0.31,2.2,1.08,0.01,-1.4,0
120.0,180.0,:1177161549_1_0,:1177161549_1,0,7.63,7.49,0,0.0,7.63,31.71,7.71,-5.79,5.69,1.45,0.83,-2.58,0
120.0,180.0,:1177161549_3_0,:1177161549_3,0,6.93,6.78,0,0.0,6.93,19.18,17.17,-3.75,2.88,2.63,-0.66,-2.33,0
120.0,180.0,:1177161549_7_0,:1177161549_7,0,22.22,17.53,0,0.0,22.22,24.36,20.6,3.38,1.7,1.61,-0.28,-1.12,0
120.0,180.0,:1177161553_1_0,:1177161553_1,0,8.34,6.07,0,0.0,8.34,18.56,6.97,-11.49,10.46,8.93,1.2,0.51,0
120.0,180.0,:1177161553_4_0,:1177161553_4,0,13.89,14.06,0,0.0,13.89,,,,,,0.04,-1.05,0
120.0,180.0,:1177161553_6_0,:1177161553_6,0,12.89,12.98,0,0.0,12.89,,,,,,-0.82,-1.95,0
120.0,180.0,:1177161573_13_0,:1177161573_13,0,13.89,16.62,0,0.0,13.89,,,,,,-0.27,-0.94,0
120.0,180.0,:1177161573_1_0,:1177161573_1,0,13.89,11.7,0,0.0,13.89,,,,,,1.95,1.07,0
120.0,180.0,:1177161573_4_0,:1177161573_4,0,7.97,8.02,0,0.0,7.97,,,,,,-1.55,-4.0,1
120.0,180.0,:1177161573_9_0,:1177161573_9,0,13.89,10.14,0,0.0,13.89,,,,,,1.95,0.69,0
120.0,180.0,:1177161612_4_0,:1177161612_4,0,22.22,17.39,0,0.0,22.22,92.95,91.91,-3.99,6.92,6.78,0.3,-0.5,0
120.0,180.0,:1177161612_6_0,:1177161612_6,0,22.22,17.79,0,0.0,22.22,83.31,45.18,0.75,5.56,2.76,-0.35,-1.08,0
120.0,180.0,:1177161631_0_0,:1177161631_0,0,6.39,7.32,0,0.0,6.39,27.81,9.95,-4.53,4.63,1.52,-1.07,-5.0,2
120.0,180.0,:1177161631_1_0,:1177161631_1,0,22.22,17.33,0,0.0,22.22,57.34,23.1,-3.67,5.77,1.6,0.89,-1.14,0
120.0,180.0,:1177161631_3_0,:1177161631_3,0,6.84,7.83,0,0.0,6.84,71.05,14.73,-1.06,10.47,2.15,-0.06,-1.75,0
120.0,180.0,:1177161631_4_0,:1177161631_4,0,13.89,8.42,0,0.0,13.89,31.75,22.47,-6.33,10.46,6.36,1.58,0.67,0
120.0,180.0,:1177161631_5_0,:1177161631_5,0,8.07,7.82,0,0.0,8.07,77.05,71.54,-7.08,11.74,9.77,0.09,-1.31,0
120.0,180.0,:1177161631_6_0,:1177161631_6,0,22.22,17.28,0,0.0,22.22,38.02,35.77,9.12,2.22,2.07,0.51,0.38,0
120.0,180.0,:1177161634_3_0,:1177161634_3,0,11.11,11.58,0,0.0,11.11,,,,,,-0.21,-0.5,0
120.0,180.0,:1177161634_3_1,:1177161634_3,0,11.11,10.38,0,0.0,11.11,,,,,,-1.03,-2.29,0
120.0,180.0,:1177161645_4_0,:1177161645_4,0,22.22,17.74,0,0.0,22.22,99.85,99.85,-4.24,7.4,7.4,-0.12,-0.78,0
120.0,180.0,:1177161645_5_0,:1177161645_5,0,22.22,17.81,0,0.0,22.22,84.58,43.3,2.61,5.32,2.69,-0.29,-1.16,0
120.0,180.0,:1177161675_0_0,:1177161675_0,0,13.89,14.92,0,0.0,13.89,45.23,15.51,4.03,3.79,1.21,-0.14,-1.66,0
120.0,180.0,:1177161698_0_0,:1177161698_0,0,6.25,6.63,0,0.0,6.25,8.63,6.63,-7.77,1.35,1.0,-2.46,-4.14,1
120.0,180.0,:1177161698_10_0,:1177161698_10,0,7.79,7.83,0,0.0,7.79,,,,,,1.41,1.02,0
120.0,180.0,:1177161698_3_0,:1177161698_3,0,7.08,7.23,0,0.0,7.08,,,,,,-1.5,-3.54,2
120.0,180.0,:1177161698_4_0,:1177161698_4,0,13.89,13.93,0,0.0,13.89,58.1,49.06,5.02,4.27,3.52,0.07,-0.93,0
120.0,180.0,:1177161698_6_0,:1177161698_6,0,13.89,15.02,0,0.0,13.89,,,,,,1.38,0.73,0
120.0,180.0,:1177161698_7_0,:1177161698_7,0,7.79,5.85,0,0.0,7.79,,,,,,-3.74,-4.0,2
120.0,180.0,:1177211334_3_0,:1177211334_3,0,6.54,6.79,0,0.0,6.54,,,,,,-0.37,-1.36,0
120.0,180.0,:1177211334_4_0,:1177211334_4,0,7.82,7.77,0,0.0,7.82,20.94,15.14,-1.91,2.94,2.15,0.28,-1.64,0
120.0,180.0,:1177211361_10_0,:1177211361_10,0,7.98,6.47,0,0.0,7.98,,,,,,1.04,-0.83,0
120.0,180.0,:1177211361_7_0,:1177211361_7,0,7.98,4.38,0,0.0,7.98,,,,,,-3.99,-3.99,1
120.0,180.0,:1177211432_0_0,:1177211432_0,0,16.67,15.92,0,0.0,16.67,,,,,,-0.41,-0.41,0
120.0,180.0,:1177211432_0_1,:1177211432_0,0,16.67,16.97,0,0.0,16.67,40.63,13.31,-1.58,3.03,1.04,0.13,-0.73,0
120.0,180.0,:1177211432_2_0,:1177211432_2,0,6.02,5.8,0,0.0,6.02,,,,,,-2.05,-4.37,1
120.0,180.0,:1177211432_3_0,:1177211432_3,0,6.17,3.21,0,0.0,6.17,67.34,49.78,-11.61,41.25,26.08,0.92,0.61,0
120.0,180.0,:1177211464_0_0,:1177211464_0,1,9.89,11.44,0,0.28,11.11,12.7,10.08,-0.25,1.33,1.03,-0.04,-2.06,0
120.0,180.0,:1177211468_0_0,:1177211468_0,0,13.89,11.52,0,0.0,13.89,34.28,33.98,-2.06,3.26,3.02,1.23,-0.57,0
120.0,180.0,:1177211474_10_0,:1177211474_10,0,8.46,7.46,0,0.0,8.46,88.53,87.29,-2.49,12.38,12.05,1.16,0.51,0
120.0,180.0,:1177211474_2_0,:1177211474_2,0,3.65,2.59,0,0.0,3.65,50.19,41.82,-11.16,21.14,19.3,-0.2,-1.62,0
120.0,180.0,:1177211474_4_0,:1177211474_4,0,13.89,11.83,0,0.0,13.89,,,,,,1.2,1.0,0
120.0,180.0,:1177211474_7_0,:1177211474_7,0,8.46,5.72,0,0.0,8.46,86.09,86.09,-2.73,15.05,15.05,-5.0,-5.0,1
120.0,180.0,:1177211489_0_0,:1177211489_0,0,6.3,4.95,0,0.0,6.3,,,,,,-1.51,-5.0,1
120.0,180.0,:1177211489_10_0,:1177211489_10,0,7.84,6.62,0,0.0,7.84,,,,,,0.38,-1.26,0
120.0,180.0,:1177211489_7_0,:1177211489_7,0,7.84,5.67,0,0.0,7.84,,,,,,-3.42,-3.42,1
120.0,180.0,:1177211539_0_0,:1177211539_0,0,11.11,11.22,0,0.0,11.11,,,,,,-0.43,-1.57,0
120.0,180.0,:1177211539_0_1,:1177211539_0,0,11.11,11.87,0,0.0,11.11,60.11,12.95,1.29,5.9,1.31,-0.04,-1.14,0
120.0,180.0,:1177211571_4_0,:1177211571_4,1,8.58,12.46,0,0.16,13.89,16.94,11.93,2.89,1.48,1.13,-1.23,-3.81,2
120.0,180.0,:1177211573_4_0,:1177211573_4,0,11.11,10.33,0,0.0,11.11,,,,,,0.25,-0.17,0
120.0,180.0,:1177211573_5_0,:1177211573_5,0,11.11,11.06,0,0.0,11.11,95.35,53.87,0.87,9.01,4.87,-0.18,-0.72,0
120.0,180.0,:1177211724_7_0,:1177211724_7,0,22.22,17.99,0,0.0,22.22,54.54,14.35,2.81,3.7,1.08,0.27,-1.49,0
120.0,180.0,:1177211755_0_0,:1177211755_0,0,11.11,10.87,0,0.0,11.11,29.01,28.65,-1.63,3.12,3.12,0.25,-0.01,0
120.0,180.0,:1177211769_4_0,:1177211769_4,0,8.98,7.91,0,0.0,8.98,23.54,19.13,-3.8,3.66,3.47,0.1,-5.0,1
120.0,180.0,:1177211785_0_0,:1177211785_0,0,27.78,8.98,0,0.0,27.78,9.95,6.58,7.76,1.26,1.11,-2.59,-5.0,1
120.0,180.0,:1177211785_6_0,:1177211785_6,0,27.78,9.66,0,0.0,27.78,11.91,5.44,4.31,1.51,1.01,-0.26,-5.0,5
120.0,180.0,:1177211896_0_0,:1177211896_0,0,7.27,6.85,0,0.0,7.27,19.54,17.26,-3.04,3.17,2.97,0.32,-2.46,0
120.0,180.0,:1177212006_1_0,:1177212006_1,0,13.89,12.42,0,0.0,13.89,,,,,,0.81,-0.54,0
120.0,180.0,:1177212025_4_0,:1177212025_4,0,22.22,17.68,0,0.0,22.22,69.58,55.43,6.2,4.38,3.57,0.12,-1.64,0
120.0,180.0,:1177212028_3_0,:1177212028_3,0,6.46,6.65,0,0.0,6.46,127.11,127.11,-2.84,23.44,23.44,1.06,0.71,0
120.0,180.0,:1177212028_7_0,:1177212028_7,0,27.78,13.47,0,0.0,27.78,99.0,97.85,4.2,7.38,7.31,-0.29,-0.41,0
120.0,180.0,:1177212032_7_0,:1177212032_7,0,13.89,11.81,0,0.0,13.89,,,,,,0.83,0.73,0
120.0,180.0,:1177212077_0_0,:1177212077_0,0,22.22,17.96,0,0.0,22.22,50.63,31.1,4.7,3.32,2.09,-0.19,-2.62,0
120.0,180.0,:1177212096_0_0,:1177212096_0,0,11.11,10.81,0,0.0,11.11,,,,,,-0.21,-0.55,0
120.0,180.0,:1177212155_0_0,:1177212155_0,0,6.22,6.41,0,0.0,6.22,,,,,,-0.38,-3.81,1
120.0,180.0,:1177212157_2_0,:1177212157_2,0,27.78,13.0,0,0.0,27.78,13.06,6.44,1.14,1.9,1.03,0.41,-4.8,1
120.0,180.0,:1177212157_5_0,:1177212157_5,1,1.43,4.52,0,0.05,7.19,6.46,2.45,-0.39,3.31,1.1,0.71,-2.09,0
120.0,180.0,:11843639551_0_0,:11843639551_0,1,10.15,10.15,0,0.19,11.11,,,,,,-0.96,-0.96,0
120.0,180.0,:11843639551_0_1,:11843639551_0,0,11.11,10.07,0,0.0,11.11,,,,,,2.04,1.7,0
120.0,180.0,:11843639551_2_0,:11843639551_2,0,5.79,5.81,0,0.0,5.79,74.19,51.0,-4.08,13.86,9.14,-1.1,-4.0,2
120.0,180.0,:11843639551_3_0,:11843639551_3,0,8.92,8.35,0,0.0,8.92,,,,,,1.42,1.38,0
120.0,180.0,:1186025287_3_0,:1186025287_3,0,13.89,13.87,0,0.0,13.89,17.28,17.03,-0.65,1.33,1.29,-0.31,-0.86,0
120.0,180.0,:1186025292_10_0,:1186025292_10,0,8.03,7.65,0,0.0,8.03,,,,,,1.26,0.48,0
120.0,180.0,:1186025292_3_0,:1186025292_3,0,22.22,17.57,0,0.0,22.22,,,,,,-0.02,-0.64,0
120.0,180.0,:1186025292_4_0,:1186025292_4,0,8.03,5.76,0,0.0,8.03,,,,,,-4.42,-5.0,2
120.0,180.0,:1186025303_3_0,:1186025303_3,0,22.22,17.2,0,0.0,22.22,48.19,13.04,2.25,3.49,1.17,-1.7,-4.83,5
120.0,180.0,:1186025305_4_0,:1186025305_4,0,11.11,11.82,0,0.0,11.11,10.17,10.09,-0.22,1.07,1.05,0.25,-0.42,0
120.0,180.0,:1186025305_5_0,:1186025305_5,0,11.11,10.56,0,0.0,11.11,42.51,41.96,2.57,4.37,4.22,0.35,-0.13,0
120.0,180.0,:1186025318_1_0,:1186025318_1,0,13.89,14.74,0,0.0,13.89,89.57,18.45,5.46,6.32,1.36,1.44,1.14,0
120.0,180.0,:1186025321_5_0,:1186025321_5,0,13.89,11.84,0,0.0,13.89,12.2,12.2,2.87,1.12,1.12,1.47,1.34,0
120.0,180.0,:1186025330_0_0,:1186025330_0,0,6.16,2.17,0,0.0,6.16,50.75,0.1,-6.45,37.3,37.3,-1.87,-5.0,2
120.0,180.0,:1186025330_2_0,:1186025330_2,0,22.22,17.55,0,0.0,22.22,96.84,18.39,4.17,7.57,1.29,0.66,-1.69,0
120.0,180.0,:1186025330_3_0,:1186025330_3,0,6.05,6.76,0,0.0,6.05,,,,,,-2.11,-4.73,3
120.0,180.0,:1186025330_4_0,:1186025330_4,0,6.16,5.23,0,0.0,6.16,12.71,6.49,-8.36,4.15,3.57,2.62,2.27,0
120.0,180.0,:1186025330_5_0,:1186025330_5,0,3.65,3.71,0,0.0,3.65,,,,,,-2.27,-4.0,1
120.0,180.0,:1186025346_3_0,:1186025346_3,1,13.56,17.81,0,0.21,22.22,60.93,16.24,9.19,3.98,1.17,0.24,-1.36,0
120.0,180.0,:1186025349_4_0,:1186025349_4,0,11.11,8.39,0,0.0,11.11,136.27,136.27,0.13,16.24,16.24,-0.03,-0.15,0
120.0,180.0,:1186025349_5_0,:1186025349_5,0,11.11,10.76,0,0.0,11.11,,,,,,0.48,-0.01,0
120.0,180.0,:1187083424_1_0,:1187083424_1,0,12.3,10.66,0,0.0,12.3,,,,,,-1.57,-1.61,0
120.0,180.0,:1187083424_2_0,:1187083424_2,0,10.93,11.14,0,0.0,10.93,104.36,98.89,2.09,11.11,10.85,-1.99,-4.01,2
120.0,180.0,:1187083489_0_0,:1187083489_0,0,11.11,10.95,0,0.0,11.11,57.49,55.36,1.08,5.29,5.07,-0.04,-0.36,0
120.0,180.0,:1189036468_3_0,:1189036468_3,0,22.22,17.59,0,0.0,22.22,25.7,14.04,-0.01,1.64,0.94,-0.49,-2.81,0
120.0,180.0,:1189036484_6_0,:1189036484_6,0,22.22,17.03,0,0.0,22.22,,,,,,0.14,-0.11,0
120.0,180.0,:1189036513_4_0,:1189036513_4,0,13.89,14.63,0,0.0,13.89,,,,,,-0.25,-0.25,0
120.0,180.0,:1189036518_4_0,:1189036518_4,0,13.89,15.41,0,0.0,13.89,54.68,16.09,-0.12,4.15,1.15,0.35,-1.13,0
120.0,180.0,:1189036526_3_0,:1189036526_3,0,11.11,10.45,0,0.0,11.11,87.3,86.83,1.75,8.57,8.4,0.22,-1.02,0
120.0,180.0,:1189036584_7_0,:1189036584_7,0,11.11,10.31,0,0.0,11.11,149.53,149.53,2.52,14.51,14.51,-0.67,-0.7,0
120.0,180.0,:1189036615_2_0,:1189036615_2,0,22.22,17.45,0,0.0,22.22,46.77,15.01,2.98,3.3,1.08,-0.76,-3.27,1
120.0,180.0,:1189036617_3_0,:1189036617_3,0,11.11,10.88,0,0.0,11.11,,,,,,0.67,0.67,0
120.0,180.0,:1189036617_3_1,:1189036617_3,0,11.11,10.83,0,0.0,11.11,18.18,18.12,0.48,1.73,1.71,0.23,-0.64,0
120.0,180.0,:1189036644_3_0,:1189036644_3,0,11.11,10.35,0,0.0,11.11,,,,,,0.11,-0.09,0
120.0,180.0,:1189036694_3_0,:1189036694_3,0,11.11,11.64,0,0.0,11.11,18.55,11.77,-0.71,1.93,1.13,-0.05,-2.25,0
120.0,180.0,:1189036707_6_0,:1189036707_6,0,22.22,17.99,0,0.0,22.22,,,,,,-0.0,-0.92,0
120.0,180.0,:1189036717_0_0,:1189036717_0,0,16.67,16.2,0,0.0,16.67,23.6,22.13,-5.78,2.18,2.11,0.91,-0.28,0
120.0,180.0,:1189036717_0_1,:1189036717_0,0,16.67,17.27,0,0.0,16.67,94.03,14.24,2.84,6.58,1.05,0.04,-0.98,0
120.0,180.0,:1189036737_4_0,:1189036737_4,0,22.22,17.49,0,0.0,22.22,82.65,81.26,5.7,6.05,5.92,0.27,-0.51,0
120.0,180.0,:1189036737_5_0,:1189036737_5,0,22.22,17.69,0,0.0,22.22,71.11,38.84,-0.33,5.1,2.34,-0.05,-0.21,0
120.0,180.0,:1189036766_0_0,:1189036766_0,0,13.89,12.34,0,0.0,13.89,108.8,107.48,2.05,9.23,8.92,-0.52,-1.55,0
120.0,180.0,:1189036766_4_0,:1189036766_4,0,8.47,8.11,0,0.0,8.47,129.28,129.28,0.81,15.93,15.93,-0.14,-0.48,0
120.0,180.0,:1189036777_0_0,:1189036777_0,0,22.22,16.9,0,0.0,22.22,27.11,15.08,5.24,1.85,1.22,-1.07,-5.0,1
120.0,180.0,:1189036777_6_0,:1189036777_6,0,22.22,11.32,0,0.0,22.22,,,,,,1.78,0.79,0
120.0,180.0,:1189036795_0_0,:1189036795_0,0,16.67,16.18,0,0.0,16.67,,,,,,0.56,0.37,0
120.0,180.0,:1189036795_3_0,:1189036795_3,0,6.51,6.16,0,0.0,6.51,,,,,,0.49,-0.64,0
120.0,180.0,:1189036797_0_0,:1189036797_0,0,13.89,10.52,0,0.0,13.89,,,,,,1.13,1.13,0
120.0,180.0,:1189036797_6_0,:1189036797_6,0,13.89,15.84,0,0.0,13.89,59.45,59.45,0.17,3.75,3.75,0.12,0.1,0
120.0,180.0,:1189036817_0_0,:1189036817_0,0,16.67,17.01,0,0.0,16.67,56.05,15.8,1.06,3.77,1.17,0.41,-0.3,0
120.0,180.0,:1189036857_1_0,:1189036857_1,0,22.22,17.77,0,0.0,22.22,50.57,19.22,1.83,2.93,1.1,0.66,-0.92,0
120.0,180.0,:1189036857_2_0,:1189036857_2,0,22.22,17.53,0,0.0,22.22,57.94,57.03,-3.53,4.29,4.17,0.24,-0.59,0
120.0,180.0,:1189036859_3_0,:1189036859_3,0,11.11,10.17,0,0.0,11.11,,,,,,0.01,-0.45,0
120.0,180.0,:1189036870_3_0,:1189036870_3,0,11.11,11.77,0,0.0,11.11,70.52,70.52,4.3,6.59,6.59,0.29,-0.3,0
120.0,180.0,:1189036932_1_0,:1189036932_1,0,13.89,15.1,0,0.0,13.89,,,,,,-0.02,-0.78,0
120.0,180.0,:1189036937_1_0,:1189036937_1,0,22.22,17.56,0,0.03,22.22,98.36,87.16,0.48,6.41,6.24,-0.34,-2.6,0
120.0,180.0,:1189036937_2_0,:1189036937_2,1,13.32,17.59,0,0.27,22.22,83.52,82.64,-3.45,6.12,6.05,-0.1,-0.89,0
120.0,180.0,:1189868548_0_0,:1189868548_0,0,5.85,4.99,0,0.0,5.85,,,,,,1.66,1.02,0
120.0,180.0,:1189868548_2_0,:1189868548_2,0,27.78,17.58,0,0.0,27.78,90.95,18.38,3.05,6.05,1.45,-0.61,-4.92,2
120.0,180.0,:1189868548_2_1,:1189868548_2,0,27.78,17.73,0,0.0,27.78,97.58,82.24,3.44,5.66,4.64,-0.08,-2.13,0
120.0,180.0,:1189868548_4_0,:1189868548_4,0,10.64,11.46,0,0.0,10.64,,,,,,-2.2,-3.88,2
120.0,180.0,:1189868561_0_0,:1189868561_0,0,11.11,10.88,0,0.0,11.11,,,,,,0.18,-0.06,0
120.0,180.0,:1189868590_4_0,:1189868590_4,0,13.89,13.96,0,0.31,13.89,75.89,74.37,6.07,5.57,5.35,1.15,-0.37,0
120.0,180.0,:1189868590_6_0,:1189868590_6,0,13.89,14.78,0,0.0,13.89,,,,,,0.36,-0.8,0
120.0,180.0,:1189868591_4_0,:1189868591_4,0,13.89,14.33,0,0.0,13.89,99.43,13.24,9.64,7.15,1.1,0.76,0.03,0
120.0,180.0,:1189868591_6_0,:1189868591_6,0,13.89,13.19,0,0.0,13.89,,,,,,0.92,-0.91,0
120.0,180.0,:1189868598_0_0,:1189868598_0,0,22.22,17.26,0,0.0,22.22,63.41,57.33,7.81,4.1,3.56,0.11,-0.47,0
120.0,180.0,:1190100042_6_0,:1190100042_6,0,11.11,9.74,0,0.0,11.11,11.51,10.24,-0.2,1.22,1.05,0.32,-0.25,0
120.0,180.0,:1190100058_14_0,:1190100058_14,0,8.32,7.97,0,0.0,8.32,112.67,109.1,-7.27,17.74,16.36,1.12,0.04,0
120.0,180.0,:1190100061_0_0,:1190100061_0,0,22.22,17.29,0,0.0,22.22,64.07,24.52,2.86,4.47,1.42,0.03,-1.59,0
120.0,180.0,:1190100064_0_0,:1190100064_0,0,11.11,11.14,0,0.0,11.11,11.04,10.98,0.32,1.11,1.09,0.05,-0.84,0
120.0,180.0,:1190100093_6_0,:1190100093_6,0,13.89,11.81,0,0.0,13.89,,,,,,1.48,0.6,0
120.0,180.0,:1190100107_2_0,:1190100107_2,0,11.11,11.05,0,0.0,11.11,101.07,27.24,0.96,10.05,2.49,-0.51,-1.95,0
120.0,180.0,:1190100120_1_0,:1190100120_1,0,19.45,15.8,0,0.0,19.45,24.0,12.98,2.01,1.98,1.21,-0.58,-4.96,2
120.0,180.0,:1190100138_3_0,:1190100138_3,0,11.11,11.78,0,0.0,11.11,176.68,71.04,2.49,15.37,6.28,-0.11,-0.7,0
120.0,180.0,:1190100139_1_0,:1190100139_1,1,12.08,12.08,0,0.02,11.11,45.31,10.43,1.01,4.31,1.12,0.23,-1.41,0
120.0,180.0,:1190100178_6_0,:1190100178_6,0,11.11,10.98,0,0.0,11.11,142.24,112.81,1.43,13.48,10.27,0.03,-0.49,0
120.0,180.0,:1190100182_0_0,:1190100182_0,0,13.89,12.85,0,0.0,13.89,,,,,,0.03,0.03,0
120.0,180.0,:1190100182_6_0,:1190100182_6,0,13.89,15.03,0,0.0,13.89,,,,,,-0.79,-1.73,0
120.0,180.0,:1190100185_0_0,:1190100185_0,1,11.91,15.56,0,0.18,27.78,34.84,14.63,0.7,3.07,1.24,1.03,-0.23,0
120.0,180.0,:1190100199_0_0,:1190100199_0,0,11.11,11.53,0,0.0,11.11,32.03,30.47,6.51,2.8,2.69,-0.21,-0.98,0
120.0,180.0,:1190100244_3_0,:1190100244_3,0,11.11,11.86,0,0.0,11.11,,,,,,-0.15,-1.11,0
120.0,180.0,:1190100277_0_0,:1190100277_0,0,11.11,11.04,0,0.0,11.11,,,,,,-0.98,-1.91,0
120.0,180.0,:1190100287_1_0,:1190100287_1,0,13.89,13.29,0,0.0,13.89,183.44,181.97,4.59,13.91,13.69,-0.13,-0.64,0
120.0,180.0,:1190100287_8_0,:1190100287_8,0,13.89,14.8,0,0.0,13.89,,,,,,-0.41,-0.41,0
120.0,180.0,:1190100324_5_0,:1190100324_5,0,11.11,10.85,0,0.0,11.11,131.67,111.8,2.39,12.36,10.31,-0.37,-0.54,0
120.0,180.0,:1190100352_6_0,:1190100352_6,1,13.78,17.76,0,0.01,27.78,78.83,51.51,2.26,5.36,2.9,0.41,-0.54,0
120.0,180.0,:1190100407_0_0,:1190100407_0,0,11.11,12.28,0,0.0,11.11,82.22,77.7,12.13,6.77,6.33,1.0,0.3,0
120.0,180.0,:1190100487_1_0,:1190100487_1,0,11.11,10.87,0,0.0,11.11,59.5,55.78,0.87,5.55,5.21,-0.23,-0.6,0
120.0,180.0,:1190100495_3_0,:1190100495_3,0,11.11,11.7,0,0.0,11.11,87.11,73.28,-0.04,7.85,6.41,0.12,-0.77,0
120.0,180.0,:1190100498_2_0,:1190100498_2,1,9.09,12.4,0,0.01,11.11,53.89,14.28,-0.02,5.13,1.38,-0.13,-1.59,0
120.0,180.0,:1190100514_3_0,:1190100514_3,0,6.34,6.1,0,0.0,6.34,,,,,,-0.97,-4.0,1
120.0,180.0,:1190128192_0_0,:1190128192_0,0,22.22,17.95,0,0.0,22.22,33.96,16.74,7.89,2.19,1.26,-0.91,-4.95,2
120.0,180.0,:1190128206_15_0,:1190128206_15,0,3.65,3.69,0,0.0,3.65,114.78,114.46,-1.14,33.31,31.18,-1.34,-3.61,1
120.0,180.0,:1190128206_16_0,:1190128206_16,0,10.17,9.15,0,0.0,10.17,,,,,,2.21,1.09,0
120.0,180.0,:1190128206_2_0,:1190128206_2,0,10.17,5.83,0,0.0,10.17,,,,,,-5.0,-5.0,1
120.0,180.0,:1190128211_13_0,:1190128211_13,0,13.89,8.64,0,0.0,13.89,,,,,,1.38,1.22,0
120.0,180.0,:1190128211_1_0,:1190128211_1,0,13.89,11.8,0,0.0,13.89,,,,,,-0.7,-1.64,0
120.0,180.0,:1190128211_5_0,:1190128211_5,0,13.89,10.33,0,0.0,13.89,40.8,26.91,3.96,5.38,2.6,1.62,0.76,0
120.0,180.0,:1190128222_10_0,:1190128222_10,0,7.97,7.03,0,0.0,7.97,7.14,6.13,-1.13,1.27,1.15,0.86,-0.62,0
120.0,180.0,:1190128222_1_0,:1190128222_1,0,8.13,8.23,0,0.0,8.13,,,,,,0.39,-0.0,0
120.0,180.0,:1190128222_3_0,:1190128222_3,0,6.66,5.48,0,0.0,6.66,139.74,139.5,-0.5,25.77,25.45,-1.39,-4.0,1
120.0,180.0,:1190128222_7_0,:1190128222_7,0,7.97,5.31,0,0.0,7.97,5.79,5.79,-0.09,1.09,1.09,-5.0,-5.0,1
120.0,180.0,:1190128225_11_0,:1190128225_11,0,3.65,3.34,0,0.0,3.65,100.8,99.97,-4.1,31.46,29.9,-0.74,-0.94,0
120.0,180.0,:1190128225_4_0,:1190128225_4,0,11.11,9.73,0,0.0,11.11,,,,,,0.07,-0.18,0
120.0,180.0,:1190128225_6_0,:1190128225_6,0,11.11,10.97,0,0.0,11.11,91.82,51.76,0.96,8.73,4.72,-0.3,-1.07,0
120.0,180.0,:1190128241_0_0,:1190128241_0,0,13.89,13.88,0,0.0,13.89,,,,,,-0.24,-1.08,0
120.0,180.0,:1190128241_3_0,:1190128241_3,0,7.25,6.82,0,0.0,7.25,92.2,91.2,2.39,14.37,13.38,0.52,-1.2,0
120.0,180.0,:1190128241_6_0,:1190128241_6,0,6.17,6.18,0,0.0,6.17,40.67,39.61,-1.8,6.83,6.41,-1.53,-4.0,2
120.0,180.0,:1190128257_0_0,:1190128257_0,0,6.51,6.2,0,0.0,6.51,103.79,54.4,-4.76,17.5,9.04,-0.67,-4.0,1
120.0,180.0,:1190128257_14_0,:1190128257_14,0,8.59,8.18,0,0.0,8.59,,,,,,0.24,-1.7,0
120.0,180.0,:1190128257_5_0,:1190128257_5,0,13.89,10.3,0,0.0,13.89,41.91,4.52,-2.68,5.91,2.46,1.32,0.85,0
120.0,180.0,:1190128270_0_0,:1190128270_0,0,11.11,10.0,0,0.0,11.11,,,,,,-0.92,-1.99,0
120.0,180.0,:1190128270_6_0,:1190128270_6,0,11.11,10.31,0,0.0,11.11,87.99,55.11,-0.79,9.92,5.96,1.04,-0.43,0
120.0,180.0,:1190128289_0_0,:1190128289_0,1,9.87,10.42,0,0.14,13.89,40.31,19.1,-2.34,4.71,2.31,1.62,0.48,0
120.0,180.0,:1190128289_10_0,:1190128289_10,0,3.65,3.16,0,0.0,3.65,,,,,,-1.07,-2.59,0
120.0,180.0,:1190128318_0_1,:1190128318_0,0,11.11,10.7,0,0.0,11.11,,,,,,-0.33,-0.88,0
120.0,180.0,:1190128320_0_0,:1190128320_0,0,8.06,8.96,0,0.0,8.06,59.65,57.93,5.97,7.05,6.46,-0.94,-3.74,1
120.0,180.0,:1190128320_10_0,:1190128320_10,0,7.64,7.59,0,0.0,7.64,53.05,4.52,-3.1,20.97,1.2,1.56,0.64,0
120.0,180.0,:1190128320_1_0,:1190128320_1,0,13.89,14.03,0,0.0,13.89,,,,,,0.63,-0.17,0
120.0,180.0,:1190128320_4_0,:1190128320_4,0,7.64,5.82,0,0.0,7.64,62.43,0.82,-2.15,33.1,1.14,-1.78,-5.0,8
120.0,180.0,:1190128334_1_0,:1190128334_1,0,3.65,3.81,0,0.0,3.65,116.1,114.3,3.64,31.95,30.9,-1.09,-3.04,1
120.0,180.0,:1190128334_2_0,:1190128334_2,0,6.67,6.7,0,0.0,6.67,,,,,,-1.61,-4.26,1
120.0,180.0,:1190128345_0_0,:1190128345_0,0,11.11,10.3,0,0.0,11.11,,,,,,-0.06,-0.57,0
120.0,180.0,:1190128345_6_0,:1190128345_6,0,11.11,11.14,0,0.0,11.11,82.32,54.28,1.03,7.64,4.89,0.58,-0.26,0
120.0,180.0,:1190128349_5_0,:1190128349_5,0,2.78,2.82,0,0.0,2.78,48.99,44.04,-4.8,22.23,15.62,-0.5,-1.28,0
120.0,180.0,:1191714336_4_0,:1191714336_4,0,22.22,16.65,0,0.0,22.22,81.52,54.1,3.24,5.29,4.07,0.89,-0.16,0
120.0,180.0,:1191714356_0_0,:1191714356_0,0,13.89,11.81,0,0.0,13.89,,,,,,-0.17,-0.39,0
120.0,180.0,:1191714373_0_0,:1191714373_0,0,22.22,16.45,0,0.0,22.22,45.23,44.16,-3.97,3.37,3.29,0.59,-0.6,0
120.0,180.0,:1191863693_4_0,:1191863693_4,0,6.05,5.74,0,0.0,6.05,,,,,,-0.65,-3.35,1
120.0,180.0,:1191863749_5_0,:1191863749_5,0,7.05,7.1,0,0.0,7.05,,,,,,-0.19,-1.62,0
120.0,180.0,:1191863775_0_0,:1191863775_0,0,3.65,3.61,0,0.0,3.65,,,,,,-0.45,-1.13,0
120.0,180.0,:1191863899_1_0,:1191863899_1,0,13.89,13.61,0,0.0,13.89,,,,,,0.34,0.11,0
120.0,180.0,:1191863899_2_0,:1191863899_2,0,13.89,13.86,0,0.0,13.89,,,,,,0.47,-0.09,0
120.0,180.0,:1191863915_4_0,:1191863915_4,0,13.89,12.89,0,0.0,13.89,,,,,,1.26,0.45,0
120.0,180.0,:1191864018_0_0,:1191864018_0,0,16.67,13.71,0,0.0,16.67,,,,,,0.78,0.78,0
120.0,180.0,:1191864018_0_1,:1191864018_0,0,16.67,11.21,0,0.0,16.67,,,,,,0.83,0.47,0
120.0,180.0,:13298747735_1_0,:13298747735_1,0,11.11,9.84,0,0.0,11.11,,,,,,0.05,0.05,0
120.0,180.0,:13300645526_2_0,:13300645526_2,0,27.78,8.95,0,0.0,27.78,1.51,0.0,-0.14,1.43,0.63,-0.04,-3.84,1
120.0,180.0,:13300645527_1_0,:13300645527_1,1,3.07,8.71,0,0.4,27.78,12.38,0.0,-1.95,7.45,0.5,-0.03,-5.0,6
120.0,180.0,:13300645529_0_0,:13300645529_0,0,27.78,13.5,0,0.0,27.78,,,,,,-4.87,-5.0,4
120.0,180.0,:13300645529_1_0,:13300645529_1,1,11.37,11.55,0,0.1,27.78,36.62,13.22,0.37,4.14,1.29,1.58,0.54,0
120.0,180.0,:13974625520_1_0,:13974625520_1,0,19.45,12.14,0,0.0,19.45,,,,,,0.14,-0.54,0
120.0,180.0,:13974625520_2_0,:13974625520_2,0,13.58,8.56,0,0.0,13.58,53.95,16.11,-6.5,6.97,2.83,1.47,0.82,0
120.0,180.0,:5424221999_0_0,:5424221999_0,0,27.78,17.17,0,0.0,27.78,43.5,15.67,5.07,2.94,1.14,0.39,-0.39,0
120.0,180.0,:5424222002_0_0,:5424222002_0,0,27.78,14.68,0,0.0,27.78,60.9,60.9,7.53,4.15,4.15,0.45,0.45,0
120.0,180.0,:6173584950_0_0,:6173584950_0,0,11.11,11.84,0,0.45,11.11,124.82,56.86,-0.23,11.62,5.12,0.03,-1.02,0
120.0,180.0,:6311588102_0_0,:6311588102_0,0,27.78,17.6,0,0.0,27.78,24.23,15.8,1.8,1.55,1.15,0.52,-0.9,0
120.0,180.0,:6469564795_4_0,:6469564795_4,0,8.23,9.24,0,0.0,8.23,,,,,,1.45,0.42,0
120.0,180.0,:6469564795_6_0,:6469564795_6,0,6.78,6.65,0,0.0,6.78,,,,,,-0.72,-4.0,1
120.0,180.0,:6469974905_3_0,:6469974905_3,0,11.11,11.19,0,0.0,11.11,62.69,62.16,10.41,5.63,5.55,-0.07,-0.5,0
120.0,180.0,:6544715978_2_0,:6544715978_2,0,6.02,5.71,0,0.0,6.02,,,,,,-1.54,-3.1,1
120.0,180.0,:663804415_3_0,:663804415_3,0,11.11,11.37,0,0.0,11.11,64.67,64.67,0.54,6.24,6.24,-0.24,-0.93,0
120.0,180.0,:663825914_0_0,:663825914_0,0,27.78,16.06,0,0.0,27.78,28.16,13.74,2.01,2.05,1.0,0.72,-1.33,0
120.0,180.0,:663825934_1_0,:663825934_1,0,11.11,8.93,0,0.0,11.11,4.8,3.46,-1.1,1.11,1.03,1.32,0.31,0
120.0,180.0,:663825934_3_0,:663825934_3,0,6.15,6.69,0,0.0,6.15,,,,,,-1.08,-3.73,1
120.0,180.0,:663825934_4_0,:663825934_4,0,19.45,15.76,0,0.0,19.45,27.75,13.2,1.9,2.13,1.0,-0.96,-4.0,2
120.0,180.0,:663825934_6_0,:663825934_6,0,11.11,8.25,0,0.0,11.11,6.78,6.15,-0.7,1.15,0.95,0.56,-1.33,0
120.0,180.0,:663825934_7_0,:663825934_7,0,7.03,8.46,0,0.0,7.03,,,,,,0.68,-0.13,0
120.0,180.0,:663826061_0_0,:663826061_0,0,6.16,6.44,0,0.0,6.16,,,,,,1.07,0.08,0
120.0,180.0,:663842386_3_0,:663842386_3,1,9.76,11.72,0,0.13,11.11,27.51,12.42,-1.65,2.86,1.27,-0.03,-1.34,0
120.0,180.0,:663940642_1_0,:663940642_1,0,6.17,5.51,0,0.0,6.17,,,,,,1.8,1.01,0
120.0,180.0,:663940642_3_0,:663940642_3,0,8.31,7.47,0,0.0,8.31,,,,,,-0.34,-1.29,0
120.0,180.0,:663943263_3_0,:663943263_3,0,5.84,5.86,0,0.0,5.84,8.37,8.37,-1.68,1.43,1.43,0.07,0.07,0
120.0,180.0,:663943275_7_0,:663943275_7,1,10.42,12.46,0,0.21,11.11,42.07,12.14,1.3,4.14,1.21,0.07,-2.3,0
120.0,180.0,:663943276_2_0,:663943276_2,0,11.11,8.88,0,0.0,11.11,,,,,,1.35,0.47,0
120.0,180.0,:663943276_3_0,:663943276_3,1,5.81,7.62,0,0.22,6.77,28.45,8.27,-2.74,4.76,1.3,0.05,-5.0,1
120.0,180.0,:664446124_1_0,:664446124_1,1,10.54,11.34,0,0.29,11.11,,,,,,0.15,-0.4,0
120.0,180.0,:664446124_2_0,:664446124_2,0,5.65,5.15,0,0.0,5.65,138.68,137.5,4.87,28.5,27.9,-0.05,-0.58,0
120.0,180.0,:664446125_0_0,:664446125_0,0,11.11,11.17,0,0.0,11.11,,,,,,-0.54,-0.59,0
120.0,180.0,:664446125_1_0,:664446125_1,0,11.11,11.13,0,0.0,11.11,101.44,51.93,7.35,9.29,4.68,-0.08,-0.93,0
120.0,180.0,:664446129_0_0,:664446129_0,0,11.11,11.0,0,0.0,11.11,41.41,40.34,7.75,3.81,3.67,-0.51,-0.74,0
120.0,180.0,:664446129_1_0,:664446129_1,0,5.61,5.89,0,0.0,5.61,26.99,9.43,1.58,5.06,1.95,-0.86,-5.0,1
120.0,180.0,:664446531_1_0,:664446531_1,0,3.65,3.29,0,0.0,3.65,,,,,,0.28,-0.33,0
120.0,180.0,:664446557_1_0,:664446557_1,0,9.44,10.04,0,0.0,9.44,49.92,14.61,-3.88,5.46,1.46,-0.71,-3.95,1
120.0,180.0,:664446557_2_0,:664446557_2,1,5.75,10.33,0,0.13,11.11,76.71,52.65,-5.78,32.46,5.44,1.27,0.65,0
120.0,180.0,:664446557_4_0,:664446557_4,0,6.73,6.27,0,0.0,6.73,21.81,10.15,-9.21,10.1,8.21,1.03,-0.15,0
120.0,180.0,:664446557_5_0,:664446557_5,1,1.26,10.42,0,0.12,22.22,52.45,19.28,-5.75,27.01,2.93,1.22,0.15,0
120.0,180.0,:664446571_2_0,:664446571_2,0,6.3,6.46,0,0.0,6.3,134.74,54.64,-7.2,21.92,8.46,-1.56,-5.0,3
120.0,180.0,:664446588_1_0,:664446588_1,0,11.11,11.74,0,0.0,11.11,116.13,115.88,0.36,10.48,10.35,-0.08,-0.95,0
120.0,180.0,:664446590_0_0,:664446590_0,0,27.78,17.87,0,0.0,27.78,43.11,18.28,1.97,2.98,1.61,-0.55,-2.09,0
120.0,180.0,:664446590_2_0,:664446590_2,0,6.02,5.28,0,0.0,6.02,13.14,10.39,-11.18,2.49,1.97,-2.5,-5.0,1
120.0,180.0,:664446594_1_0,:664446594_1,0,7.62,7.26,0,0.0,7.62,200.59,200.59,7.17,27.97,27.97,-0.26,-1.19,0
120.0,180.0,:664446594_6_0,:664446594_6,0,11.11,11.4,0,0.0,11.11,122.49,122.39,0.67,10.84,10.76,0.3,-0.39,0
120.0,180.0,:664446596_2_0,:664446596_2,0,5.86,6.22,0,0.0,5.86,,,,,,0.15,-0.8,0
120.0,180.0,:664446599_7_0,:664446599_7,0,11.11,11.29,0,0.06,11.11,147.73,122.04,5.41,13.87,10.81,0.3,-1.32,0
120.0,180.0,:664447004_10_0,:664447004_10,0,8.05,7.0,0,0.0,8.05,,,,,,-0.11,-1.05,0
120.0,180.0,:664447004_6_0,:664447004_6,0,11.11,10.51,0,0.0,11.11,,,,,,0.44,-0.62,0
120.0,180.0,:664447004_7_0,:664447004_7,0,8.05,7.17,0,0.0,8.05,,,,,,-1.52,-5.0,1
120.0,180.0,:664447208_7_0,:664447208_7,0,11.11,11.17,0,0.0,11.11,,,,,,0.61,0.36,0
120.0,180.0,:664472662_0_0,:664472662_0,0,7.19,7.22,0,0.0,7.19,61.7,26.54,-6.35,9.19,3.74,-1.31,-5.0,3
120.0,180.0,:664472662_1_0,:664472662_1,0,27.78,13.83,0,0.0,27.78,59.89,12.72,2.39,5.05,1.08,1.03,-0.64,0
120.0,180.0,:664472699_0_0,:664472699_0,0,6.58,3.4,0,0.0,6.58,19.77,9.64,-7.9,11.2,8.14,1.13,0.57,0
120.0,180.0,:664472699_2_0,:664472699_2,1,13.47,17.8,0,0.29,22.22,33.72,17.75,5.24,2.19,1.31,-0.4,-3.52,2
120.0,180.0,:664472703_12_0,:664472703_12,0,8.11,7.03,0,0.0,8.11,,,,,,-0.11,-0.37,0
120.0,180.0,:664472703_1_0,:664472703_1,0,7.94,7.61,0,0.0,7.94,51.4,49.97,-2.9,6.8,6.57,0.23,-1.99,0
120.0,180.0,:664472703_3_0,:664472703_3,0,6.44,6.06,0,0.0,6.44,173.75,170.76,5.94,29.27,28.16,-1.26,-4.0,1
120.0,180.0,:664472703_4_0,:664472703_4,0,8.11,7.19,0,0.0,8.11,,,,,,1.62,1.62,0
120.0,180.0,:664472707_3_0,:664472707_3,0,3.65,3.78,0,0.0,3.65,,,,,,-3.26,-5.0,1
120.0,180.0,:664472708_0_0,:664472708_0,0,7.06,6.21,0,0.0,7.06,,,,,,-0.96,-3.52,1
120.0,180.0,:664472749_1_0,:664472749_1,1,6.4,6.4,0,0.05,6.14,21.18,21.18,-2.79,3.31,3.31,-1.56,-5.0,2
120.0,180.0,:664472749_2_0,:664472749_2,0,6.02,6.45,0,0.0,6.02,115.67,114.03,2.92,19.22,18.15,-0.46,-1.41,0
120.0,180.0,:664472751_1_0,:664472751_1,0,7.8,7.71,0,0.0,7.8,64.99,46.96,-3.15,9.62,6.63,0.18,-4.27,1
120.0,180.0,:664472751_2_0,:664472751_2,0,11.11,9.92,0,0.0,11.11,50.59,11.01,-0.01,5.24,1.11,-0.19,-0.67,0
120.0,180.0,:664472776_3_0,:664472776_3,0,6.02,7.07,0,0.0,6.02,,,,,,-0.84,-2.11,0
120.0,180.0,:664472776_4_0,:664472776_4,0,11.11,11.89,0,0.0,11.11,38.1,12.37,1.2,3.37,1.06,0.02,-1.31,0
120.0,180.0,:7371768928_0_0,:7371768928_0,0,11.11,9.4,0,0.0,11.11,,,,,,-0.64,-0.64,0
120.0,180.0,:cluster_10279701138_664472033_8_1,:cluster_10279701138_664472033_8,0,27.78,17.49,0,0.0,27.78,,,,,,-0.67,-1.41,0
120.0,180.0,:cluster_10279701141_664472702_0_0,:cluster_10279701141_664472702_0,0,11.11,11.64,0,0.0,11.11,57.21,12.31,4.05,5.62,1.29,0.1,-0.91,0
120.0,180.0,:cluster_10279701141_664472702_10_0,:cluster_10279701141_664472702_10,1,8.89,9.5,0,0.15,10.16,58.83,8.91,-3.94,10.31,1.14,1.51,0.53,0
120.0,180.0,:cluster_10279701141_664472702_11_0,:cluster_10279701141_664472702_11,0,6.02,5.76,0,0.0,6.02,,,,,,0.62,-0.77,0
120.0,180.0,:cluster_10279701141_664472702_2_0,:cluster_10279701141_664472702_2,0,6.02,6.21,0,0.0,6.02,,,,,,-3.96,-5.0,1
120.0,180.0,:cluster_10279701141_664472702_5_0,:cluster_10279701141_664472702_5,0,27.78,17.88,0,0.0,27.78,91.0,54.36,5.45,5.26,3.04,-0.07,-1.55,0
120.0,180.0,:cluster_10279701141_664472702_5_1,:cluster_10279701141_664472702_5,0,27.78,16.64,0,0.0,27.78,,,,,,0.29,-0.19,0
120.0,180.0,:cluster_10279701141_664472702_8_0,:cluster_10279701141_664472702_8,0,9.6,8.79,0,0.0,9.6,109.47,69.63,-2.8,13.32,8.29,1.16,-1.68,0
120.0,180.0,:cluster_10279701142_664471710_0_0,:cluster_10279701142_664471710_0,0,11.11,11.87,0,0.0,11.11,131.96,131.83,0.2,11.23,11.11,0.1,-0.98,0
120.0,180.0,:cluster_10279701142_664471710_10_0,:cluster_10279701142_664471710_10,0,27.78,17.89,0,0.0,27.78,64.03,32.35,3.6,3.91,1.84,-0.22,-5.0,1
120.0,180.0,:cluster_10279701142_664471710_10_1,:cluster_10279701142_664471710_10,0,27.78,17.7,0,0.0,27.78,61.98,61.74,-0.1,3.58,3.49,0.06,-1.45,0
120.0,180.0,:cluster_10279701142_664471710_16_0,:cluster_10279701142_664471710_16,0,10.39,6.76,0,0.0,10.39,39.52,14.78,-11.0,11.23,5.66,1.55,0.54,0
120.0,180.0,:cluster_10279701142_664471710_1_0,:cluster_10279701142_664471710_1,0,11.11,11.05,0,0.0,11.11,110.65,110.17,-0.72,10.28,10.0,-0.12,-0.95,0
120.0,180.0,:cluster_10279701142_664471710_1_1,:cluster_10279701142_664471710_1,0,11.11,11.05,0,0.0,11.11,,,,,,0.41,-2.1,0
120.0,180.0,:cluster_10279701142_664471710_5_0,:cluster_10279701142_664471710_5,0,8.42,6.41,0,0.0,8.42,69.4,32.15,-12.77,25.48,15.72,1.07,0.67,0
120.0,180.0,:cluster_10279701142_664471710_6_0,:cluster_10279701142_664471710_6,0,11.11,6.61,0,0.0,11.11,91.44,91.36,-0.12,14.64,13.85,1.32,0.51,0
120.0,180.0,:cluster_10279761592_11942000229_11942000233_663943274_0_0,:cluster_10279761592_11942000229_11942000233_663943274_0,0,9.3,8.24,0,0.0,9.3,,,,,,0.68,-1.25,0
120.0,180.0,:cluster_10279761592_11942000229_11942000233_663943274_12_0,:cluster_10279761592_11942000229_11942000233_663943274_12,0,6.41,6.69,0,0.0,6.41,55.25,8.94,-3.45,9.18,1.49,0.43,-0.75,0
120.0,180.0,:cluster_10279761592_11942000229_11942000233_663943274_13_0,:cluster_10279761592_11942000229_11942000233_663943274_13,0,5.31,5.4,0,0.0,5.31,5.85,5.29,-0.75,1.29,1.11,-0.03,-1.56,0
120.0,180.0,:cluster_10279761592_11942000229_11942000233_663943274_1_0,:cluster_10279761592_11942000229_11942000233_663943274_1,0,11.11,10.59,0,0.0,11.11,55.9,55.65,-0.71,5.55,5.28,1.4,0.92,0
120.0,180.0,:cluster_10279761592_11942000229_11942000233_663943274_2_0,:cluster_10279761592_11942000229_11942000233_663943274_2,0,6.41,7.06,0,0.0,6.41,50.27,7.34,-3.33,8.41,1.34,-1.59,-5.0,4
120.0,180.0,:cluster_10279761592_11942000229_11942000233_663943274_3_0,:cluster_10279761592_11942000229_11942000233_663943274_3,0,5.31,5.0,0,0.0,5.31,5.55,5.12,0.55,1.2,1.04,-0.4,-5.0,1
120.0,180.0,:cluster_10279761592_11942000229_11942000233_663943274_9_0,:cluster_10279761592_11942000229_11942000233_663943274_9,1,2.7,8.55,0,0.13,11.11,33.74,23.07,-6.09,13.71,5.27,1.73,0.52,0
120.0,180.0,:cluster_10279842289_10846984358_2281204203_663943533_10_0,:cluster_10279842289_10846984358_2281204203_663943533_10,0,6.53,6.23,0,0.0,6.53,40.07,36.1,-3.3,6.45,5.79,-0.35,-0.91,0
120.0,180.0,:cluster_10279842289_10846984358_2281204203_663943533_1_0,:cluster_10279842289_10846984358_2281204203_663943533_1,0,6.53,6.65,0,0.0,6.53,37.54,33.57,-3.43,5.93,5.38,-1.72,-4.0,3
120.0,180.0,:cluster_10281958922_663940594_1_0,:cluster_10281958922_663940594_1,0,13.89,13.21,0,0.0,13.89,,,,,,-3.61,-4.7,1
120.0,180.0,:cluster_10281958922_663940594_1_1,:cluster_10281958922_663940594_1,0,13.89,15.29,0,0.0,13.89,50.11,12.74,2.43,3.7,1.14,-1.33,-4.66,3
120.0,180.0,:cluster_10281958922_663940594_4_0,:cluster_10281958922_663940594_4,0,10.62,8.59,0,0.0,10.62,72.25,32.98,-11.73,26.82,8.76,1.89,1.02,0
120.0,180.0,:cluster_10281958922_663940594_5_0,:cluster_10281958922_663940594_5,0,11.11,10.46,0,0.0,11.11,,,,,,1.23,-0.73,0
120.0,180.0,:cluster_10281958922_663940594_7_0,:cluster_10281958922_663940594_7,0,22.23,17.55,0,0.0,22.23,,,,,,-0.08,-1.14,0
120.0,180.0,:cluster_10281958922_663940594_7_1,:cluster_10281958922_663940594_7,0,22.23,17.29,0,0.0,22.23,,,,,,0.57,0.19,0
120.0,180.0,:cluster_10281958925_10281958926_6508834064_6508834065_#1more_0_0,:cluster_10281958925_10281958926_6508834064_6508834065_#1more_0,0,15.28,14.74,0,0.0,15.28,53.05,13.33,-1.02,4.72,1.7,1.34,0.3,0
120.0,180.0,:cluster_10281958925_10281958926_6508834064_6508834065_#1more_10_0,:cluster_10281958925_10281958926_6508834064_6508834065_#1more_10,0,15.23,11.48,0,0.0,15.23,38.69,4.0,-5.19,8.77,1.06,1.23,-0.63,0
120.0,180.0,:cluster_10281958925_10281958926_6508834064_6508834065_#1more_16_0,:cluster_10281958925_10281958926_6508834064_6508834065_#1more_16,0,9.86,9.02,0,0.0,9.86,74.07,67.52,8.09,9.33,7.49,1.29,0.56,0
120.0,180.0,:cluster_10281958925_10281958926_6508834064_6508834065_#1more_1_0,:cluster_10281958925_10281958926_6508834064_6508834065_#1more_1,0,16.67,16.78,0,0.0,16.67,,,,,,-0.37,-1.51,0
120.0,180.0,:cluster_10281958925_10281958926_6508834064_6508834065_#1more_6_0,:cluster_10281958925_10281958926_6508834064_6508834065_#1more_6,0,16.67,16.48,0,0.0,16.67,93.19,93.04,-0.23,5.88,5.83,0.13,-1.25,0
120.0,180.0,:cluster_10281958925_10281958926_6508834064_6508834065_#1more_6_1,:cluster_10281958925_10281958926_6508834064_6508834065_#1more_6,0,16.67,17.61,0,0.0,16.67,,,,,,0.52,-0.19,0
120.0,180.0,:cluster_10281958925_10281958926_6508834064_6508834065_#1more_8_0,:cluster_10281958925_10281958926_6508834064_6508834065_#1more_8,2,1.43,8.93,1,0.48,9.86,28.99,0.1,-8.26,61.2,1.02,-0.61,-5.0,7
120.0,180.0,:cluster_10281958932_663804338_0_0,:cluster_10281958932_663804338_0,0,16.67,16.6,0,0.0,16.67,,,,,,-0.4,-1.49,0
120.0,180.0,:cluster_10281958932_663804338_0_1,:cluster_10281958932_663804338_0,0,16.67,15.23,0,0.0,16.67,,,,,,0.88,-0.28,0
120.0,180.0,:cluster_10281958932_663804338_3_0,:cluster_10281958932_663804338_3,0,10.63,10.19,0,0.0,10.63,19.08,14.07,-3.18,2.54,2.51,1.43,-0.39,0
120.0,180.0,:cluster_10281958932_663804338_4_1,:cluster_10281958932_663804338_4,0,16.67,16.37,0,0.0,16.67,,,,,,0.98,0.59,0
120.0,180.0,:cluster_10281958932_663804338_7_0,:cluster_10281958932_663804338_7,0,10.76,10.42,0,0.0,10.76,62.08,21.93,-12.78,18.73,14.63,1.03,-0.95,0
120.0,180.0,:cluster_10281958932_663804338_8_1,:cluster_10281958932_663804338_8,0,11.11,10.1,0,0.0,11.11,168.31,166.1,3.98,16.71,16.44,0.98,-0.18,0
120.0,180.0,:cluster_10281958935_12287656430_12287656431_663940647_12_0,:cluster_10281958935_12287656430_12287656431_663940647_12,0,5.8,5.79,0,0.0,5.8,,,,,,-2.32,-5.0,1
120.0,180.0,:cluster_10281958935_12287656430_12287656431_663940647_14_0,:cluster_10281958935_12287656430_12287656431_663940647_14,0,8.34,8.49,0,0.0,8.34,,,,,,0.36,-1.98,0
120.0,180.0,:cluster_10281965682_663944134_1_0,:cluster_10281965682_663944134_1,1,8.51,9.37,0,0.17,11.11,,,,,,-0.01,-1.71,0
120.0,180.0,:cluster_10281965682_663944134_3_0,:cluster_10281965682_663944134_3,0,8.61,9.52,0,0.0,8.61,40.48,11.62,-9.73,10.24,4.75,1.39,0.26,0
120.0,180.0,:cluster_10281965682_663944134_5_0,:cluster_10281965682_663944134_5,0,6.73,4.33,0,0.0,6.73,,,,,,0.55,-1.93,0
120.0,180.0,:cluster_10281965682_663944134_6_0,:cluster_10281965682_663944134_6,0,27.78,17.33,0,0.0,27.78,92.91,45.62,-0.82,5.64,2.83,0.54,0.19,0
120.0,180.0,:cluster_10560867453_663943486_1_0,:cluster_10560867453_663943486_1,0,19.45,8.4,0,0.0,19.45,144.51,123.66,-2.1,18.18,14.78,1.32,0.55,0
120.0,180.0,:cluster_10560867453_663943486_2_0,:cluster_10560867453_663943486_2,2,5.71,6.18,0,0.22,11.11,66.49,3.28,-5.49,25.54,1.1,1.15,0.53,0
120.0,180.0,:cluster_10560867453_663943486_3_0,:cluster_10560867453_663943486_3,0,5.98,6.1,0,0.0,5.98,36.49,5.54,-7.62,8.15,4.37,1.39,0.35,0
120.0,180.0,:cluster_10560867453_663943486_4_0,:cluster_10560867453_663943486_4,0,5.81,5.39,0,0.0,5.81,55.2,51.62,-7.18,10.32,9.58,-0.71,-1.93,0
120.0,180.0,:cluster_10560867453_663943486_6_0,:cluster_10560867453_663943486_6,0,8.58,9.27,0,0.0,8.58,49.26,49.24,-0.21,5.36,5.32,-1.57,-3.44,1
120.0,180.0,:cluster_10917990606_663844223_1_0,:cluster_10917990606_663844223_1,0,8.47,9.55,0,0.0,8.47,61.36,48.64,3.42,14.73,5.85,0.19,-5.0,1
120.0,180.0,:cluster_10917990606_663844223_6_0,:cluster_10917990606_663844223_6,1,4.76,9.47,0,0.26,27.78,16.18,4.56,-0.73,4.29,1.0,1.01,-3.69,1
120.0,180.0,:cluster_10943433501_10943433503_0_0,:cluster_10943433501_10943433503_0,0,22.22,17.98,0,0.0,22.22,55.58,21.61,6.48,3.55,1.25,1.12,-0.39,0
120.0,180.0,:cluster_10943433501_10943433503_14_0,:cluster_10943433501_10943433503_14,0,22.22,15.34,0,0.0,22.22,121.71,121.71,2.76,7.93,7.93,1.04,0.59,0
120.0,180.0,:cluster_10943433501_10943433503_17_0,:cluster_10943433501_10943433503_17,0,10.03,9.6,0,0.0,10.03,,,,,,0.72,-0.38,0
120.0,180.0,:cluster_10943433501_10943433503_5_0,:cluster_10943433501_10943433503_5,0,15.73,10.67,0,0.0,15.73,78.98,78.12,0.86,8.59,7.32,1.36,0.53,0
120.0,180.0,:cluster_10943433501_10943433503_9_0,:cluster_10943433501_10943433503_9,0,18.05,11.3,0,0.0,18.05,,,,,,1.11,0.68,0
120.0,180.0,:cluster_10943484228_1190100465_9_0,:cluster_10943484228_1190100465_9,1,8.99,12.07,0,0.1,13.89,60.07,42.49,-0.65,6.28,3.71,1.57,0.48,0
120.0,180.0,:cluster_10943717330_6470135655_1_0,:cluster_10943717330_6470135655_1,0,12.19,9.29,0,0.0,12.19,,,,,,1.01,0.66,0
120.0,180.0,:cluster_10943717330_6470135655_9_0,:cluster_10943717330_6470135655_9,0,11.11,11.07,0,0.07,11.11,122.2,88.25,-1.13,11.57,7.99,0.04,-1.04,0
120.0,180.0,:cluster_11158897098_664472732_0_1,:cluster_11158897098_664472732_0,0,11.11,10.77,0,0.0,11.11,,,,,,-0.29,-0.5,0
120.0,180.0,:cluster_11158897098_664472732_4_0,:cluster_11158897098_664472732_4,0,27.78,17.44,0,0.0,27.78,,,,,,0.15,0.15,0
120.0,180.0,:cluster_11158897098_664472732_4_1,:cluster_11158897098_664472732_4,0,27.78,17.36,0,0.0,27.78,,,,,,-0.23,-1.12,0
120.0,180.0,:cluster_11158897098_664472732_9_0,:cluster_11158897098_664472732_9,0,7.18,6.6,0,0.0,7.18,,,,,,0.97,0.49,0
120.0,180.0,:cluster_11158897100_11158897101_11158897102_664471748_#1more_0_0,:cluster_11158897100_11158897101_11158897102_664471748_#1more_0,0,13.85,12.66,0,0.0,13.85,39.01,14.39,-2.16,4.25,1.69,1.54,0.47,0
120.0,180.0,:cluster_11158897100_11158897101_11158897102_664471748_#1more_13_0,:cluster_11158897100_11158897101_11158897102_664471748_#1more_13,0,27.78,17.65,0,0.0,27.78,114.0,76.28,0.81,7.73,4.41,-0.04,-0.73,0
120.0,180.0,:cluster_11158897100_11158897101_11158897102_664471748_#1more_15_0,:cluster_11158897100_11158897101_11158897102_664471748_#1more_15,0,6.07,5.88,0,0.0,6.07,9.65,0.1,-7.18,46.29,7.75,-0.96,-4.57,4
120.0,180.0,:cluster_11158897100_11158897101_11158897102_664471748_#1more_17_0,:cluster_11158897100_11158897101_11158897102_664471748_#1more_17,0,11.11,10.16,0,0.0,11.11,,,,,,2.52,2.45,0
120.0,180.0,:cluster_11158897100_11158897101_11158897102_664471748_#1more_20_0,:cluster_11158897100_11158897101_11158897102_664471748_#1more_20,0,6.07,5.41,0,0.0,6.07,19.6,12.92,-13.31,9.98,9.46,1.13,-0.94,0
120.0,180.0,:cluster_11158897100_11158897101_11158897102_664471748_#1more_3_0,:cluster_11158897100_11158897101_11158897102_664471748_#1more_3,0,11.11,8.84,0,0.0,11.11,,,,,,-3.13,-3.88,1
120.0,180.0,:cluster_11158897100_11158897101_11158897102_664471748_#1more_6_0,:cluster_11158897100_11158897101_11158897102_664471748_#1more_6,0,11.08,12.27,0,0.0,11.08,140.11,138.74,-2.83,13.91,13.13,1.52,-1.86,0
120.0,180.0,:cluster_11158897100_11158897101_11158897102_664471748_#1more_7_0,:cluster_11158897100_11158897101_11158897102_664471748_#1more_7,1,2.53,15.6,0,0.05,18.05,51.98,17.07,-4.95,10.04,2.62,1.81,0.53,0
120.0,180.0,:cluster_11502623494_11502623496_1186025300_13298747739_5_0,:cluster_11502623494_11502623496_1186025300_13298747739_5,0,11.11,11.5,0,0.0,11.11,60.55,12.04,0.41,5.57,1.05,-0.28,-2.83,0
120.0,180.0,:cluster_11502623497_1177160337_4_0,:cluster_11502623497_1177160337_4,0,11.11,5.62,0,0.0,11.11,6.27,5.7,-1.23,1.29,1.22,1.47,0.98,0
120.0,180.0,:cluster_1174832725_13298747729_13298747740_5_0,:cluster_1174832725_13298747729_13298747740_5,0,11.11,11.61,0,0.0,11.11,16.67,13.49,1.79,1.51,1.16,0.61,-1.31,0
120.0,180.0,:cluster_1176977581_1176977943_13_0,:cluster_1176977581_1176977943_13,0,11.11,10.99,0,0.0,11.11,143.08,140.87,-1.72,13.82,13.05,-0.29,-1.61,0
120.0,180.0,:cluster_1176977581_1176977943_17_0,:cluster_1176977581_1176977943_17,0,3.65,2.91,0,0.0,3.65,,,,,,-0.74,-2.31,0
120.0,180.0,:cluster_1176977581_1176977943_2_0,:cluster_1176977581_1176977943_2,0,7.98,7.76,0,0.0,7.98,,,,,,1.12,0.5,0
120.0,180.0,:cluster_1176977581_1176977943_7_0,:cluster_1176977581_1176977943_7,0,3.65,3.64,0,0.0,3.65,,,,,,-3.64,-3.64,1
120.0,180.0,:cluster_1177160373_664472773_12_0,:cluster_1177160373_664472773_12,0,9.37,8.74,0,0.0,9.37,96.59,93.7,3.29,11.73,10.97,-0.66,-4.39,1
120.0,180.0,:cluster_1177160373_664472773_13_0,:cluster_1177160373_664472773_13,0,13.89,16.66,0,0.0,13.89,,,,,,0.29,-0.31,0
120.0,180.0,:cluster_1177160373_664472773_1_0,:cluster_1177160373_664472773_1,0,13.89,11.98,0,0.0,13.89,50.74,7.49,-1.47,7.06,1.25,1.91,0.46,0
120.0,180.0,:cluster_1177160373_664472773_2_0,:cluster_1177160373_664472773_2,0,10.62,10.81,0,0.0,10.62,23.49,9.31,-7.63,4.46,1.28,1.91,0.56,0
120.0,180.0,:cluster_1177160373_664472773_5_0,:cluster_1177160373_664472773_5,0,13.89,13.89,0,0.0,13.89,,,,,,0.25,-0.73,0
120.0,180.0,:cluster_1177160434_1177161050_0_0,:cluster_1177160434_1177161050_0,0,11.21,11.94,0,0.0,11.21,,,,,,1.07,-1.82,0
120.0,180.0,:cluster_1177160434_1177161050_4_0,:cluster_1177160434_1177161050_4,0,27.78,16.67,0,0.0,27.78,29.35,13.94,1.14,2.17,1.01,-0.03,-1.33,0
120.0,180.0,:cluster_1177160434_1177161050_5_0,:cluster_1177160434_1177161050_5,0,11.79,11.38,0,0.0,11.79,,,,,,-0.24,-1.57,0
120.0,180.0,:cluster_1177160434_1177161050_6_0,:cluster_1177160434_1177161050_6,0,7.21,7.68,0,0.0,7.21,122.78,58.74,-5.53,17.24,7.65,0.66,-0.91,0
120.0,180.0,:cluster_1177161169_664472775_1_0,:cluster_1177161169_664472775_1,0,18.05,10.29,0,0.0,18.05,39.97,23.01,-4.75,4.74,2.82,1.46,0.5,0
120.0,180.0,:cluster_1177161169_664472775_3_0,:cluster_1177161169_664472775_3,0,6.61,5.44,0,0.0,6.61,,,,,,-0.55,-0.83,0
120.0,180.0,:cluster_1177161169_664472775_4_0,:cluster_1177161169_664472775_4,0,11.11,10.72,0,0.0,11.11,,,,,,0.04,-0.61,0
120.0,180.0,:cluster_1177161441_1190128246_0_0,:cluster_1177161441_1190128246_0,0,8.63,6.14,0,0.0,8.63,14.94,11.02,-16.12,10.4,10.06,1.53,0.54,0
120.0,180.0,:cluster_1177161441_1190128246_4_0,:cluster_1177161441_1190128246_4,0,22.22,17.78,0,0.0,22.22,70.59,24.46,1.38,4.81,1.47,1.12,-2.01,0
120.0,180.0,:cluster_1177211304_1177211692_6_0,:cluster_1177211304_1177211692_6,1,6.04,17.72,0,0.26,22.22,22.38,7.06,6.84,1.76,1.04,-2.03,-4.67,14
120.0,180.0,:cluster_1177211336_1191714436_10_0,:cluster_1177211336_1191714436_10,0,8.38,5.84,0,0.0,8.38,108.63,108.63,5.84,18.61,18.61,-5.0,-5.0,1
120.0,180.0,:cluster_1177211336_1191714436_13_0,:cluster_1177211336_1191714436_13,0,13.89,10.44,0,0.0,13.89,,,,,,1.58,0.5,0
120.0,180.0,:cluster_1177211336_1191714436_18_0,:cluster_1177211336_1191714436_18,0,8.38,6.43,0,0.0,8.38,58.55,54.89,-6.97,9.29,8.74,0.3,-0.27,0
120.0,180.0,:cluster_1177211336_1191714436_5_0,:cluster_1177211336_1191714436_5,0,13.89,10.54,0,0.0,13.89,58.45,53.82,2.36,6.46,5.62,1.26,0.83,0
120.0,180.0,:cluster_1177211353_1177211711_15_0,:cluster_1177211353_1177211711_15,0,3.65,4.2,0,0.0,3.65,,,,,,-1.62,-1.62,0
120.0,180.0,:cluster_1177211353_1177211711_19_0,:cluster_1177211353_1177211711_19,0,3.65,3.89,0,0.0,3.65,,,,,,-0.64,-0.64,0
120.0,180.0,:cluster_1177211353_1177211711_5_0,:cluster_1177211353_1177211711_5,0,22.22,13.3,0,0.0,22.22,42.03,40.01,2.01,3.6,3.05,1.37,0.87,0
120.0,180.0,:cluster_1177211367_9189383185_12_0,:cluster_1177211367_9189383185_12,0,8.85,7.84,0,0.0,8.85,,,,,,0.82,-0.38,0
120.0,180.0,:cluster_1177211367_9189383185_5_0,:cluster_1177211367_9189383185_5,0,8.34,7.78,0,0.0,8.34,101.51,97.19,-2.96,27.34,13.03,1.69,-1.85,0
120.0,180.0,:cluster_1177211394_1177211683_2_0,:cluster_1177211394_1177211683_2,0,7.74,7.48,0,0.0,7.74,44.92,15.45,-12.57,13.04,6.64,1.04,-0.67,0
120.0,180.0,:cluster_1177211394_1177211683_6_0,:cluster_1177211394_1177211683_6,1,14.15,17.7,0,0.26,22.22,47.25,13.86,0.52,3.14,1.03,0.06,-2.0,0
120.0,180.0,:cluster_1177211428_1177211911_0_0,:cluster_1177211428_1177211911_0,0,5.75,5.31,0,0.0,5.75,,,,,,-1.47,-3.22,1
120.0,180.0,:cluster_1177211428_1177211911_5_0,:cluster_1177211428_1177211911_5,1,17.03,17.46,0,0.05,22.22,,,,,,-0.28,-0.99,0
120.0,180.0,:cluster_1177211698_663826189_0_0,:cluster_1177211698_663826189_0,1,8.69,8.69,0,0.14,9.17,54.71,24.4,4.27,7.29,3.12,0.88,-1.41,0
120.0,180.0,:cluster_1177211698_663826189_10_0,:cluster_1177211698_663826189_10,0,8.32,7.58,0,0.0,8.32,6.96,6.06,-1.27,0.94,0.83,0.11,-0.46,0
120.0,180.0,:cluster_1177211698_663826189_1_0,:cluster_1177211698_663826189_1,0,12.5,10.67,0,0.0,12.5,61.86,59.63,-2.26,7.93,6.68,1.41,-1.1,0
120.0,180.0,:cluster_1177211698_663826189_4_0,:cluster_1177211698_663826189_4,0,7.36,8.03,0,0.0,7.36,,,,,,-3.16,-5.0,1
120.0,180.0,:cluster_1177211698_663826189_5_0,:cluster_1177211698_663826189_5,0,11.11,9.39,0,0.0,11.11,42.77,42.41,-2.15,4.56,4.53,-0.77,-1.58,0
120.0,180.0,:cluster_1177211838_13300645525_13300645528_0_0,:cluster_1177211838_13300645525_13300645528_0,0,6.14,4.32,0,0.0,6.14,,,,,,-0.78,-5.0,1
120.0,180.0,:cluster_1177211838_13300645525_13300645528_12_0,:cluster_1177211838_13300645525_13300645528_12,0,8.86,8.28,0,0.0,8.86,35.66,11.86,-2.03,5.52,2.13,1.41,0.32,0
120.0,180.0,:cluster_1177211838_13300645525_13300645528_4_0,:cluster_1177211838_13300645525_13300645528_4,1,9.72,9.72,0,0.18,27.78,37.15,6.49,-0.97,6.91,1.28,1.18,-0.52,0
120.0,180.0,:cluster_1177211838_13300645525_13300645528_5_0,:cluster_1177211838_13300645525_13300645528_5,0,8.86,6.64,0,0.0,8.86,28.53,9.46,-3.73,11.25,2.36,1.57,0.52,0
120.0,180.0,:cluster_1177212073_13300645524_664471560_10_0,:cluster_1177212073_13300645524_664471560_10,0,27.78,14.42,0,0.0,27.78,36.71,24.51,6.45,8.26,1.86,1.07,-2.55,0
120.0,180.0,:cluster_1177212073_13300645524_664471560_15_0,:cluster_1177212073_13300645524_664471560_15,0,9.95,3.57,0,0.0,9.95,9.53,3.37,-1.27,7.59,2.72,-0.33,-3.08,1
120.0,180.0,:cluster_1177212073_13300645524_664471560_17_0,:cluster_1177212073_13300645524_664471560_17,0,8.8,7.46,0,0.0,8.8,,,,,,2.02,0.9,0
120.0,180.0,:cluster_1177212073_13300645524_664471560_18_0,:cluster_1177212073_13300645524_664471560_18,0,4.08,2.6,0,0.0,4.08,13.14,10.02,-6.61,7.96,6.04,1.73,0.96,0
120.0,180.0,:cluster_1177212073_13300645524_664471560_23_0,:cluster_1177212073_13300645524_664471560_23,0,9.95,7.26,0,0.0,9.95,7.57,4.81,-1.78,1.86,1.28,2.01,0.45,0
120.0,180.0,:cluster_1177212073_13300645524_664471560_2_0,:cluster_1177212073_13300645524_664471560_2,0,8.8,4.43,0,0.0,8.8,,,,,,1.72,0.45,0
120.0,180.0,:cluster_1177212073_13300645524_664471560_3_0,:cluster_1177212073_13300645524_664471560_3,0,4.08,1.98,0,0.0,4.08,11.1,0.1,-7.52,18.02,13.85,-0.21,-2.34,0
120.0,180.0,:cluster_1177212073_13300645524_664471560_5_0,:cluster_1177212073_13300645524_664471560_5,0,7.19,6.98,0,0.0,7.19,18.78,5.77,0.42,3.14,1.45,0.11,-5.0,1
120.0,180.0,:cluster_1186025344_13298747727_13298747728_13298747738_#3more_10_0,:cluster_1186025344_13298747727_13298747728_13298747738_#3more_10,0,11.11,7.28,0,0.0,11.11,6.78,4.31,-1.49,1.42,1.22,1.26,0.3,0
120.0,180.0,:cluster_1186025344_13298747727_13298747728_13298747738_#3more_12_0,:cluster_1186025344_13298747727_13298747728_13298747738_#3more_12,0,11.11,9.1,0,0.0,11.11,,,,,,-0.07,-2.27,0
120.0,180.0,:cluster_1189036471_1189036770_14_0,:cluster_1189036471_1189036770_14,0,8.04,8.2,0,0.0,8.04,,,,,,2.14,2.14,0
120.0,180.0,:cluster_1189036471_1189036770_18_0,:cluster_1189036471_1189036770_18,0,8.04,7.17,0,0.0,8.04,,,,,,-2.81,-5.0,2
120.0,180.0,:cluster_1189036471_1189036770_5_0,:cluster_1189036471_1189036770_5,0,13.89,13.86,0,0.0,13.89,,,,,,1.04,0.72,0
120.0,180.0,:cluster_1189036595_13298747741_3_0,:cluster_1189036595_13298747741_3,1,3.27,4.62,0,0.16,11.11,6.21,6.21,-1.71,1.9,1.9,1.29,0.9,0
120.0,180.0,:cluster_1190128285_13300645523_13300645535_3_0,:cluster_1190128285_13300645523_13300645535_3,0,27.78,13.64,0,0.0,27.78,83.84,77.63,4.13,22.53,6.63,1.67,0.56,0
120.0,180.0,:cluster_1191863963_1191864049_0_0,:cluster_1191863963_1191864049_0,0,10.68,10.26,0,0.0,10.68,65.11,62.66,-2.44,7.55,6.88,1.23,0.37,0
120.0,180.0,:cluster_1191863963_1191864049_10_0,:cluster_1191863963_1191864049_10,0,7.95,7.58,0,0.0,7.95,68.1,64.15,-5.43,10.33,9.47,0.71,-0.27,0
120.0,180.0,:cluster_11942000227_11942000230_6173706992_10_0,:cluster_11942000227_11942000230_6173706992_10,0,8.12,7.74,0,0.0,8.12,9.42,8.71,-2.01,1.24,1.13,0.41,-0.43,0
120.0,180.0,:cluster_11942000227_11942000230_6173706992_15_0,:cluster_11942000227_11942000230_6173706992_15,0,7.23,6.72,0,0.0,7.23,97.99,95.88,-4.14,15.14,14.27,-1.17,-2.92,0
120.0,180.0,:cluster_11942000227_11942000230_6173706992_16_0,:cluster_11942000227_11942000230_6173706992_16,0,27.78,15.39,0,0.0,27.78,77.29,76.5,-1.59,5.39,4.97,-1.47,-3.86,1
120.0,180.0,:cluster_11942000227_11942000230_6173706992_21_0,:cluster_11942000227_11942000230_6173706992_21,0,11.11,10.56,0,0.0,11.11,62.93,23.09,-3.22,12.26,2.93,1.74,0.48,0
120.0,180.0,:cluster_11942000227_11942000230_6173706992_25_0,:cluster_11942000227_11942000230_6173706992_25,0,7.65,6.67,0,0.0,7.65,111.07,109.01,-4.35,17.33,16.97,0.93,0.47,0
120.0,180.0,:cluster_11942000227_11942000230_6173706992_8_0,:cluster_11942000227_11942000230_6173706992_8,0,7.65,5.28,0,0.0,7.65,106.73,106.73,-5.7,20.21,20.21,-5.0,-5.0,1
120.0,180.0,:cluster_11942000232_664472748_13_0,:cluster_11942000232_664472748_13,0,11.11,11.17,0,0.0,11.11,83.96,17.54,5.08,8.3,1.58,-0.01,-2.04,0
120.0,180.0,:cluster_11942000232_664472748_2_0,:cluster_11942000232_664472748_2,0,6.92,3.96,0,0.0,6.92,29.11,16.04,-8.42,14.24,10.24,1.13,0.66,0
120.0,180.0,:cluster_11942000232_664472748_5_0,:cluster_11942000232_664472748_5,0,22.22,17.7,0,0.0,22.22,,,,,,-0.08,-0.49,0
120.0,180.0,:cluster_11944729366_664471711_0_0,:cluster_11944729366_664471711_0,0,11.11,10.97,0,0.0,11.11,128.36,128.21,-0.83,11.97,11.71,0.15,-0.67,0
120.0,180.0,:cluster_11944729366_664471711_0_1,:cluster_11944729366_664471711_0,0,11.11,11.52,0,0.0,11.11,75.3,16.12,5.01,6.7,1.48,-0.12,-1.25,0
120.0,180.0,:cluster_11944729366_664471711_2_0,:cluster_11944729366_664471711_2,0,4.66,4.09,0,0.0,4.66,25.5,0.1,-10.69,0.7,0.15,-0.33,-5.0,2
120.0,180.0,:cluster_11944729366_664471711_4_0,:cluster_11944729366_664471711_4,1,5.92,12.52,0,0.08,22.69,69.7,14.56,-3.46,8.77,1.27,1.71,0.46,0
120.0,180.0,:cluster_11944729366_664471711_8_0,:cluster_11944729366_664471711_8,0,4.66,4.55,0,0.0,4.66,9.25,4.61,-4.67,3.15,1.1,0.8,-1.05,0
120.0,180.0,:cluster_13298740740_664446558_1_0,:cluster_13298740740_664446558_1,0,6.52,4.79,0,0.0,6.52,77.16,4.21,-6.57,35.5,1.08,0.93,0.47,0
120.0,180.0,:cluster_13298740740_664446558_2_0,:cluster_13298740740_664446558_2,0,11.11,10.87,0,0.0,11.11,32.42,12.39,3.83,3.02,1.17,-0.26,-1.12,0
120.0,180.0,:cluster_13298740740_664446558_4_0,:cluster_13298740740_664446558_4,0,22.22,8.61,0,0.0,22.22,32.87,5.01,-3.64,8.03,1.13,1.37,-0.36,0
120.0,180.0,:cluster_13298740740_664446558_5_0,:cluster_13298740740_664446558_5,0,6.86,6.62,0,0.0,6.86,,,,,,-1.25,-4.0,1
120.0,180.0,:cluster_13298747733_13298747737_663825864_4_0,:cluster_13298747733_13298747737_663825864_4,0,11.11,6.99,0,0.0,11.11,,,,,,1.39,0.62,0
120.0,180.0,:cluster_13298747733_13298747737_663825864_4_1,:cluster_13298747733_13298747737_663825864_4,0,11.11,7.92,0,0.0,11.11,,,,,,1.86,0.62,0
120.0,180.0,:cluster_13298747733_13298747737_663825864_6_0,:cluster_13298747733_13298747737_663825864_6,0,9.91,5.39,0,0.0,9.91,,,,,,1.0,0.64,0
120.0,180.0,:cluster_13298747747_13298747748_13298747749_13298747755_#2more_0_0,:cluster_13298747747_13298747748_13298747749_13298747755_#2more_0,0,9.42,9.99,0,0.0,9.42,63.13,36.62,-3.32,12.95,3.73,0.9,-4.35,1
120.0,180.0,:cluster_13298747747_13298747748_13298747749_13298747755_#2more_10_0,:cluster_13298747747_13298747748_13298747749_13298747755_#2more_10,0,12.71,9.02,0,0.0,12.71,,,,,,1.25,0.45,0
120.0,180.0,:cluster_13298747747_13298747748_13298747749_13298747755_#2more_11_0,:cluster_13298747747_13298747748_13298747749_13298747755_#2more_11,0,11.11,9.52,0,0.0,11.11,,,,,,1.42,0.53,0
120.0,180.0,:cluster_13298747747_13298747748_13298747749_13298747755_#2more_1_0,:cluster_13298747747_13298747748_13298747749_13298747755_#2more_1,0,16.66,10.7,0,0.0,16.66,116.96,111.06,-4.52,13.26,11.36,1.33,0.9,0
120.0,180.0,:cluster_13298747747_13298747748_13298747749_13298747755_#2more_2_0,:cluster_13298747747_13298747748_13298747749_13298747755_#2more_2,0,11.11,11.17,0,0.0,11.11,76.16,64.28,-3.77,15.46,7.25,1.84,0.74,0
120.0,180.0,:cluster_13298747747_13298747748_13298747749_13298747755_#2more_4_0,:cluster_13298747747_13298747748_13298747749_13298747755_#2more_4,1,3.31,3.31,0,0.05,19.45,65.24,63.06,-4.46,25.94,20.35,1.44,1.2,0
120.0,180.0,:cluster_13298747750_13298747754_7007141699_1_0,:cluster_13298747750_13298747754_7007141699_1,0,6.5,6.65,0,0.0,6.5,55.08,22.7,-5.1,8.73,3.62,-2.65,-5.0,3
120.0,180.0,:cluster_13298747750_13298747754_7007141699_3_0,:cluster_13298747750_13298747754_7007141699_3,0,9.93,4.38,0,0.0,9.93,,,,,,1.2,0.51,0
120.0,180.0,:cluster_13298747751_6469124180_4_0,:cluster_13298747751_6469124180_4,0,11.11,5.63,0,0.0,11.11,112.35,109.9,-3.4,27.61,20.38,1.74,0.73,0
120.0,180.0,:cluster_13298747751_6469124180_6_0,:cluster_13298747751_6469124180_6,0,11.11,11.42,0,0.0,11.11,75.78,75.78,1.6,6.64,6.64,-0.3,-1.05,0
120.0,180.0,:cluster_13300645520_13300645530_663844204_5_0,:cluster_13300645520_13300645530_663844204_5,0,7.61,7.98,0,0.0,7.61,7.63,4.52,-0.95,1.26,1.07,0.73,-1.38,0
120.0,180.0,:cluster_13908994425_13908994429_13908994430_4_0,:cluster_13908994425_13908994429_13908994430_4,1,3.16,8.36,0,0.19,27.78,19.67,1.86,-0.81,6.89,1.03,0.01,-3.66,1
120.0,180.0,:cluster_5424222000_664446587_3_0,:cluster_5424222000_664446587_3,0,27.78,17.94,0,0.0,27.78,47.61,15.03,3.04,2.96,1.11,-0.32,-2.9,0
120.0,180.0,:cluster_5424222000_664446587_6_0,:cluster_5424222000_664446587_6,0,8.5,8.1,0,0.0,8.5,,,,,,-0.53,-0.59,0
120.0,180.0,:cluster_5424222000_664446587_7_0,:cluster_5424222000_664446587_7,0,5.5,5.75,0,0.0,5.5,27.97,9.34,-3.96,5.54,1.72,-1.48,-5.0,3
120.0,180.0,:cluster_5424222009_664446539_2_0,:cluster_5424222009_664446539_2,1,7.64,9.32,0,0.24,8.61,63.75,18.06,-6.82,8.39,2.48,0.77,-2.99,0
120.0,180.0,:cluster_5424222009_664446539_4_0,:cluster_5424222009_664446539_4,0,5.57,5.76,0,0.0,5.57,20.54,20.12,-1.71,3.72,3.64,-0.82,-4.0,1
120.0,180.0,:cluster_5424222009_664446539_6_0,:cluster_5424222009_664446539_6,0,5.57,5.64,0,0.0,5.57,23.87,22.25,-3.17,4.41,4.06,-0.24,-1.24,0
120.0,180.0,:cluster_663842376_663944135_1_0,:cluster_663842376_663944135_1,0,6.77,6.91,0,0.0,6.77,33.96,33.96,-3.84,4.91,4.91,-5.0,-5.0,1
120.0,180.0,:cluster_663842376_663944135_3_0,:cluster_663842376_663944135_3,0,9.92,10.63,0,0.0,9.92,55.98,54.85,-1.21,6.01,5.32,1.23,-0.79,0
120.0,180.0,:cluster_663842376_663944135_4_0,:cluster_663842376_663944135_4,0,27.78,17.37,0,0.0,27.78,57.52,15.86,-2.0,4.67,1.14,0.47,-1.72,0
120.0,180.0,:cluster_663842376_663944135_6_0,:cluster_663842376_663944135_6,0,6.77,6.97,0,0.0,6.77,37.04,35.9,-4.2,5.88,5.15,-1.13,-2.38,0
120.0,180.0,:cluster_663943516_664446119_0_0,:cluster_663943516_664446119_0,0,10.68,8.56,0,0.0,10.68,33.2,20.15,-0.42,4.56,2.35,1.38,1.07,0
120.0,180.0,:cluster_663943516_664446119_1_0,:cluster_663943516_664446119_1,0,7.06,6.87,0,0.0,7.06,161.88,160.24,-7.01,25.05,23.82,-0.17,-2.8,0
120.0,180.0,:cluster_664446535_8507351665_8507351666_1_0,:cluster_664446535_8507351665_8507351666_1,0,6.57,6.06,0,0.12,6.57,103.75,100.64,-4.35,28.14,17.57,2.57,2.31,0
120.0,180.0,:cluster_664446535_8507351665_8507351666_2_0,:cluster_664446535_8507351665_8507351666_2,1,5.13,13.83,0,0.14,13.89,17.41,17.24,-0.35,1.33,1.28,0.27,-1.36,0
120.0,180.0,:cluster_664446535_8507351665_8507351666_3_0,:cluster_664446535_8507351665_8507351666_3,0,11.11,10.5,0,0.0,11.11,61.65,11.86,0.44,6.3,1.17,1.11,0.31,0
180.0,240.0,-101757273#0_0,-101757273#0,0,22.22,18.0,0,0.0,22.22,94.11,69.5,2.62,9.79,6.39,-2.57,-5.0,15
180.0,240.0,-101757273#1_0,-101757273#1,0,22.22,18.0,0,0.0,22.22,,,,,,-0.18,-2.35,0
180.0,240.0,-101757273#4_0,-101757273#4,0,22.22,17.59,0,0.0,22.22,,,,,,1.4,0.62,0
180.0,240.0,-101757273#5_0,-101757273#5,0,22.22,12.37,0,0.0,22.22,,,,,,1.59,0.06,0
180.0,240.0,-101757306#0_0,-101757306#0,0,13.89,13.61,0,0.0,13.89,,,,,,-0.58,-4.96,7
180.0,240.0,-101757306#1_0,-101757306#1,0,13.89,13.17,0,0.01,13.89,225.99,223.8,2.62,22.65,17.37,-0.95,-5.0,13
180.0,240.0,-101943113_0,-101943113,0,13.89,14.53,0,0.0,13.89,143.92,122.81,-0.04,16.14,8.63,-1.36,-4.0,4
180.0,240.0,-101943152_0,-101943152,0,13.89,12.14,0,0.0,13.89,,,,,,-0.63,-4.93,1
180.0,240.0,-101966381_0,-101966381,0,2.78,2.9,0,0.01,2.78,18.85,0.1,-10.01,15.9,0.4,-0.05,-3.29,1
180.0,240.0,-101966385#0_0,-101966385#0,0,13.89,11.75,0,0.0,13.89,25.09,0.1,-9.44,6.56,0.95,0.15,-4.0,6
180.0,240.0,-101966393#0_0,-101966393#0,0,13.89,13.87,0,0.0,13.89,108.58,89.67,3.26,8.24,6.51,-0.52,-5.0,8
180.0,240.0,-101966393#1_0,-101966393#1,0,13.89,11.91,0,0.0,13.89,126.56,107.83,-3.26,17.38,11.31,1.62,0.28,0
180.0,240.0,-101966397#0_0,-101966397#0,0,13.89,14.77,0,0.0,13.89,,,,,,0.0,-0.82,0
180.0,240.0,-101966424#1_0,-101966424#1,0,13.89,12.92,0,0.0,13.89,,,,,,-2.31,-2.31,0
180.0,240.0,-101966424#2_0,-101966424#2,0,13.89,13.88,0,0.0,13.89,,,,,,1.83,0.95,0
180.0,240.0,-101966430#0_0,-101966430#0,0,13.89,14.02,0,0.0,13.89,49.53,2.36,-0.27,6.36,0.61,-0.53,-5.0,14
180.0,240.0,-101966430#1_0,-101966430#1,0,13.89,14.09,0,0.0,13.89,142.19,141.81,-1.77,61.42,47.97,-0.19,-5.0,7
180.0,240.0,-101966430#2_0,-101966430#2,0,13.89,14.35,0,0.0,13.89,,,,,,1.04,-0.13,0
180.0,240.0,-101966443#0_0,-101966443#0,4,1.13,17.02,2,0.21,22.22,14.44,0.0,4.68,1.75,0.5,-1.25,-5.0,27
180.0,240.0,-101966443#10_0,-101966443#10,0,22.22,17.81,0,0.03,22.22,69.93,29.37,6.98,4.14,1.91,-0.62,-2.49,0
180.0,240.0,-101966443#11_0,-101966443#11,1,16.09,17.94,0,0.12,22.22,77.18,48.75,6.18,4.53,2.78,-0.02,-1.28,0
180.0,240.0,-101966443#12_0,-101966443#12,1,16.46,17.97,0,0.05,22.22,50.45,17.66,4.92,2.91,1.07,0.48,-0.52,0
180.0,240.0,-101966443#13_0,-101966443#13,1,10.97,17.98,0,0.03,22.22,47.86,15.13,-3.32,3.95,1.06,1.49,-2.38,0
180.0,240.0,-101966443#1_0,-101966443#1,1,10.41,12.43,0,0.11,22.22,76.29,30.41,1.08,7.23,2.9,1.22,-1.12,0
180.0,240.0,-101966443#2_0,-101966443#2,0,22.22,15.21,0,0.0,22.22,42.46,20.25,-2.0,4.91,1.84,-3.58,-5.0,24
180.0,240.0,-101966443#3_0,-101966443#3,1,12.51,17.96,0,0.12,22.22,49.98,29.35,5.51,3.45,2.2,0.36,-1.01,0
180.0,240.0,-101966443#4_0,-101966443#4,0,22.22,17.9,0,0.0,22.22,56.42,15.15,-0.85,5.52,1.07,0.45,-4.76,4
180.0,240.0,-101966443#5_0,-101966443#5,0,22.22,16.31,0,0.0,22.22,42.38,14.24,-0.29,4.42,1.25,-0.76,-5.0,15
180.0,240.0,-101966443#6_0,-101966443#6,0,22.22,18.0,0,0.0,22.22,50.04,12.23,4.77,3.61,1.16,-0.58,-5.0,8
180.0,240.0,-101966443#7_0,-101966443#7,1,10.8,17.91,0,0.05,22.22,62.17,19.02,-0.82,6.08,1.19,0.56,-2.17,0
180.0,240.0,-101966443#8_0,-101966443#8,0,22.22,17.49,0,0.0,22.22,56.04,19.35,2.7,4.2,1.37,0.54,-1.34,0
180.0,240.0,-101966443#9_0,-101966443#9,0,22.22,17.93,0,0.0,22.22,69.19,21.34,-0.5,9.48,1.6,0.69,-2.24,0
180.0,240.0,-101966453#0_0,-101966453#0,0,13.89,10.98,0,0.0,13.89,18.01,0.04,-4.32,3.12,0.5,-0.19,-5.0,7
180.0,240.0,-101966457_0,-101966457,1,11.7,14.62,0,0.03,13.89,50.39,45.25,-0.54,5.24,3.28,0.36,-4.0,4
180.0,240.0,-101966461_0,-101966461,1,0.0,14.4,1,0.03,13.89,40.26,0.1,-1.31,7.49,0.08,-0.43,-5.0,18
180.0,240.0,-101966486_0,-101966486,0,2.78,2.66,0,0.02,2.78,82.25,20.19,-4.85,34.77,7.98,0.0,-1.27,0
180.0,240.0,-101966488#0_0,-101966488#0,0,13.89,14.65,0,0.06,13.89,56.54,55.17,-0.41,7.05,3.8,-2.03,-4.0,5
180.0,240.0,-101966488#1_0,-101966488#1,1,9.51,13.69,0,0.07,13.89,43.05,0.1,-15.7,,,-0.29,-4.0,6
180.0,240.0,-101966488#2_0,-101966488#2,0,13.89,11.07,0,0.0,13.89,18.86,16.98,-1.96,2.16,2.12,0.36,-4.0,1
180.0,240.0,-101966494_0,-101966494,0,13.89,13.03,0,0.0,13.89,,,,,,-0.15,-4.0,4
180.0,240.0,-101972876#0_0,-101972876#0,0,13.89,13.84,0,0.0,13.89,,,,,,-0.08,-0.91,0
180.0,240.0,-101972883#2_0,-101972883#2,0,13.89,13.32,0,0.0,13.89,,,,,,-0.8,-4.0,2
180.0,240.0,-101972883#3_0,-101972883#3,0,13.89,9.89,0,0.0,13.89,,,,,,-1.03,-5.0,2
180.0,240.0,-101972883#4_0,-101972883#4,0,13.89,12.55,0,0.0,13.89,,,,,,-2.79,-4.0,5
180.0,240.0,-101972892#1_0,-101972892#1,1,9.09,11.79,0,0.06,13.89,48.12,29.82,-4.21,5.85,4.63,1.25,-0.75,0
180.0,240.0,-101972898#1_0,-101972898#1,0,13.89,11.45,0,0.0,13.89,,,,,,-0.24,-4.44,1
180.0,240.0,-101972898#2_0,-101972898#2,0,13.89,8.11,0,0.0,13.89,96.19,92.25,-4.32,23.88,13.08,1.3,-0.16,0
180.0,240.0,-101972912#0_0,-101972912#0,0,13.89,14.32,0,0.0,13.89,42.82,23.65,1.5,6.15,1.96,-1.01,-5.0,12
180.0,240.0,-101972912#1_0,-101972912#1,0,13.89,8.45,0,0.0,13.89,53.08,52.0,-4.66,6.73,6.41,1.29,-0.54,0
180.0,240.0,-101972944_0,-101972944,0,13.89,13.88,0,0.0,13.89,,,,,,0.18,-5.0,3
180.0,240.0,-101972954#4_0,-101972954#4,1,14.1,14.1,0,0.06,13.89,,,,,,0.21,0.0,0
180.0,240.0,-101972955#0_0,-101972955#0,0,13.89,12.06,0,0.0,13.89,37.92,0.0,-2.38,5.56,0.56,-0.38,-5.0,8
180.0,240.0,-101972955#1_0,-101972955#1,0,13.89,9.66,0,0.0,13.89,42.38,37.11,5.23,16.35,5.26,-1.71,-4.18,6
180.0,240.0,-101972955#3_0,-101972955#3,0,13.89,9.32,0,0.0,13.89,75.32,71.23,0.9,9.85,7.97,-0.33,-4.0,2
180.0,240.0,-101972960#0_0,-101972960#0,1,8.21,13.28,0,0.05,13.89,52.19,28.31,3.49,4.43,2.14,-0.16,-4.62,2
180.0,240.0,-101972960#1_0,-101972960#1,0,13.89,10.49,0,0.0,13.89,71.54,31.13,0.15,8.3,3.34,1.39,-0.61,0
180.0,240.0,-102688627#0_0,-102688627#0,1,7.93,11.44,0,0.03,11.11,118.02,112.36,0.18,11.81,9.91,-0.51,-4.22,11
180.0,240.0,-102688627#1_0,-102688627#1,0,11.11,11.72,0,0.0,11.11,103.92,13.52,1.02,15.85,1.28,0.34,-4.0,2
180.0,240.0,-102688627#2_0,-102688627#2,0,11.11,11.72,0,0.0,11.11,171.84,170.21,3.87,15.94,15.76,-0.42,-3.36,1
180.0,240.0,-102688627#3_0,-102688627#3,0,11.11,12.09,0,0.02,11.11,174.22,135.68,-2.22,18.31,16.25,-0.01,-4.0,2
180.0,240.0,-102688627#4_0,-102688627#4,0,11.11,11.87,0,0.0,11.11,96.33,96.33,5.34,9.36,9.36,0.11,-1.35,0
180.0,240.0,-102688627#5_0,-102688627#5,0,11.11,11.65,0,0.0,11.11,104.76,97.99,-1.13,9.79,9.18,0.63,-1.03,0
180.0,240.0,-102688629#2_0,-102688629#2,2,0.0,12.34,2,0.15,11.11,23.89,0.0,-1.7,3.69,0.55,-0.6,-5.0,12
180.0,240.0,-102688629#3_0,-102688629#3,0,11.11,12.19,0,0.0,11.11,35.96,29.74,6.37,3.26,2.93,-0.18,-2.05,0
180.0,240.0,-102688629#4_0,-102688629#4,0,11.11,11.63,0,0.0,11.11,40.33,31.59,4.42,3.76,3.07,0.84,-0.23,0
180.0,240.0,-102688629#5_0,-102688629#5,0,11.11,9.55,0,0.0,11.11,31.16,30.07,-2.17,4.79,4.32,0.89,-0.45,0
180.0,240.0,-102688629#6_0,-102688629#6,0,11.11,10.62,0,0.0,11.11,13.89,9.54,-8.77,18.37,18.37,-1.06,-4.39,5
180.0,240.0,-102961724#0_0,-102961724#0,0,13.89,9.67,0,0.0,13.89,,,,,,1.47,1.47,0
180.0,240.0,-102961724#1_0,-102961724#1,0,13.89,8.11,0,0.0,13.89,,,,,,0.83,0.49,0
180.0,240.0,-103050318_0,-103050318,0,13.89,13.48,0,0.0,13.89,156.27,1.83,-13.68,245.05,24.79,-0.6,-5.0,5
180.0,240.0,-103050320_0,-103050320,0,2.78,2.85,0,0.0,2.78,2.65,0.79,-11.5,1.94,0.33,-0.31,-2.26,0
180.0,240.0,-103050330#0_0,-103050330#0,0,13.89,14.4,0,0.0,13.89,16.46,14.67,2.97,1.58,1.47,-0.45,-5.0,3
180.0,240.0,-103050330#1_0,-103050330#1,0,13.89,14.23,0,0.0,13.89,,,,,,1.1,-1.04,0
180.0,240.0,-103050330#2_0,-103050330#2,0,13.89,13.87,0,0.0,13.89,,,,,,-1.83,-4.0,3
180.0,240.0,-103050330#3_0,-103050330#3,0,13.89,12.55,0,0.0,13.89,31.28,27.95,2.82,2.7,2.23,1.31,0.99,0
180.0,240.0,-103050337_0,-103050337,0,13.89,13.81,0,0.0,13.89,56.68,0.74,3.5,6.92,0.6,-0.68,-5.0,25
180.0,240.0,-103082309_0,-103082309,0,2.78,3.22,0,0.0,2.78,,,,,,0.03,-2.06,0
180.0,240.0,-103082310#0_0,-103082310#0,0,13.89,12.2,0,0.0,13.89,28.38,26.96,-1.92,3.8,2.73,-3.38,-5.0,7
180.0,240.0,-103082310#1_0,-103082310#1,0,13.89,14.36,0,0.0,13.89,38.32,33.21,4.38,3.25,2.61,1.3,0.47,0
180.0,240.0,-103082313#1_0,-103082313#1,0,2.78,3.06,0,0.0,2.78,102.55,86.41,-12.54,35.36,31.08,0.07,-0.68,0
180.0,240.0,-103082314#0_0,-103082314#0,0,11.11,9.01,0,0.0,11.11,,,,,,-3.72,-3.72,1
180.0,240.0,-103082314#1_0,-103082314#1,0,11.11,12.81,0,0.0,11.11,,,,,,0.04,-1.98,0
180.0,240.0,-103082314#3_0,-103082314#3,0,11.11,11.84,0,0.0,11.11,,,,,,1.83,0.52,0
180.0,240.0,-103082316_0,-103082316,1,10.52,12.18,0,0.04,13.89,49.32,2.66,-10.26,10.95,1.41,0.01,-3.32,1
180.0,240.0,-103082326#0_0,-103082326#0,0,13.89,13.76,0,0.0,13.89,,,,,,-1.4,-4.0,4
180.0,240.0,-103082326#1_0,-103082326#1,0,13.89,12.38,0,0.0,13.89,132.83,132.11,-2.82,17.02,16.78,0.86,-2.26,0
180.0,240.0,-103212679_0,-103212679,0,13.89,9.84,0,0.0,13.89,78.9,74.48,-1.25,9.72,8.9,0.49,-2.95,0
180.0,240.0,-103212684#3_0,-103212684#3,1,7.43,7.43,0,0.04,13.89,,,,,,-0.59,-0.59,0
180.0,240.0,-103230484#2_0,-103230484#2,0,13.89,13.5,0,0.0,13.89,,,,,,-0.74,-4.0,3
180.0,240.0,-103230510_0,-103230510,0,13.89,13.59,0,0.0,13.89,,,,,,0.63,-1.13,0
180.0,240.0,-103230607#1_0,-103230607#1,1,9.41,14.39,0,0.11,13.89,22.73,17.71,6.26,1.84,1.7,-1.73,-5.0,7
180.0,240.0,-103230607#2_0,-103230607#2,0,13.89,14.28,0,0.0,13.89,31.18,30.62,-0.34,2.27,2.21,0.02,-1.3,0
180.0,240.0,-103230607#3_0,-103230607#3,0,13.89,13.66,0,0.0,13.89,30.17,30.02,-0.32,2.22,2.2,0.72,-1.18,0
180.0,240.0,-103230607#4_0,-103230607#4,0,13.89,15.89,0,0.0,13.89,127.12,125.2,1.65,9.73,9.42,-0.15,-5.0,4
180.0,240.0,-104043544#4_0,-104043544#4,0,22.22,17.58,0,0.0,22.22,,,,,,-1.97,-5.0,4
180.0,240.0,-104043544#5_0,-104043544#5,0,22.22,17.21,0,0.0,22.22,,,,,,-0.54,-0.63,0
180.0,240.0,-104043544#6_0,-104043544#6,0,22.22,16.42,0,0.0,22.22,,,,,,1.07,0.86,0
180.0,240.0,-104043544#7_0,-104043544#7,0,22.22,13.75,0,0.0,22.22,,,,,,1.85,1.32,0
180.0,240.0,-104043544#8_0,-104043544#8,0,22.22,8.81,0,0.0,22.22,,,,,,1.08,-0.71,0
180.0,240.0,-1087118361#0_0,-1087118361#0,0,27.78,7.79,0,0.0,27.78,22.49,0.0,-1.57,6.95,0.62,0.04,-4.0,4
180.0,240.0,-1087118361#11_0,-1087118361#11,0,27.78,13.87,0,0.0,27.78,81.17,80.35,3.44,5.87,5.79,0.31,-3.39,1
180.0,240.0,-1087118361#12_0,-1087118361#12,0,27.78,8.53,0,0.0,27.78,7.77,7.77,-1.96,1.88,1.88,1.27,-0.79,0
180.0,240.0,-1087118361#1_0,-1087118361#1,0,27.78,10.03,0,0.0,27.78,4.0,0.0,-0.02,1.42,0.61,0.01,-3.27,2
180.0,240.0,-1087118361#2_0,-1087118361#2,2,0.36,15.12,1,0.11,27.78,11.56,0.0,0.54,4.28,0.56,-0.24,-5.0,27
180.0,240.0,-1087118361#3_0,-1087118361#3,0,27.78,1.03,0,20.26,27.78,70.13,70.13,-0.58,68.1,68.1,0.65,0.65,0
180.0,240.0,-1087118361#4_0,-1087118361#4,1,0.99,16.26,0,0.35,27.78,3.57,0.0,-0.06,1.82,0.52,-0.01,-2.88,0
180.0,240.0,-1087118361#5_0,-1087118361#5,2,6.91,17.53,1,0.17,27.78,11.85,0.15,2.14,1.61,0.24,-0.96,-4.0,15
180.0,240.0,-1087118361#6_0,-1087118361#6,0,27.78,16.64,0,0.0,27.78,65.9,65.9,16.59,3.96,3.96,0.47,0.47,0
180.0,240.0,-1087118361#8_0,-1087118361#8,2,8.56,17.82,0,0.19,27.78,75.33,9.34,9.45,6.17,1.0,0.31,-3.58,1
180.0,240.0,-1087118361#9_0,-1087118361#9,0,27.78,18.0,0,0.0,27.78,54.05,7.58,1.52,6.38,1.18,0.6,-2.31,0
180.0,240.0,-1124382853#3_0,-1124382853#3,1,6.51,6.51,0,0.03,27.78,,,,,,0.13,-2.25,0
180.0,240.0,-1124382853#5_0,-1124382853#5,0,27.78,12.58,0,0.0,27.78,31.2,29.79,0.84,3.34,2.44,-1.71,-5.0,3
180.0,240.0,-1147855373#0_0,-1147855373#0,0,13.89,8.3,0,0.0,13.89,6.39,5.77,-2.08,1.2,1.07,-1.29,-4.0,2
180.0,240.0,-1147855373#1_0,-1147855373#1,0,13.89,13.8,0,0.0,13.89,,,,,,-0.02,-0.52,0
180.0,240.0,-1178005979_0,-1178005979,1,0.0,13.89,1,0.04,13.89,57.55,2.41,-7.66,9.92,3.62,-0.77,-4.0,7
180.0,240.0,-1178006786_0,-1178006786,1,11.78,13.5,0,0.04,13.89,,,,,,0.89,-1.11,0
180.0,240.0,-1178014356_0,-1178014356,1,9.0,13.86,0,0.03,13.89,,,,,,-0.81,-3.97,2
180.0,240.0,-1178018200#0_0,-1178018200#0,0,2.78,2.91,0,0.0,2.78,56.64,4.23,-0.53,26.3,1.49,0.03,-1.82,0
180.0,240.0,-1178023089_0,-1178023089,0,13.89,8.96,0,0.0,13.89,,,,,,0.54,-3.68,1
180.0,240.0,-1178026570_0,-1178026570,1,1.63,2.49,0,0.03,2.78,,,,,,-0.11,-1.76,0
180.0,240.0,-1198952554#0_0,-1198952554#0,6,2.81,11.64,1,0.22,11.11,4.53,0.0,-0.44,3.07,0.5,-0.09,-5.0,13
180.0,240.0,-1198952554#2_0,-1198952554#2,1,11.4,12.03,0,0.1,11.11,55.98,22.93,4.4,6.36,2.08,1.06,-1.71,0
180.0,240.0,-1198952554#3_0,-1198952554#3,0,11.11,12.02,0,0.0,11.11,99.73,44.2,5.33,8.89,3.76,0.06,-1.95,0
180.0,240.0,-1198952554#4_0,-1198952554#4,0,11.11,11.8,0,0.0,11.11,154.82,152.03,11.47,13.49,13.36,0.04,-1.26,0
180.0,240.0,-1198952554#5_0,-1198952554#5,0,11.11,12.05,0,0.0,11.11,,,,,,0.66,-1.15,0
180.0,240.0,-1198952554#6_0,-1198952554#6,0,11.11,12.05,0,0.0,11.11,,,,,,0.34,-1.84,0
180.0,240.0,-1198952555#0_0,-1198952555#0,0,11.11,10.55,0,0.0,11.11,22.72,21.79,0.68,2.75,2.08,-2.29,-4.88,2
180.0,240.0,-1198952555#2_0,-1198952555#2,0,11.11,11.44,0,0.0,11.11,,,,,,-0.02,-0.87,0
180.0,240.0,-1198952555#3_0,-1198952555#3,0,11.11,11.24,0,0.0,11.11,121.86,121.51,0.02,11.65,10.82,0.48,-2.22,0
180.0,240.0,-1199457538#2_0,-1199457538#2,0,13.89,11.44,0,0.0,13.89,,,,,,1.31,-0.61,0
180.0,240.0,-1199457539_0,-1199457539,0,13.89,13.16,0,0.0,13.89,36.15,32.0,-4.1,3.05,2.89,-0.07,-4.0,3
180.0,240.0,-1199688354_0,-1199688354,0,13.89,14.57,0,0.0,13.89,,,,,,-0.6,-5.0,6
180.0,240.0,-1342408879_0,-1342408879,0,13.89,6.04,0,0.0,13.89,,,,,,0.75,-1.4,0
180.0,240.0,-1434292703#1_0,-1434292703#1,0,13.89,13.81,0,0.0,13.89,30.95,27.94,1.42,3.33,2.48,-0.47,-4.99,7
180.0,240.0,-52097266#0_0,-52097266#0,0,11.11,11.59,0,0.0,11.11,12.61,1.0,-10.76,,,-0.4,-4.0,9
180.0,240.0,-52097266#3_0,-52097266#3,0,11.11,11.34,0,0.0,11.11,,,,,,0.65,-1.98,0
180.0,240.0,-52097653#0_0,-52097653#0,0,11.11,9.81,0,0.0,11.11,,,,,,-0.32,-5.0,2
180.0,240.0,-52097653#1_0,-52097653#1,0,11.11,9.25,0,0.0,11.11,,,,,,1.39,0.45,0
180.0,240.0,-52152314#0_0,-52152314#0,0,13.89,15.5,0,0.0,13.89,,,,,,-1.28,-5.0,7
180.0,240.0,-52152314#1_0,-52152314#1,0,13.89,15.53,0,0.0,13.89,,,,,,0.12,-2.1,0
180.0,240.0,-52152323#0_0,-52152323#0,1,9.1,12.39,0,0.12,11.11,,,,,,-1.15,-4.0,4
180.0,240.0,-52152323#2_0,-52152323#2,0,11.11,12.47,0,0.0,11.11,,,,,,-0.04,-0.7,0
180.0,240.0,-52152323#3_0,-52152323#3,1,10.7,12.36,0,0.07,11.11,94.85,93.82,1.08,8.87,8.6,-0.1,-1.21,0
180.0,240.0,-52152323#4_0,-52152323#4,0,11.11,12.19,0,0.0,11.11,96.64,96.47,1.36,8.85,8.59,-0.18,-1.36,0
180.0,240.0,-52152323#5_0,-52152323#5,0,11.11,12.1,0,0.0,11.11,,,,,,0.37,-0.37,0
180.0,240.0,-52152323#6_0,-52152323#6,0,11.11,11.1,0,0.0,11.11,,,,,,-0.23,-2.04,0
180.0,240.0,-52152323#7_0,-52152323#7,0,11.11,11.47,0,0.0,11.11,,,,,,-0.0,-2.36,0
180.0,240.0,-52155579#1_0,-52155579#1,0,11.11,8.97,0,0.0,11.11,,,,,,-0.29,-5.0,1
180.0,240.0,-52155579#2_0,-52155579#2,0,11.11,9.06,0,0.0,11.11,,,,,,-0.32,-2.37,0
180.0,240.0,-52155737#0_0,-52155737#0,1,13.4,13.89,0,0.06,13.89,,,,,,-0.24,-0.56,0
180.0,240.0,-52155737#1_0,-52155737#1,0,13.89,9.68,0,0.0,13.89,56.1,42.66,-5.83,7.96,6.38,0.2,-5.0,1
180.0,240.0,-52155744#1_0,-52155744#1,0,13.89,11.99,0,0.0,13.89,55.95,0.1,-4.47,37.18,9.13,-0.33,-4.0,5
180.0,240.0,-52155744#2_0,-52155744#2,0,13.89,14.84,0,0.0,13.89,62.9,16.81,2.05,5.23,1.24,0.02,-1.25,0
180.0,240.0,-52155744#3_0,-52155744#3,0,13.89,15.25,0,0.0,13.89,31.25,23.37,0.33,2.87,1.55,0.83,-2.31,0
180.0,240.0,-52155750#0_0,-52155750#0,0,13.89,13.6,0,0.0,13.89,86.94,80.22,-2.93,11.11,5.9,-2.88,-5.0,12
180.0,240.0,-52155750#1_0,-52155750#1,0,13.89,13.89,0,0.0,13.89,79.09,65.09,3.52,5.77,4.75,0.03,-4.66,1
180.0,240.0,-52155750#2_0,-52155750#2,0,13.89,13.88,0,0.0,13.89,71.32,49.41,0.59,6.03,3.94,0.43,-2.01,0
180.0,240.0,-52155752#1_0,-52155752#1,1,11.97,14.41,0,0.02,13.89,,,,,,0.2,-4.0,2
180.0,240.0,-562694503#0_0,-562694503#0,1,7.97,13.54,0,0.02,13.89,82.6,81.43,-0.12,6.74,6.12,-0.53,-5.0,2
180.0,240.0,-562694503#1_0,-562694503#1,0,13.89,13.49,0,0.0,13.89,,,,,,0.04,-5.0,2
180.0,240.0,-563518385#0_0,-563518385#0,0,11.11,10.16,0,0.0,11.11,,,,,,-0.18,-2.18,0
180.0,240.0,-563518385#1_0,-563518385#1,0,11.11,10.41,0,0.0,11.11,,,,,,0.0,-1.38,0
180.0,240.0,-563518385#2_0,-563518385#2,0,11.11,10.63,0,0.0,11.11,,,,,,-0.01,-2.54,0
180.0,240.0,-689627819_0,-689627819,0,13.89,11.45,0,0.0,13.89,,,,,,-1.89,-5.0,7
180.0,240.0,-689669925_0,-689669925,0,13.89,11.83,0,0.0,13.89,,,,,,-0.64,-4.0,3
180.0,240.0,101757273#0_0,101757273#0,0,22.22,14.39,0,0.0,22.22,,,,,,1.54,0.07,0
180.0,240.0,101757273#1_0,101757273#1,0,22.22,17.94,0,0.0,22.22,,,,,,0.8,-1.55,0
180.0,240.0,101757273#2_0,101757273#2,0,22.22,17.92,0,0.07,22.22,,,,,,-2.35,-4.9,8
180.0,240.0,101757273#3_0,101757273#3,0,22.22,17.91,0,0.0,22.22,,,,,,0.36,-0.15,0
180.0,240.0,101757273#4_0,101757273#4,0,22.22,17.82,0,0.0,22.22,,,,,,0.19,-1.26,0
180.0,240.0,101757273#5_0,101757273#5,0,22.22,17.9,0,0.0,22.22,,,,,,-3.22,-5.0,5
180.0,240.0,101757288#0_0,101757288#0,0,13.89,13.78,0,0.0,13.89,,,,,,0.64,-0.16,0
180.0,240.0,101757302#1_0,101757302#1,1,10.94,11.37,0,0.28,13.89,,,,,,1.43,-0.05,0
180.0,240.0,101757302#2_0,101757302#2,0,13.89,12.87,0,0.0,13.89,80.05,80.05,-6.47,16.44,16.44,-2.82,-4.0,4
180.0,240.0,101757321_0,101757321,0,13.89,11.45,0,0.0,13.89,2.0,1.23,-11.52,0.39,0.33,-0.12,-5.0,3
180.0,240.0,101943132_0,101943132,0,13.89,13.6,0,0.0,13.89,,,,,,-1.24,-3.99,4
180.0,240.0,101943135_0,101943135,0,13.89,14.27,0,0.0,13.89,114.17,88.52,-0.31,10.64,6.34,0.59,-1.48,0
180.0,240.0,101943152_0,101943152,0,13.89,10.85,0,0.0,13.89,,,,,,-0.23,-4.0,2
180.0,240.0,101966385#0_0,101966385#0,0,13.89,10.13,0,0.0,13.89,12.87,5.02,2.03,1.94,1.19,-0.36,-4.0,4
180.0,240.0,101966393#0_0,101966393#0,0,13.89,13.9,0,0.0,13.89,,,,,,0.26,-1.82,0
180.0,240.0,101966393#1_0,101966393#1,0,13.89,13.82,0,0.0,13.89,,,,,,0.08,-0.83,0
180.0,240.0,101966393#2_0,101966393#2,1,12.08,13.86,0,0.1,13.89,,,,,,0.16,-0.66,0
180.0,240.0,101966397#1_0,101966397#1,0,13.89,14.19,0,0.0,13.89,68.04,41.35,5.2,6.43,3.0,-1.16,-4.0,6
180.0,240.0,101966424#1_0,101966424#1,0,13.89,12.82,0,0.0,13.89,,,,,,1.08,0.93,0
180.0,240.0,101966424#2_0,101966424#2,0,13.89,13.76,0,0.0,13.89,13.83,0.38,-15.0,,,-1.36,-4.0,5
180.0,240.0,101966427_0,101966427,0,13.89,14.07,0,0.0,13.89,96.92,85.24,1.38,10.84,6.24,-0.29,-5.0,11
180.0,240.0,101966430#0_0,101966430#0,0,13.89,13.35,0,0.0,13.89,46.64,41.89,0.15,4.81,3.18,-0.11,-3.99,4
180.0,240.0,101966430#1_0,101966430#1,0,13.89,14.37,0,0.0,13.89,48.58,15.04,-2.11,4.36,1.28,0.29,-5.0,3
180.0,240.0,101966430#2_0,101966430#2,0,13.89,14.34,0,0.0,13.89,78.55,78.06,-0.48,5.74,5.65,-0.0,-0.93,0
180.0,240.0,101966430#3_0,101966430#3,0,13.89,14.45,0,0.0,13.89,98.98,79.98,3.29,7.27,5.85,0.01,-1.31,0
180.0,240.0,101966443#10_0,101966443#10,0,22.22,17.83,0,0.0,22.22,,,,,,-0.23,-1.56,0
180.0,240.0,101966443#11_0,101966443#11,0,22.22,17.72,0,0.0,22.22,,,,,,0.05,-0.58,0
180.0,240.0,101966443#13_0,101966443#13,1,17.8,17.8,0,0.03,22.22,69.17,66.63,4.59,5.43,3.74,-1.9,-4.0,4
180.0,240.0,101966443#4_0,101966443#4,0,22.22,17.7,0,0.0,22.22,,,,,,0.38,0.38,0
180.0,240.0,101966443#5_0,101966443#5,1,11.46,17.92,0,0.06,22.22,13.29,9.99,-2.5,1.48,1.38,0.52,-5.0,5
180.0,240.0,101966443#6_0,101966443#6,1,15.51,15.51,0,0.11,22.22,18.81,11.79,-3.5,2.14,1.98,1.42,-1.02,0
180.0,240.0,101966443#7_0,101966443#7,0,22.22,16.4,0,0.0,22.22,25.6,0.0,-3.78,2.16,0.0,-1.42,-5.0,10
180.0,240.0,101966443#8_0,101966443#8,0,22.22,18.0,0,0.0,22.22,,,,,,0.74,-2.19,0
180.0,240.0,101966443#9_0,101966443#9,0,22.22,17.81,0,0.0,22.22,,,,,,-2.8,-5.0,9
180.0,240.0,101966453#1_0,101966453#1,0,13.89,13.52,0,0.0,13.89,,,,,,-0.61,-5.0,1
180.0,240.0,101966488#0_0,101966488#0,1,0.96,15.16,0,0.04,13.89,92.23,74.64,-4.19,37.81,16.33,-2.15,-5.0,5
180.0,240.0,101966492_0,101966492,0,13.89,12.05,0,0.0,13.89,,,,,,0.03,-5.0,2
180.0,240.0,101966494_0,101966494,0,13.89,12.85,0,0.0,13.89,,,,,,-0.83,-3.81,3
180.0,240.0,101966508_0,101966508,0,13.89,15.92,0,0.0,13.89,13.95,12.11,-1.26,1.14,1.06,0.21,-4.0,4
180.0,240.0,101966510#0_0,101966510#0,0,22.22,16.7,0,0.0,22.22,91.05,19.3,-2.75,7.88,1.7,1.37,-0.86,0
180.0,240.0,101966510#1_0,101966510#1,1,16.14,17.96,0,0.11,22.22,80.34,27.4,1.73,4.78,1.54,0.7,-1.86,0
180.0,240.0,101966510#2_0,101966510#2,0,22.22,17.99,0,0.0,22.22,109.37,27.92,3.24,6.7,1.59,-0.55,-4.0,6
180.0,240.0,101966510#3_0,101966510#3,0,22.22,17.96,0,0.0,22.22,92.79,27.7,6.07,5.37,1.54,0.3,-1.93,0
180.0,240.0,101966510#4_0,101966510#4,2,11.64,17.99,0,0.03,22.22,17.39,0.0,1.29,2.16,0.55,-0.38,-5.0,34
180.0,240.0,101972883#0_0,101972883#0,0,13.89,14.09,0,0.0,13.89,,,,,,-0.16,-2.32,0
180.0,240.0,101972883#1_0,101972883#1,0,13.89,14.02,0,0.0,13.89,66.2,63.27,11.13,4.81,4.51,0.43,-1.33,0
180.0,240.0,101972883#2_0,101972883#2,0,13.89,13.88,0,0.0,13.89,38.4,30.47,7.41,2.84,2.29,0.11,-0.87,0
180.0,240.0,101972883#3_0,101972883#3,0,13.89,10.35,0,0.0,13.89,48.5,27.9,-0.94,11.16,2.7,-0.39,-5.0,2
180.0,240.0,101972883#4_0,101972883#4,1,9.01,11.55,0,0.07,13.89,28.59,28.59,4.2,3.17,3.17,0.2,-4.67,2
180.0,240.0,101972889_0,101972889,0,2.78,2.95,0,0.0,2.78,,,,,,-0.18,-5.0,1
180.0,240.0,101972892#0_0,101972892#0,0,13.89,13.78,0,0.0,13.89,43.98,7.76,-1.87,4.12,1.19,0.21,-5.0,3
180.0,240.0,101972892#1_0,101972892#1,0,13.89,13.49,0,0.0,13.89,25.36,10.13,2.09,3.84,1.39,-1.71,-5.0,9
180.0,240.0,101972898#0_0,101972898#0,0,13.89,11.23,0,0.0,13.89,25.32,20.8,2.31,2.9,2.1,-0.1,-4.0,3
180.0,240.0,101972898#1_0,101972898#1,0,13.89,11.01,0,0.0,13.89,50.27,13.69,-2.29,7.34,2.39,1.39,-1.31,0
180.0,240.0,101972898#2_0,101972898#2,0,13.89,15.35,0,0.0,13.89,79.34,22.0,2.69,7.65,1.67,-0.14,-4.88,2
180.0,240.0,101972898#3_0,101972898#3,0,13.89,15.39,0,0.0,13.89,38.05,11.35,2.72,3.38,1.19,-0.85,-5.0,10
180.0,240.0,101972912#0_0,101972912#0,1,9.84,15.28,0,0.04,13.89,45.27,19.04,5.4,4.73,1.61,0.95,-2.98,0
180.0,240.0,101972912#1_0,101972912#1,1,0.0,7.34,1,0.25,13.89,47.83,7.0,-9.0,3.16,0.95,-0.2,-5.0,4
180.0,240.0,101972924#0_0,101972924#0,2,13.98,17.86,0,0.06,22.22,69.96,11.32,0.23,5.3,1.05,1.12,-1.57,0
180.0,240.0,101972924#2_0,101972924#2,0,22.22,17.78,0,0.0,22.22,54.87,16.36,4.82,4.07,1.15,-0.1,-5.0,3
180.0,240.0,101972924#3_0,101972924#3,5,3.11,17.81,3,0.21,22.22,8.69,0.0,1.88,1.71,0.5,-0.66,-5.0,48
180.0,240.0,101972924#5_0,101972924#5,16,0.01,6.15,16,0.64,22.22,1.55,0.0,-0.13,1.49,0.5,-0.01,-4.87,5
180.0,240.0,101972952#0_0,101972952#0,0,13.89,9.78,0,0.0,13.89,67.5,67.4,0.11,9.02,8.17,-1.22,-3.0,0
180.0,240.0,101972954#2_0,101972954#2,0,13.89,12.47,0,0.0,13.89,115.62,112.13,-3.45,11.41,10.04,1.62,0.82,0
180.0,240.0,101972954#4_0,101972954#4,0,13.89,13.55,0,0.0,13.89,33.6,30.6,2.18,3.47,2.53,-1.97,-5.0,6
180.0,240.0,101972955#0_0,101972955#0,0,13.89,8.03,0,0.0,13.89,,,,,,-0.72,-3.99,3
180.0,240.0,101972955#1_0,101972955#1,0,13.89,7.46,0,0.0,13.89,,,,,,1.02,-0.8,0
180.0,240.0,101972955#3_0,101972955#3,0,13.89,10.9,0,0.0,13.89,,,,,,-0.98,-3.84,2
180.0,240.0,101972960#0_0,101972960#0,0,13.89,15.04,0,0.0,13.89,30.92,16.8,0.66,2.57,1.46,1.04,-0.32,0
180.0,240.0,101972960#1_0,101972960#1,0,13.89,15.39,0,0.0,13.89,26.84,16.61,3.03,2.29,1.27,-2.23,-5.0,6
180.0,240.0,101972960#2_0,101972960#2,1,13.76,13.76,0,0.04,13.89,,,,,,2.26,2.0,0
180.0,240.0,102027267#0_0,102027267#0,0,11.11,10.16,0,0.0,11.11,,,,,,-0.09,-0.51,0
180.0,240.0,102027267#1_0,102027267#1,0,11.11,10.55,0,0.0,11.11,148.74,146.3,-1.57,17.68,16.23,-0.12,-2.18,0
180.0,240.0,102027267#2_0,102027267#2,1,7.85,10.99,0,0.02,11.11,,,,,,0.03,-2.36,0
180.0,240.0,102027267#3_0,102027267#3,0,11.11,12.09,0,0.0,11.11,,,,,,0.05,-1.78,0
180.0,240.0,102027267#4_0,102027267#4,1,10.21,12.28,0,0.02,11.11,214.24,175.21,-3.09,18.99,14.3,-0.0,-1.6,0
180.0,240.0,102027267#5_0,102027267#5,0,11.11,12.22,0,0.0,11.11,222.1,179.22,1.09,19.68,14.72,0.11,-0.67,0
180.0,240.0,102027267#6_0,102027267#6,0,11.11,12.14,0,0.0,11.11,186.01,182.88,-2.04,16.62,15.12,-0.78,-4.0,3
180.0,240.0,102688627#0_0,102688627#0,2,9.79,11.65,0,0.03,11.11,41.75,41.75,-1.19,4.54,4.54,0.34,-2.37,0
180.0,240.0,102688627#1_0,102688627#1,0,11.11,11.56,0,0.0,11.11,35.28,29.98,3.45,3.11,2.59,0.05,-0.97,0
180.0,240.0,102688627#2_0,102688627#2,0,11.11,11.51,0,0.0,11.11,25.15,10.8,-2.31,2.96,1.12,0.59,-1.33,0
180.0,240.0,102688627#3_0,102688627#3,1,11.38,11.51,0,0.05,11.11,26.35,11.27,1.57,2.41,1.08,-0.09,-1.82,0
180.0,240.0,102688627#4_0,102688627#4,0,11.11,11.51,0,0.0,11.11,41.48,10.66,0.08,4.18,1.07,0.47,-3.7,1
180.0,240.0,102688627#5_0,102688627#5,1,0.0,10.49,1,0.08,11.11,16.08,0.0,-2.61,3.21,0.5,-0.25,-5.0,11
180.0,240.0,102688628#0_0,102688628#0,0,22.22,17.96,0,0.0,22.22,49.63,15.06,1.13,3.36,1.07,0.18,-2.36,0
180.0,240.0,102688628#1_0,102688628#1,1,16.83,17.98,0,0.06,22.22,43.97,15.25,3.89,3.03,1.12,-0.05,-2.52,0
180.0,240.0,102688628#2_0,102688628#2,1,13.82,17.94,0,0.09,22.22,41.67,15.19,6.15,2.74,1.05,-0.21,-3.53,2
180.0,240.0,102688628#3_0,102688628#3,3,3.51,17.67,2,0.16,22.22,28.38,0.01,2.06,5.54,0.5,-1.42,-5.0,34
180.0,240.0,102688628#4_0,102688628#4,0,22.22,12.67,0,0.0,22.22,42.5,32.39,8.46,5.43,2.67,1.56,0.19,0
180.0,240.0,102688628#5_0,102688628#5,8,0.82,13.07,6,0.41,22.22,1.76,0.0,-0.19,1.34,0.52,-0.09,-5.0,11
180.0,240.0,102688629#2_0,102688629#2,0,11.11,12.18,0,0.0,11.11,35.74,25.44,9.59,3.8,3.04,-1.88,-4.97,3
180.0,240.0,102688631#1_0,102688631#1,0,11.11,11.28,0,0.0,11.11,54.97,9.34,0.47,6.43,0.99,0.3,-1.15,0
180.0,240.0,102688631#2_0,102688631#2,1,10.87,11.07,0,0.09,11.11,56.28,11.1,-1.11,6.56,1.11,-0.01,-2.08,0
180.0,240.0,102688631#3_0,102688631#3,0,11.11,11.53,0,0.0,11.11,84.48,10.78,-0.87,10.69,1.1,0.17,-2.27,0
180.0,240.0,102688631#4_0,102688631#4,1,8.55,11.41,0,0.16,11.11,91.7,10.98,0.59,9.4,1.07,0.21,-0.69,0
180.0,240.0,102688631#5_0,102688631#5,1,0.0,11.49,1,0.04,11.11,68.84,7.42,-6.01,15.72,1.0,-0.72,-4.0,10
180.0,240.0,102690982#1_0,102690982#1,0,11.11,12.1,0,0.0,11.11,54.79,31.37,-0.36,5.39,3.51,0.1,-2.31,0
180.0,240.0,102690982#2_0,102690982#2,1,10.38,12.2,0,0.02,11.11,52.52,14.25,0.06,5.03,1.31,0.03,-2.22,0
180.0,240.0,102690982#3_0,102690982#3,1,10.73,12.23,0,0.03,11.11,42.33,10.04,1.75,4.23,1.28,-0.5,-5.0,24
180.0,240.0,102690982#4_0,102690982#4,1,11.24,11.24,0,0.02,11.11,104.97,0.54,-3.11,10.63,0.2,-0.07,-4.0,4
180.0,240.0,102690983#0_0,102690983#0,1,11.6,16.13,0,0.01,22.22,117.35,87.05,3.88,7.95,5.51,1.37,0.23,0
180.0,240.0,102690983#2_0,102690983#2,0,22.22,17.49,0,0.0,22.22,112.17,88.7,11.28,6.56,5.08,0.73,-0.94,0
180.0,240.0,102690983#3_0,102690983#3,0,22.22,17.91,0,0.0,22.22,93.82,66.44,6.63,5.5,3.93,0.03,-1.55,0
180.0,240.0,102690983#4_0,102690983#4,0,22.22,17.71,0,0.0,22.22,52.76,0.1,-6.22,7.66,0.26,-1.89,-5.0,27
180.0,240.0,102690992#0_0,102690992#0,0,11.11,11.38,0,0.0,11.11,72.03,30.34,1.23,7.4,2.83,0.61,-1.26,0
180.0,240.0,102690992#1_0,102690992#1,0,11.11,11.97,0,0.0,11.11,77.36,17.66,3.49,7.58,1.68,-0.02,-1.53,0
180.0,240.0,102690992#2_0,102690992#2,5,6.43,11.82,0,0.16,11.11,7.13,0.0,0.03,1.99,0.51,-0.05,-5.0,15
180.0,240.0,102690997#1_0,102690997#1,0,13.89,13.05,0,0.0,13.89,17.76,9.72,-2.66,1.8,1.09,1.52,-1.55,0
180.0,240.0,102690997#3_0,102690997#3,0,13.89,15.94,0,0.0,13.89,22.82,17.82,-0.12,1.61,1.26,0.05,-2.33,0
180.0,240.0,102690997#4_0,102690997#4,0,13.89,15.59,0,0.0,13.89,36.15,16.6,0.59,2.59,1.3,-0.26,-0.63,0
180.0,240.0,102690997#5_0,102690997#5,0,13.89,15.88,0,0.0,13.89,55.57,15.73,3.46,4.31,1.18,-0.07,-2.27,0
180.0,240.0,102690997#6_0,102690997#6,0,13.89,15.9,0,0.0,13.89,34.05,6.5,4.47,3.21,1.06,-1.3,-5.0,19
180.0,240.0,102691001#1_0,102691001#1,2,8.44,12.38,0,0.05,11.11,48.9,8.87,-0.86,6.4,1.14,0.26,-4.92,5
180.0,240.0,102784452#3_0,102784452#3,0,27.78,14.44,0,0.0,27.78,45.52,9.32,-2.32,4.81,1.39,1.35,-0.9,0
180.0,240.0,102784452#4_0,102784452#4,0,27.78,17.96,0,0.0,27.78,81.13,17.17,0.29,8.6,1.62,-1.16,-5.0,21
180.0,240.0,102784452#5_0,102784452#5,0,27.78,15.23,0,0.0,27.78,,,,,,1.45,0.93,0
180.0,240.0,102784452#6_0,102784452#6,0,27.78,13.97,0,0.0,27.78,,,,,,-3.48,-3.73,2
180.0,240.0,102784452#8_0,102784452#8,0,27.78,16.53,0,0.0,27.78,,,,,,0.47,-4.0,4
180.0,240.0,102961695_0,102961695,0,13.89,14.19,0,0.0,13.89,32.91,15.42,-1.01,3.38,1.37,0.82,-1.63,0
180.0,240.0,102961698#1_0,102961698#1,1,6.0,15.02,0,0.07,13.89,12.65,0.0,-0.42,3.6,0.52,-0.38,-4.07,29
180.0,240.0,102961698#2_0,102961698#2,1,7.36,14.84,0,0.02,13.89,55.87,25.41,-2.69,5.61,1.86,1.02,-0.95,0
180.0,240.0,102961698#3_0,102961698#3,0,13.89,15.09,0,0.0,13.89,48.16,21.38,0.37,3.53,1.56,0.07,-0.86,0
180.0,240.0,102961698#4_0,102961698#4,0,13.89,15.34,0,0.0,13.89,45.62,21.82,0.27,3.36,1.6,0.0,-1.39,0
180.0,240.0,102961698#5_0,102961698#5,0,13.89,14.79,0,0.0,13.89,86.32,22.64,3.17,6.39,1.68,-0.05,-1.51,0
180.0,240.0,102961698#6_0,102961698#6,0,13.89,15.34,0,0.0,13.89,78.35,18.62,4.22,5.79,1.26,-0.0,-1.98,0
180.0,240.0,102961698#7_0,102961698#7,7,0.58,14.54,4,0.13,13.89,16.12,0.0,1.35,2.68,0.53,-0.38,-4.99,26
180.0,240.0,102961717#0_0,102961717#0,0,13.89,15.46,0,0.0,13.89,38.37,36.86,1.47,2.56,2.47,0.46,-1.46,0
180.0,240.0,102961717#1_0,102961717#1,0,13.89,15.3,0,0.0,13.89,34.72,33.41,1.39,2.32,2.18,0.03,-0.54,0
180.0,240.0,102961717#2_0,102961717#2,0,13.89,15.46,0,0.0,13.89,29.83,27.83,1.55,1.97,1.85,0.03,-1.63,0
180.0,240.0,102961717#3_0,102961717#3,0,13.89,15.57,0,0.0,13.89,51.77,20.96,0.53,3.72,1.38,-0.07,-1.98,0
180.0,240.0,102961717#4_0,102961717#4,0,13.89,13.44,0,0.0,13.89,16.3,0.55,-3.36,8.68,0.72,-1.69,-4.67,10
180.0,240.0,102961724#0_0,102961724#0,0,13.89,13.53,0,0.0,13.89,,,,,,0.97,0.97,0
180.0,240.0,102961724#1_0,102961724#1,0,13.89,13.89,0,0.0,13.89,,,,,,-2.67,-4.0,5
180.0,240.0,102961758_0,102961758,0,2.78,2.51,0,0.0,2.78,,,,,,0.01,-1.05,0
180.0,240.0,103050330#0_0,103050330#0,0,13.89,11.12,0,0.0,13.89,76.74,72.52,4.5,7.74,6.52,1.07,0.55,0
180.0,240.0,103050330#1_0,103050330#1,0,13.89,13.23,0,0.0,13.89,66.33,65.6,2.98,5.09,4.96,0.86,0.79,0
180.0,240.0,103050330#2_0,103050330#2,0,13.89,13.54,0,0.0,13.89,79.27,50.56,7.64,7.58,3.81,0.61,-0.54,0
180.0,240.0,103050330#3_0,103050330#3,0,13.89,14.15,0,0.0,13.89,55.76,42.59,6.1,5.94,3.4,-1.37,-5.0,10
180.0,240.0,103050330#4_0,103050330#4,0,13.89,11.52,0,0.0,13.89,19.52,0.12,-6.14,8.23,0.29,-1.23,-4.67,6
180.0,240.0,103082310#1_0,103082310#1,0,13.89,4.79,0,0.0,13.89,18.21,18.21,-4.58,3.8,3.8,-4.0,-4.0,1
180.0,240.0,103082313#1_0,103082313#1,0,2.78,3.03,0,0.0,2.78,134.91,131.38,0.99,85.93,45.16,-0.21,-2.81,0
180.0,240.0,103082314#4_0,103082314#4,0,11.11,11.2,0,0.0,11.11,66.91,39.95,0.7,6.31,3.66,-0.02,-1.38,0
180.0,240.0,103082317#0_0,103082317#0,0,11.11,10.68,0,0.0,11.11,,,,,,-0.05,-1.83,0
180.0,240.0,103082325#1_0,103082325#1,0,13.89,13.74,0,0.0,13.89,,,,,,-0.27,-0.78,0
180.0,240.0,103082325#2_0,103082325#2,0,13.89,13.65,0,0.0,13.89,33.45,29.45,5.15,3.05,2.74,-2.75,-4.0,2
180.0,240.0,103082326#0_0,103082326#0,1,7.62,13.36,0,0.03,13.89,59.72,58.1,-0.25,6.4,5.24,0.2,-4.4,1
180.0,240.0,103082326#1_0,103082326#1,0,13.89,13.89,0,0.0,13.89,148.91,148.91,-2.55,31.82,31.82,-1.76,-4.0,9
180.0,240.0,103212684#2_0,103212684#2,1,8.08,8.08,0,0.11,13.89,,,,,,0.97,0.53,0
180.0,240.0,103212690_0,103212690,0,2.78,3.25,0,0.0,2.78,63.94,15.7,-14.06,24.99,5.04,0.02,-2.36,0
180.0,240.0,103230484#0_0,103230484#0,0,13.89,12.83,0,0.0,13.89,,,,,,-3.43,-5.0,3
180.0,240.0,103230510_0,103230510,0,13.89,13.59,0,0.0,13.89,,,,,,-0.65,-4.0,4
180.0,240.0,103230552#0_0,103230552#0,0,13.89,11.15,0,0.0,13.89,,,,,,-0.11,-5.0,1
180.0,240.0,103230552#1_0,103230552#1,0,13.89,13.78,0,0.0,13.89,,,,,,1.12,-1.37,0
180.0,240.0,103230557#0_0,103230557#0,0,22.22,14.44,0,0.0,22.22,,,,,,1.96,0.76,0
180.0,240.0,103230557#1_0,103230557#1,0,22.22,17.99,0,0.0,22.22,,,,,,-1.98,-5.0,3
180.0,240.0,103230607#0_0,103230607#0,0,13.89,14.78,0,0.0,13.89,59.36,53.35,2.87,4.65,3.73,0.32,-5.0,1
180.0,240.0,103230607#1_0,103230607#1,1,3.33,3.33,0,0.01,13.89,,,,,,-0.32,-0.32,0
180.0,240.0,103230607#3_0,103230607#3,0,13.89,12.34,0,0.0,13.89,43.08,34.52,0.26,4.66,2.88,-0.86,-5.0,2
180.0,240.0,103230607#4_0,103230607#4,0,13.89,12.12,0,0.0,13.89,,,,,,0.47,-3.7,1
180.0,240.0,104043544#2_0,104043544#2,0,22.22,17.32,0,0.0,22.22,,,,,,1.2,-0.9,0
180.0,240.0,104043544#4_0,104043544#4,1,7.68,17.99,0,0.07,22.22,120.16,119.07,16.09,7.23,7.06,0.92,-1.1,0
180.0,240.0,104043544#5_0,104043544#5,0,22.22,17.73,0,0.0,22.22,96.6,90.09,15.38,5.72,5.41,0.5,-1.99,0
180.0,240.0,104043544#6_0,104043544#6,0,22.22,18.0,0,0.0,22.22,72.61,66.75,14.81,4.29,3.95,-0.05,-2.18,0
180.0,240.0,104043544#7_0,104043544#7,0,22.22,17.97,0,0.0,22.22,43.18,27.47,14.53,2.58,1.81,-0.16,-3.14,1
180.0,240.0,104043544#8_0,104043544#8,1,0.0,15.3,1,0.09,22.22,17.5,0.0,-1.39,4.22,0.57,-0.81,-5.0,21
180.0,240.0,1087118361#11_0,1087118361#11,0,27.78,11.85,0,0.0,27.78,12.36,9.61,-0.95,1.27,0.98,0.86,-1.78,0
180.0,240.0,1087118361#12_0,1087118361#12,0,27.78,12.71,0,0.0,27.78,7.2,5.26,1.55,1.29,1.11,-1.89,-5.0,3
180.0,240.0,1087118361#4_0,1087118361#4,0,27.78,9.96,0,0.0,27.78,72.69,72.69,4.61,7.3,7.3,2.18,2.18,0
180.0,240.0,1087118361#5_0,1087118361#5,0,27.78,15.27,0,0.0,27.78,34.63,10.42,0.3,3.61,1.25,1.22,-3.81,1
180.0,240.0,1087118361#6_0,1087118361#6,0,27.78,8.75,0,0.0,27.78,,,,,,-2.5,-5.0,1
180.0,240.0,1087118361#8_0,1087118361#8,0,27.78,18.0,0,0.0,27.78,17.0,9.03,5.64,1.42,0.75,-0.16,-4.0,1
180.0,240.0,1087118361#9_0,1087118361#9,1,6.29,8.95,0,0.18,27.78,6.42,0.22,1.33,1.03,0.03,-1.94,-5.0,9
180.0,240.0,1087118362#0_0,1087118362#0,0,11.11,11.73,0,0.0,11.11,33.22,24.38,-0.64,3.23,2.23,0.29,-1.66,0
180.0,240.0,1087118362#1_0,1087118362#1,0,11.11,11.87,0,0.0,11.11,36.53,26.46,-0.51,3.51,2.24,0.02,-1.28,0
180.0,240.0,1087118362#2_0,1087118362#2,0,11.11,11.84,0,0.0,11.11,38.26,26.34,-0.44,3.67,2.23,-0.05,-1.34,0
180.0,240.0,1087118362#3_0,1087118362#3,1,10.07,11.65,0,0.59,11.11,42.21,26.53,-0.75,4.08,2.28,-0.18,-1.25,0
180.0,240.0,1087118362#5_0,1087118362#5,0,11.11,11.86,0,0.08,11.11,36.67,23.05,0.3,3.38,1.99,0.06,-0.7,0
180.0,240.0,1087118362#6_0,1087118362#6,0,11.11,11.52,0,0.0,11.11,,,,,,-1.47,-4.0,1
180.0,240.0,1087118362#7_0,1087118362#7,1,11.77,12.07,0,0.06,11.11,,,,,,0.05,-1.52,0
180.0,240.0,1124089269_1,1124089269,0,27.78,13.9,0,0.0,27.78,,,,,,-0.17,-0.61,0
180.0,240.0,1124089270_0,1124089270,0,27.78,18.0,0,0.0,27.78,123.57,122.22,-1.01,9.91,9.12,0.08,-2.32,0
180.0,240.0,1124089270_1,1124089270,0,27.78,17.14,0,0.0,27.78,115.33,112.93,-1.58,14.68,12.77,1.09,-0.34,0
180.0,240.0,1124089271_0,1124089271,1,14.35,17.48,0,0.02,27.78,124.27,123.81,0.01,9.17,8.98,0.05,-5.0,3
180.0,240.0,1124089271_1,1124089271,1,12.17,17.99,0,0.03,27.78,60.57,5.3,0.1,5.9,0.78,0.04,-5.0,5
180.0,240.0,1124089272#1_0,1124089272#1,0,27.78,13.9,0,0.0,27.78,121.65,93.5,1.91,8.95,6.73,0.01,-0.97,0
180.0,240.0,1124089273_0,1124089273,0,27.78,17.2,0,0.0,27.78,81.71,24.6,-0.99,6.46,2.52,0.9,-0.75,0
180.0,240.0,1124089273_1,1124089273,0,27.78,17.91,0,0.0,27.78,57.35,12.67,-2.21,5.37,1.32,1.58,0.45,0
180.0,240.0,1124089274_0,1124089274,3,13.92,17.98,0,0.13,27.78,49.14,3.75,2.21,3.55,0.51,0.52,-3.97,2
180.0,240.0,1124089274_1,1124089274,0,27.78,17.98,0,0.0,27.78,66.69,43.12,0.81,3.9,2.47,0.28,-1.79,0
180.0,240.0,1124089275#0_0,1124089275#0,0,27.78,15.74,0,0.0,27.78,37.01,5.99,-2.82,5.84,1.02,-2.01,-5.0,39
180.0,240.0,1124089275#0_1,1124089275#0,0,27.78,17.91,0,0.0,27.78,77.35,46.75,3.1,4.82,3.33,-0.0,-1.27,0
180.0,240.0,1124089275#1_0,1124089275#1,0,27.78,13.75,0,0.0,27.78,,,,,,0.55,-0.63,0
180.0,240.0,1124089275#1_1,1124089275#1,0,27.78,17.98,0,0.0,27.78,67.02,21.53,3.11,4.27,1.88,-0.03,-2.72,0
180.0,240.0,1124089275#2_0,1124089275#2,0,27.78,17.74,0,0.0,27.78,71.93,14.35,0.47,5.21,1.07,0.26,-1.12,0
180.0,240.0,1124089275#2_1,1124089275#2,2,15.62,17.97,0,0.03,27.78,78.77,17.02,0.05,5.55,1.46,0.21,-2.35,0
180.0,240.0,1124102296_0,1124102296,0,27.78,17.69,0,0.0,27.78,,,,,,0.09,-0.73,0
180.0,240.0,1124102297_0,1124102297,0,27.78,17.91,0,0.0,27.78,,,,,,1.58,-1.38,0
180.0,240.0,1124102303_0,1124102303,0,11.11,8.75,0,0.0,11.11,67.74,25.62,-2.04,9.46,3.2,1.1,0.56,0
180.0,240.0,1124379127#0_0,1124379127#0,1,13.27,16.53,0,0.04,16.67,,,,,,-0.2,-1.88,0
180.0,240.0,1124379127#0_1,1124379127#0,0,16.67,14.14,0,0.0,16.67,,,,,,0.29,0.17,0
180.0,240.0,1124379127#1_0,1124379127#1,0,16.67,17.08,0,0.0,16.67,,,,,,-0.11,-1.7,0
180.0,240.0,1124379127#1_1,1124379127#1,1,14.13,17.47,0,0.03,16.67,,,,,,-0.38,-1.38,0
180.0,240.0,1124379127#2_0,1124379127#2,0,16.67,17.2,0,0.0,16.67,,,,,,0.31,-0.42,0
180.0,240.0,1124379127#2_1,1124379127#2,0,16.67,17.95,0,0.0,16.67,,,,,,-0.27,-1.25,0
180.0,240.0,1124379127#3_0,1124379127#3,0,16.67,17.19,0,0.0,16.67,,,,,,-0.2,-2.32,0
180.0,240.0,1124379127#3_1,1124379127#3,0,16.67,17.62,0,0.0,16.67,,,,,,-0.08,-1.65,0
180.0,240.0,1124382852_0,1124382852,1,16.84,18.0,0,0.01,27.78,104.83,33.46,-0.45,6.81,1.94,0.65,-1.86,0
180.0,240.0,1124382853#2_0,1124382853#2,0,27.78,16.7,0,0.0,27.78,123.21,123.21,8.13,7.42,7.42,0.96,-1.2,0
180.0,240.0,1124382853#3_0,1124382853#3,0,27.78,16.67,0,0.0,27.78,111.1,109.88,0.86,6.78,6.66,-0.73,-4.0,6
180.0,240.0,1124382853#5_0,1124382853#5,1,10.3,12.09,0,0.1,27.78,102.78,28.77,-5.09,12.76,2.66,-0.9,-5.0,8
180.0,240.0,1126633510#0_0,1126633510#0,0,11.11,12.32,0,0.0,11.11,64.18,6.87,-0.41,7.12,1.07,0.25,-2.61,0
180.0,240.0,1126633510#1_0,1126633510#1,1,11.26,11.74,0,0.02,11.11,102.31,99.72,2.89,9.24,8.94,0.07,-2.16,0
180.0,240.0,1126633510#1_1,1126633510#1,2,10.44,12.39,0,0.07,11.11,57.97,17.11,1.57,5.12,1.51,-0.02,-1.49,0
180.0,240.0,1126633510#2_0,1126633510#2,0,11.11,11.04,0,0.0,11.11,,,,,,-1.47,-4.0,6
180.0,240.0,1126641020#0_0,1126641020#0,1,17.9,17.94,0,0.04,27.78,68.93,15.0,0.45,4.37,1.1,0.09,-1.7,0
180.0,240.0,1126641020#1_0,1126641020#1,1,17.65,17.83,0,0.03,27.78,47.39,14.38,1.13,2.91,1.04,-0.01,-1.29,0
180.0,240.0,1126641021_0,1126641021,1,16.16,17.97,0,0.03,27.78,54.35,11.19,-1.5,4.22,1.05,0.15,-2.15,0
180.0,240.0,1128043713#1_1,1128043713#1,0,11.11,11.37,0,0.0,11.11,,,,,,-0.33,-1.82,0
180.0,240.0,1128043714#1_0,1128043714#1,0,11.11,11.36,0,0.0,11.11,14.37,7.57,-0.66,1.55,0.99,0.58,-2.45,0
180.0,240.0,1128043714#2_0,1128043714#2,2,9.98,11.44,0,0.08,11.11,20.03,10.31,0.42,1.97,1.04,-0.02,-2.76,0
180.0,240.0,1128043714#3_0,1128043714#3,0,11.11,11.38,0,0.09,11.11,17.66,10.52,0.36,1.76,1.06,-0.06,-2.54,0
180.0,240.0,1128043714#4_0,1128043714#4,7,4.02,11.61,1,0.32,11.11,9.86,0.0,0.76,1.9,0.53,-0.36,-5.0,16
180.0,240.0,1128043714#5_0,1128043714#5,4,0.0,11.4,4,0.61,11.11,7.2,0.0,-1.04,1.59,0.5,-0.24,-5.0,19
180.0,240.0,1130603776#0_0,1130603776#0,0,16.67,16.87,0,0.0,16.67,44.83,18.78,-0.63,3.45,1.25,0.26,-3.0,1
180.0,240.0,1130603776#0_1,1130603776#0,1,13.4,16.82,0,0.02,16.67,91.08,23.97,4.95,6.16,1.54,0.22,-2.62,0
180.0,240.0,1130603776#1_0,1130603776#1,1,13.54,16.83,0,0.06,16.67,42.71,16.5,-0.0,3.13,1.16,-0.06,-1.64,0
180.0,240.0,1130603776#1_1,1130603776#1,0,16.67,17.02,0,0.0,16.67,52.99,18.21,10.7,3.87,1.38,-1.39,-4.51,8
180.0,240.0,1130603776#2_0,1130603776#2,2,13.67,17.27,0,0.11,16.67,47.94,15.92,-0.21,3.52,1.13,-0.49,-5.0,5
180.0,240.0,1130603776#2_1,1130603776#2,1,0.07,16.5,1,0.05,16.67,13.37,0.04,6.22,1.5,0.52,-1.83,-5.0,17
180.0,240.0,1132238886_0,1132238886,1,14.61,17.99,0,0.01,27.78,,,,,,0.72,-5.0,1
180.0,240.0,1132632802#0_0,1132632802#0,0,27.78,14.2,0,0.0,27.78,,,,,,1.32,0.55,0
180.0,240.0,1132632803_0,1132632803,0,27.78,10.65,0,0.0,27.78,80.87,79.24,0.27,9.19,8.22,-0.13,-4.74,2
180.0,240.0,1173597755#11_0,1173597755#11,1,7.35,11.08,0,0.1,11.11,,,,,,1.0,-0.87,0
180.0,240.0,1173597755#1_0,1173597755#1,0,11.11,3.87,0,0.0,11.11,3.34,3.34,-1.15,1.34,1.34,1.1,0.18,0
180.0,240.0,1173597755#2_0,1173597755#2,0,11.11,7.7,0,0.0,11.11,13.59,10.99,-2.55,2.03,1.92,1.05,0.78,0
180.0,240.0,1173597755#3_0,1173597755#3,0,11.11,11.13,0,0.0,11.11,17.59,16.89,-0.11,1.72,1.55,0.65,-1.08,0
180.0,240.0,1173597755#4_0,1173597755#4,0,11.11,10.96,0,0.0,11.11,9.84,5.71,1.94,1.34,1.21,-1.39,-4.0,7
180.0,240.0,1173597755#5_0,1173597755#5,0,11.11,7.57,0,0.0,11.11,9.31,8.63,-1.29,1.32,1.3,1.2,0.83,0
180.0,240.0,1173597755#6_0,1173597755#6,0,11.11,10.75,0,0.0,11.11,11.94,0.02,-2.01,3.86,0.51,-0.43,-4.0,6
180.0,240.0,1173597755#7_0,1173597755#7,0,11.11,10.2,0,0.0,11.11,,,,,,1.25,0.55,0
180.0,240.0,1173597755#8_0,1173597755#8,0,11.11,12.27,0,0.02,11.11,90.28,90.02,-0.25,8.04,7.95,0.78,-0.18,0
180.0,240.0,1173597755#9_0,1173597755#9,0,11.11,12.79,0,0.0,11.11,,,,,,-0.37,-4.0,1
180.0,240.0,1178005978#0_0,1178005978#0,1,0.95,13.76,0,0.02,13.89,27.39,0.0,-4.58,3.56,0.5,-0.12,-5.0,9
180.0,240.0,1178005978#1_0,1178005978#1,1,14.31,14.31,0,0.03,13.89,,,,,,0.86,-1.16,0
180.0,240.0,1192799362_0,1192799362,0,16.67,17.28,0,0.0,16.67,,,,,,-0.03,-1.88,0
180.0,240.0,1192799363#0_0,1192799363#0,0,16.67,16.36,0,0.0,16.67,113.19,15.97,1.56,7.75,1.15,0.06,-1.01,0
180.0,240.0,1192799363#1_0,1192799363#1,0,16.67,16.68,0,0.0,16.67,89.62,14.9,1.85,6.17,1.07,0.0,-1.23,0
180.0,240.0,1192799363#2_0,1192799363#2,1,0.0,16.66,1,0.04,16.67,81.17,14.51,2.04,9.19,1.05,-0.73,-4.0,20
180.0,240.0,1192799363#3_0,1192799363#3,0,16.67,13.89,0,0.0,16.67,,,,,,0.34,-0.89,0
180.0,240.0,1192799363#3_1,1192799363#3,1,8.59,17.54,0,0.03,16.67,44.93,14.16,5.88,3.0,1.39,0.0,-4.86,3
180.0,240.0,1192799363#4_0,1192799363#4,0,16.67,13.74,0,0.0,16.67,,,,,,0.0,-0.42,0
180.0,240.0,1192799363#4_1,1192799363#4,0,16.67,14.73,0,0.0,16.67,71.42,20.12,-2.09,6.79,1.38,0.95,-1.44,0
180.0,240.0,1192799363#5_0,1192799363#5,0,16.67,13.9,0,0.0,16.67,,,,,,0.1,-1.21,0
180.0,240.0,1192799363#5_1,1192799363#5,0,16.67,16.87,0,0.0,16.67,68.38,15.04,3.17,4.62,1.11,-0.07,-3.31,4
180.0,240.0,1192799364_0,1192799364,0,16.67,16.4,0,0.0,16.67,,,,,,-0.09,-0.45,0
180.0,240.0,1192799364_1,1192799364,0,16.67,14.1,0,0.0,16.67,,,,,,1.36,1.03,0
180.0,240.0,1192799366_0,1192799366,0,16.67,16.53,0,0.0,16.67,64.54,63.28,-2.49,4.83,4.74,0.07,-1.18,0
180.0,240.0,1192799366_1,1192799366,0,16.67,16.26,0,0.0,16.67,,,,,,0.03,-1.14,0
180.0,240.0,1192800521_0,1192800521,0,16.67,16.97,0,0.0,16.67,,,,,,0.29,-1.06,0
180.0,240.0,1192800521_1,1192800521,0,16.67,17.67,0,0.0,16.67,,,,,,0.18,-0.83,0
180.0,240.0,1196271501#0_0,1196271501#0,0,11.11,11.43,0,0.0,11.11,82.05,49.79,0.18,7.43,4.5,-0.68,-4.0,2
180.0,240.0,1196271501#1_0,1196271501#1,0,11.11,12.21,0,0.0,11.11,63.11,42.88,1.85,5.53,3.79,0.02,-1.11,0
180.0,240.0,1196271501#2_0,1196271501#2,0,11.11,12.18,0,0.0,11.11,26.01,7.22,0.34,2.98,0.99,-0.05,-5.0,15
180.0,240.0,1196283316_0,1196283316,3,15.9,17.94,0,0.04,22.22,22.72,13.05,-1.4,1.56,1.06,0.7,-2.75,0
180.0,240.0,1198952554#0_0,1198952554#0,0,11.11,11.82,0,0.0,11.11,,,,,,0.42,-4.28,1
180.0,240.0,1198952554#5_0,1198952554#5,0,11.11,12.12,0,0.0,11.11,,,,,,0.68,0.0,0
180.0,240.0,1198952554#6_0,1198952554#6,0,11.11,12.03,0,0.0,11.11,,,,,,-0.36,-4.84,2
180.0,240.0,1198952555#0_0,1198952555#0,0,11.11,11.06,0,0.0,11.11,43.51,28.71,-2.86,7.33,2.6,1.37,-1.04,0
180.0,240.0,1198952555#1_0,1198952555#1,0,11.11,10.82,0,0.0,11.11,43.91,27.43,0.29,4.33,2.55,0.03,-1.05,0
180.0,240.0,1198952555#2_0,1198952555#2,0,11.11,11.39,0,0.0,11.11,41.54,19.89,0.46,4.11,1.75,0.01,-1.89,0
180.0,240.0,1198952555#3_0,1198952555#3,1,7.98,11.1,0,0.04,11.11,48.18,13.01,0.23,5.55,1.36,-0.56,-5.0,6
180.0,240.0,1199457538#1_0,1199457538#1,0,13.89,15.7,0,0.0,13.89,,,,,,0.6,-2.36,0
180.0,240.0,1199457538#2_0,1199457538#2,0,13.89,14.95,0,0.0,13.89,132.89,132.89,7.67,17.32,17.32,-1.53,-5.0,7
180.0,240.0,1199457540#0_0,1199457540#0,0,22.22,17.89,0,0.0,22.22,76.3,43.6,6.67,5.25,2.53,0.22,-1.6,0
180.0,240.0,1199457540#1_0,1199457540#1,0,22.22,17.98,0,0.0,22.22,46.2,12.76,7.52,3.28,1.37,-1.1,-5.0,9
180.0,240.0,1199457540#2_0,1199457540#2,1,5.84,8.39,0,0.44,22.22,36.76,1.77,-5.55,18.36,0.79,-1.64,-5.0,13
180.0,240.0,1199688354_0,1199688354,0,13.89,13.71,0,0.0,13.89,,,,,,-2.52,-5.0,4
180.0,240.0,1251129390#0_0,1251129390#0,1,10.64,10.98,0,0.02,11.11,48.07,46.9,-0.24,4.68,4.42,-0.02,-1.97,0
180.0,240.0,1251129390#0_1,1251129390#0,0,11.11,11.68,0,0.0,11.11,104.97,13.61,5.88,9.65,1.3,-0.18,-4.0,2
180.0,240.0,1251129390#1_0,1251129390#1,0,11.11,10.8,0,0.0,11.11,94.32,2.83,-2.86,11.01,4.07,0.35,-2.02,0
180.0,240.0,1251129390#1_1,1251129390#1,3,0.0,12.23,3,0.11,11.11,8.59,0.0,2.09,2.3,0.5,-0.42,-5.0,12
180.0,240.0,1251129390#2_0,1251129390#2,0,11.11,10.17,0,0.0,11.11,,,,,,-0.08,-0.86,0
180.0,240.0,1251129390#2_1,1251129390#2,0,11.11,11.36,0,0.0,11.11,112.73,110.02,11.07,10.12,10.09,0.37,-0.91,0
180.0,240.0,1251129390#3_0,1251129390#3,2,9.66,11.37,0,0.05,11.11,91.24,38.84,1.4,9.47,3.98,0.02,-2.14,0
180.0,240.0,1251129390#3_1,1251129390#3,1,10.7,11.52,0,0.04,11.11,77.11,9.97,4.21,64.08,1.33,-0.08,-3.46,2
180.0,240.0,1251129391_0,1251129391,0,11.11,11.34,0,0.0,11.11,51.05,8.07,-0.07,5.81,1.07,0.0,-2.24,0
180.0,240.0,1251129391_1,1251129391,0,11.11,11.52,0,0.0,11.11,,,,,,0.07,-3.68,1
180.0,240.0,1275560130_0,1275560130,0,13.89,13.04,0,0.0,13.89,16.69,9.3,7.77,1.65,1.33,-2.36,-5.0,5
180.0,240.0,1275560131_0,1275560131,0,2.78,2.91,0,0.0,2.78,58.75,6.84,-4.01,29.02,2.35,-0.02,-2.0,0
180.0,240.0,1277600332#0_0,1277600332#0,0,11.11,11.83,0,0.0,11.11,140.55,131.19,-0.51,13.96,11.11,-0.29,-4.52,4
180.0,240.0,1277600332#1_0,1277600332#1,0,11.11,11.94,0,0.0,11.11,85.67,12.02,3.83,7.56,1.06,-0.0,-2.23,0
180.0,240.0,1287656128#1_0,1287656128#1,1,17.54,17.99,0,0.02,22.22,54.29,12.0,2.23,4.82,1.22,-1.39,-5.0,23
180.0,240.0,1288011209_0,1288011209,2,7.21,13.11,0,0.05,11.11,60.85,8.76,-1.53,6.7,1.09,-0.04,-4.37,4
180.0,240.0,1312946259#3_0,1312946259#3,2,11.2,11.75,0,0.1,11.11,38.45,3.25,2.2,5.65,0.85,0.03,-5.0,7
180.0,240.0,1312946259#4_0,1312946259#4,0,11.11,11.88,0,0.0,11.11,7.56,0.3,-0.2,2.5,0.57,-0.52,-5.0,12
180.0,240.0,1312946260_0,1312946260,3,0.28,11.91,1,0.09,11.11,17.93,0.0,0.11,3.32,0.51,-0.27,-5.0,19
180.0,240.0,1342408879_0,1342408879,0,13.89,12.29,0,0.0,13.89,107.6,107.6,-5.9,26.0,26.0,-3.56,-5.0,9
180.0,240.0,1387728842#0_0,1387728842#0,0,11.11,11.85,0,0.0,11.11,115.11,109.19,-1.88,13.89,10.92,0.49,-1.15,0
180.0,240.0,1387728842#1_0,1387728842#1,0,11.11,11.54,0,0.0,11.11,116.5,116.36,0.72,10.45,10.35,-0.27,-1.8,0
180.0,240.0,1388181076#0_0,1388181076#0,2,13.37,16.39,0,0.1,22.22,22.94,6.56,-0.98,2.43,0.99,0.94,-3.64,5
180.0,240.0,1388181076#1_0,1388181076#1,0,22.22,17.84,0,0.0,22.22,48.36,11.63,3.17,3.47,0.96,0.44,-2.25,0
180.0,240.0,1388181076#2_0,1388181076#2,0,22.22,17.75,0,0.0,22.22,46.63,9.16,4.26,3.66,1.18,-0.34,-4.0,2
180.0,240.0,1388181076#3_0,1388181076#3,2,7.42,17.38,0,0.11,22.22,34.1,13.06,6.0,2.77,1.13,-0.16,-3.77,2
180.0,240.0,1388181076#4_0,1388181076#4,3,7.45,15.03,0,0.18,22.22,15.35,0.0,-0.69,2.95,0.55,-0.5,-5.0,33
180.0,240.0,1388965579_0,1388965579,0,27.78,16.82,0,0.0,27.78,28.05,10.39,1.44,3.02,1.18,-1.82,-5.0,16
180.0,240.0,1389216080#0_0,1389216080#0,0,11.11,7.94,0,0.0,11.11,45.14,0.0,-2.94,35.29,0.57,-0.38,-5.0,10
180.0,240.0,1389216080#2_0,1389216080#2,3,5.8,10.82,1,0.11,11.11,26.68,14.73,6.7,3.07,2.07,0.01,-4.0,5
180.0,240.0,1419352711#0_0,1419352711#0,0,11.11,11.55,0,0.0,11.11,,,,,,0.26,-1.6,0
180.0,240.0,1419352711#1_0,1419352711#1,1,11.33,11.5,0,0.03,11.11,38.67,37.58,1.98,4.48,4.3,-0.06,-1.99,0
180.0,240.0,1434291944#0_0,1434291944#0,3,14.11,17.93,0,0.08,22.22,28.01,8.84,-1.87,2.36,1.01,0.74,-2.44,0
180.0,240.0,1434291944#1_0,1434291944#1,0,22.22,17.99,0,0.0,22.22,38.5,15.0,-1.11,2.78,1.07,0.02,-1.94,0
180.0,240.0,1434291944#2_0,1434291944#2,0,22.22,18.0,0,0.0,22.22,40.06,14.81,-0.41,2.84,1.07,-0.01,-2.54,0
180.0,240.0,1435087429_0,1435087429,0,11.11,12.66,0,0.0,11.11,103.52,61.06,10.25,10.52,5.78,0.08,-5.0,2
180.0,240.0,1435087430#0_0,1435087430#0,0,11.11,10.31,0,0.0,11.11,,,,,,0.54,-2.77,0
180.0,240.0,1435087430#1_0,1435087430#1,1,5.99,5.99,0,0.07,11.11,,,,,,0.15,-0.52,0
180.0,240.0,1476448641#0_0,1476448641#0,0,22.22,17.92,0,0.0,22.22,96.49,10.92,-1.18,6.99,1.18,1.18,-2.29,0
180.0,240.0,1502779184#1_0,1502779184#1,0,11.11,13.12,0,0.0,11.11,,,,,,0.05,-1.94,0
180.0,240.0,1530047251#1_0,1530047251#1,0,16.67,13.9,0,0.0,16.67,,,,,,-0.48,-0.96,0
180.0,240.0,1530047253#0_0,1530047253#0,0,16.67,17.17,0,0.0,16.67,,,,,,-0.21,-1.26,0
180.0,240.0,1530047253#0_1,1530047253#0,0,16.67,17.71,0,0.0,16.67,,,,,,-2.46,-5.0,4
180.0,240.0,1530047253#1_0,1530047253#1,0,16.67,17.26,0,0.0,16.67,,,,,,-0.04,-1.34,0
180.0,240.0,1546903355_0,1546903355,6,9.63,12.17,0,0.14,11.11,42.49,9.05,-0.65,4.45,1.0,0.37,-4.0,2
180.0,240.0,50219794#10_0,50219794#10,0,11.11,9.91,0,0.0,11.11,,,,,,-0.13,-0.52,0
180.0,240.0,50219794#11_0,50219794#11,0,11.11,11.88,0,0.0,11.11,81.02,75.46,-3.58,7.24,6.58,-0.04,-3.35,1
180.0,240.0,50219794#2_1,50219794#2,0,11.11,12.77,0,0.0,11.11,182.92,160.94,12.3,14.94,12.88,0.35,-0.38,0
180.0,240.0,50219794#3_0,50219794#3,0,11.11,10.04,0,0.0,11.11,,,,,,-0.2,-1.01,0
180.0,240.0,50219794#3_1,50219794#3,0,11.11,12.81,0,0.0,11.11,126.48,117.0,12.64,10.01,9.17,0.05,-0.84,0
180.0,240.0,50219794#4_0,50219794#4,0,11.11,10.02,0,0.0,11.11,,,,,,-0.56,-4.0,4
180.0,240.0,50219794#4_1,50219794#4,0,11.11,12.85,0,0.0,11.11,45.19,0.52,-2.4,14.28,5.09,-0.47,-4.0,11
180.0,240.0,50219794#7_0,50219794#7,0,11.11,9.94,0,0.0,11.11,,,,,,0.62,-0.44,0
180.0,240.0,50219794#7_1,50219794#7,0,11.11,10.74,0,0.0,11.11,67.87,65.35,-1.47,9.07,7.18,1.12,-0.0,0
180.0,240.0,50219794#8_0,50219794#8,0,11.11,9.71,0,0.0,11.11,,,,,,-0.31,-0.74,0
180.0,240.0,50219794#8_1,50219794#8,0,11.11,11.18,0,0.0,11.11,78.95,76.44,-4.7,8.68,7.27,-1.82,-4.0,2
180.0,240.0,50219794#9_0,50219794#9,0,11.11,10.01,0,0.0,11.11,161.69,157.75,-7.84,16.89,16.48,-0.1,-0.82,0
180.0,240.0,52087627#0_0,52087627#0,0,11.11,12.3,0,0.0,11.11,52.77,34.1,2.94,4.83,3.09,-0.02,-2.01,0
180.0,240.0,52087627#2_0,52087627#2,1,0.0,12.24,1,0.06,11.11,45.39,2.38,-2.72,8.28,0.79,-0.32,-5.0,11
180.0,240.0,52097266#0_0,52097266#0,1,12.33,12.53,0,0.04,11.11,,,,,,0.33,-0.91,0
180.0,240.0,52097266#1_0,52097266#1,0,11.11,10.17,0,0.0,11.11,,,,,,0.05,-1.27,0
180.0,240.0,52097266#2_0,52097266#2,0,11.11,10.02,0,0.0,11.11,,,,,,-0.23,-0.89,0
180.0,240.0,52097266#3_0,52097266#3,0,11.11,10.04,0,0.0,11.11,,,,,,0.12,-0.68,0
180.0,240.0,52097266#4_0,52097266#4,0,11.11,10.15,0,0.0,11.11,122.29,116.95,-0.76,18.48,12.99,0.3,-2.26,0
180.0,240.0,52097266#6_0,52097266#6,0,11.11,11.72,0,0.0,11.11,134.67,125.81,-4.88,15.79,14.4,-0.25,-5.0,6
180.0,240.0,52097653#0_0,52097653#0,0,11.11,11.36,0,0.0,11.11,73.4,14.1,0.04,7.11,1.47,0.29,-2.32,0
180.0,240.0,52097653#1_0,52097653#1,0,11.11,11.26,0,0.0,11.11,132.19,129.6,-0.11,12.58,11.94,-0.08,-0.9,0
180.0,240.0,52097653#2_0,52097653#2,1,11.42,12.3,0,0.01,11.11,91.47,15.13,1.13,15.44,1.56,-0.26,-5.0,10
180.0,240.0,52152219#0_0,52152219#0,1,11.82,11.82,0,0.31,11.11,109.83,108.25,5.76,9.99,9.87,-0.33,-2.27,0
180.0,240.0,52152219#1_0,52152219#1,0,11.11,11.25,0,0.0,11.11,68.61,17.2,3.59,8.98,1.81,-0.47,-5.0,12
180.0,240.0,52152302#1_0,52152302#1,1,17.51,17.51,0,0.02,22.22,61.52,13.37,-0.58,4.77,1.13,0.78,-1.37,0
180.0,240.0,52152302#2_0,52152302#2,1,13.62,16.61,0,0.06,22.22,58.26,15.2,-0.07,4.75,1.09,0.18,-1.87,0
180.0,240.0,52152302#3_0,52152302#3,0,22.22,16.88,0,0.0,22.22,28.35,0.01,1.17,3.43,0.5,-0.73,-5.0,41
180.0,240.0,52152309_0,52152309,1,7.65,16.67,0,0.02,22.22,192.66,192.12,0.92,28.87,27.77,0.02,-4.0,13
180.0,240.0,52152345#0_0,52152345#0,0,27.78,17.65,0,0.0,27.78,50.76,14.47,1.93,3.09,1.05,0.04,-1.42,0
180.0,240.0,52152345#1_0,52152345#1,2,13.61,17.97,0,0.13,27.78,84.01,14.33,3.37,5.8,1.03,-0.09,-3.09,1
180.0,240.0,52152346#0_0,52152346#0,1,7.59,13.8,0,0.04,27.78,,,,,,-1.01,-4.0,3
180.0,240.0,52152366#0_0,52152366#0,0,11.11,12.25,0,0.0,11.11,,,,,,-0.1,-1.64,0
180.0,240.0,52152366#0_1,52152366#0,0,11.11,12.44,0,0.0,11.11,,,,,,-1.84,-5.0,1
180.0,240.0,52152369#0_0,52152369#0,0,13.89,13.18,0,0.0,13.89,43.31,42.69,-1.32,6.87,5.47,-1.75,-5.0,3
180.0,240.0,52155433#0_0,52155433#0,0,16.67,16.44,0,0.0,16.67,,,,,,0.58,-0.87,0
180.0,240.0,52155433#1_0,52155433#1,0,16.67,16.66,0,0.0,16.67,,,,,,0.06,-1.04,0
180.0,240.0,52155433#1_1,52155433#1,0,16.67,10.99,0,0.0,16.67,,,,,,1.36,-0.33,0
180.0,240.0,52155735#0_0,52155735#0,1,16.06,17.89,0,0.05,22.22,65.71,24.85,-2.77,6.3,2.41,1.43,-1.33,0
180.0,240.0,52155735#1_0,52155735#1,0,22.22,17.96,0,0.0,22.22,78.14,43.63,-3.3,8.62,2.43,-0.21,-4.0,4
180.0,240.0,52155737#1_0,52155737#1,0,13.89,11.18,0,0.0,13.89,,,,,,0.95,0.48,0
180.0,240.0,52155744#1_0,52155744#1,0,13.89,13.64,0,0.0,13.89,,,,,,-0.07,-1.23,0
180.0,240.0,52155744#2_0,52155744#2,0,13.89,13.56,0,0.0,13.89,,,,,,0.12,-0.89,0
180.0,240.0,52155744#3_0,52155744#3,0,13.89,13.64,0,0.0,13.89,89.16,87.12,0.81,8.33,6.43,-1.0,-4.0,4
180.0,240.0,52155745#1_0,52155745#1,0,22.22,17.54,0,0.0,22.22,37.1,18.16,4.7,2.25,1.1,-0.23,-2.68,0
180.0,240.0,52155745#2_0,52155745#2,0,22.22,18.0,0,0.0,22.22,21.53,10.09,2.57,2.2,1.11,-2.19,-5.0,16
180.0,240.0,52155752#0_0,52155752#0,1,7.47,13.89,0,0.01,13.89,75.05,69.01,2.95,5.97,5.18,0.14,-4.55,2
180.0,240.0,52155752#1_0,52155752#1,0,13.89,13.89,0,0.0,13.89,127.04,101.83,3.92,9.44,7.81,-0.23,-4.0,1
180.0,240.0,562694503#1_0,562694503#1,0,13.89,14.13,0,0.0,13.89,187.45,183.33,7.65,14.04,13.4,-0.84,-5.0,3
180.0,240.0,562694504_0,562694504,0,27.78,13.0,0,0.0,27.78,,,,,,1.22,0.5,0
180.0,240.0,563022376#1_0,563022376#1,0,11.11,10.73,0,0.0,11.11,101.75,95.32,-8.59,14.75,13.08,0.96,-0.45,0
180.0,240.0,563518385#0_0,563518385#0,0,11.11,9.99,0,0.0,11.11,,,,,,-0.37,-1.21,0
180.0,240.0,563518385#1_0,563518385#1,0,11.11,9.92,0,0.0,11.11,,,,,,0.13,-2.24,0
180.0,240.0,563518385#2_0,563518385#2,0,11.11,11.34,0,0.0,11.11,96.27,15.91,2.39,9.3,2.03,-0.28,-4.0,2
180.0,240.0,689627819_0,689627819,0,13.89,12.68,0,0.0,13.89,35.01,0.55,0.4,4.38,1.65,-0.7,-5.0,15
180.0,240.0,696897744#2_0,696897744#2,0,11.11,11.81,0,0.0,11.11,,,,,,0.07,-5.0,4
180.0,240.0,749310218#2_0,749310218#2,2,5.23,15.25,0,0.17,27.78,40.39,1.62,-1.34,17.34,0.74,-1.42,-5.0,15
180.0,240.0,749341589#0_0,749341589#0,0,11.11,10.89,0,0.0,11.11,,,,,,1.53,-0.23,0
180.0,240.0,995139946_0,995139946,0,2.78,3.07,0,0.0,2.78,108.54,60.78,-4.49,39.13,20.68,0.01,-1.28,0
180.0,240.0,:10279701147_0_0,:10279701147_0,0,27.78,13.26,0,0.0,27.78,,,,,,-0.35,-0.35,0
180.0,240.0,:10279701147_0_1,:10279701147_0,0,27.78,17.95,0,0.0,27.78,64.36,19.11,1.6,4.22,1.77,-0.25,-2.5,0
180.0,240.0,:10279701147_3_0,:10279701147_3,0,6.44,5.55,0,0.0,6.44,23.84,9.86,-11.18,10.08,8.92,0.42,-2.89,0
180.0,240.0,:10279701149_0_0,:10279701149_0,0,4.56,4.9,0,0.0,4.56,,,,,,-0.69,-1.57,0
180.0,240.0,:10279761591_0_0,:10279761591_0,0,27.78,16.88,0,0.0,27.78,,,,,,-0.68,-0.68,0
180.0,240.0,:10281958924_0_0,:10281958924_0,0,16.67,16.65,0,0.08,16.67,44.87,18.6,-0.25,3.29,1.31,-0.28,-1.64,0
180.0,240.0,:10281958924_0_1,:10281958924_0,1,13.45,16.27,0,0.28,16.67,73.32,22.43,10.26,4.88,1.45,-0.07,-1.64,0
180.0,240.0,:10281958927_0_0,:10281958927_0,0,16.67,16.96,0,0.0,16.67,,,,,,0.86,0.86,0
180.0,240.0,:10281958927_0_1,:10281958927_0,0,16.67,14.5,0,0.0,16.67,,,,,,0.35,0.22,0
180.0,240.0,:10281958928_0_0,:10281958928_0,0,16.67,16.7,0,0.0,16.67,,,,,,-0.19,-0.83,0
180.0,240.0,:10281958928_0_1,:10281958928_0,0,16.67,17.67,0,0.0,16.67,,,,,,0.37,0.23,0
180.0,240.0,:10281958928_4_0,:10281958928_4,0,3.65,3.19,0,0.0,3.65,,,,,,-0.04,-0.42,0
180.0,240.0,:10281958930_0_0,:10281958930_0,0,16.67,17.14,0,0.0,16.67,,,,,,-0.13,-0.13,0
180.0,240.0,:10281958930_0_1,:10281958930_0,0,16.67,17.78,0,0.0,16.67,,,,,,1.85,1.85,0
180.0,240.0,:10281958931_0_0,:10281958931_0,0,16.67,16.1,0,0.0,16.67,,,,,,-1.09,-1.09,0
180.0,240.0,:10281958931_0_1,:10281958931_0,0,16.67,17.12,0,0.0,16.67,,,,,,-1.0,-1.0,0
180.0,240.0,:10281958933_0_0,:10281958933_0,0,16.67,16.6,0,0.0,16.67,,,,,,0.73,0.73,0
180.0,240.0,:10281958933_2_0,:10281958933_2,0,6.01,6.35,0,0.0,6.01,,,,,,-0.43,-2.22,0
180.0,240.0,:10560867452_0_0,:10560867452_0,0,8.63,8.74,0,0.0,8.63,81.57,81.57,-0.17,9.34,9.34,-4.16,-4.31,2
180.0,240.0,:10560867452_1_0,:10560867452_1,0,11.11,11.39,0,0.0,11.11,,,,,,-0.11,-0.62,0
180.0,240.0,:10560867456_0_0,:10560867456_0,0,11.11,11.87,0,0.0,11.11,56.42,12.16,1.99,5.14,1.3,0.17,-0.68,0
180.0,240.0,:10680197981_1_0,:10680197981_1,0,13.89,14.75,0,0.0,13.89,36.19,36.19,1.34,2.45,2.45,-0.38,-0.38,0
180.0,240.0,:10680197991_1_0,:10680197991_1,0,13.89,15.11,0,0.0,13.89,32.47,32.47,1.87,2.15,2.15,-0.15,-0.38,0
180.0,240.0,:10680197995_0_0,:10680197995_0,0,13.89,15.42,0,0.0,13.89,65.24,26.17,0.9,4.67,1.7,0.07,-0.58,0
180.0,240.0,:10907806554_0_0,:10907806554_0,0,13.89,12.24,0,0.0,13.89,,,,,,1.46,1.17,0
180.0,240.0,:10907806554_11_0,:10907806554_11,0,3.65,3.08,0,0.0,3.65,138.36,135.64,-6.14,55.26,44.04,-1.57,-2.56,0
180.0,240.0,:10907806554_7_0,:10907806554_7,0,13.89,14.25,0,0.0,13.89,77.82,77.8,-0.41,5.69,5.64,0.22,-0.45,0
180.0,240.0,:10943277968_0_0,:10943277968_0,0,22.22,15.25,0,0.0,22.22,70.79,32.5,6.12,5.26,2.52,1.55,0.47,0
180.0,240.0,:10943433498_0_0,:10943433498_0,0,16.67,16.27,0,0.0,16.67,43.56,16.73,-0.42,3.21,1.25,-0.1,-1.8,0
180.0,240.0,:10943433498_0_1,:10943433498_0,0,16.67,16.47,0,0.0,16.67,48.85,44.7,13.07,3.92,2.72,0.71,-0.37,0
180.0,240.0,:10943433498_2_0,:10943433498_2,0,5.99,6.1,0,0.0,5.99,24.75,23.32,-2.74,4.43,3.82,-1.91,-5.0,2
180.0,240.0,:10943435169_2_0,:10943435169_2,0,6.68,6.97,0,0.0,6.68,,,,,,-1.75,-4.0,1
180.0,240.0,:10943435169_3_0,:10943435169_3,0,11.11,11.68,0,0.0,11.11,,,,,,0.41,0.41,0
180.0,240.0,:10943490813_0_0,:10943490813_0,0,13.89,15.71,0,0.0,13.89,21.43,17.1,0.1,1.54,1.31,-0.03,-1.75,0
180.0,240.0,:10943490816_0_0,:10943490816_0,0,13.89,14.38,0,0.0,13.89,21.81,16.85,-2.15,1.71,1.38,1.47,-0.63,0
180.0,240.0,:10943490945_0_0,:10943490945_0,0,6.71,5.87,0,0.0,6.71,56.25,13.91,-0.61,14.95,4.02,1.35,-1.38,0
180.0,240.0,:10943490945_4_0,:10943490945_4,0,11.11,11.97,0,0.0,11.11,71.58,41.28,4.16,6.57,3.45,0.04,-1.3,0
180.0,240.0,:10943490952_7_0,:10943490952_7,0,13.2,14.34,0,0.0,13.2,29.06,27.32,3.93,2.35,2.24,-0.35,-1.91,0
180.0,240.0,:10943525385_4_0,:10943525385_4,0,11.11,11.92,0,0.0,11.11,,,,,,0.01,-1.85,0
180.0,240.0,:10943525385_5_0,:10943525385_5,0,11.11,12.1,0,0.0,11.11,,,,,,-0.16,-0.27,0
180.0,240.0,:10943566925_1_0,:10943566925_1,0,7.62,7.24,0,0.0,7.62,,,,,,0.57,-0.93,0
180.0,240.0,:10943566925_6_0,:10943566925_6,0,13.89,13.25,0,0.0,13.89,,,,,,-2.31,-4.0,1
180.0,240.0,:10943736751_0_0,:10943736751_0,0,16.67,16.1,0,0.0,16.67,130.08,15.69,3.95,8.8,1.12,0.05,-0.92,0
180.0,240.0,:11125046588_6_0,:11125046588_6,0,11.11,11.35,0,0.0,11.11,42.77,26.06,0.58,4.2,2.31,0.23,-1.88,0
180.0,240.0,:11282869379_6_0,:11282869379_6,0,11.11,12.43,0,0.0,11.11,,,,,,0.11,-0.48,0
180.0,240.0,:11499274561_4_0,:11499274561_4,0,13.89,13.3,0,0.0,13.89,,,,,,0.03,-0.7,0
180.0,240.0,:1174832475_0_0,:1174832475_0,0,6.83,3.86,0,0.0,6.83,14.67,3.04,-6.95,6.12,1.18,0.96,-1.07,0
180.0,240.0,:1174832475_2_0,:1174832475_2,0,22.22,16.56,0,0.0,22.22,62.63,15.81,3.01,4.44,1.14,0.33,-0.26,0
180.0,240.0,:1174832527_7_0,:1174832527_7,0,22.22,17.38,0,0.0,22.22,32.27,10.48,-0.08,3.29,1.0,0.86,-0.79,0
180.0,240.0,:1174832527_8_0,:1174832527_8,0,6.05,5.5,0,0.0,6.05,,,,,,-1.14,-2.16,0
180.0,240.0,:1174832534_0_0,:1174832534_0,0,22.22,17.93,0,0.0,22.22,,,,,,0.91,0.91,0
180.0,240.0,:1174832534_6_0,:1174832534_6,0,22.22,15.55,0,0.0,22.22,,,,,,1.54,0.67,0
180.0,240.0,:1174832699_10_0,:1174832699_10,1,3.82,3.82,0,0.62,3.65,20.54,19.59,3.82,5.38,5.12,-0.26,-0.54,0
180.0,240.0,:1174832699_2_0,:1174832699_2,0,3.65,4.08,0,0.0,3.65,23.4,23.4,4.08,5.74,5.74,-2.79,-2.79,0
180.0,240.0,:1174832699_7_0,:1174832699_7,0,11.11,11.94,0,0.0,11.11,27.99,24.1,7.03,2.53,2.24,0.17,-1.3,0
180.0,240.0,:1174832713_7_0,:1174832713_7,0,11.11,11.74,0,0.0,11.11,40.17,32.66,2.0,4.17,3.43,0.28,-1.83,0
180.0,240.0,:1174832716_0_0,:1174832716_0,0,6.54,5.16,0,0.0,6.54,15.95,7.26,-11.81,3.46,1.62,0.21,-1.94,0
180.0,240.0,:1174832716_3_0,:1174832716_3,0,22.22,16.65,0,0.0,22.22,66.08,15.97,1.64,4.5,1.13,-0.21,-1.5,0
180.0,240.0,:1174832811_0_0,:1174832811_0,0,11.11,11.58,0,0.0,11.11,117.17,117.08,0.47,10.68,10.45,0.03,-0.98,0
180.0,240.0,:1174832816_2_0,:1174832816_2,0,6.39,6.14,0,0.0,6.39,86.95,83.27,-7.19,14.9,14.13,0.55,-0.91,0
180.0,240.0,:1174832834_0_0,:1174832834_0,0,8.93,8.74,0,0.0,8.93,62.58,48.5,3.45,8.18,5.68,1.21,0.63,0
180.0,240.0,:1174832834_4_0,:1174832834_4,0,11.11,11.94,0,0.0,11.11,58.86,12.44,6.48,5.21,1.08,0.04,-1.09,0
180.0,240.0,:1174832855_7_0,:1174832855_7,1,8.45,9.69,0,0.29,10.5,9.75,7.99,-2.27,1.32,1.26,1.48,0.95,0
180.0,240.0,:1174832885_4_0,:1174832885_4,0,13.89,15.23,0,0.0,13.89,44.48,15.36,3.18,3.4,1.23,-0.03,-1.54,0
180.0,240.0,:1174832895_5_0,:1174832895_5,0,3.65,3.96,0,0.0,3.65,,,,,,-0.89,-2.02,0
180.0,240.0,:1174832895_7_1,:1174832895_7,0,11.11,12.66,0,0.0,11.11,148.58,142.29,12.44,11.96,11.24,0.11,-0.59,0
180.0,240.0,:1174832997_0_0,:1174832997_0,0,22.22,17.49,0,0.0,22.22,19.25,18.93,0.91,1.12,1.12,0.4,-0.44,0
180.0,240.0,:1174833041_3_0,:1174833041_3,0,6.61,5.25,0,0.0,6.61,,,,,,-1.34,-3.59,1
180.0,240.0,:1174833041_4_0,:1174833041_4,0,13.89,13.15,0,0.0,13.89,,,,,,-0.1,-1.4,0
180.0,240.0,:1174833090_6_0,:1174833090_6,0,22.22,17.96,0,0.0,22.22,,,,,,-0.39,-1.89,0
180.0,240.0,:1174833147_5_0,:1174833147_5,1,1.67,9.41,0,0.08,13.89,,,,,,1.71,0.54,0
180.0,240.0,:1174833147_9_0,:1174833147_9,1,13.77,13.78,0,0.13,13.89,,,,,,0.05,-0.04,0
180.0,240.0,:1176977350_7_0,:1176977350_7,0,11.11,9.7,0,0.0,11.11,,,,,,0.02,-0.24,0
180.0,240.0,:1176977453_4_0,:1176977453_4,0,7.88,8.04,0,0.0,7.88,,,,,,1.31,0.86,0
180.0,240.0,:1176977453_7_0,:1176977453_7,0,11.11,10.16,0,0.0,11.11,,,,,,-0.29,-0.84,0
180.0,240.0,:1176977542_10_0,:1176977542_10,0,8.58,7.98,0,0.0,8.58,45.24,44.4,-1.19,6.16,5.77,1.34,-0.94,0
180.0,240.0,:1176977542_13_0,:1176977542_13,0,13.89,14.25,0,0.0,13.89,30.46,30.33,-0.23,2.24,2.21,0.33,-0.51,0
180.0,240.0,:1176978389_1_0,:1176978389_1,0,8.34,7.28,0,0.0,8.34,,,,,,-0.71,-2.82,0
180.0,240.0,:1176978389_3_0,:1176978389_3,0,6.91,7.0,0,0.0,6.91,,,,,,-2.1,-4.0,1
180.0,240.0,:1176978389_6_0,:1176978389_6,0,13.89,14.05,0,0.0,13.89,117.77,87.03,0.08,9.09,6.42,-0.07,-1.15,0
180.0,240.0,:1176978438_2_0,:1176978438_2,0,11.11,9.97,0,0.0,11.11,,,,,,0.41,0.01,0
180.0,240.0,:1176978438_4_0,:1176978438_4,0,6.2,6.28,0,0.0,6.2,89.56,85.55,-7.89,15.6,14.26,-1.49,-3.35,2
180.0,240.0,:1177160369_2_0,:1177160369_2,0,6.36,6.67,0,0.0,6.36,,,,,,-0.95,-2.26,0
180.0,240.0,:1177160369_3_0,:1177160369_3,0,22.22,17.84,0,0.0,22.22,88.8,43.92,8.49,6.21,2.56,0.3,-0.37,0
180.0,240.0,:1177160399_0_0,:1177160399_0,0,6.68,4.6,0,0.0,6.68,19.52,8.51,-7.14,7.86,6.34,1.31,0.68,0
180.0,240.0,:1177160399_2_0,:1177160399_2,0,6.42,6.61,0,0.0,6.42,17.37,10.37,-2.7,2.91,1.64,-1.26,-5.0,2
180.0,240.0,:1177160399_3_0,:1177160399_3,1,9.16,12.07,0,0.14,11.11,64.23,34.69,-0.28,6.16,3.46,0.03,-1.28,0
180.0,240.0,:1177160403_0_0,:1177160403_0,0,11.11,12.15,0,0.0,11.11,57.86,40.96,2.02,5.09,3.7,-0.26,-0.95,0
180.0,240.0,:1177160403_1_0,:1177160403_1,0,6.47,6.61,0,0.0,6.47,15.35,5.22,-2.96,3.3,1.19,0.48,-3.73,1
180.0,240.0,:1177160471_0_0,:1177160471_0,0,13.89,13.87,0,0.0,13.89,80.35,80.16,0.99,5.87,5.78,0.6,-0.6,0
180.0,240.0,:1177160471_1_0,:1177160471_1,0,7.86,7.25,0,0.0,7.86,,,,,,-1.62,-4.5,1
180.0,240.0,:1177160471_9_0,:1177160471_9,0,7.86,7.14,0,0.0,7.86,,,,,,-0.07,-1.68,0
180.0,240.0,:1177160524_4_0,:1177160524_4,0,13.89,11.74,0,0.0,13.89,,,,,,1.38,1.28,0
180.0,240.0,:1177160524_6_0,:1177160524_6,0,13.89,13.98,0,0.0,13.89,,,,,,0.08,-1.67,0
180.0,240.0,:1177160556_0_0,:1177160556_0,0,16.67,16.13,0,0.0,16.67,67.41,66.82,-2.24,5.03,4.98,0.07,-0.71,0
180.0,240.0,:1177160556_0_1,:1177160556_0,1,16.02,16.02,0,0.47,16.67,,,,,,-0.11,-0.11,0
180.0,240.0,:1177160566_4_0,:1177160566_4,0,22.22,17.88,0,0.0,22.22,36.15,16.06,4.24,2.56,1.16,-0.14,-2.4,0
180.0,240.0,:1177160571_7_0,:1177160571_7,0,22.22,17.86,0,0.0,22.22,31.81,15.03,-0.94,2.29,1.1,0.25,-1.34,0
180.0,240.0,:1177160573_0_0,:1177160573_0,0,11.11,11.4,0,0.0,11.11,127.24,120.04,1.84,11.91,10.66,-0.01,-1.29,0
180.0,240.0,:1177160573_1_0,:1177160573_1,0,7.56,7.17,0,0.0,7.56,14.16,14.05,-0.75,2.12,1.99,-1.01,-3.83,1
180.0,240.0,:1177160573_6_0,:1177160573_6,0,8.03,7.98,0,0.0,8.03,,,,,,-1.59,-4.0,1
180.0,240.0,:1177160573_7_0,:1177160573_7,0,11.11,11.54,0,0.0,11.11,43.8,43.8,3.42,3.93,3.93,0.18,-0.78,0
180.0,240.0,:1177160573_9_0,:1177160573_9,0,7.56,7.64,0,0.0,7.56,15.04,14.4,-1.02,1.98,1.89,0.23,-0.23,0
180.0,240.0,:1177160598_0_0,:1177160598_0,0,13.89,14.38,0,0.0,13.89,,,,,,1.49,0.03,0
180.0,240.0,:1177160598_7_0,:1177160598_7,0,13.89,12.37,0,0.0,13.89,69.5,68.58,3.94,5.75,5.54,1.25,1.11,0
180.0,240.0,:1177160599_1_0,:1177160599_1,0,18.05,8.67,0,0.0,18.05,,,,,,1.31,0.84,0
180.0,240.0,:1177160599_3_0,:1177160599_3,0,9.6,10.63,0,0.0,9.6,95.69,93.63,-8.34,10.09,9.85,-1.1,-2.95,0
180.0,240.0,:1177160599_7_0,:1177160599_7,0,18.05,10.55,0,0.0,18.05,25.66,4.33,-5.63,4.34,1.43,1.69,0.12,0
180.0,240.0,:1177160684_6_0,:1177160684_6,0,11.32,10.26,0,0.0,11.32,67.48,26.09,-4.44,8.18,3.06,1.33,-0.52,0
180.0,240.0,:1177160687_0_0,:1177160687_0,1,10.52,11.68,0,0.07,11.11,138.62,75.08,2.11,12.62,6.43,0.35,-0.26,0
180.0,240.0,:1177160687_1_0,:1177160687_1,0,7.58,4.95,0,0.0,7.58,140.11,140.11,-8.85,28.28,28.28,-4.0,-4.0,1
180.0,240.0,:1177160687_6_0,:1177160687_6,0,7.9,6.51,0,0.0,7.9,47.23,43.29,-7.62,7.45,6.65,-1.92,-4.96,1
180.0,240.0,:1177160687_7_0,:1177160687_7,0,11.11,11.65,0,0.0,11.11,12.21,12.11,-0.02,1.17,1.13,0.02,-1.43,0
180.0,240.0,:1177160687_9_0,:1177160687_9,0,7.58,7.29,0,0.0,7.58,,,,,,1.56,0.97,0
180.0,240.0,:1177160691_0_0,:1177160691_0,0,22.22,17.35,0,0.0,22.22,52.98,20.27,1.81,3.41,1.36,0.34,-1.5,0
180.0,240.0,:1177160691_11_0,:1177160691_11,0,3.65,3.39,0,0.0,3.65,23.12,19.73,-13.9,6.95,5.82,-0.45,-0.69,0
180.0,240.0,:1177160691_4_0,:1177160691_4,0,8.1,4.81,0,0.0,8.1,68.16,42.07,-11.57,27.43,17.84,1.07,0.54,0
180.0,240.0,:1177160691_6_0,:1177160691_6,0,6.62,6.68,0,0.0,6.62,,,,,,-1.4,-2.01,0
180.0,240.0,:1177160691_7_0,:1177160691_7,0,22.22,12.18,0,0.0,22.22,,,,,,1.74,1.25,0
180.0,240.0,:1177160694_0_0,:1177160694_0,0,13.89,13.61,0,0.0,13.89,,,,,,1.58,1.58,0
180.0,240.0,:1177160694_6_0,:1177160694_6,0,13.89,14.08,0,0.0,13.89,,,,,,0.2,-2.04,0
180.0,240.0,:1177160765_1_0,:1177160765_1,1,3.07,3.07,0,0.18,6.94,34.39,33.62,2.66,13.26,10.96,0.41,-0.8,0
180.0,240.0,:1177160765_4_0,:1177160765_4,0,11.11,11.88,0,0.0,11.11,100.2,99.0,1.1,9.97,9.9,-0.32,-1.05,0
180.0,240.0,:1177160765_6_0,:1177160765_6,0,11.11,11.33,0,0.0,11.11,31.53,8.98,1.14,3.19,1.08,-0.93,-4.43,1
180.0,240.0,:1177160773_0_0,:1177160773_0,0,22.22,17.81,0,0.0,22.22,120.76,27.51,2.34,6.88,1.56,0.28,-0.27,0
180.0,240.0,:1177160779_1_0,:1177160779_1,0,13.89,15.72,0,0.0,13.89,,,,,,0.65,0.65,0
180.0,240.0,:1177160779_6_0,:1177160779_6,0,6.59,5.31,0,0.0,6.59,,,,,,-1.49,-4.46,1
180.0,240.0,:1177160807_7_0,:1177160807_7,0,11.11,11.31,0,0.0,11.11,43.82,27.95,0.1,4.46,2.49,0.47,-1.55,0
180.0,240.0,:1177160864_0_0,:1177160864_0,0,22.22,13.29,0,0.0,22.22,32.81,3.21,3.02,3.48,0.78,-2.83,-5.0,12
180.0,240.0,:1177160864_2_0,:1177160864_2,0,8.8,8.15,0,0.0,8.8,41.44,6.29,-5.01,13.3,1.63,1.29,-0.05,0
180.0,240.0,:1177160866_1_0,:1177160866_1,1,3.26,3.26,0,0.22,3.65,56.31,56.31,2.29,17.29,17.29,1.02,1.02,0
180.0,240.0,:1177160866_3_0,:1177160866_3,0,22.22,17.91,0,0.0,22.22,93.71,86.25,6.86,5.48,4.93,-0.25,-1.87,0
180.0,240.0,:1177160923_10_0,:1177160923_10,0,7.86,7.05,0,0.0,7.86,,,,,,1.43,1.22,0
180.0,240.0,:1177160978_4_0,:1177160978_4,0,13.89,13.98,0,0.0,13.89,59.56,18.5,2.71,4.42,1.32,-0.29,-1.53,0
180.0,240.0,:1177161018_0_0,:1177161018_0,0,13.89,13.8,0,0.0,13.89,,,,,,-0.13,-0.82,0
180.0,240.0,:1177161018_3_0,:1177161018_3,0,5.96,6.05,0,0.0,5.96,120.95,97.36,-7.16,22.1,16.87,-0.31,-4.08,1
180.0,240.0,:1177161022_2_0,:1177161022_2,0,22.22,13.75,0,0.0,22.22,27.01,25.01,10.56,2.56,1.97,1.28,0.67,0
180.0,240.0,:1177161049_7_0,:1177161049_7,0,22.22,17.91,0,0.0,22.22,35.56,15.43,-0.22,2.5,1.08,-0.2,-1.77,0
180.0,240.0,:1177161074_2_0,:1177161074_2,0,6.54,6.83,0,0.0,6.54,99.74,96.56,-6.31,14.97,14.58,-1.38,-4.0,2
180.0,240.0,:1177161074_3_0,:1177161074_3,0,22.22,17.93,0,0.0,22.22,99.06,28.27,5.31,5.71,1.59,-0.31,-1.87,0
180.0,240.0,:1177161076_4_0,:1177161076_4,0,13.89,15.08,0,0.0,13.89,45.99,25.5,0.29,3.37,1.91,-0.05,-1.66,0
180.0,240.0,:1177161154_0_0,:1177161154_0,0,7.23,7.31,0,0.0,7.23,,,,,,0.34,-0.87,0
180.0,240.0,:1177161154_13_0,:1177161154_13,0,11.11,10.4,0,0.0,11.11,40.66,12.43,-3.3,4.02,1.27,-0.03,-0.6,0
180.0,240.0,:1177161154_1_0,:1177161154_1,0,13.89,9.13,0,0.0,13.89,82.75,32.2,-0.75,29.0,3.75,1.36,-1.7,0
180.0,240.0,:1177161154_2_0,:1177161154_2,0,8.3,7.47,0,0.0,8.3,45.22,6.28,1.87,10.14,1.19,0.95,-2.14,0
180.0,240.0,:1177161154_5_0,:1177161154_5,0,11.11,11.87,0,0.0,11.11,,,,,,-0.17,-1.28,0
180.0,240.0,:1177161157_3_0,:1177161157_3,0,22.22,16.38,0,0.0,22.22,66.35,27.48,-0.04,4.44,1.77,1.69,0.44,0
180.0,240.0,:1177161205_4_0,:1177161205_4,0,13.89,15.12,0,0.0,13.89,44.68,22.54,0.21,3.31,1.67,0.11,-0.64,0
180.0,240.0,:1177161219_0_0,:1177161219_0,0,6.16,4.71,0,0.0,6.16,26.54,11.74,-10.75,9.22,7.7,1.57,0.99,0
180.0,240.0,:1177161219_1_0,:1177161219_1,0,22.22,10.38,0,0.0,22.22,112.06,70.76,-9.39,17.04,9.55,1.68,0.98,0
180.0,240.0,:1177161219_2_0,:1177161219_2,0,27.78,16.65,0,0.0,27.78,49.24,28.14,3.0,3.33,2.06,1.79,0.68,0
180.0,240.0,:1177161371_12_0,:1177161371_12,0,5.89,6.47,0,0.0,5.89,50.13,44.96,-1.02,8.51,7.84,-0.81,-2.39,0
180.0,240.0,:1177161371_13_0,:1177161371_13,0,13.89,9.3,0,0.0,13.89,41.05,39.98,1.35,5.79,4.88,1.65,0.78,0
180.0,240.0,:1177161432_0_0,:1177161432_0,0,11.11,11.56,0,0.0,11.11,38.96,26.53,-0.49,3.73,2.31,0.19,-0.84,0
180.0,240.0,:1177161432_2_0,:1177161432_2,1,0.87,0.87,0,0.04,6.23,8.95,8.95,-9.2,10.25,10.25,1.75,1.75,0
180.0,240.0,:1177161468_0_0,:1177161468_0,0,6.9,7.22,0,0.0,6.9,,,,,,-0.05,-0.81,0
180.0,240.0,:1177161468_1_0,:1177161468_1,0,13.89,12.7,0,0.0,13.89,,,,,,1.08,0.8,0
180.0,240.0,:1177161468_6_0,:1177161468_6,0,6.52,5.94,0,0.0,6.52,,,,,,-0.3,-1.52,0
180.0,240.0,:1177161483_0_0,:1177161483_0,0,22.22,17.91,0,0.0,22.22,38.77,24.95,7.67,2.62,1.81,-0.19,-2.27,0
180.0,240.0,:1177161483_1_0,:1177161483_1,1,0.0,6.29,1,0.56,9.98,38.13,14.51,-7.89,7.41,2.31,-2.0,-5.0,4
180.0,240.0,:1177161483_3_0,:1177161483_3,0,5.87,4.37,0,0.0,5.87,55.58,52.65,3.94,13.32,12.57,-1.33,-5.0,1
180.0,240.0,:1177161483_4_0,:1177161483_4,1,13.15,13.15,0,0.13,22.22,18.83,17.56,-2.42,1.51,1.46,1.28,0.5,0
180.0,240.0,:1177161483_6_0,:1177161483_6,0,10.2,9.19,0,0.0,10.2,47.36,15.17,-5.38,10.39,1.65,1.15,0.44,0
180.0,240.0,:1177161483_7_0,:1177161483_7,0,22.22,7.03,0,0.0,22.22,63.44,55.75,3.96,21.57,7.93,2.01,0.48,0
180.0,240.0,:1177161483_8_0,:1177161483_8,0,6.55,6.58,0,0.0,6.55,7.46,4.07,-2.22,1.92,1.58,1.26,-1.78,0
180.0,240.0,:1177161483_9_0,:1177161483_9,0,9.98,9.13,0,0.0,9.98,58.8,54.8,7.29,7.4,6.0,2.25,1.85,0
180.0,240.0,:1177161504_0_0,:1177161504_0,0,22.22,16.94,0,0.0,22.22,79.83,77.78,8.55,4.74,4.65,-0.99,-1.56,0
180.0,240.0,:1177161504_6_0,:1177161504_6,0,22.22,17.69,0,0.0,22.22,72.67,48.91,5.46,4.24,2.76,-0.31,-0.78,0
180.0,240.0,:1177161508_0_0,:1177161508_0,0,6.0,5.86,0,0.0,6.0,126.5,47.41,0.34,22.58,8.2,0.23,-0.77,0
180.0,240.0,:1177161508_1_0,:1177161508_1,0,9.08,7.8,0,0.0,9.08,19.07,5.24,-2.15,2.68,1.16,0.94,-1.65,0
180.0,240.0,:1177161508_3_0,:1177161508_3,0,7.77,8.12,0,0.0,7.77,,,,,,-1.48,-4.0,1
180.0,240.0,:1177161508_4_0,:1177161508_4,0,11.11,11.61,0,0.0,11.11,,,,,,0.27,-0.75,0
180.0,240.0,:1177161508_6_0,:1177161508_6,0,11.11,11.68,0,0.0,11.11,,,,,,-0.07,-1.04,0
180.0,240.0,:1177161509_1_0,:1177161509_1,0,13.89,15.01,0,0.0,13.89,79.11,23.32,3.02,5.85,1.63,0.3,-1.21,0
180.0,240.0,:1177161547_7_0,:1177161547_7,0,22.22,17.9,0,0.0,22.22,32.53,14.93,-0.83,2.35,1.08,-0.15,-1.73,0
180.0,240.0,:1177161549_1_0,:1177161549_1,0,7.63,4.52,0,0.0,7.63,39.24,12.83,-14.69,16.37,13.67,1.13,0.72,0
180.0,240.0,:1177161549_7_0,:1177161549_7,0,22.22,17.99,0,0.0,22.22,72.13,42.97,2.54,4.11,2.42,-0.23,-1.64,0
180.0,240.0,:1177161553_1_0,:1177161553_1,0,8.34,5.88,0,0.0,8.34,18.68,10.27,-11.13,6.52,5.85,1.54,0.97,0
180.0,240.0,:1177161553_4_0,:1177161553_4,0,13.89,14.41,0,0.0,13.89,79.62,79.51,-0.69,5.95,5.9,0.08,-0.98,0
180.0,240.0,:1177161553_6_0,:1177161553_6,0,12.89,13.35,0,0.0,12.89,,,,,,-1.15,-2.24,0
180.0,240.0,:1177161573_12_0,:1177161573_12,0,7.79,7.71,0,0.0,7.79,66.68,65.76,2.17,8.73,8.6,-0.16,-0.36,0
180.0,240.0,:1177161573_13_0,:1177161573_13,0,13.89,13.41,0,0.0,13.89,,,,,,0.55,-0.82,0
180.0,240.0,:1177161573_1_0,:1177161573_1,0,13.89,10.4,0,0.0,13.89,121.1,120.65,-2.16,15.64,15.21,1.41,0.78,0
180.0,240.0,:1177161573_4_0,:1177161573_4,0,7.97,8.08,0,0.0,7.97,,,,,,-1.54,-3.76,1
180.0,240.0,:1177161573_9_0,:1177161573_9,0,13.89,8.33,0,0.0,13.89,58.31,55.4,-6.2,7.37,7.22,0.86,0.5,0
180.0,240.0,:1177161612_4_0,:1177161612_4,0,22.22,17.28,0,0.0,22.22,,,,,,-1.05,-1.05,0
180.0,240.0,:1177161612_5_0,:1177161612_5,0,3.65,3.47,0,0.0,3.65,,,,,,-4.04,-4.04,1
180.0,240.0,:1177161612_6_0,:1177161612_6,1,16.22,17.71,0,0.32,22.22,68.15,26.83,6.69,4.07,1.96,-0.55,-3.4,1
180.0,240.0,:1177161612_9_0,:1177161612_9,0,3.65,3.55,0,0.0,3.65,73.91,71.32,-10.35,20.97,20.1,-1.04,-2.37,0
180.0,240.0,:1177161631_0_0,:1177161631_0,0,6.39,6.34,0,0.0,6.39,49.01,21.91,-5.31,7.94,3.66,-1.02,-5.0,2
180.0,240.0,:1177161631_1_0,:1177161631_1,0,22.22,16.8,0,0.0,22.22,50.26,14.8,-1.76,4.4,1.29,1.51,-0.36,0
180.0,240.0,:1177161631_3_0,:1177161631_3,0,6.84,6.43,0,0.0,6.84,7.04,5.26,-1.64,1.24,1.05,0.86,-1.42,0
180.0,240.0,:1177161631_4_0,:1177161631_4,0,13.89,7.31,0,0.07,13.89,49.78,45.73,-5.34,7.83,7.37,0.96,0.56,0
180.0,240.0,:1177161631_5_0,:1177161631_5,0,8.07,7.77,0,0.0,8.07,25.6,10.11,-9.5,8.51,1.75,1.06,-0.0,0
180.0,240.0,:1177161631_6_0,:1177161631_6,0,22.22,17.21,0,0.0,22.22,,,,,,-0.71,-0.98,0
180.0,240.0,:1177161634_3_0,:1177161634_3,0,11.11,10.04,0,0.0,11.11,,,,,,0.26,-0.59,0
180.0,240.0,:1177161634_3_1,:1177161634_3,0,11.11,10.95,0,0.0,11.11,73.85,72.96,-3.2,7.09,6.92,0.17,-0.53,0
180.0,240.0,:1177161645_4_0,:1177161645_4,0,22.22,17.62,0,0.0,22.22,,,,,,1.13,1.13,0
180.0,240.0,:1177161645_5_0,:1177161645_5,0,22.22,17.94,0,0.0,22.22,79.25,43.24,7.77,4.59,2.41,0.34,-0.44,0
180.0,240.0,:1177161675_0_0,:1177161675_0,0,13.89,13.49,0,0.0,13.89,71.2,69.1,7.3,5.33,5.12,-0.11,-1.77,0
180.0,240.0,:1177161675_4_0,:1177161675_4,0,7.88,7.24,0,0.0,7.88,,,,,,1.14,0.32,0
180.0,240.0,:1177161698_0_0,:1177161698_0,0,6.25,6.15,0,0.0,6.25,,,,,,-0.72,-3.69,1
180.0,240.0,:1177161698_1_0,:1177161698_1,0,8.48,9.54,0,0.0,8.48,121.5,114.64,9.12,13.33,12.49,0.63,-1.2,0
180.0,240.0,:1177161698_3_0,:1177161698_3,0,7.08,7.56,0,0.0,7.08,,,,,,0.24,-0.08,0
180.0,240.0,:1177161698_4_0,:1177161698_4,0,13.89,14.4,0,0.0,13.89,,,,,,0.54,0.37,0
180.0,240.0,:1177161698_6_0,:1177161698_6,0,13.89,13.11,0,0.0,13.89,61.13,59.23,6.37,4.67,4.53,-0.14,-0.24,0
180.0,240.0,:1177211334_1_0,:1177211334_1,0,8.02,7.26,0,0.0,8.02,107.74,107.24,-3.53,15.42,14.91,-1.97,-5.0,1
180.0,240.0,:1177211334_3_0,:1177211334_3,0,6.54,7.16,0,0.0,6.54,50.61,10.08,-2.09,8.86,1.69,-0.26,-3.19,1
180.0,240.0,:1177211334_6_0,:1177211334_6,0,6.28,6.93,0,0.0,6.28,25.57,23.57,-3.79,4.4,4.12,-1.23,-5.0,1
180.0,240.0,:1177211334_9_0,:1177211334_9,0,8.02,7.23,0,0.0,8.02,109.86,109.1,-2.38,15.99,15.1,-0.16,-1.34,0
180.0,240.0,:1177211357_5_0,:1177211357_5,0,11.11,11.28,0,0.0,11.11,143.64,140.89,11.14,12.85,12.73,-0.1,-0.42,0
180.0,240.0,:1177211361_10_0,:1177211361_10,0,7.98,6.65,0,0.0,7.98,72.88,70.63,-4.31,11.98,11.32,1.09,0.75,0
180.0,240.0,:1177211361_7_0,:1177211361_7,0,7.98,5.02,0,0.0,7.98,68.83,68.83,-2.88,13.7,13.7,-3.6,-3.6,1
180.0,240.0,:1177211432_0_0,:1177211432_0,0,16.67,13.51,0,0.0,16.67,,,,,,-0.2,-0.2,0
180.0,240.0,:1177211432_0_1,:1177211432_0,0,16.67,14.65,0,0.0,16.67,24.03,23.2,3.5,1.64,1.58,-0.36,-0.82,0
180.0,240.0,:1177211432_3_0,:1177211432_3,0,6.17,6.03,0,0.0,6.17,40.86,37.37,-6.77,7.23,6.78,-0.65,-3.07,1
180.0,240.0,:1177211464_0_0,:1177211464_0,0,11.11,10.9,0,0.0,11.11,14.2,10.72,-0.19,1.42,1.06,-0.06,-2.29,0
180.0,240.0,:1177211468_0_0,:1177211468_0,0,13.89,11.62,0,0.0,13.89,59.96,33.36,3.02,5.71,2.87,1.33,0.48,0
180.0,240.0,:1177211468_6_0,:1177211468_6,0,13.89,14.68,0,0.0,13.89,29.87,18.5,4.89,2.2,1.31,0.13,-0.72,0
180.0,240.0,:1177211474_4_0,:1177211474_4,0,13.89,12.86,0,0.0,13.89,51.5,24.21,0.7,4.59,2.29,0.89,-1.57,0
180.0,240.0,:1177211474_6_0,:1177211474_6,0,13.89,9.71,0,0.0,13.89,,,,,,1.06,0.69,0
180.0,240.0,:1177211489_10_0,:1177211489_10,0,7.84,7.77,0,0.15,7.84,,,,,,0.47,-0.08,0
180.0,240.0,:1177211489_4_0,:1177211489_4,0,13.89,14.0,0,0.0,13.89,55.19,52.71,10.56,4.09,4.06,-1.05,-2.06,0
180.0,240.0,:1177211489_7_0,:1177211489_7,0,7.84,7.26,0,0.0,7.84,,,,,,-1.1,-4.0,1
180.0,240.0,:1177211539_0_0,:1177211539_0,0,11.11,10.37,0,0.0,11.11,,,,,,0.09,-0.49,0
180.0,240.0,:1177211539_0_1,:1177211539_0,0,11.11,11.4,0,0.0,11.11,70.17,54.04,4.48,6.43,4.99,0.4,-0.3,0
180.0,240.0,:1177211571_1_0,:1177211571_1,0,8.02,8.68,0,0.0,8.02,13.14,11.28,-3.7,1.58,1.41,0.49,0.14,0
180.0,240.0,:1177211571_4_0,:1177211571_4,0,13.89,12.73,0,0.0,13.89,46.5,24.25,3.0,4.04,1.9,-0.01,-1.67,0
180.0,240.0,:1177211571_6_0,:1177211571_6,0,13.89,13.38,0,0.0,13.89,48.18,47.72,-2.43,4.41,4.31,1.31,0.57,0
180.0,240.0,:1177211573_4_0,:1177211573_4,0,11.11,11.89,0,0.0,11.11,,,,,,0.09,0.09,0
180.0,240.0,:1177211724_6_0,:1177211724_6,0,6.61,7.46,0,0.0,6.61,,,,,,-1.59,-1.8,0
180.0,240.0,:1177211724_7_0,:1177211724_7,0,22.22,17.73,0,0.0,22.22,43.65,16.04,7.98,3.05,1.13,-0.03,-1.59,0
180.0,240.0,:1177211769_4_0,:1177211769_4,1,3.71,8.72,0,0.14,8.98,69.05,25.62,-4.0,12.57,3.01,0.67,-1.47,0
180.0,240.0,:1177211769_6_0,:1177211769_6,0,7.64,8.6,0,0.0,7.64,55.8,30.09,1.73,7.83,4.13,-1.41,-3.98,1
180.0,240.0,:1177211769_7_0,:1177211769_7,0,13.89,11.5,0,0.0,13.89,,,,,,1.89,1.6,0
180.0,240.0,:1177211785_0_0,:1177211785_0,0,27.78,13.79,0,0.0,27.78,8.14,3.06,4.26,1.01,0.27,-1.83,-5.0,4
180.0,240.0,:1177211785_6_0,:1177211785_6,0,27.78,17.09,0,0.12,27.78,76.19,9.75,5.48,7.53,1.13,1.45,0.5,0
180.0,240.0,:1177211896_10_0,:1177211896_10,0,8.65,8.36,0,0.0,8.65,32.24,32.15,-1.19,3.93,3.85,1.2,-0.59,0
180.0,240.0,:1177211896_7_0,:1177211896_7,0,8.65,7.48,0,0.0,8.65,31.14,31.14,-2.67,4.16,4.16,-0.91,-4.0,2
180.0,240.0,:1177212025_4_0,:1177212025_4,0,22.22,17.38,0,0.0,22.22,60.82,52.38,13.9,3.62,3.1,0.5,-0.83,0
180.0,240.0,:1177212025_6_0,:1177212025_6,0,22.22,15.35,0,0.0,22.22,,,,,,1.59,1.17,0
180.0,240.0,:1177212028_10_0,:1177212028_10,0,4.08,4.22,0,0.0,4.08,8.35,6.14,-2.41,2.12,1.61,-0.28,-1.49,0
180.0,240.0,:1177212028_2_0,:1177212028_2,0,4.08,4.42,0,0.0,4.08,6.61,5.48,-0.85,1.58,1.29,-1.17,-2.3,0
180.0,240.0,:1177212028_3_0,:1177212028_3,1,4.81,5.64,0,0.21,6.46,70.52,70.38,0.47,14.39,14.23,-1.56,-5.0,2
180.0,240.0,:1177212032_0_0,:1177212032_0,0,13.89,14.03,0,0.0,13.89,27.62,27.29,3.18,2.18,1.99,-1.74,-4.94,1
180.0,240.0,:1177212032_11_0,:1177212032_11,0,3.65,2.99,0,0.0,3.65,64.82,64.5,-1.1,24.84,21.6,-0.76,-1.33,0
180.0,240.0,:1177212032_7_0,:1177212032_7,0,13.89,11.17,0,0.0,13.89,,,,,,1.28,1.17,0
180.0,240.0,:1177212032_8_0,:1177212032_8,0,3.65,3.08,0,0.0,3.65,64.04,64.04,-0.82,20.8,20.8,-3.29,-3.29,1
180.0,240.0,:1177212077_0_0,:1177212077_0,0,22.22,17.7,0,0.0,22.22,30.98,16.02,10.16,2.18,1.56,-2.43,-5.0,5
180.0,240.0,:1177212077_6_0,:1177212077_6,0,22.22,10.98,0,0.0,22.22,,,,,,2.17,1.38,0
180.0,240.0,:1177212096_0_0,:1177212096_0,0,11.11,11.1,0,0.0,11.11,7.89,3.75,1.98,1.43,0.99,-0.21,-2.85,0
180.0,240.0,:1177212155_0_0,:1177212155_0,0,6.22,6.26,0,0.0,6.22,,,,,,-1.85,-4.09,1
180.0,240.0,:1177212157_0_0,:1177212157_0,0,27.78,11.65,0,0.0,27.78,68.22,66.6,6.09,6.0,5.72,1.69,1.07,0
180.0,240.0,:1177212157_2_0,:1177212157_2,0,27.78,17.43,0,0.0,27.78,10.19,2.23,-1.69,1.87,1.15,1.04,-0.83,0
180.0,240.0,:1177212157_4_0,:1177212157_4,0,6.76,7.01,0,0.0,6.76,31.29,7.06,-1.41,6.15,1.33,1.02,-0.92,0
180.0,240.0,:1177212157_5_0,:1177212157_5,0,7.19,6.33,0,0.0,7.19,15.45,3.34,-2.61,5.28,0.99,0.95,-3.04,2
180.0,240.0,:11843639551_0_0,:11843639551_0,0,11.11,11.26,0,0.0,11.11,,,,,,0.86,-0.28,0
180.0,240.0,:11843639551_0_1,:11843639551_0,0,11.11,11.37,0,0.0,11.11,101.58,98.74,11.28,9.01,8.68,0.13,-1.11,0
180.0,240.0,:11843639551_3_0,:11843639551_3,0,8.92,9.06,0,0.1,8.92,31.36,10.76,-1.01,3.87,1.26,0.3,-4.58,1
180.0,240.0,:11843639556_4_0,:11843639556_4,0,2.78,2.87,0,0.0,2.78,38.87,4.86,-4.55,19.71,1.76,-0.06,-1.36,0
180.0,240.0,:1186025287_3_0,:1186025287_3,0,13.89,14.96,0,0.0,13.89,22.73,18.89,0.24,1.62,1.37,0.88,-0.8,0
180.0,240.0,:1186025292_10_0,:1186025292_10,0,8.03,7.15,0,0.0,8.03,,,,,,0.34,-1.74,0
180.0,240.0,:1186025292_3_0,:1186025292_3,1,16.59,17.68,0,0.2,22.22,,,,,,-0.39,-0.96,0
180.0,240.0,:1186025292_4_0,:1186025292_4,0,8.03,7.55,0,0.0,8.03,,,,,,-1.87,-3.83,1
180.0,240.0,:1186025303_3_0,:1186025303_3,0,22.22,17.25,0,0.0,22.22,41.38,10.07,2.85,2.89,1.07,-0.43,-3.05,1
180.0,240.0,:1186025305_4_0,:1186025305_4,0,11.11,11.43,0,0.0,11.11,,,,,,0.26,-0.33,0
180.0,240.0,:1186025305_5_0,:1186025305_5,0,11.11,11.27,0,0.0,11.11,51.56,19.43,0.62,5.2,1.72,-0.58,-2.19,0
180.0,240.0,:1186025318_1_0,:1186025318_1,0,13.89,15.19,0,0.0,13.89,52.25,16.34,2.01,4.0,1.26,-0.17,-1.56,0
180.0,240.0,:1186025321_5_0,:1186025321_5,0,13.89,11.93,0,0.0,13.89,,,,,,1.13,1.13,0
180.0,240.0,:1186025330_0_0,:1186025330_0,0,6.16,1.7,0,0.0,6.16,14.57,0.06,-11.96,23.15,0.23,-0.34,-5.0,1
180.0,240.0,:1186025330_1_0,:1186025330_1,0,3.65,3.43,0,0.0,3.65,,,,,,-3.59,-3.59,1
180.0,240.0,:1186025330_2_0,:1186025330_2,0,22.22,17.93,0,0.0,22.22,44.75,15.64,5.9,3.47,1.22,0.19,-1.28,0
180.0,240.0,:1186025330_3_0,:1186025330_3,0,6.05,6.0,0,0.0,6.05,,,,,,-1.17,-4.0,1
180.0,240.0,:1186025330_4_0,:1186025330_4,0,6.16,3.95,0,0.13,6.16,13.38,6.77,-9.14,4.59,4.3,1.97,0.67,0
180.0,240.0,:1186025330_5_0,:1186025330_5,0,3.65,3.91,0,0.0,3.65,,,,,,-1.83,-4.0,1
180.0,240.0,:1186025346_3_0,:1186025346_3,0,22.22,16.4,0,0.0,22.22,25.63,15.83,8.08,2.01,1.35,-1.43,-4.23,7
180.0,240.0,:1186025349_5_0,:1186025349_5,0,11.11,12.46,0,0.0,11.11,40.67,30.68,7.11,3.47,2.87,0.33,-2.11,0
180.0,240.0,:1189036468_3_0,:1189036468_3,0,22.22,18.0,0,0.0,22.22,47.88,15.16,2.66,3.25,1.09,-0.02,-2.23,0
180.0,240.0,:1189036484_0_0,:1189036484_0,0,22.22,14.1,0,0.0,22.22,,,,,,1.73,1.62,0
180.0,240.0,:1189036484_6_0,:1189036484_6,0,22.22,17.85,0,0.0,22.22,,,,,,0.93,0.93,0
180.0,240.0,:1189036489_4_0,:1189036489_4,0,13.89,14.94,0,0.0,13.89,16.3,13.4,5.99,1.61,1.51,-0.42,-4.32,1
180.0,240.0,:1189036513_5_0,:1189036513_5,0,13.89,14.63,0,0.0,13.89,30.81,30.22,1.39,2.24,2.23,-0.31,-1.97,0
180.0,240.0,:1189036518_4_0,:1189036518_4,0,13.89,14.63,0,0.0,13.89,41.58,21.63,0.24,3.07,1.62,-0.19,-0.69,0
180.0,240.0,:1189036526_3_0,:1189036526_3,0,11.11,11.74,0,0.0,11.11,34.59,26.31,-0.65,3.31,2.27,0.28,-0.83,0
180.0,240.0,:1189036584_3_0,:1189036584_3,0,6.32,5.19,0,0.0,6.32,114.59,110.31,-5.45,25.83,22.84,0.53,-0.87,0
180.0,240.0,:1189036584_4_0,:1189036584_4,0,8.72,8.48,0,0.0,8.72,,,,,,0.54,0.11,0
180.0,240.0,:1189036584_5_0,:1189036584_5,0,3.65,3.87,0,0.0,3.65,,,,,,-0.97,-2.76,0
180.0,240.0,:1189036584_7_0,:1189036584_7,0,11.11,10.08,0,0.0,11.11,,,,,,0.06,-0.06,0
180.0,240.0,:1189036615_2_0,:1189036615_2,1,13.69,17.61,0,0.28,22.22,38.24,13.5,8.02,2.57,1.14,-0.26,-2.92,0
180.0,240.0,:1189036617_3_0,:1189036617_3,0,11.11,9.76,0,0.0,11.11,,,,,,0.23,-0.08,0
180.0,240.0,:1189036617_3_1,:1189036617_3,0,11.11,12.7,0,0.0,11.11,110.65,110.65,12.7,8.71,8.71,-0.11,-0.11,0
180.0,240.0,:1189036694_3_0,:1189036694_3,1,10.43,11.21,0,0.21,11.11,18.39,10.45,0.36,1.82,1.06,0.12,-2.18,0
180.0,240.0,:1189036707_6_0,:1189036707_6,0,22.22,16.9,0,0.0,22.22,,,,,,-2.02,-2.02,0
180.0,240.0,:1189036717_0_0,:1189036717_0,0,16.67,13.69,0,0.0,16.67,,,,,,-0.27,-0.88,0
180.0,240.0,:1189036717_0_1,:1189036717_0,0,16.67,15.5,0,0.0,16.67,72.0,20.41,1.28,5.36,1.32,0.83,-0.22,0
180.0,240.0,:1189036737_4_0,:1189036737_4,0,22.22,17.4,0,0.0,22.22,73.76,73.76,8.04,4.24,4.24,1.34,1.34,0
180.0,240.0,:1189036737_5_0,:1189036737_5,0,22.22,17.94,0,0.17,22.22,42.69,17.84,-0.23,2.59,1.1,0.59,-0.18,0
180.0,240.0,:1189036766_0_0,:1189036766_0,0,13.89,13.83,0,0.0,13.89,49.63,17.38,1.69,3.67,1.35,-0.9,-2.62,0
180.0,240.0,:1189036777_0_0,:1189036777_0,0,22.22,17.71,0,0.0,22.22,46.95,25.84,5.23,3.05,2.03,-0.48,-2.15,0
180.0,240.0,:1189036795_0_0,:1189036795_0,0,16.67,16.59,0,0.0,16.67,,,,,,0.63,0.37,0
180.0,240.0,:1189036795_3_0,:1189036795_3,0,6.51,6.23,0,0.0,6.51,,,,,,-1.08,-2.31,0
180.0,240.0,:1189036797_0_0,:1189036797_0,0,13.89,8.94,0,0.0,13.89,,,,,,0.83,0.57,0
180.0,240.0,:1189036817_0_0,:1189036817_0,0,16.67,16.52,0,0.0,16.67,64.33,15.26,-1.85,4.74,1.16,-0.05,-1.63,0
180.0,240.0,:1189036857_1_0,:1189036857_1,0,22.22,17.88,0,0.0,22.22,56.24,18.75,2.88,3.78,1.14,0.22,-1.56,0
180.0,240.0,:1189036857_2_0,:1189036857_2,0,22.22,13.43,0,0.0,22.22,28.19,28.19,-3.96,2.27,2.27,1.82,0.66,0
180.0,240.0,:1189036859_3_0,:1189036859_3,0,11.11,11.55,0,0.0,11.11,39.81,26.49,-0.71,3.85,2.29,-0.25,-0.93,0
180.0,240.0,:1189036870_3_0,:1189036870_3,0,11.11,10.0,0,0.0,11.11,,,,,,0.56,0.32,0
180.0,240.0,:1189036917_3_0,:1189036917_3,0,22.22,17.31,0,0.0,22.22,,,,,,2.87,2.78,0
180.0,240.0,:1189036932_0_0,:1189036932_0,0,7.5,7.57,0,0.0,7.5,60.78,59.21,-6.57,8.21,8.19,-1.79,-4.26,1
180.0,240.0,:1189036932_10_0,:1189036932_10,0,7.81,7.54,0,0.0,7.81,,,,,,1.47,0.61,0
180.0,240.0,:1189036932_11_0,:1189036932_11,0,3.66,3.49,0,0.5,3.66,,,,,,-2.0,-4.27,1
180.0,240.0,:1189036932_4_0,:1189036932_4,0,7.81,5.33,0,0.0,7.81,,,,,,-5.0,-5.0,1
180.0,240.0,:1189036937_1_0,:1189036937_1,0,22.22,17.76,0,0.0,22.22,69.15,19.88,0.12,6.85,1.47,0.66,-1.11,0
180.0,240.0,:1189036937_2_0,:1189036937_2,0,22.22,16.8,0,0.0,22.22,,,,,,1.21,-0.21,0
180.0,240.0,:1189868548_0_0,:1189868548_0,0,5.85,5.48,0,0.0,5.85,15.67,4.21,-7.13,6.47,1.0,1.48,-0.81,0
180.0,240.0,:1189868548_2_0,:1189868548_2,0,27.78,17.81,0,0.0,27.78,37.05,14.0,5.79,2.46,1.16,-1.47,-4.68,3
180.0,240.0,:1189868548_2_1,:1189868548_2,0,27.78,17.59,0,0.0,27.78,87.95,51.15,3.39,5.54,3.28,0.04,-1.16,0
180.0,240.0,:1189868561_0_0,:1189868561_0,1,10.58,11.76,0,0.05,11.11,48.75,48.75,-1.19,4.61,4.61,-0.25,-0.87,0
180.0,240.0,:1189868581_1_0,:1189868581_1,0,8.0,6.68,0,0.0,8.0,,,,,,-5.0,-5.0,1
180.0,240.0,:1189868581_9_0,:1189868581_9,0,8.0,7.49,0,0.0,8.0,,,,,,0.14,-1.21,0
180.0,240.0,:1189868590_1_0,:1189868590_1,0,7.82,6.57,0,0.0,7.82,21.77,7.27,-6.72,6.58,4.37,1.64,0.54,0
180.0,240.0,:1189868590_4_0,:1189868590_4,0,13.89,12.98,0,0.0,13.89,82.74,81.16,5.37,6.5,6.5,-0.07,-0.99,0
180.0,240.0,:1189868590_6_0,:1189868590_6,0,13.89,13.64,0,0.0,13.89,69.8,46.88,7.52,5.84,3.55,0.57,-0.9,0
180.0,240.0,:1189868591_4_0,:1189868591_4,0,13.89,14.16,0,0.0,13.89,127.12,123.69,13.65,9.31,9.02,-0.13,-0.47,0
180.0,240.0,:1189868598_0_0,:1189868598_0,0,22.22,16.74,0,0.0,22.22,24.11,15.88,4.25,1.56,1.06,-1.67,-3.32,1
180.0,240.0,:1190100042_0_0,:1190100042_0,0,11.11,9.96,0,0.0,11.11,,,,,,-0.79,-1.82,0
180.0,240.0,:1190100042_6_0,:1190100042_6,0,11.11,10.38,0,0.0,11.11,,,,,,-0.15,-0.93,0
180.0,240.0,:1190100058_14_0,:1190100058_14,0,8.32,9.06,0,0.0,8.32,,,,,,1.09,-0.28,0
180.0,240.0,:1190100061_0_0,:1190100061_0,0,22.22,17.99,0,0.0,22.22,84.29,27.74,6.19,4.78,1.64,-0.33,-2.07,0
180.0,240.0,:1190100093_0_0,:1190100093_0,0,13.89,13.23,0,0.0,13.89,,,,,,-0.97,-1.84,0
180.0,240.0,:1190100093_6_0,:1190100093_6,1,11.93,12.85,0,0.49,13.89,117.82,116.82,2.64,10.23,10.03,1.37,0.51,0
180.0,240.0,:1190100107_2_0,:1190100107_2,0,11.11,11.26,0,0.0,11.11,94.1,28.33,3.38,9.22,2.57,0.29,-0.76,0
180.0,240.0,:1190100120_1_0,:1190100120_1,0,19.45,13.49,0,0.0,19.45,,,,,,-0.02,-1.7,0
180.0,240.0,:1190100138_3_0,:1190100138_3,0,11.11,12.23,0,0.0,11.11,238.16,178.38,-1.1,21.69,14.58,0.42,-0.52,0
180.0,240.0,:1190100139_1_0,:1190100139_1,0,11.11,11.7,0,0.0,11.11,77.76,52.75,1.68,6.96,4.77,-0.14,-0.76,0
180.0,240.0,:1190100178_6_0,:1190100178_6,0,11.11,12.25,0,0.0,11.11,98.37,97.83,2.41,9.26,9.2,-0.27,-1.15,0
180.0,240.0,:1190100182_0_0,:1190100182_0,0,13.89,14.79,0,0.0,13.89,21.9,21.9,2.94,1.48,1.48,-0.47,-0.66,0
180.0,240.0,:1190100182_6_0,:1190100182_6,0,13.89,13.22,0,0.0,13.89,,,,,,-0.26,-0.73,0
180.0,240.0,:1190100185_0_0,:1190100185_0,0,27.78,13.31,0,0.0,27.78,,,,,,1.35,0.56,0
180.0,240.0,:1190100199_0_0,:1190100199_0,0,11.11,11.14,0,0.0,11.11,63.88,11.02,-1.47,7.53,1.12,0.2,-0.86,0
180.0,240.0,:1190100244_3_0,:1190100244_3,0,11.11,9.74,0,0.0,11.11,,,,,,-0.24,-0.78,0
180.0,240.0,:1190100245_0_0,:1190100245_0,0,11.11,9.23,0,0.0,11.11,,,,,,-0.06,-0.8,0
180.0,240.0,:1190100245_6_0,:1190100245_6,0,11.11,10.61,0,0.0,11.11,,,,,,0.2,0.12,0
180.0,240.0,:1190100277_0_0,:1190100277_0,0,11.11,11.19,0,0.0,11.11,,,,,,-0.14,-0.73,0
180.0,240.0,:1190100287_1_0,:1190100287_1,0,13.89,11.83,0,0.0,13.89,169.36,167.93,5.21,14.49,14.44,-0.24,-0.56,0
180.0,240.0,:1190100287_8_0,:1190100287_8,0,13.89,13.0,0,0.0,13.89,,,,,,-0.5,-0.5,0
180.0,240.0,:1190100298_8_0,:1190100298_8,0,13.89,14.59,0,0.0,13.89,,,,,,0.2,-0.77,0
180.0,240.0,:1190100324_5_0,:1190100324_5,0,11.11,12.29,0,0.0,11.11,95.97,95.97,0.99,8.58,8.58,0.95,0.71,0
180.0,240.0,:1190100352_6_0,:1190100352_6,0,27.78,16.15,0,0.0,27.78,,,,,,-0.25,-0.92,0
180.0,240.0,:1190100407_0_0,:1190100407_0,0,11.11,11.11,0,0.0,11.11,103.76,11.06,-0.88,10.98,1.13,0.46,-0.55,0
180.0,240.0,:1190100495_3_0,:1190100495_3,0,11.11,12.01,0,0.0,11.11,,,,,,-0.02,-2.19,0
180.0,240.0,:1190100498_2_0,:1190100498_2,0,11.11,12.04,0,0.0,11.11,61.77,35.24,-0.44,6.03,3.37,0.15,-1.19,0
180.0,240.0,:1190100514_7_0,:1190100514_7,0,11.11,11.32,0,0.0,11.11,,,,,,0.21,-0.63,0
180.0,240.0,:1190128192_0_0,:1190128192_0,1,17.98,17.98,0,0.21,22.22,79.31,63.14,4.69,4.83,3.72,0.48,-0.18,0
180.0,240.0,:1190128206_15_0,:1190128206_15,0,3.65,3.37,0,0.0,3.65,,,,,,0.39,-0.09,0
180.0,240.0,:1190128206_16_0,:1190128206_16,0,10.17,8.88,0,0.0,10.17,,,,,,1.65,1.53,0
180.0,240.0,:1190128206_2_0,:1190128206_2,0,10.17,7.24,0,0.0,10.17,,,,,,-1.1,-4.0,1
180.0,240.0,:1190128206_5_0,:1190128206_5,0,13.89,10.25,0,0.0,13.89,39.47,30.69,1.01,5.31,3.6,1.48,0.78,0
180.0,240.0,:1190128211_13_0,:1190128211_13,0,13.89,5.43,0,0.0,13.89,,,,,,1.07,0.68,0
180.0,240.0,:1190128211_1_0,:1190128211_1,0,13.89,13.83,0,0.0,13.89,,,,,,0.4,-0.37,0
180.0,240.0,:1190128211_5_0,:1190128211_5,0,13.89,11.86,0,0.0,13.89,31.2,22.07,4.79,11.9,2.77,1.6,0.93,0
180.0,240.0,:1190128222_1_0,:1190128222_1,0,8.13,7.87,0,0.0,8.13,,,,,,1.16,0.72,0
180.0,240.0,:1190128222_3_0,:1190128222_3,0,6.66,4.91,0,0.0,6.66,,,,,,-0.59,-2.2,0
180.0,240.0,:1190128225_0_0,:1190128225_0,0,6.94,5.45,0,0.0,6.94,,,,,,0.89,-2.04,0
180.0,240.0,:1190128237_0_0,:1190128237_0,0,11.11,11.49,0,0.0,11.11,,,,,,-0.95,-1.0,0
180.0,240.0,:1190128241_0_0,:1190128241_0,0,13.89,15.43,0,0.0,13.89,43.85,21.0,2.95,3.78,1.61,-0.08,-0.72,0
180.0,240.0,:1190128241_10_0,:1190128241_10,0,3.65,3.3,0,0.0,3.65,86.06,83.3,-5.04,33.18,25.21,-2.35,-5.0,1
180.0,240.0,:1190128257_13_0,:1190128257_13,0,13.89,10.69,0,0.0,13.89,34.98,32.48,-2.99,4.81,4.41,1.33,0.65,0
180.0,240.0,:1190128270_0_0,:1190128270_0,0,11.11,12.51,0,0.0,11.11,,,,,,-1.2,-3.29,1
180.0,240.0,:1190128289_0_0,:1190128289_0,0,13.89,10.55,0,0.0,13.89,54.5,53.18,0.66,5.58,5.04,1.15,0.76,0
180.0,240.0,:1190128289_7_0,:1190128289_7,1,8.06,14.16,0,0.18,13.89,15.17,4.52,3.49,1.36,0.46,-3.26,-5.0,2
180.0,240.0,:1190128320_0_0,:1190128320_0,0,8.06,8.62,0,0.0,8.06,,,,,,-0.4,-1.55,0
180.0,240.0,:1190128320_1_0,:1190128320_1,0,13.89,13.25,0,0.0,13.89,,,,,,0.88,0.81,0
180.0,240.0,:1190128320_3_0,:1190128320_3,0,13.89,13.35,0,0.0,13.89,,,,,,-0.3,-1.23,0
180.0,240.0,:1190128334_0_0,:1190128334_0,0,6.44,5.91,0,0.0,6.44,,,,,,0.58,-0.15,0
180.0,240.0,:1190128334_1_0,:1190128334_1,0,3.65,3.83,0,0.0,3.65,125.38,125.38,1.4,37.26,37.26,-0.37,-1.87,0
180.0,240.0,:1190128334_2_0,:1190128334_2,0,6.67,6.92,0,0.0,6.67,,,,,,-1.6,-4.0,1
180.0,240.0,:1190128345_0_0,:1190128345_0,0,11.11,12.27,0,0.0,11.11,,,,,,0.03,-0.69,0
180.0,240.0,:1190128349_5_0,:1190128349_5,0,2.78,2.7,0,0.0,2.78,137.73,134.77,-6.52,52.6,49.92,-0.26,-0.72,0
180.0,240.0,:1191714332_1_0,:1191714332_1,0,3.65,3.24,0,0.0,3.65,,,,,,-0.32,-1.79,0
180.0,240.0,:1191714336_4_0,:1191714336_4,0,22.22,17.9,0,0.0,22.22,82.98,78.1,15.46,4.92,4.53,0.83,-0.86,0
180.0,240.0,:1191714336_6_0,:1191714336_6,0,22.22,17.52,0,0.0,22.22,,,,,,2.21,2.21,0
180.0,240.0,:1191714356_0_0,:1191714356_0,0,13.89,13.84,0,0.0,13.89,39.76,39.76,4.51,2.87,2.87,0.54,0.06,0
180.0,240.0,:1191714373_0_0,:1191714373_0,0,22.22,17.6,0,0.0,22.22,109.14,103.63,16.1,6.48,6.22,0.12,-1.6,0
180.0,240.0,:1191714373_4_0,:1191714373_4,0,9.65,6.2,0,0.0,9.65,105.31,97.0,-8.2,22.95,17.88,1.18,-0.51,0
180.0,240.0,:1191714373_7_0,:1191714373_7,0,22.22,17.4,0,0.0,22.22,,,,,,-0.22,-1.28,0
180.0,240.0,:1191863749_3_0,:1191863749_3,0,19.45,17.44,0,0.0,19.45,,,,,,-2.88,-5.0,1
180.0,240.0,:1191863775_0_0,:1191863775_0,0,3.65,3.42,0,0.0,3.65,,,,,,-1.4,-4.0,1
180.0,240.0,:1191863867_3_0,:1191863867_3,1,11.61,11.61,0,0.14,11.11,,,,,,0.09,-0.41,0
180.0,240.0,:1191863899_1_0,:1191863899_1,0,13.89,13.08,0,0.0,13.89,,,,,,-0.49,-0.49,0
180.0,240.0,:1191863915_3_0,:1191863915_3,0,6.72,6.33,0,0.0,6.72,,,,,,0.21,-0.06,0
180.0,240.0,:1191863915_4_0,:1191863915_4,0,13.89,13.51,0,0.0,13.89,,,,,,1.57,1.48,0
180.0,240.0,:1191864018_0_0,:1191864018_0,0,16.67,16.57,0,0.0,16.67,,,,,,-0.25,-0.63,0
180.0,240.0,:1191864018_0_1,:1191864018_0,0,16.67,12.05,0,0.0,16.67,,,,,,2.13,2.13,0
180.0,240.0,:13298747730_1_0,:13298747730_1,0,11.11,7.67,0,0.0,11.11,,,,,,0.94,0.94,0
180.0,240.0,:13298747732_1_0,:13298747732_1,0,11.11,8.33,0,0.0,11.11,10.71,10.71,-1.43,1.29,1.29,1.23,0.93,0
180.0,240.0,:13298747734_1_0,:13298747734_1,0,11.11,9.89,0,0.0,11.11,,,,,,1.67,1.67,0
180.0,240.0,:13298747735_1_0,:13298747735_1,1,12.18,12.34,0,0.58,11.11,90.8,90.8,-0.15,7.45,7.45,1.01,0.14,0
180.0,240.0,:13300645526_2_0,:13300645526_2,0,27.78,8.82,0,0.0,27.78,6.73,1.76,-0.52,1.42,1.03,0.3,-3.21,1
180.0,240.0,:13300645527_0_0,:13300645527_0,0,27.78,8.87,0,0.0,27.78,75.83,74.99,2.71,9.13,8.46,1.34,0.56,0
180.0,240.0,:13300645527_1_0,:13300645527_1,1,1.85,16.03,0,0.54,27.78,17.16,0.0,-1.66,15.14,0.53,0.02,-4.0,3
180.0,240.0,:13300645529_0_0,:13300645529_0,0,27.78,14.19,0,0.0,27.78,31.75,13.29,2.71,3.43,1.15,-0.85,-5.0,4
180.0,240.0,:13300645529_1_0,:13300645529_1,0,27.78,17.85,0,0.0,27.78,34.6,13.72,8.16,2.39,1.31,0.39,-1.16,0
180.0,240.0,:13974625520_1_0,:13974625520_1,0,19.45,10.57,0,0.0,19.45,35.4,34.48,3.1,3.61,3.26,2.04,1.3,0
180.0,240.0,:13974625520_2_0,:13974625520_2,0,13.58,10.65,0,0.0,13.58,77.31,32.1,-7.05,9.55,3.1,1.27,0.55,0
180.0,240.0,:5424221999_0_0,:5424221999_0,0,27.78,17.38,0,0.0,27.78,42.02,14.58,3.45,2.54,1.05,0.05,-1.17,0
180.0,240.0,:5424222002_0_0,:5424222002_0,0,27.78,13.66,0,0.0,27.78,,,,,,1.34,1.34,0
180.0,240.0,:6173584946_0_0,:6173584946_0,0,11.11,10.59,0,0.0,11.11,,,,,,1.74,1.74,0
180.0,240.0,:6173584950_0_0,:6173584950_0,0,11.11,12.14,0,0.0,11.11,182.07,182.07,-1.39,15.0,15.0,0.02,-0.94,0
180.0,240.0,:6311588102_0_0,:6311588102_0,0,27.78,17.85,0,0.0,27.78,76.84,14.97,2.0,4.44,1.11,0.02,-0.35,0
180.0,240.0,:6469564795_1_0,:6469564795_1,0,7.86,6.51,0,0.0,7.86,43.03,38.12,-4.03,8.5,5.86,-4.74,-5.0,3
180.0,240.0,:6469564795_3_0,:6469564795_3,0,6.33,7.04,0,0.0,6.33,,,,,,0.18,-1.54,0
180.0,240.0,:6469564795_4_0,:6469564795_4,0,8.23,6.67,0,0.0,8.23,,,,,,1.12,0.62,0
180.0,240.0,:6469564795_6_0,:6469564795_6,0,6.78,7.98,0,0.0,6.78,,,,,,-1.97,-5.0,2
180.0,240.0,:6469564795_7_0,:6469564795_7,1,13.29,14.05,0,0.18,13.89,123.26,123.26,3.88,9.27,9.27,0.24,-0.1,0
180.0,240.0,:6469564795_9_0,:6469564795_9,0,7.86,7.14,0,0.0,7.86,45.3,42.29,0.59,7.65,5.94,1.4,-0.04,0
180.0,240.0,:6469974905_3_0,:6469974905_3,0,11.11,11.54,0,0.0,11.11,104.19,10.6,-3.28,10.36,1.04,0.01,-1.16,0
180.0,240.0,:6544715978_2_0,:6544715978_2,0,6.02,6.42,0,0.0,6.02,,,,,,-0.51,-2.39,0
180.0,240.0,:663804415_3_0,:663804415_3,0,11.11,10.0,0,0.0,11.11,,,,,,-0.16,-0.95,0
180.0,240.0,:663825914_0_0,:663825914_0,0,27.78,15.83,0,0.0,27.78,,,,,,1.21,1.21,0
180.0,240.0,:663825934_1_0,:663825934_1,0,11.11,10.1,0,0.0,11.11,120.5,119.34,-2.36,14.72,13.79,1.45,0.6,0
180.0,240.0,:663825934_3_0,:663825934_3,0,6.15,6.25,0,0.0,6.15,,,,,,-0.68,-2.78,0
180.0,240.0,:663825934_4_0,:663825934_4,0,19.45,16.1,0,0.0,19.45,,,,,,-1.32,-5.0,2
180.0,240.0,:663825934_6_0,:663825934_6,0,11.11,8.84,0,0.33,11.11,40.88,40.61,-1.29,4.91,4.71,1.86,0.89,0
180.0,240.0,:663825934_7_0,:663825934_7,0,7.03,6.43,0,0.0,7.03,206.8,203.31,-6.9,33.96,32.15,-0.69,-1.91,0
180.0,240.0,:663826061_2_0,:663826061_2,0,11.11,10.36,0,0.0,11.11,,,,,,-0.14,-1.3,0
180.0,240.0,:663842386_3_0,:663842386_3,1,9.96,11.12,0,0.19,11.11,16.36,10.18,0.19,1.67,1.02,-0.02,-2.02,0
180.0,240.0,:663940642_1_0,:663940642_1,0,6.17,4.99,0,0.0,6.17,,,,,,1.43,0.55,0
180.0,240.0,:663940642_3_0,:663940642_3,0,8.31,9.44,0,0.0,8.31,,,,,,-1.41,-3.52,1
180.0,240.0,:663940642_4_0,:663940642_4,0,11.11,10.88,0,0.0,11.11,,,,,,1.15,0.26,0
180.0,240.0,:663943263_1_0,:663943263_1,0,7.5,6.54,0,0.0,7.5,95.88,15.32,-2.26,15.94,2.91,-2.4,-5.0,2
180.0,240.0,:663943263_5_0,:663943263_5,0,3.65,2.55,0,0.0,3.65,,,,,,-0.71,-3.01,1
180.0,240.0,:663943263_9_0,:663943263_9,0,7.5,7.52,0,0.0,7.5,39.48,14.55,-0.59,5.79,2.16,0.36,-2.0,0
180.0,240.0,:663943275_7_0,:663943275_7,0,11.11,12.17,0,0.0,11.11,45.8,14.35,0.72,4.38,1.31,-0.09,-1.76,0
180.0,240.0,:663943276_2_0,:663943276_2,0,11.11,7.57,0,0.0,11.11,,,,,,0.86,0.49,0
180.0,240.0,:663943276_3_0,:663943276_3,0,6.77,7.44,0,0.0,6.77,33.3,9.35,-3.63,5.71,1.37,0.47,-2.53,0
180.0,240.0,:664446124_0_0,:664446124_0,0,8.21,8.04,0,0.0,8.21,,,,,,-1.03,-2.67,0
180.0,240.0,:664446124_1_0,:664446124_1,0,11.11,11.0,0,0.0,11.11,98.74,93.33,9.95,9.05,8.49,0.2,0.12,0
180.0,240.0,:664446124_2_0,:664446124_2,0,5.65,5.33,0,0.0,5.65,139.77,138.54,4.73,29.59,28.03,-0.28,-1.48,0
180.0,240.0,:664446125_0_0,:664446125_0,0,11.11,11.52,0,0.0,11.11,114.81,114.01,2.35,10.4,10.37,0.44,-0.42,0
180.0,240.0,:664446129_1_0,:664446129_1,0,5.61,5.83,0,0.45,5.61,34.62,6.65,-2.22,6.73,1.18,-0.71,-3.91,2
180.0,240.0,:664446531_2_0,:664446531_2,0,6.92,6.97,0,0.0,6.92,,,,,,-1.6,-5.0,1
180.0,240.0,:664446557_1_0,:664446557_1,0,9.44,8.98,0,0.0,9.44,,,,,,-0.88,-3.59,1
180.0,240.0,:664446557_2_0,:664446557_2,0,11.11,11.0,0,0.0,11.11,107.21,107.21,-4.5,17.55,17.55,1.49,0.66,0
180.0,240.0,:664446557_5_0,:664446557_5,0,22.22,9.34,0,0.0,22.22,38.11,3.08,-5.62,19.97,1.03,0.95,-1.9,0
180.0,240.0,:664446571_2_0,:664446571_2,0,6.3,6.8,0,0.0,6.3,192.47,191.91,-2.81,28.96,28.21,-1.68,-4.0,3
180.0,240.0,:664446588_1_0,:664446588_1,0,11.11,10.69,0,0.0,11.11,,,,,,0.03,-0.44,0
180.0,240.0,:664446590_0_0,:664446590_0,0,27.78,17.37,0,0.0,27.78,25.46,15.11,-0.35,1.61,1.11,0.17,-0.7,0
180.0,240.0,:664446594_4_0,:664446594_4,0,11.11,9.17,0,0.0,11.11,,,,,,-0.31,-0.75,0
180.0,240.0,:664446594_6_0,:664446594_6,1,9.24,11.18,0,0.14,11.11,113.73,82.56,-0.98,11.35,8.35,-0.2,-2.02,0
180.0,240.0,:664446599_3_0,:664446599_3,0,6.95,7.5,0,0.0,6.95,,,,,,0.8,-0.01,0
180.0,240.0,:664446599_4_0,:664446599_4,0,7.82,6.42,0,0.0,7.82,,,,,,0.41,-1.3,0
180.0,240.0,:664446599_7_0,:664446599_7,0,11.11,11.22,0,0.0,11.11,132.4,131.35,-0.22,12.73,11.82,0.13,-1.85,0
180.0,240.0,:664447004_6_0,:664447004_6,0,11.11,11.09,0,0.0,11.11,,,,,,0.21,-0.25,0
180.0,240.0,:664447208_7_0,:664447208_7,0,11.11,10.02,0,0.0,11.11,,,,,,0.0,-0.53,0
180.0,240.0,:664472662_0_0,:664472662_0,0,7.19,7.93,0,0.0,7.19,55.73,18.18,-6.73,9.36,2.46,-1.37,-5.0,4
180.0,240.0,:664472662_1_0,:664472662_1,0,27.78,12.33,0,0.0,27.78,200.5,200.5,-1.56,16.26,16.26,1.32,1.32,0
180.0,240.0,:664472699_0_0,:664472699_0,1,7.15,7.15,0,0.6,6.58,59.0,58.7,-0.95,8.81,8.21,1.09,0.8,0
180.0,240.0,:664472699_2_0,:664472699_2,0,22.22,17.92,0,0.0,22.22,69.45,42.32,7.78,4.52,2.37,1.01,0.34,0
180.0,240.0,:664472703_3_0,:664472703_3,0,6.44,6.51,0,0.0,6.44,149.76,148.22,6.32,23.6,23.25,-2.82,-5.0,1
180.0,240.0,:664472708_0_0,:664472708_0,0,7.06,5.65,0,0.0,7.06,,,,,,-0.23,-0.88,0
180.0,240.0,:664472749_0_0,:664472749_0,0,11.11,10.07,0,0.0,11.11,64.42,11.09,-1.16,7.49,1.17,-0.06,-1.03,0
180.0,240.0,:664472749_1_0,:664472749_1,0,6.14,5.79,0,0.0,6.14,24.7,23.42,-4.8,4.32,4.15,-0.6,-1.51,0
180.0,240.0,:664472749_2_0,:664472749_2,0,6.02,5.84,0,0.0,6.02,93.64,90.95,-5.47,16.78,16.02,0.13,-0.81,0
180.0,240.0,:664472751_0_0,:664472751_0,0,6.36,6.27,0,0.0,6.36,,,,,,-1.99,-4.53,1
180.0,240.0,:664472751_1_0,:664472751_1,0,7.8,7.94,0,0.0,7.8,34.7,25.27,-2.71,4.88,3.31,0.3,-2.02,0
180.0,240.0,:664472751_3_0,:664472751_3,0,3.65,3.39,0,0.0,3.65,34.52,29.42,-6.72,12.0,8.68,-1.1,-2.86,0
180.0,240.0,:664472776_3_0,:664472776_3,0,6.02,5.69,0,0.0,6.02,,,,,,-1.86,-5.0,2
180.0,240.0,:664472776_4_0,:664472776_4,0,11.11,11.57,0,0.0,11.11,,,,,,-0.15,-0.84,0
180.0,240.0,:7371768928_0_0,:7371768928_0,0,11.11,8.52,0,0.0,11.11,,,,,,0.27,-0.57,0
180.0,240.0,:9189383180_0_0,:9189383180_0,0,4.03,3.56,0,0.0,4.03,8.71,8.59,0.71,3.04,2.48,-4.11,-5.0,2
180.0,240.0,:cluster_10279701138_664472033_15_0,:cluster_10279701138_664472033_15,0,7.46,7.53,0,0.0,7.46,112.22,112.11,-0.08,15.81,15.46,0.23,-1.1,0
180.0,240.0,:cluster_10279701138_664472033_3_0,:cluster_10279701138_664472033_3,0,7.46,7.24,0,0.0,7.46,,,,,,-1.2,-3.51,2
180.0,240.0,:cluster_10279701138_664472033_8_1,:cluster_10279701138_664472033_8,1,13.58,13.58,0,0.15,27.78,172.97,172.97,1.41,12.74,12.74,0.21,0.2,0
180.0,240.0,:cluster_10279701141_664472702_0_0,:cluster_10279701141_664472702_0,1,9.14,10.99,0,0.14,11.11,41.85,8.32,-0.96,4.9,1.05,-0.27,-1.95,0
180.0,240.0,:cluster_10279701141_664472702_10_0,:cluster_10279701141_664472702_10,0,10.16,8.85,0,0.0,10.16,79.85,25.96,-7.68,12.32,4.03,1.06,-1.41,0
180.0,240.0,:cluster_10279701141_664472702_11_0,:cluster_10279701141_664472702_11,0,6.02,5.94,0,0.0,6.02,,,,,,-0.66,-0.66,0
180.0,240.0,:cluster_10279701141_664472702_2_0,:cluster_10279701141_664472702_2,0,6.02,6.27,0,0.0,6.02,,,,,,-1.87,-4.0,1
180.0,240.0,:cluster_10279701141_664472702_5_0,:cluster_10279701141_664472702_5,0,27.78,13.72,0,0.0,27.78,105.11,84.5,4.54,7.7,6.23,-0.05,-0.42,0
180.0,240.0,:cluster_10279701141_664472702_8_0,:cluster_10279701141_664472702_8,0,9.6,9.72,0,0.0,9.6,66.88,47.34,-2.05,12.48,6.07,0.9,-1.88,0
180.0,240.0,:cluster_10279701142_664471710_0_0,:cluster_10279701142_664471710_0,0,11.11,10.46,0,0.0,11.11,97.29,97.29,-0.99,9.62,9.62,0.03,-0.69,0
180.0,240.0,:cluster_10279701142_664471710_10_0,:cluster_10279701142_664471710_10,0,27.78,17.34,0,0.0,27.78,68.13,33.32,0.89,4.53,2.4,0.22,-1.26,0
180.0,240.0,:cluster_10279701142_664471710_10_1,:cluster_10279701142_664471710_10,1,16.63,17.95,0,0.09,27.78,63.82,45.62,1.23,3.71,2.54,0.29,-0.81,0
180.0,240.0,:cluster_10279701142_664471710_15_0,:cluster_10279701142_664471710_15,0,11.11,8.13,0,0.0,11.11,158.47,150.87,-10.0,87.88,41.87,2.03,0.82,0
180.0,240.0,:cluster_10279701142_664471710_16_0,:cluster_10279701142_664471710_16,0,10.39,9.28,0,0.0,10.39,7.68,4.48,-1.67,1.55,1.05,1.21,-1.13,0
180.0,240.0,:cluster_10279701142_664471710_17_0,:cluster_10279701142_664471710_17,0,3.65,3.62,0,0.0,3.65,,,,,,0.71,0.03,0
180.0,240.0,:cluster_10279701142_664471710_1_0,:cluster_10279701142_664471710_1,0,11.11,11.26,0,0.0,11.11,119.26,77.4,-1.92,14.85,7.05,-0.02,-2.23,0
180.0,240.0,:cluster_10279701142_664471710_1_1,:cluster_10279701142_664471710_1,0,11.11,9.63,0,0.0,11.11,,,,,,0.67,-0.39,0
180.0,240.0,:cluster_10279701142_664471710_3_0,:cluster_10279701142_664471710_3,0,5.59,4.08,0,0.0,5.59,,,,,,1.17,0.57,0
180.0,240.0,:cluster_10279701142_664471710_5_0,:cluster_10279701142_664471710_5,1,1.19,7.82,0,0.02,8.42,31.26,10.85,-6.88,9.73,2.02,1.29,0.18,0
180.0,240.0,:cluster_10279701142_664471710_7_0,:cluster_10279701142_664471710_7,0,11.11,7.68,0,0.0,11.11,52.23,46.42,-5.7,20.73,11.66,1.92,0.65,0
180.0,240.0,:cluster_10279761592_11942000229_11942000233_663943274_0_0,:cluster_10279761592_11942000229_11942000233_663943274_0,0,9.3,8.49,0,0.0,9.3,53.76,8.69,-5.89,7.91,1.08,0.61,-1.04,0
180.0,240.0,:cluster_10279761592_11942000229_11942000233_663943274_12_0,:cluster_10279761592_11942000229_11942000233_663943274_12,0,6.41,6.96,0,0.0,6.41,32.08,10.08,-3.54,5.13,1.61,0.22,-0.95,0
180.0,240.0,:cluster_10279761592_11942000229_11942000233_663943274_13_0,:cluster_10279761592_11942000229_11942000233_663943274_13,0,5.31,5.93,0,0.0,5.31,,,,,,-0.72,-1.12,0
180.0,240.0,:cluster_10279761592_11942000229_11942000233_663943274_2_0,:cluster_10279761592_11942000229_11942000233_663943274_2,0,6.41,6.79,0,0.0,6.41,26.75,8.73,-3.05,4.51,1.49,-1.73,-4.0,4
180.0,240.0,:cluster_10279761592_11942000229_11942000233_663943274_3_0,:cluster_10279761592_11942000229_11942000233_663943274_3,0,5.31,6.1,0,0.0,5.31,,,,,,1.26,1.13,0
180.0,240.0,:cluster_10279761592_11942000229_11942000233_663943274_9_0,:cluster_10279761592_11942000229_11942000233_663943274_9,1,6.47,8.41,0,0.19,11.11,26.82,3.1,-3.05,6.55,1.03,1.26,-1.12,0
180.0,240.0,:cluster_10281958922_663940594_1_0,:cluster_10281958922_663940594_1,0,13.89,12.44,0,0.0,13.89,,,,,,-2.63,-2.72,0
180.0,240.0,:cluster_10281958922_663940594_1_1,:cluster_10281958922_663940594_1,0,13.89,13.63,0,0.0,13.89,50.87,13.88,1.96,3.9,1.21,-2.33,-4.89,4
180.0,240.0,:cluster_10281958922_663940594_4_0,:cluster_10281958922_663940594_4,0,10.62,9.92,0,0.0,10.62,24.88,8.01,-2.75,3.33,1.04,1.19,-2.04,0
180.0,240.0,:cluster_10281958922_663940594_5_0,:cluster_10281958922_663940594_5,0,11.11,10.26,0,0.0,11.11,24.58,11.75,-2.37,3.61,2.67,1.0,-2.69,0
180.0,240.0,:cluster_10281958922_663940594_7_0,:cluster_10281958922_663940594_7,1,13.27,17.6,0,0.15,22.23,38.19,31.86,1.04,2.59,1.94,-0.59,-2.89,0
180.0,240.0,:cluster_10281958922_663940594_7_1,:cluster_10281958922_663940594_7,0,22.23,17.24,0,0.0,22.23,59.21,38.71,1.2,3.74,2.82,-0.34,-0.82,0
180.0,240.0,:cluster_10281958925_10281958926_6508834064_6508834065_#1more_0_0,:cluster_10281958925_10281958926_6508834064_6508834065_#1more_0,0,15.28,14.51,0,0.0,15.28,84.08,44.08,1.75,9.61,3.04,1.39,0.53,0
180.0,240.0,:cluster_10281958925_10281958926_6508834064_6508834065_#1more_10_0,:cluster_10281958925_10281958926_6508834064_6508834065_#1more_10,0,15.23,10.93,0,0.0,15.23,103.18,85.85,-11.44,56.24,34.33,1.31,-0.19,0
180.0,240.0,:cluster_10281958925_10281958926_6508834064_6508834065_#1more_16_0,:cluster_10281958925_10281958926_6508834064_6508834065_#1more_16,0,9.86,7.94,0,0.0,9.86,10.96,3.63,-4.21,2.5,0.63,1.38,-0.91,0
180.0,240.0,:cluster_10281958925_10281958926_6508834064_6508834065_#1more_1_0,:cluster_10281958925_10281958926_6508834064_6508834065_#1more_1,0,16.67,13.9,0,0.0,16.67,,,,,,-0.0,-0.38,0
180.0,240.0,:cluster_10281958925_10281958926_6508834064_6508834065_#1more_5_0,:cluster_10281958925_10281958926_6508834064_6508834065_#1more_5,0,10.57,10.68,0,0.0,10.57,,,,,,1.17,-2.29,0
180.0,240.0,:cluster_10281958925_10281958926_6508834064_6508834065_#1more_6_0,:cluster_10281958925_10281958926_6508834064_6508834065_#1more_6,0,16.67,17.16,0,0.0,16.67,50.73,50.63,-0.42,3.78,3.78,0.09,-0.92,0
180.0,240.0,:cluster_10281958925_10281958926_6508834064_6508834065_#1more_8_0,:cluster_10281958925_10281958926_6508834064_6508834065_#1more_8,2,0.0,8.22,2,0.79,9.86,11.52,0.0,-3.27,7.15,0.5,-0.06,-3.84,4
180.0,240.0,:cluster_10281958932_663804338_0_0,:cluster_10281958932_663804338_0,0,16.67,16.58,0,0.0,16.67,,,,,,0.21,-0.45,0
180.0,240.0,:cluster_10281958932_663804338_0_1,:cluster_10281958932_663804338_0,0,16.67,15.38,0,0.0,16.67,,,,,,1.28,0.88,0
180.0,240.0,:cluster_10281958932_663804338_4_0,:cluster_10281958932_663804338_4,0,16.67,16.96,0,0.0,16.67,,,,,,-0.02,-0.07,0
180.0,240.0,:cluster_10281958932_663804338_4_1,:cluster_10281958932_663804338_4,0,16.67,17.87,0,0.0,16.67,,,,,,0.2,-1.23,0
180.0,240.0,:cluster_10281958935_12287656430_12287656431_663940647_10_0,:cluster_10281958935_12287656430_12287656431_663940647_10,0,16.67,16.54,0,0.0,16.67,,,,,,0.19,0.09,0
180.0,240.0,:cluster_10281958935_12287656430_12287656431_663940647_14_0,:cluster_10281958935_12287656430_12287656431_663940647_14,1,6.37,8.15,0,0.12,8.34,,,,,,0.82,-0.68,0
180.0,240.0,:cluster_10281958935_12287656430_12287656431_663940647_1_0,:cluster_10281958935_12287656430_12287656431_663940647_1,0,16.67,13.89,0,0.0,16.67,,,,,,0.29,-0.06,0
180.0,240.0,:cluster_10281965682_663944134_3_0,:cluster_10281965682_663944134_3,0,8.61,8.3,0,0.0,8.61,38.42,10.02,-4.43,4.98,1.21,0.62,-0.89,0
180.0,240.0,:cluster_10281965682_663944134_5_0,:cluster_10281965682_663944134_5,0,6.73,6.94,0,0.0,6.73,,,,,,-0.58,-0.91,0
180.0,240.0,:cluster_10281965682_663944134_6_0,:cluster_10281965682_663944134_6,0,27.78,17.89,0,0.0,27.78,35.49,35.49,0.99,1.98,1.98,0.07,-0.96,0
180.0,240.0,:cluster_10560867453_663943486_1_0,:cluster_10560867453_663943486_1,0,19.45,9.11,0,0.0,19.45,,,,,,1.42,0.8,0
180.0,240.0,:cluster_10560867453_663943486_2_0,:cluster_10560867453_663943486_2,0,11.11,8.46,0,0.0,11.11,7.82,6.37,-1.17,1.09,1.05,1.11,0.45,0
180.0,240.0,:cluster_10560867453_663943486_6_0,:cluster_10560867453_663943486_6,0,8.58,8.36,0,0.0,8.58,79.26,79.26,-0.03,9.55,9.48,0.04,-0.53,0
180.0,240.0,:cluster_10917990606_663844223_18_0,:cluster_10917990606_663844223_18,0,7.54,6.86,0,0.0,7.54,,,,,,2.17,1.71,0
180.0,240.0,:cluster_10917990606_663844223_1_0,:cluster_10917990606_663844223_1,0,8.47,9.3,0,0.0,8.47,52.47,7.14,-1.29,9.5,1.25,0.81,-4.0,1
180.0,240.0,:cluster_10917990606_663844223_3_0,:cluster_10917990606_663844223_3,0,7.54,3.6,0,0.0,7.54,,,,,,1.5,0.7,0
180.0,240.0,:cluster_10917990606_663844223_5_0,:cluster_10917990606_663844223_5,0,5.75,5.58,0,0.0,5.75,,,,,,0.3,-0.74,0
180.0,240.0,:cluster_10917990606_663844223_6_0,:cluster_10917990606_663844223_6,2,3.95,13.91,0,0.25,27.78,27.73,4.13,0.69,6.64,1.16,1.09,-2.63,0
180.0,240.0,:cluster_10943433501_10943433503_0_0,:cluster_10943433501_10943433503_0,0,22.22,17.68,0,0.0,22.22,59.83,38.37,4.2,4.45,2.89,0.58,-1.12,0
180.0,240.0,:cluster_10943433501_10943433503_16_0,:cluster_10943433501_10943433503_16,0,18.05,11.31,0,0.0,18.05,,,,,,1.59,0.57,0
180.0,240.0,:cluster_10943433501_10943433503_5_0,:cluster_10943433501_10943433503_5,1,2.3,2.3,0,0.08,15.73,22.86,17.69,-10.45,17.12,12.2,1.53,1.46,0
180.0,240.0,:cluster_10943484228_1190100465_3_0,:cluster_10943484228_1190100465_3,0,3.65,3.62,0,0.0,3.65,13.1,6.03,-4.1,4.46,1.94,-0.5,-3.62,1
180.0,240.0,:cluster_10943484228_1190100465_9_0,:cluster_10943484228_1190100465_9,0,13.89,10.24,0,0.0,13.89,42.8,42.69,-0.42,4.29,4.19,1.25,1.07,0
180.0,240.0,:cluster_10943717330_6470135655_1_0,:cluster_10943717330_6470135655_1,0,12.19,10.2,0,0.0,12.19,,,,,,0.9,-0.9,0
180.0,240.0,:cluster_10943717330_6470135655_9_0,:cluster_10943717330_6470135655_9,0,11.11,12.45,0,0.0,11.11,,,,,,-0.1,-0.8,0
180.0,240.0,:cluster_11158897098_664472732_4_0,:cluster_11158897098_664472732_4,0,27.78,16.39,0,0.0,27.78,,,,,,0.91,0.12,0
180.0,240.0,:cluster_11158897098_664472732_4_1,:cluster_11158897098_664472732_4,0,27.78,17.58,0,0.0,27.78,,,,,,0.44,-0.08,0
180.0,240.0,:cluster_11158897098_664472732_9_0,:cluster_11158897098_664472732_9,0,7.18,6.99,0,0.0,7.18,29.48,11.73,-14.22,8.83,7.86,0.73,-1.74,0
180.0,240.0,:cluster_11158897100_11158897101_11158897102_664471748_#1more_0_0,:cluster_11158897100_11158897101_11158897102_664471748_#1more_0,0,13.85,13.74,0,0.06,13.85,99.4,68.98,-7.2,10.22,6.21,1.31,-1.88,0
180.0,240.0,:cluster_11158897100_11158897101_11158897102_664471748_#1more_13_0,:cluster_11158897100_11158897101_11158897102_664471748_#1more_13,0,27.78,13.8,0,0.0,27.78,139.98,123.82,0.26,10.24,8.98,-0.04,-0.66,0
180.0,240.0,:cluster_11158897100_11158897101_11158897102_664471748_#1more_15_0,:cluster_11158897100_11158897101_11158897102_664471748_#1more_15,1,0.0,5.49,1,0.4,6.07,0.75,0.1,-8.35,0.35,0.25,-1.95,-5.0,2
180.0,240.0,:cluster_11158897100_11158897101_11158897102_664471748_#1more_1_0,:cluster_11158897100_11158897101_11158897102_664471748_#1more_1,0,11.11,12.95,0,0.0,11.11,,,,,,-0.18,-1.87,0
180.0,240.0,:cluster_11158897100_11158897101_11158897102_664471748_#1more_7_0,:cluster_11158897100_11158897101_11158897102_664471748_#1more_7,0,18.05,12.11,0,0.0,18.05,70.54,52.88,-3.89,16.07,6.57,1.57,0.47,0
180.0,240.0,:cluster_11502623494_11502623496_1186025300_13298747739_5_0,:cluster_11502623494_11502623496_1186025300_13298747739_5,0,11.11,7.82,0,0.08,11.11,80.74,4.16,-1.96,21.72,1.2,1.13,-0.13,0
180.0,240.0,:cluster_11502623497_1177160337_4_0,:cluster_11502623497_1177160337_4,0,11.11,11.56,0,0.0,11.11,29.14,6.05,1.29,6.74,1.27,1.01,-0.39,0
180.0,240.0,:cluster_1176977581_1176977943_13_0,:cluster_1176977581_1176977943_13,0,11.11,9.96,0,0.0,11.11,119.31,116.75,-1.75,14.07,13.23,-0.1,-2.11,0
180.0,240.0,:cluster_1176977581_1176977943_2_0,:cluster_1176977581_1176977943_2,0,7.98,8.43,0,0.0,7.98,186.42,186.42,-7.36,31.39,31.39,1.69,1.26,0
180.0,240.0,:cluster_1177160373_664472773_0_0,:cluster_1177160373_664472773_0,0,6.49,5.3,0,0.0,6.49,,,,,,0.46,-0.69,0
180.0,240.0,:cluster_1177160373_664472773_12_0,:cluster_1177160373_664472773_12,0,9.37,10.15,0,0.0,9.37,154.85,100.31,1.28,15.77,10.09,-0.96,-4.0,2
180.0,240.0,:cluster_1177160373_664472773_13_0,:cluster_1177160373_664472773_13,1,12.46,13.62,0,0.07,13.89,,,,,,-0.09,-1.82,0
180.0,240.0,:cluster_1177160373_664472773_16_0,:cluster_1177160373_664472773_16,0,8.14,9.16,0,0.0,8.14,34.35,17.32,-3.28,4.51,2.14,1.37,0.52,0
180.0,240.0,:cluster_1177160373_664472773_1_0,:cluster_1177160373_664472773_1,0,13.89,9.01,0,0.0,13.89,90.47,89.69,-0.42,12.36,10.93,1.25,0.73,0
180.0,240.0,:cluster_1177160373_664472773_2_0,:cluster_1177160373_664472773_2,0,10.62,8.43,0,0.0,10.62,93.53,83.76,-0.1,13.62,9.93,0.96,0.52,0
180.0,240.0,:cluster_1177160373_664472773_5_0,:cluster_1177160373_664472773_5,0,13.89,14.21,0,0.0,13.89,,,,,,-0.18,-0.75,0
180.0,240.0,:cluster_1177160373_664472773_6_0,:cluster_1177160373_664472773_6,1,0.0,6.79,1,0.51,8.14,162.32,15.99,-1.93,340.12,2.59,-2.5,-5.0,5
180.0,240.0,:cluster_1177160434_1177161050_1_0,:cluster_1177160434_1177161050_1,0,13.89,9.83,0,0.0,13.89,,,,,,1.29,0.76,0
180.0,240.0,:cluster_1177160434_1177161050_5_0,:cluster_1177160434_1177161050_5,0,11.79,10.45,0,0.0,11.79,,,,,,-0.67,-3.8,1
180.0,240.0,:cluster_1177160434_1177161050_6_0,:cluster_1177160434_1177161050_6,0,7.21,7.56,0,0.0,7.21,,,,,,-0.1,-3.47,1
180.0,240.0,:cluster_1177161169_664472775_1_0,:cluster_1177161169_664472775_1,0,18.05,10.06,0,0.0,18.05,46.66,44.92,-3.72,5.34,4.79,1.6,0.62,0
180.0,240.0,:cluster_1177161169_664472775_4_0,:cluster_1177161169_664472775_4,0,11.11,11.78,0,0.0,11.11,35.86,26.26,-0.52,3.3,2.23,0.07,-1.3,0
180.0,240.0,:cluster_1177161169_664472775_5_0,:cluster_1177161169_664472775_5,0,9.34,8.14,0,0.0,9.34,,,,,,-0.61,-2.43,0
180.0,240.0,:cluster_1177161441_1190128246_0_0,:cluster_1177161441_1190128246_0,0,8.63,9.4,0,0.0,8.63,,,,,,1.61,0.98,0
180.0,240.0,:cluster_1177161441_1190128246_4_0,:cluster_1177161441_1190128246_4,0,22.22,17.94,0,0.0,22.22,121.92,88.95,8.29,7.53,4.96,1.21,-0.12,0
180.0,240.0,:cluster_1177211304_1177211692_6_0,:cluster_1177211304_1177211692_6,0,22.22,6.1,0,0.0,22.22,5.57,1.97,0.9,1.78,0.84,-0.01,-3.32,2
180.0,240.0,:cluster_1177211336_1191714436_10_0,:cluster_1177211336_1191714436_10,0,8.38,7.3,0,0.0,8.38,69.62,67.82,6.66,10.22,9.28,-1.06,-3.92,1
180.0,240.0,:cluster_1177211336_1191714436_13_0,:cluster_1177211336_1191714436_13,0,13.89,9.22,0,0.0,13.89,,,,,,0.88,0.49,0
180.0,240.0,:cluster_1177211336_1191714436_18_0,:cluster_1177211336_1191714436_18,0,8.38,8.96,0,0.0,8.38,59.53,55.11,8.47,7.06,6.15,1.11,0.79,0
180.0,240.0,:cluster_1177211336_1191714436_5_0,:cluster_1177211336_1191714436_5,0,13.89,8.37,0,0.0,13.89,61.24,52.16,6.36,8.87,6.23,1.01,0.49,0
180.0,240.0,:cluster_1177211353_1177211711_12_0,:cluster_1177211353_1177211711_12,0,10.82,11.2,0,0.0,10.82,,,,,,-3.05,-5.0,3
180.0,240.0,:cluster_1177211353_1177211711_19_0,:cluster_1177211353_1177211711_19,0,3.65,3.92,0,0.0,3.65,,,,,,-1.35,-2.13,0
180.0,240.0,:cluster_1177211353_1177211711_5_0,:cluster_1177211353_1177211711_5,0,22.22,17.96,0,0.0,22.22,,,,,,1.31,-0.62,0
180.0,240.0,:cluster_1177211367_9189383185_12_0,:cluster_1177211367_9189383185_12,0,8.85,7.73,0,0.0,8.85,,,,,,0.52,-0.91,0
180.0,240.0,:cluster_1177211367_9189383185_5_0,:cluster_1177211367_9189383185_5,0,8.34,6.66,0,0.0,8.34,72.44,69.38,-2.39,16.28,11.23,1.03,-0.59,0
180.0,240.0,:cluster_1177211394_1177211683_2_0,:cluster_1177211394_1177211683_2,0,7.74,5.35,0,0.0,7.74,28.41,10.9,-14.02,9.11,8.33,1.78,1.27,0
180.0,240.0,:cluster_1177211394_1177211683_6_0,:cluster_1177211394_1177211683_6,0,22.22,17.72,0,0.0,22.22,67.66,17.61,4.82,4.5,1.26,0.03,-1.86,0
180.0,240.0,:cluster_1177211428_1177211911_0_0,:cluster_1177211428_1177211911_0,0,5.75,6.26,0,0.0,5.75,,,,,,-0.15,-1.95,0
180.0,240.0,:cluster_1177211698_663826189_0_0,:cluster_1177211698_663826189_0,0,9.17,8.11,0,0.0,9.17,24.55,20.58,-4.0,3.54,3.45,1.33,0.87,0
180.0,240.0,:cluster_1177211698_663826189_10_0,:cluster_1177211698_663826189_10,0,8.32,8.9,0,0.0,8.32,51.58,45.06,6.4,6.39,5.1,0.78,-0.14,0
180.0,240.0,:cluster_1177211698_663826189_14_0,:cluster_1177211698_663826189_14,0,10.4,7.74,0,0.0,10.4,,,,,,-3.62,-4.21,3
180.0,240.0,:cluster_1177211698_663826189_18_0,:cluster_1177211698_663826189_18,0,10.4,9.34,0,0.0,10.4,,,,,,1.26,0.56,0
180.0,240.0,:cluster_1177211698_663826189_5_0,:cluster_1177211698_663826189_5,0,11.11,11.61,0,0.0,11.11,46.82,20.44,7.26,4.59,1.8,0.05,-1.73,0
180.0,240.0,:cluster_1177211838_13300645525_13300645528_0_0,:cluster_1177211838_13300645525_13300645528_0,0,6.14,7.0,0,0.0,6.14,48.02,46.52,-5.06,7.22,6.65,-1.08,-3.49,1
180.0,240.0,:cluster_1177211838_13300645525_13300645528_1_0,:cluster_1177211838_13300645525_13300645528_1,0,27.78,12.48,0,0.0,27.78,27.39,13.35,3.51,2.73,1.08,1.36,-0.33,0
180.0,240.0,:cluster_1177211838_13300645525_13300645528_4_0,:cluster_1177211838_13300645525_13300645528_4,0,27.78,17.92,0,0.0,27.78,52.07,14.79,8.97,3.54,1.46,0.45,-1.28,0
180.0,240.0,:cluster_1177211838_13300645525_13300645528_8_0,:cluster_1177211838_13300645525_13300645528_8,0,7.21,4.0,0,0.0,7.21,,,,,,1.12,0.62,0
180.0,240.0,:cluster_1177212073_13300645524_664471560_10_0,:cluster_1177212073_13300645524_664471560_10,0,27.78,13.68,0,0.0,27.78,77.73,76.33,2.68,5.78,5.73,0.54,-0.77,0
180.0,240.0,:cluster_1177212073_13300645524_664471560_15_0,:cluster_1177212073_13300645524_664471560_15,0,9.95,3.0,0,0.0,9.95,10.44,4.32,-3.0,7.34,4.77,-0.16,-3.85,1
180.0,240.0,:cluster_1177212073_13300645524_664471560_17_0,:cluster_1177212073_13300645524_664471560_17,0,8.8,4.72,0,0.0,8.8,,,,,,1.09,0.5,0
180.0,240.0,:cluster_1177212073_13300645524_664471560_1_0,:cluster_1177212073_13300645524_664471560_1,0,27.78,8.96,0,0.0,27.78,8.6,7.33,-0.85,1.25,1.03,0.64,-1.22,0
180.0,240.0,:cluster_1177212073_13300645524_664471560_23_0,:cluster_1177212073_13300645524_664471560_23,1,5.05,5.05,0,0.14,9.95,15.17,6.27,-4.35,6.21,4.73,1.12,0.47,0
180.0,240.0,:cluster_1177212073_13300645524_664471560_2_0,:cluster_1177212073_13300645524_664471560_2,0,8.8,2.77,0,0.0,8.8,,,,,,0.09,-2.28,0
180.0,240.0,:cluster_1177212073_13300645524_664471560_5_0,:cluster_1177212073_13300645524_664471560_5,0,7.19,6.28,0,0.0,7.19,42.37,5.56,-0.69,10.78,1.12,1.66,0.69,0
180.0,240.0,:cluster_1186025344_13298747727_13298747728_13298747738_#3more_10_0,:cluster_1186025344_13298747727_13298747728_13298747738_#3more_10,0,11.11,7.71,0,0.0,11.11,6.84,4.86,-1.33,1.31,1.09,1.3,-1.09,0
180.0,240.0,:cluster_1186025344_13298747727_13298747728_13298747738_#3more_19_0,:cluster_1186025344_13298747727_13298747728_13298747738_#3more_19,0,11.11,10.44,0,0.0,11.11,53.54,4.63,-0.77,9.89,1.05,1.13,-2.49,0
180.0,240.0,:cluster_1189036471_1189036770_5_0,:cluster_1189036471_1189036770_5,1,13.18,13.63,0,0.06,13.89,,,,,,0.53,-0.88,0
180.0,240.0,:cluster_1189036595_13298747741_3_0,:cluster_1189036595_13298747741_3,0,11.11,5.19,0,0.0,11.11,8.56,7.09,-1.91,1.98,1.93,0.96,0.52,0
180.0,240.0,:cluster_1189036692_13298747742_0_0,:cluster_1189036692_13298747742_0,0,11.11,5.83,0,0.0,11.11,7.39,6.72,-1.22,1.38,1.35,1.12,0.5,0
180.0,240.0,:cluster_1190128285_13300645523_13300645535_1_0,:cluster_1190128285_13300645523_13300645535_1,0,27.78,12.28,0,0.0,27.78,10.73,7.88,2.07,1.24,1.12,-1.1,-2.9,0
180.0,240.0,:cluster_1190128285_13300645523_13300645535_3_0,:cluster_1190128285_13300645523_13300645535_3,0,27.78,10.69,0,0.0,27.78,,,,,,2.16,2.15,0
180.0,240.0,:cluster_1191863963_1191864049_0_0,:cluster_1191863963_1191864049_0,0,10.68,10.25,0,0.0,10.68,,,,,,0.98,-0.49,0
180.0,240.0,:cluster_1191863963_1191864049_10_0,:cluster_1191863963_1191864049_10,0,7.95,7.82,0,0.0,7.95,,,,,,0.35,-0.43,0
180.0,240.0,:cluster_11942000227_11942000230_6173706992_10_0,:cluster_11942000227_11942000230_6173706992_10,0,8.12,9.71,0,0.0,8.12,123.22,36.28,-5.75,15.87,5.05,0.95,-0.86,0
180.0,240.0,:cluster_11942000227_11942000230_6173706992_13_0,:cluster_11942000227_11942000230_6173706992_13,0,6.78,6.19,0,0.0,6.78,,,,,,0.6,-1.16,0
180.0,240.0,:cluster_11942000227_11942000230_6173706992_15_0,:cluster_11942000227_11942000230_6173706992_15,0,7.23,6.83,0,0.0,7.23,122.05,120.38,-3.48,18.38,17.63,-1.04,-4.0,2
180.0,240.0,:cluster_11942000227_11942000230_6173706992_16_0,:cluster_11942000227_11942000230_6173706992_16,0,27.78,16.09,0,0.0,27.78,113.04,112.07,-2.47,7.53,6.96,-2.5,-4.0,1
180.0,240.0,:cluster_11942000227_11942000230_6173706992_21_0,:cluster_11942000227_11942000230_6173706992_21,0,11.11,9.65,0,0.0,11.11,62.72,21.86,-3.07,12.31,3.75,1.39,0.68,0
180.0,240.0,:cluster_11942000227_11942000230_6173706992_22_0,:cluster_11942000227_11942000230_6173706992_22,0,11.3,10.1,0,0.0,11.3,34.22,30.81,1.25,4.17,3.05,1.26,-1.12,0
180.0,240.0,:cluster_11942000227_11942000230_6173706992_25_0,:cluster_11942000227_11942000230_6173706992_25,0,7.65,6.62,0,0.0,7.65,37.8,34.6,-4.34,6.19,5.54,-0.24,-1.44,0
180.0,240.0,:cluster_11942000232_664472748_13_0,:cluster_11942000232_664472748_13,0,11.11,11.78,0,0.0,11.11,62.91,15.77,4.65,6.12,1.49,0.06,-0.66,0
180.0,240.0,:cluster_11942000232_664472748_2_0,:cluster_11942000232_664472748_2,0,6.92,4.87,0,0.0,6.92,44.8,36.43,-6.21,21.25,10.44,1.62,1.12,0
180.0,240.0,:cluster_11942000232_664472748_5_0,:cluster_11942000232_664472748_5,0,22.22,17.87,0,0.0,22.22,67.37,22.24,3.98,3.94,1.3,0.34,-0.48,0
180.0,240.0,:cluster_11944729366_664471711_0_0,:cluster_11944729366_664471711_0,0,11.11,10.28,0,0.0,11.11,26.64,26.07,-2.4,3.59,3.54,0.69,-0.71,0
180.0,240.0,:cluster_11944729366_664471711_0_1,:cluster_11944729366_664471711_0,0,11.11,8.79,0,0.0,11.11,,,,,,2.2,2.2,0
180.0,240.0,:cluster_11944729366_664471711_2_0,:cluster_11944729366_664471711_2,1,0.0,3.05,1,0.89,4.66,13.67,0.1,-10.26,24.77,8.26,-0.1,-4.84,2
180.0,240.0,:cluster_11944729366_664471711_4_0,:cluster_11944729366_664471711_4,1,9.17,12.17,0,0.08,22.69,60.26,6.16,-4.95,9.99,1.06,1.52,-0.97,0
180.0,240.0,:cluster_11944729366_664471711_5_0,:cluster_11944729366_664471711_5,0,27.78,11.8,0,0.0,27.78,,,,,,1.25,1.25,0
180.0,240.0,:cluster_11944729366_664471711_5_1,:cluster_11944729366_664471711_5,0,27.78,17.31,0,0.0,27.78,67.54,56.87,0.66,4.01,3.49,-0.7,-1.21,0
180.0,240.0,:cluster_13298740740_664446558_1_0,:cluster_13298740740_664446558_1,0,6.52,6.65,0,0.0,6.52,,,,,,-1.84,-4.91,1
180.0,240.0,:cluster_13298740740_664446558_4_0,:cluster_13298740740_664446558_4,1,6.39,8.2,0,0.19,22.22,25.45,5.7,-4.42,6.63,1.04,1.53,0.07,0
180.0,240.0,:cluster_13298747733_13298747737_663825864_1_0,:cluster_13298747733_13298747737_663825864_1,0,8.82,4.9,0,0.0,8.82,63.97,60.22,-7.74,35.83,27.84,1.05,0.61,0
180.0,240.0,:cluster_13298747733_13298747737_663825864_2_0,:cluster_13298747733_13298747737_663825864_2,0,11.11,6.15,0,0.0,11.11,,,,,,1.19,0.73,0
180.0,240.0,:cluster_13298747733_13298747737_663825864_4_0,:cluster_13298747733_13298747737_663825864_4,0,11.11,7.29,0,0.0,11.11,,,,,,1.49,1.05,0
180.0,240.0,:cluster_13298747733_13298747737_663825864_4_1,:cluster_13298747733_13298747737_663825864_4,0,11.11,6.29,0,0.0,11.11,,,,,,1.55,1.15,0
180.0,240.0,:cluster_13298747733_13298747737_663825864_6_0,:cluster_13298747733_13298747737_663825864_6,0,9.91,6.24,0,0.0,9.91,88.94,79.2,-6.09,23.97,15.39,1.5,0.91,0
180.0,240.0,:cluster_13298747747_13298747748_13298747749_13298747755_#2more_0_0,:cluster_13298747747_13298747748_13298747749_13298747755_#2more_0,0,9.42,9.77,0,0.0,9.42,25.33,10.01,-1.35,3.05,1.2,1.03,-1.31,0
180.0,240.0,:cluster_13298747747_13298747748_13298747749_13298747755_#2more_10_0,:cluster_13298747747_13298747748_13298747749_13298747755_#2more_10,0,12.71,10.86,0,0.0,12.71,11.61,5.03,-1.65,1.4,1.08,1.35,-1.62,0
180.0,240.0,:cluster_13298747747_13298747748_13298747749_13298747755_#2more_2_0,:cluster_13298747747_13298747748_13298747749_13298747755_#2more_2,0,11.11,10.53,0,0.0,11.11,,,,,,1.92,0.04,0
180.0,240.0,:cluster_13298747747_13298747748_13298747749_13298747755_#2more_4_0,:cluster_13298747747_13298747748_13298747749_13298747755_#2more_4,0,19.45,9.35,0,0.0,19.45,76.67,69.35,-3.42,12.15,8.85,1.34,0.67,0
180.0,240.0,:cluster_13298747750_13298747754_7007141699_1_0,:cluster_13298747750_13298747754_7007141699_1,0,6.5,7.25,0,0.0,6.5,57.92,4.49,-4.79,16.4,1.23,0.65,-4.0,1
180.0,240.0,:cluster_13298747750_13298747754_7007141699_3_0,:cluster_13298747750_13298747754_7007141699_3,0,9.93,9.65,0,0.0,9.93,68.85,28.32,-0.28,7.64,2.98,1.17,0.31,0
180.0,240.0,:cluster_13298747751_6469124180_6_0,:cluster_13298747751_6469124180_6,0,11.11,4.97,0,0.0,11.11,25.28,21.44,-5.44,7.12,5.79,2.0,1.07,0
180.0,240.0,:cluster_13300645520_13300645530_663844204_4_0,:cluster_13300645520_13300645530_663844204_4,0,27.78,9.67,0,0.0,27.78,157.96,157.96,-9.81,19.73,19.73,2.09,1.43,0
180.0,240.0,:cluster_13300645520_13300645530_663844204_5_0,:cluster_13300645520_13300645530_663844204_5,0,7.61,7.96,0,0.0,7.61,9.92,4.82,-1.34,1.5,1.02,0.44,-2.22,0
180.0,240.0,:cluster_13908994425_13908994429_13908994430_4_0,:cluster_13908994425_13908994429_13908994430_4,1,1.85,7.35,0,0.04,27.78,10.6,3.69,-0.03,2.38,1.03,0.31,-2.9,0
180.0,240.0,:cluster_5424222000_664446587_3_0,:cluster_5424222000_664446587_3,0,27.78,17.66,0,0.0,27.78,35.9,21.12,6.95,2.4,1.49,-0.78,-5.0,1
180.0,240.0,:cluster_5424222000_664446587_6_0,:cluster_5424222000_664446587_6,0,8.5,6.91,0,0.0,8.5,,,,,,0.86,0.53,0
180.0,240.0,:cluster_5424222000_664446587_7_0,:cluster_5424222000_664446587_7,0,5.5,5.75,0,0.0,5.5,,,,,,-1.93,-4.0,1
180.0,240.0,:cluster_5424222009_664446539_2_0,:cluster_5424222009_664446539_2,0,8.61,8.83,0,0.0,8.61,33.37,10.13,-4.01,4.7,1.22,0.75,-1.98,0
180.0,240.0,:cluster_663842376_663944135_4_0,:cluster_663842376_663944135_4,0,27.78,17.12,0,0.0,27.78,50.45,14.47,1.32,3.1,1.06,-0.18,-1.01,0
180.0,240.0,:cluster_663943516_664446119_0_0,:cluster_663943516_664446119_0,0,10.68,7.31,0,0.0,10.68,73.55,20.36,-4.57,37.58,3.33,1.38,0.6,0
180.0,240.0,:cluster_663943516_664446119_1_0,:cluster_663943516_664446119_1,0,7.06,6.82,0,0.0,7.06,33.82,30.96,3.73,5.56,4.82,0.37,-0.9,0
180.0,240.0,:cluster_663943516_664446119_4_0,:cluster_663943516_664446119_4,0,11.11,12.31,0,0.0,11.11,35.72,28.23,4.84,3.31,2.77,0.06,-1.56,0
180.0,240.0,:cluster_664446535_8507351665_8507351666_2_0,:cluster_664446535_8507351665_8507351666_2,0,13.89,8.73,0,0.0,13.89,9.43,5.84,-2.78,1.61,1.03,1.74,-0.81,0
180.0,240.0,:cluster_664446535_8507351665_8507351666_3_0,:cluster_664446535_8507351665_8507351666_3,0,11.11,5.91,0,0.0,11.11,18.04,5.34,-0.42,4.46,1.08,1.11,-0.21,0
180.0,240.0,:cluster_664446535_8507351665_8507351666_4_0,:cluster_664446535_8507351665_8507351666_4,0,6.48,5.49,0,0.0,6.48,32.58,30.4,-8.74,14.46,13.36,1.8,1.28,0
240.0,300.0,-101757273#0_0,-101757273#0,0,22.22,13.87,0,0.0,22.22,89.78,89.78,2.42,18.08,18.08,-1.61,-4.0,4
240.0,300.0,-101757273#1_0,-101757273#1,0,22.22,13.78,0,0.0,22.22,,,,,,0.09,-0.62,0
240.0,300.0,-101757273#2_0,-101757273#2,0,22.22,13.9,0,0.0,22.22,,,,,,-0.32,-1.01,0
240.0,300.0,-101757273#4_0,-101757273#4,0,22.22,16.5,0,0.0,22.22,,,,,,0.75,-0.47,0
240.0,300.0,-101757273#5_0,-101757273#5,0,22.22,12.05,0,0.0,22.22,84.27,82.06,-9.22,11.75,11.58,1.23,-0.72,0
240.0,300.0,-101757306#0_0,-101757306#0,0,13.89,12.11,0,0.0,13.89,,,,,,0.01,-5.0,5
240.0,300.0,-101757306#1_0,-101757306#1,0,13.89,12.31,0,0.0,13.89,,,,,,-0.33,-4.0,3
240.0,300.0,-101943113_0,-101943113,0,13.89,14.07,0,0.0,13.89,,,,,,-1.12,-4.86,3
240.0,300.0,-101943132_0,-101943132,0,13.89,14.27,0,0.0,13.89,,,,,,-1.79,-5.0,4
240.0,300.0,-101943152_0,-101943152,0,13.89,12.59,0,0.0,13.89,61.64,54.44,-3.0,8.36,5.87,0.41,-4.81,4
240.0,300.0,-101966385#0_0,-101966385#0,0,13.89,13.36,0,0.0,13.89,18.05,0.1,-4.39,7.34,0.19,-0.85,-5.0,13
240.0,300.0,-101966385#2_0,-101966385#2,0,13.89,13.07,0,0.0,13.89,65.85,51.52,2.78,7.39,5.39,-2.03,-5.0,11
240.0,300.0,-101966385#3_0,-101966385#3,0,13.89,10.89,0,0.0,13.89,79.62,70.23,0.66,7.77,7.39,0.64,0.32,0
240.0,300.0,-101966385#4_0,-101966385#4,0,13.89,11.5,0,0.0,13.89,67.6,57.45,-2.19,11.19,7.84,1.15,-0.38,0
240.0,300.0,-101966393#0_0,-101966393#0,0,13.89,16.69,0,0.0,13.89,39.22,5.66,0.4,5.93,0.51,-0.55,-4.0,9
240.0,300.0,-101966393#1_0,-101966393#1,1,7.48,11.14,0,0.08,13.89,,,,,,1.15,-0.48,0
240.0,300.0,-101966443#0_0,-101966443#0,1,12.57,17.67,0,0.04,22.22,20.29,0.0,1.47,4.33,0.53,-0.73,-5.0,40
240.0,300.0,-101966443#10_0,-101966443#10,0,22.22,17.92,0,0.0,22.22,70.2,18.25,2.94,4.13,1.11,-0.13,-2.09,0
240.0,300.0,-101966443#11_0,-101966443#11,1,13.26,18.0,0,0.07,22.22,65.71,17.63,2.28,3.95,1.07,-0.05,-2.18,0
240.0,300.0,-101966443#12_0,-101966443#12,0,22.22,17.54,0,0.0,22.22,96.0,96.0,-2.78,6.96,6.96,1.55,0.95,0
240.0,300.0,-101966443#13_0,-101966443#13,2,7.61,17.98,0,0.06,22.22,71.41,16.35,-4.8,8.04,4.52,1.36,-0.18,0
240.0,300.0,-101966443#1_0,-101966443#1,1,8.6,13.56,0,0.02,22.22,52.09,16.66,-0.14,4.89,1.49,1.5,-0.65,0
240.0,300.0,-101966443#2_0,-101966443#2,1,11.01,14.69,0,0.08,22.22,36.24,10.86,-0.7,4.25,1.22,-2.71,-5.0,45
240.0,300.0,-101966443#3_0,-101966443#3,0,22.22,17.89,0,0.0,22.22,40.77,15.66,4.34,3.16,1.05,0.25,-5.0,3
240.0,300.0,-101966443#4_0,-101966443#4,1,17.62,17.98,0,0.04,22.22,56.44,15.61,3.07,4.14,1.09,0.24,-4.0,5
240.0,300.0,-101966443#5_0,-101966443#5,0,22.22,17.94,0,0.0,22.22,54.01,11.36,2.03,3.83,1.14,-0.14,-4.0,9
240.0,300.0,-101966443#6_0,-101966443#6,1,16.31,18.0,0,0.05,22.22,65.16,17.24,2.47,4.26,1.13,-0.1,-3.88,2
240.0,300.0,-101966443#7_0,-101966443#7,0,22.22,17.98,0,0.0,22.22,68.49,18.11,-0.64,5.09,1.1,0.64,-2.03,0
240.0,300.0,-101966443#8_0,-101966443#8,1,16.64,17.8,0,0.13,22.22,69.33,18.37,-0.77,4.69,1.1,0.44,-1.43,0
240.0,300.0,-101966443#9_0,-101966443#9,0,22.22,17.63,0,0.0,22.22,62.28,18.34,-2.85,5.33,1.1,0.45,-1.84,0
240.0,300.0,-101966453#0_0,-101966453#0,1,0.0,10.79,1,0.05,13.89,29.75,0.12,-7.28,5.91,0.24,-0.28,-5.0,7
240.0,300.0,-101966457_0,-101966457,0,13.89,11.91,0,0.0,13.89,18.02,0.02,-7.94,8.4,3.28,-0.4,-5.0,4
240.0,300.0,-101966461_0,-101966461,0,13.89,14.99,0,0.0,13.89,77.51,11.82,6.65,8.32,5.29,-0.47,-5.0,3
240.0,300.0,-101966481_0,-101966481,0,13.89,14.58,0,0.0,13.89,,,,,,1.46,0.52,0
240.0,300.0,-101966488#1_0,-101966488#1,2,0.0,13.87,2,0.1,13.89,25.05,0.0,-3.89,7.82,0.18,-0.63,-5.0,21
240.0,300.0,-101966488#2_0,-101966488#2,0,13.89,13.89,0,0.0,13.89,48.32,30.32,0.96,4.14,2.85,0.66,-1.09,0
240.0,300.0,-101966494_0,-101966494,0,13.89,13.89,0,0.0,13.89,152.91,152.89,0.54,17.63,15.63,-0.94,-4.0,4
240.0,300.0,-101966506#0_0,-101966506#0,0,13.89,16.77,0,0.0,13.89,105.72,86.96,9.61,10.06,7.71,-1.69,-5.0,7
240.0,300.0,-101966506#1_0,-101966506#1,0,13.89,16.0,0,0.0,13.89,152.0,152.0,11.03,13.58,13.58,1.4,0.0,0
240.0,300.0,-101972876#2_0,-101972876#2,1,7.14,7.14,0,0.06,13.89,,,,,,1.93,1.74,0
240.0,300.0,-101972883#3_0,-101972883#3,0,13.89,11.26,0,0.0,13.89,,,,,,1.12,0.48,0
240.0,300.0,-101972883#4_0,-101972883#4,0,13.89,10.71,0,0.0,13.89,,,,,,-0.92,-5.0,2
240.0,300.0,-101972892#1_0,-101972892#1,1,10.88,11.24,0,0.14,13.89,119.22,113.63,-0.02,12.27,10.44,1.14,-0.4,0
240.0,300.0,-101972912#0_0,-101972912#0,3,10.06,11.12,0,0.12,13.89,10.27,8.33,-0.63,1.12,0.98,0.78,-3.32,1
240.0,300.0,-101972912#1_0,-101972912#1,1,6.4,6.4,0,0.25,13.89,2.85,0.0,-0.36,2.29,0.52,-0.01,-4.0,1
240.0,300.0,-101972940_0,-101972940,0,13.89,15.76,0,0.0,13.89,,,,,,0.76,-2.31,0
240.0,300.0,-101972954#4_0,-101972954#4,0,13.89,14.15,0,0.0,13.89,85.46,31.73,3.87,12.01,5.57,0.25,-3.89,3
240.0,300.0,-101972955#0_0,-101972955#0,1,0.0,10.67,1,0.07,13.89,10.76,0.17,-0.64,7.06,0.58,-0.16,-5.0,5
240.0,300.0,-101972955#1_0,-101972955#1,0,13.89,10.88,0,0.0,13.89,37.59,18.24,7.14,5.99,2.24,-2.06,-5.0,4
240.0,300.0,-101972955#3_0,-101972955#3,0,13.89,12.43,0,0.0,13.89,86.66,77.79,3.83,9.87,7.94,-0.6,-5.0,4
240.0,300.0,-101972960#0_0,-101972960#0,0,13.89,15.28,0,0.0,13.89,,,,,,0.81,-5.0,1
240.0,300.0,-101972960#1_0,-101972960#1,0,13.89,9.9,0,0.0,13.89,52.95,46.64,7.92,6.44,4.71,1.7,0.53,0
240.0,300.0,-102688627#0_0,-102688627#0,1,13.23,13.39,0,0.02,11.11,,,,,,-0.2,-4.39,3
240.0,300.0,-102688627#1_0,-102688627#1,2,9.59,12.88,0,0.15,11.11,55.13,12.54,-2.27,5.77,1.27,-0.07,-2.02,0
240.0,300.0,-102688627#2_0,-102688627#2,0,11.11,12.8,0,0.0,11.11,37.02,12.47,-1.39,3.83,1.29,-0.22,-2.75,0
240.0,300.0,-102688627#3_0,-102688627#3,1,11.9,13.35,0,0.04,11.11,40.18,8.31,-0.64,3.9,1.18,0.24,-2.21,0
240.0,300.0,-102688627#4_0,-102688627#4,0,11.11,13.26,0,0.0,11.11,78.84,60.85,2.77,6.33,4.82,-0.2,-3.3,1
240.0,300.0,-102688627#5_0,-102688627#5,0,11.11,13.31,0,0.0,11.11,88.78,71.69,2.18,7.95,5.62,0.72,-1.43,0
240.0,300.0,-102688629#2_0,-102688629#2,1,10.81,11.0,0,0.1,11.11,27.53,0.0,-2.3,7.45,0.51,-0.3,-5.0,8
240.0,300.0,-102688629#3_0,-102688629#3,0,11.11,11.24,0,0.0,11.11,20.0,9.27,2.98,1.86,0.93,0.03,-1.43,0
240.0,300.0,-102688629#4_0,-102688629#4,0,11.11,11.61,0,0.0,11.11,22.97,4.58,2.0,2.16,0.59,0.17,-1.4,0
240.0,300.0,-102688629#5_0,-102688629#5,0,11.11,11.45,0,0.0,11.11,80.09,77.68,3.53,11.65,6.89,0.14,-1.24,0
240.0,300.0,-102688629#6_0,-102688629#6,0,11.11,11.63,0,0.0,11.11,59.31,12.09,-4.82,22.42,1.17,-0.29,-4.0,5
240.0,300.0,-102961717#0_0,-102961717#0,0,13.89,12.94,0,0.0,13.89,37.36,4.62,1.42,3.48,1.02,-0.57,-5.0,11
240.0,300.0,-102961717#1_0,-102961717#1,0,13.89,12.86,0,0.0,13.89,64.07,13.78,0.33,5.2,1.1,0.03,-1.43,0
240.0,300.0,-102961717#2_0,-102961717#2,0,13.89,13.1,0,0.0,13.89,64.27,14.07,0.12,5.23,1.1,-0.04,-1.58,0
240.0,300.0,-102961717#3_0,-102961717#3,1,10.17,15.21,0,0.04,13.89,16.8,15.66,0.64,1.3,1.22,0.01,-5.0,2
240.0,300.0,-102961717#4_0,-102961717#4,0,13.89,12.12,0,0.0,13.89,46.11,11.2,-3.21,8.17,1.72,0.73,-5.0,2
240.0,300.0,-102961785_0,-102961785,0,13.89,14.78,0,0.0,13.89,,,,,,-0.46,-4.94,4
240.0,300.0,-103050330#0_0,-103050330#0,1,10.35,13.69,0,0.11,13.89,5.58,2.62,1.93,0.56,0.25,-0.62,-4.0,2
240.0,300.0,-103050330#1_0,-103050330#1,0,13.89,13.4,0,0.0,13.89,27.34,15.93,-1.25,4.8,1.93,0.93,-0.66,0
240.0,300.0,-103050330#2_0,-103050330#2,0,13.89,13.66,0,0.0,13.89,170.02,170.02,8.02,12.44,12.44,-2.22,-5.0,2
240.0,300.0,-103050330#3_0,-103050330#3,0,13.89,13.89,0,0.0,13.89,39.06,14.47,-2.23,3.77,1.89,1.2,-0.77,0
240.0,300.0,-103050330#4_0,-103050330#4,0,13.89,10.0,0,0.0,13.89,,,,,,1.88,0.18,0
240.0,300.0,-103050337_0,-103050337,2,12.49,14.56,0,0.08,13.89,19.24,0.01,-0.25,2.38,0.15,-0.15,-5.0,14
240.0,300.0,-103082309_0,-103082309,1,2.62,2.98,0,0.03,2.78,,,,,,-0.08,-0.73,0
240.0,300.0,-103082310#0_0,-103082310#0,0,13.89,10.77,0,0.0,13.89,67.76,39.46,-2.36,8.76,3.66,-3.04,-4.02,12
240.0,300.0,-103082310#1_0,-103082310#1,1,12.16,14.7,0,0.05,13.89,63.46,42.38,0.76,6.7,3.37,1.13,-0.64,0
240.0,300.0,-103082314#1_0,-103082314#1,0,11.11,11.84,0,0.0,11.11,,,,,,0.24,-1.15,0
240.0,300.0,-103082314#3_0,-103082314#3,0,11.11,10.21,0,0.0,11.11,,,,,,1.57,0.64,0
240.0,300.0,-103082316_0,-103082316,3,0.0,10.95,3,0.12,13.89,18.5,0.0,-2.11,20.25,0.56,-0.14,-4.0,12
240.0,300.0,-103082325#2_0,-103082325#2,1,14.47,14.47,0,0.09,13.89,97.04,93.42,14.18,6.85,6.46,0.58,0.0,0
240.0,300.0,-103082326#0_0,-103082326#0,0,13.89,13.48,0,0.0,13.89,49.4,43.39,2.69,4.64,3.44,-1.28,-5.0,5
240.0,300.0,-103082326#1_0,-103082326#1,0,13.89,13.23,0,0.0,13.89,67.17,58.75,-2.79,7.19,5.24,1.31,-0.12,0
240.0,300.0,-103212684#2_0,-103212684#2,0,13.89,14.32,0,0.0,13.89,88.78,86.88,-2.13,13.08,11.67,0.05,-4.26,1
240.0,300.0,-103212684#3_0,-103212684#3,0,13.89,10.26,0,0.0,13.89,,,,,,1.13,0.52,0
240.0,300.0,-103230526#1_0,-103230526#1,0,2.78,2.83,0,0.0,2.78,,,,,,-0.37,-1.53,0
240.0,300.0,-103230546_0,-103230546,2,8.91,15.59,0,0.05,13.89,9.07,8.92,-0.72,1.12,1.07,0.94,-1.66,0
240.0,300.0,-103230587#1_0,-103230587#1,1,12.42,12.9,0,0.01,13.89,,,,,,0.97,-1.03,0
240.0,300.0,-103230607#1_0,-103230607#1,0,13.89,13.32,0,0.0,13.89,90.94,88.01,0.06,8.27,6.9,-1.42,-4.0,3
240.0,300.0,-103230607#2_0,-103230607#2,0,13.89,13.42,0,0.0,13.89,96.65,92.0,3.98,7.33,7.01,-0.02,-0.47,0
240.0,300.0,-103230607#3_0,-103230607#3,0,13.89,14.61,0,0.0,13.89,114.64,111.49,5.95,8.57,8.31,-1.54,-5.0,2
240.0,300.0,-103230607#4_0,-103230607#4,0,13.89,14.8,0,0.0,13.89,24.02,16.63,-0.93,4.06,1.85,0.86,-5.0,2
240.0,300.0,-104043544#4_0,-104043544#4,0,22.22,17.13,0,0.0,22.22,26.72,19.71,6.8,1.77,1.61,-1.43,-5.0,2
240.0,300.0,-104043544#5_0,-104043544#5,0,22.22,17.74,0,0.0,22.22,43.4,42.54,3.91,2.48,2.46,-0.15,-0.92,0
240.0,300.0,-104043544#6_0,-104043544#6,0,22.22,16.6,0,0.0,22.22,48.97,48.28,2.53,3.05,2.91,1.59,0.65,0
240.0,300.0,-104043544#7_0,-104043544#7,1,13.56,13.89,0,0.09,22.22,51.24,50.84,-0.7,4.03,3.69,1.39,0.51,0
240.0,300.0,-104043544#8_0,-104043544#8,1,8.23,9.93,0,0.09,22.22,31.21,14.39,-5.25,4.91,3.04,1.3,-1.14,0
240.0,300.0,-1087118361#0_0,-1087118361#0,0,27.78,8.18,0,0.03,27.78,5.64,0.0,-0.69,1.98,0.56,-0.25,-5.0,10
240.0,300.0,-1087118361#11_0,-1087118361#11,1,0.0,16.48,1,0.07,27.78,34.7,7.9,3.06,8.42,0.84,-0.33,-5.0,8
240.0,300.0,-1087118361#12_0,-1087118361#12,0,27.78,16.64,0,0.0,27.78,53.95,3.05,-0.68,60.21,0.82,-0.47,-5.0,3
240.0,300.0,-1087118361#13_0,-1087118361#13,0,27.78,16.7,0,0.0,27.78,96.25,84.77,6.69,5.94,5.25,-0.06,-1.13,0
240.0,300.0,-1087118361#1_0,-1087118361#1,0,27.78,13.7,0,0.0,27.78,5.34,0.09,1.11,1.27,0.55,-0.5,-5.0,6
240.0,300.0,-1087118361#2_0,-1087118361#2,1,15.01,16.62,0,0.03,27.78,29.73,0.63,2.71,2.84,1.0,1.02,-2.92,0
240.0,300.0,-1087118361#4_0,-1087118361#4,0,27.78,7.24,0,0.0,27.78,3.71,0.0,0.06,1.85,0.54,-0.09,-3.69,2
240.0,300.0,-1087118361#5_0,-1087118361#5,1,12.28,17.27,0,0.05,27.78,20.7,0.1,2.38,2.72,0.11,-0.53,-5.0,6
240.0,300.0,-1087118361#6_0,-1087118361#6,0,27.78,18.0,0,0.0,27.78,66.73,66.73,18.0,3.71,3.71,0.0,0.0,0
240.0,300.0,-1087118361#8_0,-1087118361#8,5,0.0,7.91,5,0.63,27.78,3.66,0.0,-0.09,9.06,0.53,-0.19,-4.13,8
240.0,300.0,-1087118361#9_0,-1087118361#9,3,0.0,13.54,3,0.59,27.78,5.91,0.0,0.4,2.74,0.55,-0.16,-5.0,3
240.0,300.0,-1124102301_0,-1124102301,0,13.89,15.06,0,0.0,13.89,85.73,78.82,-9.05,16.1,14.42,0.81,-2.0,0
240.0,300.0,-1124382853#2_0,-1124382853#2,1,16.81,17.95,0,0.02,27.78,,,,,,-0.83,-5.0,5
240.0,300.0,-1124382853#3_0,-1124382853#3,0,27.78,16.37,0,0.0,27.78,,,,,,1.65,0.53,0
240.0,300.0,-1124382853#5_0,-1124382853#5,0,27.78,11.99,0,0.0,27.78,,,,,,-1.91,-4.0,3
240.0,300.0,-1173917946_0,-1173917946,0,2.78,2.91,0,0.0,2.78,,,,,,0.02,-1.82,0
240.0,300.0,-1178005978#0_0,-1178005978#0,0,13.89,13.88,0,0.0,13.89,61.05,0.1,4.05,9.52,3.81,-0.61,-4.0,9
240.0,300.0,-1178006786_0,-1178006786,0,13.89,13.59,0,0.0,13.89,,,,,,1.21,0.91,0
240.0,300.0,-1178014356_0,-1178014356,0,13.89,15.12,0,0.0,13.89,80.21,76.46,2.16,7.66,5.98,-0.12,-5.0,9
240.0,300.0,-1178026570_0,-1178026570,0,2.78,2.49,0,0.0,2.78,,,,,,0.03,-1.69,0
240.0,300.0,-1180590647_0,-1180590647,0,13.89,13.93,0,0.0,13.89,,,,,,-1.14,-5.0,3
240.0,300.0,-1198952554#0_0,-1198952554#0,2,0.0,12.35,2,0.05,11.11,13.24,0.0,-1.9,3.73,0.5,-0.11,-5.0,8
240.0,300.0,-1198952554#2_0,-1198952554#2,0,11.11,11.99,0,0.0,11.11,48.14,38.24,-0.78,5.03,3.47,-1.01,-3.44,2
240.0,300.0,-1198952554#3_0,-1198952554#3,0,11.11,12.29,0,0.0,11.11,80.33,78.03,0.29,7.53,6.66,0.1,-2.05,0
240.0,300.0,-1198952554#4_0,-1198952554#4,0,11.11,10.22,0,0.0,11.11,84.8,83.74,-0.56,8.9,8.32,-0.23,-0.97,0
240.0,300.0,-1198952554#5_0,-1198952554#5,0,11.11,10.44,0,0.0,11.11,,,,,,-0.46,-1.69,0
240.0,300.0,-1198952555#0_0,-1198952555#0,0,11.11,9.79,0,0.0,11.11,,,,,,-0.49,-1.72,0
240.0,300.0,-1198952555#1_0,-1198952555#1,0,11.11,10.36,0,0.0,11.11,,,,,,-0.56,-2.32,0
240.0,300.0,-1198952555#2_0,-1198952555#2,0,11.11,10.7,0,0.0,11.11,,,,,,0.06,-1.75,0
240.0,300.0,-1198952555#3_0,-1198952555#3,0,11.11,11.2,0,0.0,11.11,,,,,,0.33,-2.0,0
240.0,300.0,-1199457538#0_0,-1199457538#0,0,13.89,11.95,0,0.0,13.89,,,,,,-0.14,-0.34,0
240.0,300.0,-1199457538#1_0,-1199457538#1,0,13.89,14.05,0,0.0,13.89,,,,,,0.18,-1.7,0
240.0,300.0,-1199457538#2_0,-1199457538#2,0,13.89,10.66,0,0.0,13.89,,,,,,1.36,-0.16,0
240.0,300.0,-1199696698_0,-1199696698,0,13.89,9.94,0,0.0,13.89,,,,,,-2.03,-4.0,2
240.0,300.0,-1342408879_0,-1342408879,0,13.89,6.74,0,0.0,13.89,,,,,,1.27,-0.28,0
240.0,300.0,-1434292703#0_0,-1434292703#0,0,13.89,13.92,0,0.0,13.89,,,,,,0.13,-0.27,0
240.0,300.0,-1434292703#1_0,-1434292703#1,0,13.89,12.54,0,0.0,13.89,88.29,88.29,-3.54,13.79,13.79,-0.1,-4.0,4
240.0,300.0,-1435087429_0,-1435087429,0,11.11,12.33,0,0.0,11.11,,,,,,0.23,-4.87,2
240.0,300.0,-52097266#0_0,-52097266#0,1,0.03,10.61,1,0.04,11.11,,,,,,-0.54,-4.0,5
240.0,300.0,-52097266#3_0,-52097266#3,0,11.11,11.22,0,0.0,11.11,,,,,,0.8,-1.14,0
240.0,300.0,-52152298#2_0,-52152298#2,0,22.22,10.32,0,0.0,22.22,,,,,,0.97,-0.17,0
240.0,300.0,-52152311#0_0,-52152311#0,1,9.77,14.43,0,0.02,11.11,,,,,,0.01,-2.05,0
240.0,300.0,-52152311#1_0,-52152311#1,0,11.11,14.2,0,0.0,11.11,139.33,136.1,-6.53,18.89,16.47,0.71,-1.74,0
240.0,300.0,-52152314#1_0,-52152314#1,1,12.5,13.05,0,0.02,13.89,,,,,,0.58,-0.91,0
240.0,300.0,-52152323#0_0,-52152323#0,0,11.11,11.37,0,0.0,11.11,73.57,68.89,-3.73,8.44,6.06,-1.29,-4.45,3
240.0,300.0,-52152323#2_0,-52152323#2,0,11.11,10.82,0,0.0,11.11,85.31,80.83,3.29,8.2,7.87,-0.3,-0.82,0
240.0,300.0,-52152323#3_0,-52152323#3,0,11.11,11.13,0,0.0,11.11,92.55,92.3,1.53,8.67,8.34,-0.43,-1.73,0
240.0,300.0,-52152323#6_0,-52152323#6,0,11.11,10.45,0,0.0,11.11,,,,,,-1.02,-4.0,1
240.0,300.0,-52152369#0_0,-52152369#0,0,13.89,12.58,0,0.0,13.89,,,,,,-0.52,-5.0,3
240.0,300.0,-52155579#1_0,-52155579#1,1,11.48,12.42,0,0.02,11.11,,,,,,-0.11,-2.31,0
240.0,300.0,-52155579#2_0,-52155579#2,0,11.11,11.53,0,0.0,11.11,,,,,,1.09,-0.29,0
240.0,300.0,-52155737#0_0,-52155737#0,0,13.89,11.94,0,0.0,13.89,,,,,,-3.55,-4.0,5
240.0,300.0,-52155744#1_0,-52155744#1,1,15.09,15.65,0,0.03,13.89,,,,,,-0.83,-5.0,3
240.0,300.0,-52155744#2_0,-52155744#2,0,13.89,15.7,0,0.0,13.89,,,,,,-0.03,-1.9,0
240.0,300.0,-52155744#3_0,-52155744#3,0,13.89,15.53,0,0.0,13.89,149.67,149.67,-8.35,27.5,27.5,1.03,-1.47,0
240.0,300.0,-52155750#0_0,-52155750#0,1,2.59,12.95,0,0.08,13.89,12.21,0.36,-1.27,2.29,0.15,-1.8,-5.0,22
240.0,300.0,-52155750#1_0,-52155750#1,0,13.89,16.24,0,0.0,13.89,23.62,11.14,1.81,2.03,1.12,-0.42,-3.25,1
240.0,300.0,-52155750#2_0,-52155750#2,1,7.14,16.48,0,0.02,13.89,26.54,9.33,-0.71,2.19,1.07,0.54,-2.27,0
240.0,300.0,-52155752#0_0,-52155752#0,0,13.89,12.47,0,0.0,13.89,,,,,,0.07,-1.54,0
240.0,300.0,-52155752#1_0,-52155752#1,0,13.89,14.69,0,0.0,13.89,,,,,,0.39,-5.0,2
240.0,300.0,-562694503#0_0,-562694503#0,1,10.37,13.05,0,0.02,13.89,81.6,81.6,0.79,12.8,12.8,-0.68,-4.68,3
240.0,300.0,-562694503#1_0,-562694503#1,0,13.89,14.95,0,0.0,13.89,,,,,,0.19,-5.0,3
240.0,300.0,-563518385#5_0,-563518385#5,1,7.47,8.55,0,0.0,11.11,,,,,,-0.04,-1.89,0
240.0,300.0,-689627819_0,-689627819,0,13.89,13.2,0,0.0,13.89,25.98,13.12,-12.47,65.08,4.41,-1.4,-4.0,6
240.0,300.0,-771670219_0,-771670219,0,13.89,14.96,0,0.0,13.89,99.92,96.09,-8.02,17.35,14.88,0.89,-5.0,2
240.0,300.0,101757273#0_0,101757273#0,1,14.97,14.97,0,0.03,22.22,18.76,12.86,-2.15,1.93,1.56,1.42,0.04,0
240.0,300.0,101757273#1_0,101757273#1,1,16.48,16.48,0,0.04,22.22,,,,,,0.61,-1.15,0
240.0,300.0,101757273#2_0,101757273#2,0,22.22,13.41,0,0.0,22.22,,,,,,-2.4,-4.0,2
240.0,300.0,101757273#3_0,101757273#3,0,22.22,16.49,0,0.0,22.22,,,,,,-0.25,-0.41,0
240.0,300.0,101757273#4_0,101757273#4,0,22.22,16.64,0,0.0,22.22,,,,,,-0.0,-0.88,0
240.0,300.0,101757273#5_0,101757273#5,0,22.22,16.62,0,0.0,22.22,,,,,,-2.71,-4.0,6
240.0,300.0,101757288#1_0,101757288#1,0,13.89,16.55,0,0.0,13.89,65.9,65.9,1.26,14.26,14.26,-0.65,-5.0,7
240.0,300.0,101757302#0_0,101757302#0,0,13.89,11.75,0,0.0,13.89,,,,,,1.81,0.45,0
240.0,300.0,101757302#1_0,101757302#1,0,13.89,11.56,0,0.0,13.89,13.24,12.67,-1.23,1.32,1.21,1.05,-1.34,0
240.0,300.0,101757302#2_0,101757302#2,0,13.89,11.98,0,0.0,13.89,9.38,8.89,0.62,1.31,1.15,-1.58,-5.0,4
240.0,300.0,101757321_0,101757321,0,13.89,15.07,0,0.0,13.89,28.82,0.1,-15.1,32.19,0.47,-0.54,-5.0,6
240.0,300.0,101943132_0,101943132,0,13.89,14.41,0,0.0,13.89,,,,,,-1.87,-5.0,4
240.0,300.0,101943152_0,101943152,0,13.89,11.81,0,0.0,13.89,,,,,,-0.11,-4.0,3
240.0,300.0,101966385#2_0,101966385#2,0,13.89,13.36,0,0.0,13.89,,,,,,-0.13,-0.33,0
240.0,300.0,101966385#3_0,101966385#3,0,13.89,12.38,0,0.0,13.89,,,,,,-0.65,-0.65,0
240.0,300.0,101966385#4_0,101966385#4,0,13.89,12.27,0,0.0,13.89,40.43,40.09,0.74,3.57,3.27,-1.66,-4.0,3
240.0,300.0,101966393#2_0,101966393#2,0,13.89,12.31,0,0.0,13.89,,,,,,0.09,-0.93,0
240.0,300.0,101966397#1_0,101966397#1,1,9.47,15.17,0,0.1,13.89,117.79,99.13,9.52,10.39,7.67,-1.69,-5.0,7
240.0,300.0,101966424#1_0,101966424#1,0,13.89,13.37,0,0.0,13.89,33.61,9.26,-0.28,3.0,0.73,1.07,-0.48,0
240.0,300.0,101966424#2_0,101966424#2,0,13.89,17.04,0,0.0,13.89,37.12,0.39,-8.88,9.64,0.17,-1.49,-5.0,14
240.0,300.0,101966427_0,101966427,0,13.89,16.68,0,0.0,13.89,,,,,,-0.03,-4.0,7
240.0,300.0,101966430#0_0,101966430#0,0,13.89,12.68,0,0.0,13.89,,,,,,0.1,-5.0,2
240.0,300.0,101966430#1_0,101966430#1,1,12.32,14.73,0,0.03,13.89,183.26,180.98,0.42,14.79,14.34,0.76,-0.84,0
240.0,300.0,101966430#2_0,101966430#2,0,13.89,14.67,0,0.0,13.89,,,,,,1.01,-1.27,0
240.0,300.0,101966430#3_0,101966430#3,0,13.89,14.75,0,0.0,13.89,161.88,145.35,13.46,11.78,10.78,-0.36,-5.0,2
240.0,300.0,101966443#0_0,101966443#0,0,22.22,12.39,0,0.0,22.22,,,,,,1.03,-0.55,0
240.0,300.0,101966443#10_0,101966443#10,0,22.22,17.93,0,0.0,22.22,55.21,19.09,4.5,3.31,1.13,0.05,-1.26,0
240.0,300.0,101966443#11_0,101966443#11,0,22.22,17.97,0,0.0,22.22,51.03,18.23,4.09,3.05,1.07,-0.04,-2.36,0
240.0,300.0,101966443#12_0,101966443#12,0,22.22,17.61,0,0.0,22.22,43.13,22.62,5.81,2.57,1.3,0.74,-0.4,0
240.0,300.0,101966443#13_0,101966443#13,3,12.8,18.0,0,0.12,22.22,19.83,0.0,0.53,2.97,0.09,-1.31,-5.0,28
240.0,300.0,101966443#1_0,101966443#1,0,22.22,13.76,0,0.0,22.22,,,,,,-0.58,-2.42,0
240.0,300.0,101966443#2_0,101966443#2,0,22.22,11.15,0,0.0,22.22,192.35,188.65,3.63,18.35,16.92,0.54,-0.25,0
240.0,300.0,101966443#3_0,101966443#3,0,22.22,13.3,0,0.0,22.22,,,,,,0.68,0.09,0
240.0,300.0,101966443#5_0,101966443#5,1,6.34,12.11,0,0.08,22.22,29.85,9.87,-3.32,3.8,1.35,1.55,-0.62,0
240.0,300.0,101966443#6_0,101966443#6,0,22.22,17.51,0,0.0,22.22,26.59,18.59,-0.72,1.67,1.15,1.26,-0.88,0
240.0,300.0,101966443#7_0,101966443#7,0,22.22,18.0,0,0.07,22.22,30.85,19.34,0.62,2.37,1.15,-0.56,-4.0,6
240.0,300.0,101966443#8_0,101966443#8,0,22.22,17.74,0,0.0,22.22,25.89,19.38,0.52,1.5,1.15,0.4,-1.01,0
240.0,300.0,101966443#9_0,101966443#9,0,22.22,17.67,0,0.0,22.22,41.79,2.53,0.38,2.55,0.49,-1.26,-5.0,8
240.0,300.0,101966453#0_0,101966453#0,0,13.89,12.88,0,0.0,13.89,16.05,8.91,1.72,1.56,1.21,-0.8,-5.0,8
240.0,300.0,101966453#1_0,101966453#1,1,13.33,13.89,0,0.02,13.89,,,,,,-0.14,-0.48,0
240.0,300.0,101966453#2_0,101966453#2,0,13.89,8.34,0,0.0,13.89,,,,,,0.0,0.0,0
240.0,300.0,101966488#0_0,101966488#0,0,13.89,11.44,0,0.0,13.89,31.71,0.23,0.7,5.88,0.64,0.25,-4.0,3
240.0,300.0,101966488#1_0,101966488#1,0,13.89,12.89,0,0.0,13.89,,,,,,-1.79,-5.0,3
240.0,300.0,101966492_0,101966492,0,13.89,11.62,0,0.0,13.89,,,,,,0.02,-4.0,3
240.0,300.0,101966494_0,101966494,0,13.89,12.35,0,0.0,13.89,74.82,45.56,6.58,6.7,4.96,-0.51,-5.0,2
240.0,300.0,101966506#1_0,101966506#1,0,13.89,12.88,0,0.0,13.89,,,,,,-2.16,-5.0,4
240.0,300.0,101966508_0,101966508,1,0.0,14.83,1,0.07,13.89,44.52,0.1,-10.74,26.22,14.69,-0.51,-4.0,7
240.0,300.0,101966510#0_0,101966510#0,0,22.22,14.05,0,0.0,22.22,56.77,8.61,-4.18,7.32,1.19,1.35,0.13,0
240.0,300.0,101966510#1_0,101966510#1,0,22.22,17.7,0,0.0,22.22,36.07,23.45,-2.14,2.67,1.69,0.42,-1.79,0
240.0,300.0,101966510#2_0,101966510#2,0,22.22,17.93,0,0.0,22.22,134.15,29.44,2.41,8.56,2.19,-0.54,-4.0,6
240.0,300.0,101966510#3_0,101966510#3,0,22.22,17.14,0,0.0,22.22,97.81,47.84,4.97,6.11,3.09,0.24,-0.95,0
240.0,300.0,101966510#4_0,101966510#4,0,22.22,17.88,0,0.0,22.22,59.39,15.18,4.28,4.29,1.5,-0.96,-5.0,23
240.0,300.0,101972883#2_0,101972883#2,0,13.89,10.44,0,0.0,13.89,,,,,,1.12,0.2,0
240.0,300.0,101972883#4_0,101972883#4,0,13.89,11.21,0,0.0,13.89,22.08,20.48,3.17,2.75,2.03,-1.53,-5.0,3
240.0,300.0,101972889_0,101972889,0,2.78,3.08,0,0.0,2.78,4.99,2.09,-0.18,2.68,0.94,0.0,-1.96,0
240.0,300.0,101972892#1_0,101972892#1,0,13.89,16.3,0,0.0,13.89,,,,,,-3.24,-5.0,8
240.0,300.0,101972898#0_0,101972898#0,0,13.89,11.1,0,0.0,13.89,,,,,,-0.1,-4.0,3
240.0,300.0,101972898#1_0,101972898#1,0,13.89,11.31,0,0.0,13.89,,,,,,1.3,-0.0,0
240.0,300.0,101972898#2_0,101972898#2,0,13.89,14.83,0,0.0,13.89,144.16,142.08,3.48,10.56,9.58,1.53,0.52,0
240.0,300.0,101972898#3_0,101972898#3,1,15.25,16.75,0,0.03,13.89,121.78,113.06,5.08,9.41,7.61,-1.7,-5.0,4
240.0,300.0,101972912#0_0,101972912#0,1,10.02,12.54,0,0.04,13.89,41.23,15.21,7.48,5.42,1.52,0.07,-4.0,5
240.0,300.0,101972912#1_0,101972912#1,0,13.89,6.17,0,0.0,13.89,26.42,0.0,-0.91,16.64,0.56,-0.12,-4.0,4
240.0,300.0,101972924#0_0,101972924#0,1,13.27,17.29,0,0.03,22.22,49.32,6.97,-0.6,4.19,1.02,1.22,-1.2,0
240.0,300.0,101972924#2_0,101972924#2,1,13.67,17.98,0,0.07,22.22,43.56,15.28,6.9,2.86,1.06,-0.0,-3.65,1
240.0,300.0,101972924#3_0,101972924#3,8,0.0,17.59,8,0.31,22.22,3.46,0.0,0.56,1.53,0.53,-0.3,-5.0,33
240.0,300.0,101972924#5_0,101972924#5,16,0.01,4.3,15,0.67,22.22,1.43,0.0,-0.2,1.51,0.41,-0.0,-3.96,1
240.0,300.0,101972952#1_0,101972952#1,0,13.89,11.95,0,0.0,13.89,83.84,83.84,-1.54,14.04,14.04,-1.71,-5.0,2
240.0,300.0,101972954#0_0,101972954#0,0,13.89,11.96,0,0.0,13.89,,,,,,1.34,0.61,0
240.0,300.0,101972954#1_0,101972954#1,0,13.89,13.07,0,0.0,13.89,,,,,,-0.04,-1.23,0
240.0,300.0,101972954#2_0,101972954#2,0,13.89,13.24,0,0.0,13.89,,,,,,0.01,-1.68,0
240.0,300.0,101972954#4_0,101972954#4,0,13.89,14.05,0,0.0,13.89,,,,,,-0.87,-4.54,3
240.0,300.0,101972955#0_0,101972955#0,2,7.04,10.22,0,0.15,13.89,10.52,9.79,-0.32,1.28,1.18,0.1,-4.78,2
240.0,300.0,101972960#0_0,101972960#0,0,13.89,13.24,0,0.0,13.89,83.62,22.04,2.85,8.65,6.66,0.81,-1.71,0
240.0,300.0,101972960#1_0,101972960#1,0,13.89,13.07,0,0.0,13.89,,,,,,-2.28,-5.0,6
240.0,300.0,101972960#2_0,101972960#2,0,13.89,15.76,0,0.0,13.89,,,,,,0.43,-1.84,0
240.0,300.0,102027267#1_0,102027267#1,0,11.11,12.44,0,0.0,11.11,,,,,,0.18,-0.59,0
240.0,300.0,102027267#2_0,102027267#2,0,11.11,12.43,0,0.0,11.11,152.2,128.76,1.0,14.68,10.63,0.06,-2.2,0
240.0,300.0,102027267#3_0,102027267#3,0,11.11,12.43,0,0.0,11.11,62.67,23.22,2.61,5.48,2.06,0.21,-1.22,0
240.0,300.0,102027267#4_0,102027267#4,0,11.11,12.39,0,0.0,11.11,89.46,9.59,1.76,8.9,1.07,-0.06,-2.96,0
240.0,300.0,102027267#5_0,102027267#5,0,11.11,12.46,0,0.0,11.11,108.34,9.47,0.04,12.71,1.07,-0.04,-1.79,0
240.0,300.0,102027267#6_0,102027267#6,0,11.11,12.2,0,0.0,11.11,21.62,6.27,1.37,2.17,0.96,-0.63,-4.53,5
240.0,300.0,102688627#0_0,102688627#0,1,10.25,11.42,0,0.05,11.11,34.73,12.16,-0.04,3.41,1.3,0.19,-2.36,0
240.0,300.0,102688627#1_0,102688627#1,0,11.11,11.36,0,0.0,11.11,93.77,93.77,5.17,8.67,8.67,0.09,-2.36,0
240.0,300.0,102688627#2_0,102688627#2,0,11.11,11.31,0,0.0,11.11,85.12,82.57,3.46,7.94,7.6,-0.02,-1.74,0
240.0,300.0,102688627#3_0,102688627#3,0,11.11,11.57,0,0.0,11.11,94.67,70.6,7.31,8.76,6.49,-0.02,-2.33,0
240.0,300.0,102688627#4_0,102688627#4,1,10.1,11.58,0,0.05,11.11,48.73,20.57,9.2,4.68,2.0,0.13,-1.93,0
240.0,300.0,102688627#5_0,102688627#5,5,0.05,10.33,4,0.63,11.11,14.49,0.0,-2.34,4.9,0.5,-0.35,-5.0,12
240.0,300.0,102688628#0_0,102688628#0,0,22.22,17.95,0,0.11,22.22,39.56,15.87,2.64,2.54,1.12,-0.06,-2.62,0
240.0,300.0,102688628#1_0,102688628#1,1,14.45,17.97,0,0.14,22.22,31.13,12.92,3.86,2.05,1.09,-0.26,-3.36,1
240.0,300.0,102688628#2_0,102688628#2,1,9.08,17.67,0,0.09,22.22,18.83,10.41,4.64,1.54,1.09,-1.67,-4.89,12
240.0,300.0,102688628#3_0,102688628#3,9,0.69,12.26,8,0.52,22.22,7.9,0.0,0.17,1.47,0.5,-0.3,-4.81,21
240.0,300.0,102688628#4_0,102688628#4,0,22.22,10.96,0,0.0,22.22,20.01,7.39,3.36,2.4,0.99,0.49,-3.1,1
240.0,300.0,102688628#5_0,102688628#5,13,0.0,11.73,13,0.63,22.22,0.6,0.0,0.08,1.28,0.5,-0.1,-5.0,12
240.0,300.0,102688629#2_0,102688629#2,0,11.11,11.63,0,0.0,11.11,16.16,14.48,1.91,1.75,1.57,-0.77,-3.87,1
240.0,300.0,102688629#3_0,102688629#3,0,11.11,10.76,0,0.0,11.11,,,,,,0.12,-0.29,0
240.0,300.0,102688629#4_0,102688629#4,0,11.11,11.1,0,0.0,11.11,,,,,,0.87,0.87,0
240.0,300.0,102688629#5_0,102688629#5,1,0.02,9.44,1,0.25,11.11,,,,,,-3.1,-4.0,4
240.0,300.0,102688631#1_0,102688631#1,0,11.11,12.8,0,0.0,11.11,61.35,16.47,-0.88,5.89,1.46,0.56,-2.44,0
240.0,300.0,102688631#2_0,102688631#2,0,11.11,12.51,0,0.0,11.11,35.87,16.36,-0.55,3.33,1.35,-1.1,-5.0,5
240.0,300.0,102688631#3_0,102688631#3,0,11.11,12.46,0,0.0,11.11,73.23,46.77,-1.85,6.35,4.31,0.51,-0.86,0
240.0,300.0,102688631#4_0,102688631#4,0,11.11,11.8,0,0.0,11.11,128.09,51.65,-1.92,11.05,4.69,-0.04,-0.8,0
240.0,300.0,102688631#5_0,102688631#5,1,10.47,12.79,0,0.03,11.11,38.28,0.0,-6.08,4.17,0.5,-0.16,-5.0,5
240.0,300.0,102690982#1_0,102690982#1,0,11.11,13.49,0,0.0,11.11,26.09,6.13,-0.3,2.72,1.04,0.19,-2.22,0
240.0,300.0,102690982#2_0,102690982#2,2,12.15,13.03,0,0.05,11.11,25.29,9.48,0.17,2.5,1.02,-0.02,-2.98,0
240.0,300.0,102690982#3_0,102690982#3,2,8.62,12.25,0,0.09,11.11,18.87,6.42,0.43,2.31,0.93,-0.4,-5.0,23
240.0,300.0,102690982#4_0,102690982#4,2,11.06,11.36,0,0.05,11.11,57.41,0.1,1.44,5.84,1.41,-0.19,-4.0,14
240.0,300.0,102690983#0_0,102690983#0,0,22.22,15.02,0,0.0,22.22,62.14,13.54,0.77,4.85,1.22,1.39,-0.18,0
240.0,300.0,102690983#2_0,102690983#2,0,22.22,17.89,0,0.0,22.22,90.77,17.37,8.6,6.28,1.15,0.56,-0.6,0
240.0,300.0,102690983#3_0,102690983#3,1,13.28,17.9,0,0.06,22.22,67.24,17.44,6.64,4.5,1.12,-0.06,-3.07,1
240.0,300.0,102690983#4_0,102690983#4,1,1.07,17.88,0,0.04,22.22,31.19,0.0,-1.13,6.65,0.5,-1.07,-5.0,31
240.0,300.0,102690992#0_0,102690992#0,0,11.11,11.46,0,0.0,11.11,100.28,55.89,0.93,10.62,5.21,0.87,-1.1,0
240.0,300.0,102690992#1_0,102690992#1,0,11.11,11.55,0,0.0,11.11,88.84,29.79,2.14,9.07,3.21,-0.02,-2.12,0
240.0,300.0,102690992#2_0,102690992#2,2,0.0,13.4,2,0.06,11.11,37.55,0.01,-0.01,8.94,0.52,-0.41,-5.0,26
240.0,300.0,102690997#1_0,102690997#1,1,8.06,10.64,0,0.08,13.89,11.61,8.07,-1.6,1.4,1.15,1.1,-0.26,0
240.0,300.0,102690997#2_0,102690997#2,0,13.89,11.59,0,0.0,13.89,16.06,13.02,-1.37,1.4,1.12,1.17,0.49,0
240.0,300.0,102690997#3_0,102690997#3,0,13.89,13.77,0,0.0,13.89,17.43,13.56,-0.45,1.33,1.01,0.27,-1.53,0
240.0,300.0,102690997#4_0,102690997#4,0,13.89,13.85,0,0.0,13.89,19.64,17.07,-0.99,1.55,1.41,0.33,-0.13,0
240.0,300.0,102690997#5_0,102690997#5,0,13.89,13.64,0,0.0,13.89,50.63,16.87,3.96,3.77,1.24,0.13,-1.07,0
240.0,300.0,102690997#6_0,102690997#6,2,12.57,13.81,0,0.08,13.89,38.37,10.47,5.32,3.48,1.16,-0.86,-4.0,6
240.0,300.0,102691001#1_0,102691001#1,0,11.11,10.1,0,0.0,11.11,21.41,1.0,-1.56,6.46,1.31,0.01,-4.0,4
240.0,300.0,102784452#3_0,102784452#3,1,7.85,14.38,0,0.09,27.78,42.09,9.19,-2.88,4.58,1.36,1.5,-1.7,0
240.0,300.0,102784452#4_0,102784452#4,1,12.13,17.42,0,0.05,27.78,29.95,9.85,3.65,2.42,1.36,-1.81,-5.0,21
240.0,300.0,102784452#8_0,102784452#8,0,27.78,13.89,0,0.0,27.78,17.57,15.09,-2.35,1.63,1.51,0.42,-4.0,4
240.0,300.0,102961695_0,102961695,0,13.89,13.99,0,0.0,13.89,57.94,27.22,-0.26,6.49,2.08,1.11,-0.73,0
240.0,300.0,102961698#1_0,102961698#1,2,8.83,14.15,0,0.07,13.89,27.92,1.07,0.47,5.41,0.57,-0.47,-5.0,33
240.0,300.0,102961698#2_0,102961698#2,1,10.98,14.61,0,0.03,13.89,54.23,21.74,-0.37,5.2,1.93,0.93,-1.96,0
240.0,300.0,102961698#3_0,102961698#3,0,13.89,14.54,0,0.0,13.89,49.6,30.27,1.03,3.81,2.77,0.11,-1.02,0
240.0,300.0,102961698#4_0,102961698#4,0,13.89,14.67,0,0.0,13.89,45.84,34.67,0.84,3.63,3.12,0.02,-1.29,0
240.0,300.0,102961698#5_0,102961698#5,0,13.89,14.58,0,0.0,13.89,86.65,39.7,4.66,6.78,3.08,0.09,-2.24,0
240.0,300.0,102961698#6_0,102961698#6,0,13.89,14.67,0,0.0,13.89,77.64,27.84,3.37,6.14,1.94,0.02,-1.73,0
240.0,300.0,102961698#7_0,102961698#7,8,0.18,14.02,6,0.17,13.89,9.83,0.0,0.42,3.24,0.54,-0.12,-5.0,13
240.0,300.0,102961717#0_0,102961717#0,3,7.25,12.75,0,0.04,13.89,59.52,7.66,-3.69,9.33,2.3,0.62,-1.99,0
240.0,300.0,102961717#1_0,102961717#1,0,13.89,13.69,0,0.0,13.89,,,,,,-0.09,-2.32,0
240.0,300.0,102961717#2_0,102961717#2,0,13.89,13.65,0,0.0,13.89,,,,,,-0.02,-0.58,0
240.0,300.0,102961717#3_0,102961717#3,0,13.89,13.67,0,0.0,13.89,92.74,86.25,-3.56,6.95,6.56,0.09,-1.12,0
240.0,300.0,102961717#4_0,102961717#4,0,13.89,13.08,0,0.0,13.89,96.96,95.52,-0.01,11.4,7.47,-2.72,-4.0,4
240.0,300.0,102961758_0,102961758,1,2.71,2.81,0,0.06,2.78,,,,,,-0.01,-1.35,0
240.0,300.0,102961785_0,102961785,0,13.89,13.16,0,0.0,13.89,,,,,,0.75,-1.31,0
240.0,300.0,103050328_0,103050328,1,11.38,11.87,0,0.04,13.89,49.25,34.57,7.5,4.32,3.04,-0.14,-2.38,0
240.0,300.0,103050330#0_0,103050330#0,0,13.89,13.08,0,0.0,13.89,74.66,73.45,-1.34,7.66,7.38,0.47,-2.37,0
240.0,300.0,103050330#1_0,103050330#1,0,13.89,13.68,0,0.0,13.89,101.46,69.57,8.95,7.57,5.21,-0.56,-5.0,2
240.0,300.0,103050330#2_0,103050330#2,0,13.89,13.7,0,0.0,13.89,83.76,45.41,7.92,6.22,3.44,0.49,-0.3,0
240.0,300.0,103050330#3_0,103050330#3,0,13.89,13.45,0,0.0,13.89,51.94,12.07,-1.13,5.86,1.48,-1.74,-5.0,11
240.0,300.0,103050330#4_0,103050330#4,0,13.89,12.7,0,0.0,13.89,89.46,82.45,-6.12,9.27,6.64,-0.16,-5.0,3
240.0,300.0,103050337_0,103050337,0,13.89,14.25,0,0.0,13.89,,,,,,-0.14,-4.0,4
240.0,300.0,103082294_0,103082294,0,13.89,9.8,0,0.16,13.89,2.46,0.1,-15.51,,,-1.47,-4.0,4
240.0,300.0,103082314#1_0,103082314#1,0,11.11,11.87,0,0.0,11.11,,,,,,0.16,-1.32,0
240.0,300.0,103082314#3_0,103082314#3,0,11.11,11.83,0,0.0,11.11,,,,,,-1.86,-4.65,2
240.0,300.0,103082317#0_0,103082317#0,0,11.11,11.67,0,0.0,11.11,,,,,,0.62,-0.64,0
240.0,300.0,103082326#0_0,103082326#0,0,13.89,12.87,0,0.0,13.89,100.4,69.19,10.1,10.25,6.46,-0.05,-4.0,3
240.0,300.0,103082326#1_0,103082326#1,0,13.89,13.58,0,0.0,13.89,,,,,,-2.02,-4.73,5
240.0,300.0,103212684#2_0,103212684#2,0,13.89,9.48,0,0.0,13.89,,,,,,0.94,0.57,0
240.0,300.0,103212684#3_0,103212684#3,0,13.89,12.11,0,0.0,13.89,,,,,,-1.69,-3.92,3
240.0,300.0,103230484#0_0,103230484#0,0,13.89,13.16,0,0.0,13.89,52.42,50.58,-0.4,6.94,5.48,0.12,-5.0,6
240.0,300.0,103230516#0_1,103230516#0,1,12.3,12.31,0,0.06,11.11,50.37,40.04,3.12,5.0,3.9,0.04,-4.01,3
240.0,300.0,103230552#0_0,103230552#0,0,13.89,14.0,0,0.0,13.89,,,,,,0.26,-1.02,0
240.0,300.0,103230552#1_0,103230552#1,1,12.2,12.2,0,0.03,13.89,,,,,,1.13,0.05,0
240.0,300.0,103230557#7_0,103230557#7,0,22.22,6.88,0,0.0,22.22,,,,,,0.38,-0.95,0
240.0,300.0,103230568_0,103230568,1,3.09,3.09,0,0.01,2.78,,,,,,1.2,1.2,0
240.0,300.0,103230587#0_0,103230587#0,0,13.89,14.39,0,0.0,13.89,,,,,,-0.03,-1.86,0
240.0,300.0,103230587#1_0,103230587#1,0,13.89,14.5,0,0.0,13.89,,,,,,-0.01,-2.08,0
240.0,300.0,103230607#0_0,103230607#0,0,13.89,13.8,0,0.0,13.89,75.07,25.52,0.45,7.76,2.08,0.32,-5.0,7
240.0,300.0,103230607#1_0,103230607#1,0,13.89,11.36,0,0.0,13.89,,,,,,1.61,0.6,0
240.0,300.0,103230607#2_0,103230607#2,0,13.89,14.64,0,0.0,13.89,,,,,,0.57,-1.68,0
240.0,300.0,103230607#3_0,103230607#3,0,13.89,13.69,0,0.0,13.89,115.46,115.46,-4.2,15.43,15.43,-3.3,-5.0,3
240.0,300.0,103230607#4_0,103230607#4,0,13.89,13.6,0,0.0,13.89,46.93,2.69,1.5,4.34,0.5,-0.68,-4.0,6
240.0,300.0,104043544#0_0,104043544#0,0,22.22,13.9,0,0.0,22.22,,,,,,-0.04,-1.2,0
240.0,300.0,104043544#2_0,104043544#2,0,22.22,13.87,0,0.0,22.22,,,,,,0.1,-0.79,0
240.0,300.0,104043544#4_0,104043544#4,1,13.83,13.83,0,0.07,22.22,124.81,124.81,9.82,12.71,12.71,0.62,-1.06,0
240.0,300.0,104043544#5_0,104043544#5,0,22.22,12.71,0,0.0,22.22,98.92,95.74,12.55,7.89,7.53,1.15,0.64,0
240.0,300.0,104043544#6_0,104043544#6,0,22.22,13.88,0,0.0,22.22,72.15,68.81,13.61,5.3,5.15,-0.27,-1.05,0
240.0,300.0,104043544#7_0,104043544#7,0,22.22,13.86,0,0.0,22.22,37.97,27.74,13.65,2.78,2.04,-0.14,-0.57,0
240.0,300.0,104043544#8_0,104043544#8,0,22.22,9.9,0,0.0,22.22,25.94,0.0,-2.66,7.18,0.55,-0.13,-3.93,4
240.0,300.0,1087118361#11_0,1087118361#11,0,27.78,12.49,0,0.0,27.78,,,,,,1.47,0.54,0
240.0,300.0,1087118361#12_0,1087118361#12,0,27.78,12.32,0,0.0,27.78,,,,,,-4.06,-5.0,2
240.0,300.0,1087118361#2_0,1087118361#2,0,27.78,18.0,0,0.0,27.78,69.28,68.87,-0.3,4.04,3.94,-0.25,-1.86,0
240.0,300.0,1087118361#4_0,1087118361#4,0,27.78,18.0,0,0.0,27.78,75.54,72.16,13.47,5.69,4.01,0.66,0.0,0
240.0,300.0,1087118361#5_0,1087118361#5,0,27.78,17.86,0,0.0,27.78,51.74,27.16,9.55,4.33,1.91,0.4,-2.36,0
240.0,300.0,1087118361#6_0,1087118361#6,0,27.78,7.77,0,0.0,27.78,31.03,10.59,4.32,13.28,1.36,-0.94,-4.0,1
240.0,300.0,1087118361#8_0,1087118361#8,0,27.78,10.15,0,0.0,27.78,29.29,16.34,6.56,3.85,1.81,1.45,0.67,0
240.0,300.0,1087118361#9_0,1087118361#9,1,8.37,10.37,0,0.4,27.78,12.93,0.0,-0.46,2.43,0.27,-0.37,-5.0,8
240.0,300.0,1087118362#0_0,1087118362#0,0,11.11,10.01,0,0.0,11.11,66.21,65.63,-0.25,7.02,6.59,-0.02,-1.49,0
240.0,300.0,1087118362#10_0,1087118362#10,0,11.11,12.66,0,0.0,11.11,51.79,15.01,2.52,4.74,1.35,0.05,-1.34,0
240.0,300.0,1087118362#11_0,1087118362#11,5,0.8,12.88,4,0.16,11.11,17.9,0.0,0.79,2.26,0.5,-0.44,-5.0,18
240.0,300.0,1087118362#1_0,1087118362#1,0,11.11,10.14,0,0.0,11.11,83.7,66.39,0.79,8.69,6.57,-0.0,-2.03,0
240.0,300.0,1087118362#2_0,1087118362#2,0,11.11,11.32,0,0.01,11.11,77.36,67.98,-0.55,8.3,7.42,0.1,-0.7,0
240.0,300.0,1087118362#3_0,1087118362#3,0,11.11,9.9,0,0.0,11.11,30.86,29.82,-4.67,6.03,5.6,-0.27,-3.01,1
240.0,300.0,1087118362#5_0,1087118362#5,0,11.11,12.61,0,0.0,11.11,38.75,10.61,-0.86,3.9,1.27,0.54,-1.24,0
240.0,300.0,1087118362#6_0,1087118362#6,0,11.11,12.65,0,0.0,11.11,57.06,13.17,-0.83,5.71,1.3,0.07,-0.66,0
240.0,300.0,1087118362#7_0,1087118362#7,0,11.11,12.81,0,0.0,11.11,37.06,13.55,-0.47,3.53,1.33,-0.04,-1.57,0
240.0,300.0,1087118362#8_0,1087118362#8,0,11.11,12.68,0,0.0,11.11,44.4,13.46,-0.34,4.19,1.3,-0.07,-2.26,0
240.0,300.0,1087118362#9_0,1087118362#9,1,10.67,12.85,0,0.03,11.11,64.02,16.88,1.2,5.86,1.49,0.02,-2.12,0
240.0,300.0,1124089270_0,1124089270,0,27.78,16.09,0,0.0,27.78,,,,,,1.35,0.57,0
240.0,300.0,1124089270_1,1124089270,0,27.78,17.99,0,0.0,27.78,107.59,27.89,0.76,9.16,4.04,0.89,-0.83,0
240.0,300.0,1124089271_0,1124089271,1,13.36,17.81,0,0.03,27.78,62.09,2.48,-1.26,5.24,0.23,0.24,-5.0,3
240.0,300.0,1124089271_1,1124089271,1,0.0,17.85,1,0.03,27.78,32.1,0.0,5.35,4.38,0.51,-0.15,-5.0,15
240.0,300.0,1124089272#1_0,1124089272#1,2,13.65,17.98,0,0.06,27.78,59.3,24.3,-0.33,4.49,1.82,0.32,-1.12,0
240.0,300.0,1124089273_0,1124089273,2,13.07,17.81,0,0.1,27.78,62.25,10.91,-1.95,4.56,0.93,0.46,-1.42,0
240.0,300.0,1124089273_1,1124089273,1,8.94,15.36,0,0.04,27.78,84.27,21.9,-3.74,8.62,1.7,1.32,0.46,0
240.0,300.0,1124089274_0,1124089274,1,16.34,17.8,0,0.05,27.78,60.8,18.63,4.2,3.95,1.27,0.01,-1.74,0
240.0,300.0,1124089274_1,1124089274,0,27.78,17.95,0,0.0,27.78,29.39,5.56,-0.5,2.36,0.79,0.63,-5.0,6
240.0,300.0,1124089275#0_0,1124089275#0,1,14.14,16.67,0,0.07,27.78,50.25,9.73,-2.11,5.94,1.22,-1.85,-5.0,20
240.0,300.0,1124089275#0_1,1124089275#0,0,27.78,17.9,0,0.0,27.78,75.85,30.61,1.23,4.63,1.73,-0.0,-2.18,0
240.0,300.0,1124089275#1_0,1124089275#1,0,27.78,16.52,0,0.0,27.78,,,,,,0.06,-0.75,0
240.0,300.0,1124089275#1_1,1124089275#1,1,16.14,17.42,0,0.11,27.78,100.74,29.99,-0.37,6.2,1.72,-1.27,-5.0,5
240.0,300.0,1124089275#2_0,1124089275#2,0,27.78,16.67,0,0.0,27.78,125.61,125.32,0.01,7.71,7.55,0.0,-0.94,0
240.0,300.0,1124089275#2_1,1124089275#2,1,15.27,17.82,0,0.01,27.78,82.59,23.26,1.67,5.5,1.65,0.37,-5.0,1
240.0,300.0,1124102295#0_0,1124102295#0,0,27.78,17.98,0,0.0,27.78,,,,,,-0.44,-2.45,0
240.0,300.0,1124102296_0,1124102296,0,27.78,17.8,0,0.0,27.78,,,,,,0.15,-1.94,0
240.0,300.0,1124102297_0,1124102297,0,27.78,16.08,0,0.0,27.78,,,,,,1.27,-2.0,0
240.0,300.0,1124102303_0,1124102303,0,11.11,8.43,0,0.0,11.11,73.23,14.33,-9.18,5.14,1.71,-0.38,-3.99,4
240.0,300.0,1124379127#0_0,1124379127#0,0,16.67,16.65,0,0.0,16.67,63.84,15.4,0.04,4.59,1.09,0.06,-2.49,0
240.0,300.0,1124379127#0_1,1124379127#0,0,16.67,16.68,0,0.0,16.67,111.05,55.21,-0.27,8.23,4.0,0.05,-1.21,0
240.0,300.0,1124379127#1_0,1124379127#1,0,16.67,16.65,0,0.0,16.67,39.84,14.74,-0.09,2.95,1.08,-0.03,-2.35,0
240.0,300.0,1124379127#1_1,1124379127#1,0,16.67,16.63,0,0.0,16.67,83.01,55.97,-0.61,6.15,4.17,0.05,-1.16,0
240.0,300.0,1124379127#2_0,1124379127#2,0,16.67,16.35,0,0.0,16.67,39.2,15.72,0.12,2.88,1.14,-0.13,-2.78,0
240.0,300.0,1124379127#2_1,1124379127#2,1,16.41,16.41,0,0.09,16.67,99.51,61.34,0.54,7.37,4.51,-0.0,-1.03,0
240.0,300.0,1124379127#3_0,1124379127#3,0,16.67,16.65,0,0.0,16.67,36.17,15.83,1.76,2.69,1.18,-0.1,-1.24,0
240.0,300.0,1124379127#3_1,1124379127#3,0,16.67,15.64,0,0.0,16.67,101.87,64.47,0.3,7.53,4.77,-0.07,-1.49,0
240.0,300.0,1124382852_0,1124382852,0,27.78,17.99,0,0.0,27.78,109.96,46.87,1.13,7.12,2.77,0.64,-2.35,0
240.0,300.0,1124382853#2_0,1124382853#2,1,17.68,18.0,0,0.02,27.78,116.25,96.12,1.16,8.58,5.46,1.03,-1.66,0
240.0,300.0,1124382853#3_0,1124382853#3,0,27.78,17.87,0,0.0,27.78,64.31,50.99,7.9,4.04,3.21,-1.57,-5.0,8
240.0,300.0,1124382853#5_0,1124382853#5,0,27.78,11.75,0,0.0,27.78,118.33,68.06,-8.39,15.16,5.79,-1.72,-5.0,7
240.0,300.0,1126633510#0_0,1126633510#0,1,10.45,12.65,0,0.02,11.11,21.36,7.13,-1.48,3.34,0.98,0.52,-2.23,0
240.0,300.0,1126633510#1_0,1126633510#1,0,11.11,12.8,0,0.0,11.11,26.08,13.2,-0.11,2.49,1.1,-0.19,-4.6,1
240.0,300.0,1126633510#1_1,1126633510#1,0,11.11,11.05,0,0.0,11.11,15.31,13.89,1.29,1.46,1.31,-0.42,-1.87,0
240.0,300.0,1126633510#2_0,1126633510#2,0,11.11,10.09,0,0.0,11.11,12.9,11.89,-0.45,1.65,1.39,-1.16,-4.7,3
240.0,300.0,1126633511#0_0,1126633511#0,0,11.11,11.67,0,0.0,11.11,,,,,,-0.05,-1.76,0
240.0,300.0,1126633511#1_0,1126633511#1,0,11.11,11.73,0,0.0,11.11,,,,,,-0.26,-1.13,0
240.0,300.0,1126633511#2_0,1126633511#2,0,11.11,11.52,0,0.0,11.11,,,,,,0.13,-0.82,0
240.0,300.0,1126633511#3_0,1126633511#3,0,11.11,11.64,0,0.0,11.11,,,,,,0.18,-0.68,0
240.0,300.0,1126633511#4_0,1126633511#4,0,11.11,11.48,0,0.0,11.11,,,,,,-0.09,-0.51,0
240.0,300.0,1126633511#5_0,1126633511#5,0,11.11,11.28,0,0.0,11.11,,,,,,-0.39,-2.07,0
240.0,300.0,1126633511#6_0,1126633511#6,1,0.0,11.79,1,0.08,11.11,1.68,0.58,-1.96,,,-0.74,-5.0,5
240.0,300.0,1126641020#0_0,1126641020#0,0,27.78,17.93,0,0.0,27.78,56.39,14.6,-0.6,5.14,1.1,0.59,-1.93,0
240.0,300.0,1126641020#1_0,1126641020#1,3,8.7,17.95,0,0.09,27.78,61.14,10.51,1.4,3.95,1.1,-0.57,-5.0,14
240.0,300.0,1126641021_0,1126641021,1,13.03,17.96,0,0.01,27.78,49.15,10.46,1.15,3.62,1.02,-0.07,-5.0,8
240.0,300.0,1128043713#0_1,1128043713#0,0,11.11,11.38,0,0.0,11.11,21.82,21.49,-0.68,2.09,2.02,-0.24,-1.4,0
240.0,300.0,1128043713#1_1,1128043713#1,0,11.11,11.82,0,0.0,11.11,22.04,16.71,0.86,2.16,1.76,-0.38,-4.0,1
240.0,300.0,1128043714#1_0,1128043714#1,0,11.11,10.95,0,0.0,11.11,33.77,8.91,-0.92,3.75,1.18,0.7,-1.92,0
240.0,300.0,1128043714#2_0,1128043714#2,0,11.11,10.73,0,0.0,11.11,48.24,13.01,2.24,4.82,1.26,0.0,-2.02,0
240.0,300.0,1128043714#3_0,1128043714#3,0,11.11,10.86,0,0.0,11.11,31.46,11.75,3.11,3.3,1.22,-0.43,-3.17,1
240.0,300.0,1128043714#4_0,1128043714#4,4,0.0,10.67,4,0.21,11.11,3.3,0.0,0.36,1.64,0.52,-0.2,-5.0,7
240.0,300.0,1128043714#5_0,1128043714#5,5,0.0,7.35,5,0.73,11.11,10.27,0.0,-2.03,7.12,0.55,-0.02,-3.91,4
240.0,300.0,1130603776#0_0,1130603776#0,0,16.67,17.93,0,0.0,16.67,92.03,34.9,0.55,6.46,2.38,0.49,-1.81,0
240.0,300.0,1130603776#0_1,1130603776#0,0,16.67,17.79,0,0.0,16.67,58.4,15.31,2.82,4.22,1.1,0.32,-5.0,1
240.0,300.0,1130603776#1_0,1130603776#1,1,15.41,16.69,0,0.13,16.67,92.26,41.17,3.03,6.22,2.67,-0.02,-0.67,0
240.0,300.0,1130603776#1_1,1130603776#1,0,16.67,17.26,0,0.0,16.67,43.22,13.92,7.36,3.1,1.03,-0.34,-3.85,5
240.0,300.0,1130603776#2_0,1130603776#2,1,6.32,16.6,0,0.06,16.67,57.56,4.14,-0.61,4.18,0.37,0.13,-3.37,1
240.0,300.0,1130603776#2_1,1130603776#2,3,0.58,14.18,0,0.16,16.67,4.17,0.0,1.6,1.38,0.51,-0.59,-5.0,25
240.0,300.0,1132238886_0,1132238886,0,27.78,13.88,0,0.0,27.78,21.9,9.25,-0.46,1.79,1.01,0.18,-5.0,5
240.0,300.0,1132632802#0_0,1132632802#0,0,27.78,12.92,0,0.0,27.78,21.8,19.03,-1.95,1.91,1.84,1.26,0.46,0
240.0,300.0,1132632802#1_0,1132632802#1,0,27.78,11.64,0,0.0,27.78,19.43,19.43,2.24,1.67,1.67,-1.12,-1.12,0
240.0,300.0,1132632803_0,1132632803,0,27.78,12.48,0,0.0,27.78,32.3,13.05,-0.19,3.57,1.2,0.59,-4.48,2
240.0,300.0,1173597755#0_0,1173597755#0,0,11.11,11.7,0,0.0,11.11,24.49,7.26,4.18,2.81,1.05,-0.2,-4.0,6
240.0,300.0,1173597755#11_0,1173597755#11,0,11.11,8.43,0,0.0,11.11,,,,,,1.08,0.94,0
240.0,300.0,1173597755#1_0,1173597755#1,0,11.11,10.33,0,0.0,11.11,8.12,4.84,0.9,1.19,1.04,-0.35,-4.0,3
240.0,300.0,1173597755#2_0,1173597755#2,0,11.11,8.6,0,0.0,11.11,8.88,7.63,-1.24,1.22,1.17,1.31,0.76,0
240.0,300.0,1173597755#3_0,1173597755#3,0,11.11,11.87,0,0.0,11.11,12.08,10.75,-0.52,1.13,1.04,0.72,-0.81,0
240.0,300.0,1173597755#4_0,1173597755#4,0,11.11,11.7,0,0.0,11.11,5.02,0.95,1.01,1.17,0.53,-1.22,-4.0,8
240.0,300.0,1173597755#5_0,1173597755#5,0,11.11,7.11,0,0.0,11.11,7.24,6.63,-0.85,1.14,1.09,1.11,0.62,0
240.0,300.0,1173597755#6_0,1173597755#6,2,11.23,11.47,0,0.08,11.11,10.28,8.38,-0.86,1.07,1.01,0.86,-0.26,0
240.0,300.0,1173597755#9_0,1173597755#9,0,11.11,12.26,0,0.0,11.11,92.68,91.27,-0.72,7.89,7.52,-0.36,-3.53,1
240.0,300.0,1178005978#0_0,1178005978#0,0,13.89,13.37,0,0.0,13.89,44.36,2.25,-5.63,9.11,1.15,0.06,-4.0,3
240.0,300.0,1178005978#1_0,1178005978#1,0,13.89,13.69,0,0.0,13.89,,,,,,-0.62,-2.06,0
240.0,300.0,1178014356_0,1178014356,1,7.31,7.31,0,0.02,13.89,,,,,,1.41,-0.49,0
240.0,300.0,1178018200#1_0,1178018200#1,1,0.0,2.66,1,0.08,2.78,42.43,12.1,-3.93,43.21,6.0,-0.17,-1.63,0
240.0,300.0,1192799362_0,1192799362,1,13.66,13.89,0,0.01,16.67,,,,,,0.05,-1.32,0
240.0,300.0,1192799362_1,1192799362,0,16.67,13.72,0,0.0,16.67,,,,,,-0.42,-0.98,0
240.0,300.0,1192799363#0_0,1192799363#0,0,16.67,17.05,0,0.0,16.67,156.5,89.93,2.74,10.44,6.63,-0.01,-1.65,0
240.0,300.0,1192799363#0_1,1192799363#0,0,16.67,17.38,0,0.0,16.67,,,,,,0.06,-1.5,0
240.0,300.0,1192799363#1_0,1192799363#1,0,16.67,17.17,0,0.0,16.67,142.6,93.12,7.16,9.26,6.93,-0.04,-2.25,0
240.0,300.0,1192799363#1_1,1192799363#1,1,16.39,17.32,0,0.03,16.67,,,,,,-0.24,-1.01,0
240.0,300.0,1192799363#2_0,1192799363#2,1,16.63,17.15,0,0.04,16.67,88.9,60.13,4.23,7.91,4.01,-0.68,-5.0,15
240.0,300.0,1192799363#3_0,1192799363#3,0,16.67,14.11,0,0.0,16.67,,,,,,0.63,-1.48,0
240.0,300.0,1192799363#3_1,1192799363#3,0,16.67,17.96,0,0.0,16.67,92.53,20.57,-5.1,8.12,3.12,-0.16,-4.0,5
240.0,300.0,1192799363#4_1,1192799363#4,0,16.67,17.91,0,0.0,16.67,157.48,156.39,1.11,12.06,11.73,0.16,-5.0,2
240.0,300.0,1192799363#5_1,1192799363#5,0,16.67,17.99,0,0.0,16.67,153.53,152.67,1.04,11.91,11.57,0.8,-1.34,0
240.0,300.0,1192799364_0,1192799364,0,16.67,16.91,0,0.0,16.67,84.73,84.48,-1.04,6.41,6.23,-0.03,-1.59,0
240.0,300.0,1192799364_1,1192799364,0,16.67,15.76,0,0.0,16.67,,,,,,2.21,2.13,0
240.0,300.0,1192799365_1,1192799365,0,11.11,12.37,0,0.0,11.11,,,,,,0.15,-1.47,0
240.0,300.0,1192799366_0,1192799366,0,16.67,17.03,0,0.0,16.67,87.44,86.11,-0.85,6.62,6.38,-0.25,-2.11,0
240.0,300.0,1192799366_1,1192799366,0,16.67,17.37,0,0.0,16.67,,,,,,0.25,-1.22,0
240.0,300.0,1192800521_0,1192800521,0,16.67,16.39,0,0.0,16.67,18.71,10.36,2.5,5.45,1.11,-1.66,-4.91,16
240.0,300.0,1192800521_1,1192800521,0,16.67,15.57,0,0.0,16.67,75.72,12.12,1.88,5.67,1.32,-0.01,-4.0,1
240.0,300.0,1196271501#0_0,1196271501#0,0,11.11,10.92,0,0.0,11.11,67.59,14.6,0.04,7.0,1.41,-0.65,-5.0,1
240.0,300.0,1196271501#1_0,1196271501#1,0,11.11,10.46,0,0.0,11.11,26.72,12.85,1.32,2.82,1.31,-0.13,-2.0,0
240.0,300.0,1196271501#2_0,1196271501#2,2,7.31,12.24,0,0.06,11.11,35.04,11.11,-0.33,4.43,1.25,0.2,-4.0,7
240.0,300.0,1196283316_0,1196283316,1,9.98,17.93,0,0.02,22.22,49.74,25.28,-2.51,3.56,1.45,0.23,-1.83,0
240.0,300.0,1198952554#0_0,1198952554#0,0,11.11,11.14,0,0.0,11.11,111.47,108.06,-2.03,14.37,11.04,0.57,-1.94,0
240.0,300.0,1198952555#0_0,1198952555#0,0,11.11,9.86,0,0.0,11.11,51.64,49.63,-2.72,6.34,5.95,1.25,0.52,0
240.0,300.0,1198952555#1_0,1198952555#1,0,11.11,10.91,0,0.0,11.11,54.9,54.84,-0.14,5.32,5.21,-0.12,-0.93,0
240.0,300.0,1198952555#2_0,1198952555#2,0,11.11,11.2,0,0.0,11.11,83.87,54.64,0.0,7.9,5.17,0.04,-1.64,0
240.0,300.0,1198952555#3_0,1198952555#3,0,11.11,11.32,0,0.0,11.11,80.36,15.57,-2.13,7.93,2.56,-0.85,-5.0,4
240.0,300.0,1199457538#0_0,1199457538#0,0,13.89,8.93,0,0.0,13.89,,,,,,1.06,-0.76,0
240.0,300.0,1199457538#1_0,1199457538#1,0,13.89,13.82,0,0.0,13.89,,,,,,0.74,-0.99,0
240.0,300.0,1199457538#2_0,1199457538#2,0,13.89,14.09,0,0.0,13.89,15.5,0.1,-1.05,8.16,2.51,-0.5,-4.85,8
240.0,300.0,1199457540#0_0,1199457540#0,0,22.22,17.16,0,0.0,22.22,29.48,14.89,7.45,2.13,1.26,-0.74,-4.99,8
240.0,300.0,1199457540#1_0,1199457540#1,7,1.68,15.54,0,0.37,22.22,3.58,0.0,0.39,1.86,0.54,-0.34,-5.0,40
240.0,300.0,1199457540#2_0,1199457540#2,0,22.22,7.34,0,0.0,22.22,66.41,6.5,-8.16,128.23,1.02,-0.41,-4.67,6
240.0,300.0,1251129390#0_0,1251129390#0,0,11.11,11.65,0,0.0,11.11,,,,,,0.01,-1.71,0
240.0,300.0,1251129390#0_1,1251129390#0,0,11.11,12.42,0,0.0,11.11,,,,,,-0.32,-4.33,2
240.0,300.0,1251129390#1_0,1251129390#1,0,11.11,11.82,0,0.0,11.11,,,,,,-0.04,-1.48,0
240.0,300.0,1251129390#1_1,1251129390#1,1,12.06,12.25,0,0.02,11.11,5.12,0.0,-0.23,2.6,1.04,0.27,-1.57,0
240.0,300.0,1251129390#2_0,1251129390#2,0,11.11,11.8,0,0.0,11.11,,,,,,0.11,-1.46,0
240.0,300.0,1251129390#3_0,1251129390#3,0,11.11,12.37,0,0.0,11.11,46.02,12.04,1.12,4.31,1.07,0.1,-2.64,0
240.0,300.0,1251129390#3_1,1251129390#3,0,11.11,10.79,0,0.0,11.11,141.96,141.12,-0.31,13.93,13.49,-0.24,-4.0,2
240.0,300.0,1251129391_0,1251129391,1,11.12,11.81,0,0.03,11.11,91.42,21.33,6.19,8.52,2.01,0.06,-1.86,0
240.0,300.0,1251129391_1,1251129391,0,11.11,10.85,0,0.0,11.11,,,,,,0.04,-4.0,1
240.0,300.0,1277600332#0_0,1277600332#0,1,10.85,11.42,0,0.05,11.11,,,,,,-0.09,-4.0,2
240.0,300.0,1287656128#1_0,1287656128#1,0,22.22,18.0,0,0.0,22.22,60.37,52.37,6.97,4.54,3.29,-0.7,-5.0,9
240.0,300.0,1288011209_0,1288011209,2,0.0,11.0,2,0.06,11.11,33.47,0.0,-1.25,9.99,0.5,-0.37,-5.0,17
240.0,300.0,1288011209_1,1288011209,0,11.11,11.84,0,0.0,11.11,,,,,,0.39,-2.63,0
240.0,300.0,1309209159#0_0,1309209159#0,0,2.78,3.2,0,0.0,2.78,,,,,,-0.11,-5.0,1
240.0,300.0,1312946259#3_0,1312946259#3,1,9.35,11.99,0,0.03,11.11,50.43,9.95,2.61,5.15,1.03,0.2,-2.69,0
240.0,300.0,1312946259#4_0,1312946259#4,0,11.11,11.64,0,0.0,11.11,56.57,0.0,-2.33,25.12,0.59,-0.78,-4.76,14
240.0,300.0,1312946260_0,1312946260,1,0.0,11.45,1,0.02,11.11,22.61,0.0,-1.75,12.28,0.57,-0.01,-5.0,3
240.0,300.0,1342408879_0,1342408879,0,13.89,10.9,0,0.0,13.89,25.7,10.88,0.37,4.55,1.57,-2.99,-5.0,12
240.0,300.0,135461188#0_0,135461188#0,0,11.11,12.5,0,0.0,11.11,,,,,,-0.01,-2.11,0
240.0,300.0,135461188#1_0,135461188#1,0,11.11,12.34,0,0.0,11.11,,,,,,0.29,-1.44,0
240.0,300.0,135461188#2_0,135461188#2,0,11.11,12.5,0,0.0,11.11,,,,,,-0.89,-5.0,2
240.0,300.0,1387728842#0_0,1387728842#0,0,11.11,12.1,0,0.0,11.11,217.78,217.37,-0.56,22.35,21.68,0.07,-2.0,0
240.0,300.0,1387728842#1_0,1387728842#1,0,11.11,11.98,0,0.0,11.11,,,,,,-0.26,-1.84,0
240.0,300.0,1388181076#0_0,1388181076#0,0,22.22,16.83,0,0.01,22.22,45.4,13.9,-2.18,4.47,0.92,1.29,-5.0,3
240.0,300.0,1388181076#1_0,1388181076#1,1,15.96,17.09,0,0.1,22.22,43.77,13.91,4.65,2.89,1.03,-0.16,-4.0,1
240.0,300.0,1388181076#2_0,1388181076#2,0,22.22,16.85,0,0.0,22.22,44.01,8.97,5.72,3.35,1.07,-1.29,-4.41,6
240.0,300.0,1388181076#3_0,1388181076#3,1,5.63,17.09,0,0.09,22.22,40.21,14.72,4.65,3.95,1.06,0.51,-3.31,1
240.0,300.0,1388181076#4_0,1388181076#4,2,0.03,16.5,2,0.17,22.22,21.43,0.0,-1.96,8.51,0.52,-0.75,-4.71,28
240.0,300.0,1388965579_0,1388965579,2,11.89,16.46,0,0.12,27.78,36.31,9.58,0.0,3.72,1.03,-1.94,-5.0,28
240.0,300.0,1389216080#0_0,1389216080#0,0,11.11,11.39,0,0.0,11.11,45.96,7.08,-1.91,18.59,1.07,0.11,-4.78,2
240.0,300.0,1389216080#2_0,1389216080#2,1,10.54,12.13,0,0.04,11.11,22.46,0.0,-1.63,11.14,0.51,-0.18,-5.0,10
240.0,300.0,1419352711#0_0,1419352711#0,0,11.11,10.93,0,0.0,11.11,,,,,,0.03,-1.12,0
240.0,300.0,1419352711#1_0,1419352711#1,1,10.69,11.54,0,0.03,11.11,,,,,,0.07,-0.95,0
240.0,300.0,1419352712_0,1419352712,1,9.56,10.9,0,0.01,11.11,80.18,0.49,-0.14,7.87,0.07,-0.29,-5.0,4
240.0,300.0,1434291944#0_0,1434291944#0,1,13.69,17.98,0,0.01,22.22,32.31,8.11,-1.21,2.68,0.63,0.7,-2.63,0
240.0,300.0,1434291944#1_0,1434291944#1,1,16.94,17.85,0,0.06,22.22,27.17,11.27,-0.34,1.8,0.83,-0.09,-1.93,0
240.0,300.0,1434291944#2_0,1434291944#2,0,22.22,17.94,0,0.0,22.22,31.08,15.46,-0.08,2.05,1.11,-0.03,-2.08,0
240.0,300.0,1435087429_0,1435087429,0,11.11,12.41,0,0.0,11.11,4.03,4.03,-8.04,,,-0.75,-4.96,8
240.0,300.0,1435087430#0_0,1435087430#0,0,11.11,11.97,0,0.0,11.11,49.65,45.22,1.88,5.87,4.34,0.43,-4.0,1
240.0,300.0,1435087430#1_0,1435087430#1,0,11.11,11.99,0,0.0,11.11,,,,,,0.28,-1.14,0
240.0,300.0,1476448641#0_0,1476448641#0,1,13.62,18.0,0,0.02,22.22,125.54,113.31,5.09,8.72,7.1,-0.5,-5.0,4
240.0,300.0,1502779184#1_1,1502779184#1,0,11.11,11.06,0,0.0,11.11,20.22,20.01,-0.74,1.92,1.92,-0.0,-1.18,0
240.0,300.0,1530047251#1_0,1530047251#1,0,16.67,16.67,0,0.0,16.67,,,,,,-0.52,-1.04,0
240.0,300.0,1530047253#0_1,1530047253#0,1,15.7,15.71,0,0.08,16.67,65.93,14.86,1.47,5.48,1.26,-1.06,-5.0,14
240.0,300.0,1530047253#1_1,1530047253#1,0,16.67,13.86,0,0.0,16.67,,,,,,0.45,-1.16,0
240.0,300.0,1546903355_0,1546903355,0,11.11,13.75,0,0.0,11.11,29.42,9.79,0.31,2.85,0.98,0.2,-2.22,0
240.0,300.0,50219794#10_0,50219794#10,0,11.11,10.99,0,0.0,11.11,52.6,50.55,4.62,4.86,4.72,0.09,-0.58,0
240.0,300.0,50219794#11_0,50219794#11,0,11.11,11.04,0,0.0,11.11,48.89,47.36,-0.86,4.53,4.35,-0.0,-0.93,0
240.0,300.0,50219794#13_1,50219794#13,0,11.11,12.36,0,0.0,11.11,,,,,,0.86,-1.61,0
240.0,300.0,50219794#14_1,50219794#14,0,11.11,12.14,0,0.0,11.11,,,,,,-0.44,-0.75,0
240.0,300.0,50219794#15_1,50219794#15,0,11.11,12.42,0,0.0,11.11,,,,,,0.22,-1.31,0
240.0,300.0,50219794#2_0,50219794#2,0,11.11,12.88,0,0.0,11.11,61.94,61.39,-0.04,7.16,5.66,0.85,-2.36,0
240.0,300.0,50219794#3_0,50219794#3,0,11.11,12.92,0,0.0,11.11,,,,,,-0.05,-1.65,0
240.0,300.0,50219794#4_0,50219794#4,1,0.01,13.31,1,0.02,11.11,,,,,,-0.78,-5.0,11
240.0,300.0,50219794#7_0,50219794#7,0,11.11,10.64,0,0.0,11.11,,,,,,1.16,0.37,0
240.0,300.0,50219794#8_0,50219794#8,0,11.11,10.95,0,0.0,11.11,,,,,,0.02,-0.68,0
240.0,300.0,50219794#9_0,50219794#9,0,11.11,11.11,0,0.0,11.11,,,,,,0.05,-1.05,0
240.0,300.0,52085869#0_0,52085869#0,0,11.11,9.18,0,0.0,11.11,,,,,,0.11,-1.72,0
240.0,300.0,52087627#0_0,52087627#0,0,11.11,11.66,0,0.0,11.11,110.74,67.87,10.03,10.08,6.16,0.15,-1.03,0
240.0,300.0,52087627#2_0,52087627#2,1,9.5,11.61,0,0.08,11.11,54.15,52.84,1.91,4.95,4.59,-0.2,-4.0,6
240.0,300.0,52097266#0_0,52097266#0,1,10.98,12.81,0,0.02,11.11,32.3,16.24,-2.16,4.03,1.82,0.03,-5.0,2
240.0,300.0,52097266#1_0,52097266#1,0,11.11,12.85,0,0.0,11.11,,,,,,0.03,-1.3,0
240.0,300.0,52097266#2_0,52097266#2,0,11.11,12.39,0,0.0,11.11,,,,,,-0.13,-0.51,0
240.0,300.0,52097266#3_0,52097266#3,0,11.11,12.75,0,0.0,11.11,189.4,189.4,4.45,14.99,14.99,0.03,-0.5,0
240.0,300.0,52097266#4_0,52097266#4,1,7.78,12.74,0,0.05,11.11,119.35,100.3,-2.94,13.94,13.27,0.23,-1.02,0
240.0,300.0,52097266#6_0,52097266#6,1,10.48,12.79,0,0.03,11.11,24.16,16.67,-7.59,3.27,1.31,-0.62,-4.0,6
240.0,300.0,52097653#0_0,52097653#0,1,10.62,10.96,0,0.02,11.11,104.0,99.47,0.97,9.87,9.18,0.18,-1.11,0
240.0,300.0,52097653#1_0,52097653#1,0,11.11,9.94,0,0.0,11.11,89.27,87.83,-2.27,9.42,9.01,-0.13,-2.1,0
240.0,300.0,52097653#2_0,52097653#2,1,9.89,12.41,0,0.03,11.11,93.62,56.52,-0.09,9.99,5.14,-0.32,-5.0,4
240.0,300.0,52152219#0_0,52152219#0,0,11.11,11.77,0,0.0,11.11,,,,,,-0.98,-3.95,1
240.0,300.0,52152219#1_0,52152219#1,0,11.11,11.82,0,0.0,11.11,36.22,29.16,4.66,4.47,3.79,-0.64,-4.0,2
240.0,300.0,52152302#1_0,52152302#1,0,22.22,17.95,0,0.0,22.22,49.16,12.23,-0.03,3.6,1.1,0.87,-1.68,0
240.0,300.0,52152302#2_0,52152302#2,0,22.22,17.85,0,0.0,22.22,30.29,7.35,3.19,2.15,1.06,-1.02,-5.0,12
240.0,300.0,52152302#3_0,52152302#3,1,11.95,17.86,0,0.05,22.22,46.17,0.1,-0.31,4.79,0.4,-0.94,-5.0,27
240.0,300.0,52152309_0,52152309,1,10.65,17.97,0,0.02,22.22,37.72,0.1,-0.98,4.08,0.09,0.0,-5.0,21
240.0,300.0,52152311#0_0,52152311#0,0,11.11,11.15,0,0.0,11.11,,,,,,0.04,-2.01,0
240.0,300.0,52152311#1_0,52152311#1,0,11.11,11.12,0,0.0,11.11,,,,,,-0.37,-3.33,1
240.0,300.0,52152323#0_0,52152323#0,0,11.11,9.81,0,0.0,11.11,,,,,,0.66,-2.18,0
240.0,300.0,52152323#2_0,52152323#2,0,11.11,10.21,0,0.0,11.11,,,,,,0.31,-0.86,0
240.0,300.0,52152323#3_0,52152323#3,0,11.11,10.04,0,0.0,11.11,,,,,,-0.05,-1.06,0
240.0,300.0,52152323#4_0,52152323#4,0,11.11,10.16,0,0.0,11.11,,,,,,-0.26,-0.26,0
240.0,300.0,52152323#5_0,52152323#5,0,11.11,10.12,0,0.0,11.11,,,,,,0.15,-1.8,0
240.0,300.0,52152323#6_0,52152323#6,0,11.11,9.98,0,0.0,11.11,,,,,,0.13,-1.57,0
240.0,300.0,52152323#7_0,52152323#7,1,9.48,10.24,0,0.01,11.11,,,,,,0.01,-1.82,0
240.0,300.0,52152345#0_0,52152345#0,0,27.78,17.98,0,0.0,27.78,41.9,15.46,2.07,2.49,1.09,-0.0,-1.87,0
240.0,300.0,52152345#1_0,52152345#1,0,27.78,17.97,0,0.0,27.78,51.58,14.34,3.07,3.15,1.05,0.02,-2.24,0
240.0,300.0,52152346#0_0,52152346#0,0,27.78,17.87,0,0.0,27.78,131.32,131.2,-0.27,7.62,7.48,0.89,-1.8,0
240.0,300.0,52152346#1_0,52152346#1,0,27.78,17.93,0,0.0,27.78,,,,,,0.1,-1.81,0
240.0,300.0,52152346#2_0,52152346#2,0,27.78,17.92,0,0.0,27.78,,,,,,-1.42,-5.0,3
240.0,300.0,52152366#0_0,52152366#0,0,11.11,13.0,0,0.0,11.11,11.59,8.97,-0.04,1.1,0.82,-0.23,-4.0,1
240.0,300.0,52152366#0_1,52152366#0,0,11.11,13.09,0,-0.0,11.11,30.39,30.39,2.64,2.32,2.32,0.23,-3.83,1
240.0,300.0,52152366#1_0,52152366#1,0,11.11,12.45,0,0.0,11.11,11.57,11.41,0.0,1.09,1.03,-0.0,-1.38,0
240.0,300.0,52152366#2_0,52152366#2,0,11.11,11.74,0,0.0,11.11,8.34,8.0,0.85,1.17,1.11,-1.84,-5.0,2
240.0,300.0,52155433#0_0,52155433#0,0,16.67,17.19,0,0.0,16.67,70.01,60.71,-4.16,5.76,4.98,0.78,-1.96,0
240.0,300.0,52155433#1_0,52155433#1,0,16.67,17.21,0,0.0,16.67,,,,,,-0.05,-1.11,0
240.0,300.0,52155433#1_1,52155433#1,0,16.67,10.96,0,0.0,16.67,,,,,,1.43,-2.16,0
240.0,300.0,52155579#0_0,52155579#0,1,9.94,10.49,0,0.01,11.11,,,,,,-0.08,-2.11,0
240.0,300.0,52155579#1_0,52155579#1,0,11.11,10.83,0,0.0,11.11,,,,,,0.24,-1.73,0
240.0,300.0,52155579#2_0,52155579#2,0,11.11,10.78,0,0.0,11.11,,,,,,-0.48,-1.9,0
240.0,300.0,52155735#0_0,52155735#0,2,12.51,17.96,0,0.07,22.22,56.72,11.2,-2.62,5.2,1.3,1.41,-1.01,0
240.0,300.0,52155735#1_0,52155735#1,0,22.22,17.98,0,0.0,22.22,39.02,13.66,0.41,3.55,1.31,0.88,-2.49,0
240.0,300.0,52155737#0_0,52155737#0,0,13.89,9.84,0,0.0,13.89,153.18,146.89,4.4,18.82,18.04,0.53,-3.12,1
240.0,300.0,52155737#1_0,52155737#1,0,13.89,12.8,0,0.0,13.89,,,,,,0.77,-4.28,1
240.0,300.0,52155745#1_0,52155745#1,0,22.22,17.93,0,0.0,22.22,44.11,25.66,2.79,3.07,1.46,-0.04,-1.57,0
240.0,300.0,52155745#2_0,52155745#2,0,22.22,17.56,0,0.0,22.22,29.36,13.47,3.17,2.69,1.39,-2.78,-5.0,14
240.0,300.0,52155750#0_0,52155750#0,0,13.89,12.39,0,0.0,13.89,,,,,,1.1,0.93,0
240.0,300.0,52155750#1_0,52155750#1,0,13.89,15.35,0,0.0,13.89,,,,,,0.64,-0.66,0
240.0,300.0,52155750#2_0,52155750#2,0,13.89,15.45,0,0.0,13.89,1.69,0.78,-0.32,0.32,0.1,-1.27,-4.0,6
240.0,300.0,52155752#0_0,52155752#0,1,13.08,13.23,0,0.02,13.89,,,,,,0.51,-1.72,0
240.0,300.0,52155752#1_0,52155752#1,0,13.89,13.67,0,0.0,13.89,166.88,156.14,9.11,12.42,11.67,-0.16,-4.0,1
240.0,300.0,562694504_0,562694504,2,11.06,17.89,0,0.08,27.78,51.52,10.12,-1.12,3.41,1.32,1.25,-1.74,0
240.0,300.0,562694505#1_0,562694505#1,0,27.78,14.0,0,0.0,27.78,122.91,117.98,-2.6,16.81,10.53,1.7,-0.69,0
240.0,300.0,562694505#2_0,562694505#2,0,27.78,17.37,0,0.0,27.78,132.56,132.33,-0.76,7.9,7.63,1.53,0.8,0
240.0,300.0,563022376#1_0,563022376#1,1,8.66,10.74,0,0.05,11.11,49.36,14.01,-2.08,6.46,1.5,0.84,-3.58,1
240.0,300.0,563518385#2_0,563518385#2,0,11.11,9.94,0,0.0,11.11,,,,,,-0.19,-4.0,1
240.0,300.0,659403198_0,659403198,0,13.89,11.41,0,0.0,13.89,,,,,,0.62,-1.34,0
240.0,300.0,689627819_0,689627819,0,13.89,12.14,0,0.0,13.89,26.66,1.8,-4.09,26.94,1.82,-0.42,-5.0,8
240.0,300.0,696897744#2_0,696897744#2,1,10.87,10.87,0,0.02,11.11,,,,,,0.26,-4.75,2
240.0,300.0,749310218#2_0,749310218#2,0,27.78,9.63,0,0.0,27.78,15.86,0.0,-1.93,10.36,0.53,-0.49,-5.0,9
240.0,300.0,749341589#0_0,749341589#0,0,11.11,10.72,0,0.0,11.11,168.34,167.39,-0.83,16.75,15.83,0.59,-2.22,0
240.0,300.0,749341589#1_0,749341589#1,0,11.11,10.67,0,0.03,11.11,19.05,19.05,-8.93,,,-0.85,-4.23,5
240.0,300.0,771670219_0,771670219,0,13.89,13.89,0,0.0,13.89,47.24,0.18,-13.5,11.51,0.38,-0.66,-5.0,9
240.0,300.0,995139946_0,995139946,2,2.32,2.85,0,0.1,2.78,33.24,16.48,0.1,13.92,5.97,-0.03,-2.03,0
240.0,300.0,:10279701147_0_0,:10279701147_0,0,27.78,16.62,0,0.0,27.78,,,,,,0.25,0.25,0
240.0,300.0,:10279701147_0_1,:10279701147_0,0,27.78,16.64,0,0.0,27.78,107.66,41.67,0.04,6.56,2.5,0.58,0.25,0
240.0,300.0,:10279701147_2_0,:10279701147_2,0,5.97,4.84,0,0.0,5.97,,,,,,-1.23,-3.48,1
240.0,300.0,:10279701147_3_0,:10279701147_3,0,6.44,6.46,0,0.0,6.44,154.95,152.22,-10.86,27.33,27.22,-1.97,-5.0,2
240.0,300.0,:10279761590_4_0,:10279761590_4,0,27.78,17.64,0,0.0,27.78,,,,,,0.7,0.7,0
240.0,300.0,:10279761591_0_0,:10279761591_0,0,27.78,16.83,0,0.0,27.78,,,,,,1.49,1.49,0
240.0,300.0,:10281958924_0_0,:10281958924_0,0,16.67,16.61,0,0.0,16.67,98.59,45.72,5.87,6.49,2.91,-0.04,-0.85,0
240.0,300.0,:10281958924_0_1,:10281958924_0,0,16.67,17.68,0,0.0,16.67,42.93,15.28,4.41,3.06,1.08,-0.08,-1.64,0
240.0,300.0,:10281958927_0_0,:10281958927_0,0,16.67,16.62,0,0.0,16.67,49.32,15.57,0.07,3.65,1.08,0.28,-0.32,0
240.0,300.0,:10281958927_0_1,:10281958927_0,0,16.67,16.65,0,0.0,16.67,114.41,55.75,-0.11,8.54,4.15,-0.33,-0.77,0
240.0,300.0,:10281958928_0_0,:10281958928_0,0,16.67,16.59,0,0.0,16.67,49.57,15.91,0.35,3.63,1.1,0.3,-0.57,0
240.0,300.0,:10281958928_0_1,:10281958928_0,0,16.67,16.49,0,0.0,16.67,60.8,60.54,-0.87,4.45,4.42,-0.08,-1.41,0
240.0,300.0,:10281958930_0_0,:10281958930_0,0,16.67,16.64,0,0.0,16.67,48.81,15.92,0.17,3.59,1.13,0.49,-0.82,0
240.0,300.0,:10281958930_0_1,:10281958930_0,0,16.67,15.37,0,0.0,16.67,63.71,63.61,-0.51,4.7,4.68,-0.04,-1.12,0
240.0,300.0,:10281958931_0_0,:10281958931_0,0,16.67,16.24,0,0.0,16.67,39.18,16.34,4.16,2.91,1.21,0.13,-0.36,0
240.0,300.0,:10281958931_0_1,:10281958931_0,0,16.67,15.28,0,0.0,16.67,92.03,66.46,1.17,6.77,4.81,0.01,-0.64,0
240.0,300.0,:10281958933_0_1,:10281958933_0,0,16.67,9.8,0,0.0,16.67,,,,,,1.63,1.61,0
240.0,300.0,:10281958933_2_0,:10281958933_2,0,6.01,6.51,0,0.0,6.01,83.97,33.65,-4.16,14.27,5.72,-1.08,-4.0,2
240.0,300.0,:10560867452_0_0,:10560867452_0,0,8.63,9.79,0,0.0,8.63,21.57,13.43,-0.76,2.52,1.37,-3.44,-5.0,3
240.0,300.0,:10560867452_1_0,:10560867452_1,0,11.11,9.3,0,0.0,11.11,,,,,,0.54,0.54,0
240.0,300.0,:10560867456_0_0,:10560867456_0,0,11.11,12.33,0,0.0,11.11,,,,,,-0.14,-1.91,0
240.0,300.0,:10680197981_1_0,:10680197981_1,0,13.89,11.76,0,0.0,13.89,,,,,,-0.55,-1.4,0
240.0,300.0,:10680197981_2_0,:10680197981_2,0,13.89,12.7,0,0.0,13.89,70.14,13.68,1.75,5.69,1.08,-0.35,-2.05,0
240.0,300.0,:10680197991_1_0,:10680197991_1,0,13.89,13.48,0,0.0,13.89,,,,,,0.03,-0.52,0
240.0,300.0,:10680197991_2_0,:10680197991_2,0,13.89,12.69,0,0.0,13.89,54.24,14.17,-0.4,4.44,1.16,0.04,-0.83,0
240.0,300.0,:10680197995_0_0,:10680197995_0,0,13.89,13.43,0,0.0,13.89,137.86,137.86,-2.96,10.35,10.35,-0.09,-0.22,0
240.0,300.0,:10680197995_7_0,:10680197995_7,0,13.89,13.15,0,0.0,13.89,100.39,15.21,0.46,8.11,1.16,0.05,-1.96,0
240.0,300.0,:10907705738_0_0,:10907705738_0,0,11.11,12.8,0,0.0,11.11,31.62,14.12,-0.01,2.99,1.38,0.24,-1.39,0
240.0,300.0,:10907806554_3_0,:10907806554_3,0,7.06,5.92,0,0.0,7.06,,,,,,1.5,-0.3,0
240.0,300.0,:10907806554_7_0,:10907806554_7,0,13.89,14.4,0,0.0,13.89,,,,,,-0.08,-0.45,0
240.0,300.0,:10943277968_0_0,:10943277968_0,0,22.22,15.57,0,0.0,22.22,47.29,20.35,4.76,3.62,1.34,1.49,0.59,0
240.0,300.0,:10943277968_7_0,:10943277968_7,0,22.22,13.38,0,0.0,22.22,,,,,,0.99,0.48,0
240.0,300.0,:10943433498_0_0,:10943433498_0,0,16.67,16.7,0,0.0,16.67,73.32,52.62,-0.29,5.37,3.8,-0.05,-0.72,0
240.0,300.0,:10943433498_0_1,:10943433498_0,0,16.67,16.11,0,0.0,16.67,30.88,12.61,8.8,2.28,1.16,-0.73,-2.29,0
240.0,300.0,:10943433498_2_0,:10943433498_2,0,5.99,5.54,0,0.0,5.99,,,,,,-2.26,-4.0,1
240.0,300.0,:10943433498_3_0,:10943433498_3,0,6.33,6.02,0,0.0,6.33,26.8,16.91,-1.62,11.39,5.16,0.97,-0.22,0
240.0,300.0,:10943435169_3_0,:10943435169_3,0,11.11,12.83,0,0.0,11.11,46.15,13.34,-0.42,4.41,1.27,0.17,-1.14,0
240.0,300.0,:10943490813_0_0,:10943490813_0,0,13.89,13.83,0,0.0,13.89,18.92,15.61,-1.11,1.54,1.42,-0.1,-4.0,1
240.0,300.0,:10943490816_0_0,:10943490816_0,0,13.89,11.66,0,0.0,13.89,15.37,12.6,-1.78,1.44,1.15,0.95,0.53,0
240.0,300.0,:10943490945_4_0,:10943490945_4,1,9.76,12.36,0,0.14,11.11,82.41,81.11,-0.98,7.27,6.74,0.14,-0.08,0
240.0,300.0,:10943490952_7_0,:10943490952_7,0,13.2,13.69,0,0.0,13.2,76.76,39.67,2.16,6.39,3.15,-1.02,-3.0,0
240.0,300.0,:10943498141_7_0,:10943498141_7,0,8.1,7.62,0,0.0,8.1,77.89,77.84,0.01,10.98,10.23,0.96,0.07,0
240.0,300.0,:10943498141_8_0,:10943498141_8,0,3.65,3.87,0,0.0,3.65,,,,,,-2.6,-5.0,1
240.0,300.0,:10943498141_9_0,:10943498141_9,0,3.65,3.44,0,0.0,3.65,52.12,50.01,-8.56,15.68,14.55,-2.21,-4.0,1
240.0,300.0,:10943498145_1_0,:10943498145_1,0,6.05,6.44,0,0.0,6.05,,,,,,-2.14,-5.0,2
240.0,300.0,:10943736751_0_0,:10943736751_0,0,16.67,17.16,0,0.0,16.67,160.18,92.41,3.93,10.56,6.85,-0.14,-1.35,0
240.0,300.0,:10943736751_0_1,:10943736751_0,0,16.67,17.0,0,0.0,16.67,,,,,,-0.75,-0.75,0
240.0,300.0,:11125046588_4_0,:11125046588_4,0,11.11,10.72,0,0.0,11.11,,,,,,0.08,-0.62,0
240.0,300.0,:11125046588_6_0,:11125046588_6,0,11.11,10.8,0,0.0,11.11,54.84,54.73,-0.1,5.3,5.22,0.0,-0.35,0
240.0,300.0,:11126932584_0_0,:11126932584_0,0,6.28,6.18,0,0.0,6.28,,,,,,0.12,-1.28,0
240.0,300.0,:11282869379_0_0,:11282869379_0,0,11.11,9.33,0,0.0,11.11,,,,,,-1.0,-1.77,0
240.0,300.0,:11282869379_6_0,:11282869379_6,0,11.11,11.18,0,0.0,11.11,91.19,90.71,1.59,8.53,8.11,0.92,-0.03,0
240.0,300.0,:11462469753_3_0,:11462469753_3,0,11.11,11.77,0,0.0,11.11,,,,,,0.34,-0.22,0
240.0,300.0,:1174832475_0_0,:1174832475_0,0,6.83,6.65,0,0.0,6.83,102.98,100.63,-4.7,16.57,15.86,1.1,0.56,0
240.0,300.0,:1174832475_2_0,:1174832475_2,0,22.22,17.19,0,0.0,22.22,66.75,19.58,1.42,4.4,1.57,-0.04,-1.72,0
240.0,300.0,:1174832475_3_0,:1174832475_3,0,5.89,5.94,0,0.0,5.89,62.64,7.5,-3.64,12.21,1.41,-1.15,-5.0,3
240.0,300.0,:1174832527_7_0,:1174832527_7,0,22.22,17.14,0,0.0,22.22,39.15,13.66,4.61,2.44,0.99,0.17,-2.63,0
240.0,300.0,:1174832527_8_0,:1174832527_8,1,5.86,5.86,0,0.2,6.05,,,,,,-4.2,-4.2,1
240.0,300.0,:1174832534_0_0,:1174832534_0,0,22.22,13.81,0,0.0,22.22,,,,,,0.37,0.37,0
240.0,300.0,:1174832534_6_0,:1174832534_6,0,22.22,14.37,0,0.0,22.22,,,,,,0.92,0.5,0
240.0,300.0,:1174832699_0_0,:1174832699_0,0,11.11,10.91,0,0.0,11.11,,,,,,-0.3,-0.84,0
240.0,300.0,:1174832699_1_0,:1174832699_1,0,7.99,5.7,0,0.0,7.99,24.42,17.18,-9.04,57.25,3.08,-3.97,-5.0,5
240.0,300.0,:1174832699_7_0,:1174832699_7,1,9.58,11.39,0,0.14,11.11,21.95,10.4,6.36,2.0,1.03,0.05,-1.39,0
240.0,300.0,:1174832699_9_0,:1174832699_9,0,7.99,8.16,0,0.0,7.99,57.1,39.59,-11.68,23.02,17.72,1.29,0.46,0
240.0,300.0,:1174832713_0_0,:1174832713_0,0,11.11,10.91,0,0.0,11.11,,,,,,-0.22,-0.38,0
240.0,300.0,:1174832713_7_0,:1174832713_7,0,11.11,11.5,0,0.0,11.11,71.35,63.79,7.64,7.68,5.66,0.47,-0.47,0
240.0,300.0,:1174832716_0_0,:1174832716_0,0,6.54,5.32,0,0.0,6.54,26.76,13.03,-13.68,7.95,7.27,2.13,1.27,0
240.0,300.0,:1174832716_3_0,:1174832716_3,0,22.22,17.88,0,0.0,22.22,52.41,15.17,5.28,3.23,1.11,-0.22,-2.44,0
240.0,300.0,:1174832811_0_0,:1174832811_0,0,11.11,11.75,0,0.0,11.11,,,,,,0.55,-0.89,0
240.0,300.0,:1174832816_2_0,:1174832816_2,0,6.39,6.24,0,0.0,6.39,49.06,9.86,-5.15,10.15,1.74,-0.81,-2.73,0
240.0,300.0,:1174832834_0_0,:1174832834_0,0,8.93,7.87,0,0.0,8.93,123.79,121.91,-2.49,17.12,15.98,0.94,0.71,0
240.0,300.0,:1174832855_3_0,:1174832855_3,0,13.89,11.98,0,0.0,13.89,,,,,,-0.58,-1.66,0
240.0,300.0,:1174832885_4_0,:1174832885_4,0,13.89,13.88,0,0.0,13.89,58.74,16.7,5.3,4.33,1.21,0.11,-1.05,0
240.0,300.0,:1174832895_5_0,:1174832895_5,0,3.65,3.62,0,0.0,3.65,,,,,,-0.4,-1.74,0
240.0,300.0,:1174832895_6_0,:1174832895_6,0,7.47,7.32,0,0.0,7.47,73.03,68.93,-7.85,10.44,9.42,-1.62,-4.0,1
240.0,300.0,:1174832895_7_0,:1174832895_7,0,11.11,12.72,0,0.0,11.11,,,,,,-0.29,-0.32,0
240.0,300.0,:1174832997_0_0,:1174832997_0,0,22.22,17.77,0,0.0,22.22,46.65,25.93,0.66,3.22,1.46,0.17,-0.37,0
240.0,300.0,:1174833041_3_0,:1174833041_3,0,6.61,6.98,0,0.0,6.61,,,,,,-0.84,-1.8,0
240.0,300.0,:1174833041_4_0,:1174833041_4,0,13.89,12.93,0,0.0,13.89,,,,,,0.98,0.87,0
240.0,300.0,:1174833066_0_0,:1174833066_0,0,6.41,7.16,0,0.0,6.41,64.18,63.24,1.77,11.89,10.76,-0.04,-2.42,0
240.0,300.0,:1174833090_0_0,:1174833090_0,0,22.22,13.31,0,0.0,22.22,,,,,,0.1,0.1,0
240.0,300.0,:1174833090_6_0,:1174833090_6,0,22.22,13.73,0,0.0,22.22,,,,,,0.87,0.87,0
240.0,300.0,:1174833124_0_0,:1174833124_0,0,3.65,3.36,0,0.55,3.65,41.9,5.67,-5.51,14.67,1.69,-0.36,-3.15,1
240.0,300.0,:1174833147_5_0,:1174833147_5,0,13.89,8.09,0,0.0,13.89,,,,,,1.5,0.77,0
240.0,300.0,:1176977350_7_0,:1176977350_7,0,11.11,12.66,0,0.0,11.11,,,,,,0.06,-0.41,0
240.0,300.0,:1176977453_4_0,:1176977453_4,0,7.88,7.48,0,0.0,7.88,,,,,,0.57,-0.79,0
240.0,300.0,:1176977453_6_0,:1176977453_6,0,6.36,7.05,0,0.0,6.36,49.67,46.59,-4.71,10.87,9.92,-1.34,-5.0,1
240.0,300.0,:1176977453_7_0,:1176977453_7,0,11.11,12.58,0,0.0,11.11,,,,,,0.12,-0.42,0
240.0,300.0,:1176977542_12_0,:1176977542_12,0,7.19,7.9,0,0.0,7.19,,,,,,-1.34,-5.0,1
240.0,300.0,:1176977542_13_0,:1176977542_13,0,13.89,13.03,0,0.0,13.89,,,,,,-0.38,-0.92,0
240.0,300.0,:1176977542_5_0,:1176977542_5,0,13.89,14.08,0,0.0,13.89,,,,,,-0.2,-1.03,0
240.0,300.0,:1176978389_1_0,:1176978389_1,0,8.34,9.32,0,0.0,8.34,,,,,,-0.34,-4.22,1
240.0,300.0,:1176978389_3_0,:1176978389_3,0,6.91,6.59,0,0.0,6.91,,,,,,-0.27,-1.2,0
240.0,300.0,:1176978389_5_0,:1176978389_5,0,3.65,3.57,0,0.0,3.65,0.72,0.12,-4.82,0.16,0.07,-3.6,-4.0,3
240.0,300.0,:1176978389_9_0,:1176978389_9,0,3.65,2.14,0,0.0,3.65,8.63,4.72,-7.56,6.25,5.83,1.41,1.22,0
240.0,300.0,:1176978438_2_0,:1176978438_2,0,11.11,10.81,0,0.0,11.11,,,,,,-0.21,-0.28,0
240.0,300.0,:1177160369_3_0,:1177160369_3,0,22.22,17.86,0,0.0,22.22,36.72,18.65,4.35,2.73,1.29,0.47,-2.0,0
240.0,300.0,:1177160399_0_0,:1177160399_0,1,3.66,6.04,0,0.22,6.68,20.95,3.91,-6.33,8.95,1.2,1.0,-2.25,0
240.0,300.0,:1177160399_3_0,:1177160399_3,0,11.11,12.74,0,0.0,11.11,24.17,9.82,0.32,2.26,1.06,-0.16,-1.86,0
240.0,300.0,:1177160403_0_0,:1177160403_0,0,11.11,10.04,0,0.0,11.11,20.08,12.87,0.6,2.02,1.29,0.43,-0.79,0
240.0,300.0,:1177160403_1_0,:1177160403_1,0,6.47,6.94,0,0.0,6.47,35.96,18.17,-4.06,6.29,4.4,-0.48,-4.15,1
240.0,300.0,:1177160471_0_0,:1177160471_0,0,13.89,13.85,0,0.0,13.89,16.12,8.86,4.14,1.48,1.1,-0.87,-3.94,3
240.0,300.0,:1177160471_1_0,:1177160471_1,0,7.86,5.13,0,0.0,7.86,95.18,93.53,-7.01,21.78,18.23,-3.31,-4.0,1
240.0,300.0,:1177160471_7_0,:1177160471_7,0,13.89,13.74,0,0.0,13.89,,,,,,1.35,0.91,0
240.0,300.0,:1177160471_9_0,:1177160471_9,0,7.86,6.26,0,0.0,7.86,99.5,98.91,-2.22,20.83,17.75,1.22,0.57,0
240.0,300.0,:1177160524_0_0,:1177160524_0,0,13.89,11.56,0,0.0,13.89,84.33,82.58,2.19,10.1,8.41,2.37,0.82,0
240.0,300.0,:1177160556_0_0,:1177160556_0,0,16.67,16.74,0,0.0,16.67,89.48,89.48,-0.86,6.65,6.65,1.46,0.95,0
240.0,300.0,:1177160556_0_1,:1177160556_0,0,16.67,17.09,0,0.0,16.67,,,,,,-0.55,-0.55,0
240.0,300.0,:1177160566_4_0,:1177160566_4,1,12.48,17.51,0,0.44,22.22,24.26,12.31,4.63,1.7,1.11,-1.23,-3.73,2
240.0,300.0,:1177160571_7_0,:1177160571_7,0,22.22,17.81,0,0.0,22.22,33.09,9.83,0.07,2.09,0.72,0.29,-1.58,0
240.0,300.0,:1177160573_0_0,:1177160573_0,0,11.11,13.36,0,0.0,11.11,,,,,,0.52,-0.74,0
240.0,300.0,:1177160573_6_0,:1177160573_6,0,8.03,7.59,0,0.0,8.03,29.26,20.12,-5.34,4.02,2.71,-1.18,-4.0,1
240.0,300.0,:1177160573_7_0,:1177160573_7,0,11.11,11.23,0,0.0,11.11,,,,,,-0.06,-1.24,0
240.0,300.0,:1177160598_0_0,:1177160598_0,0,13.89,13.77,0,0.0,13.89,17.29,17.07,-0.48,1.78,1.75,0.83,0.23,0
240.0,300.0,:1177160598_7_0,:1177160598_7,0,13.89,13.51,0,0.0,13.89,102.92,76.68,2.42,8.47,6.3,0.95,0.12,0
240.0,300.0,:1177160599_1_0,:1177160599_1,1,5.71,9.78,0,0.12,18.05,,,,,,1.5,-1.6,0
240.0,300.0,:1177160599_2_0,:1177160599_2,0,3.65,3.03,0,0.0,3.65,46.96,5.55,-9.37,18.05,3.88,0.83,-0.58,0
240.0,300.0,:1177160599_3_0,:1177160599_3,0,9.6,9.6,0,0.0,9.6,58.62,55.3,-6.39,6.27,5.82,-1.04,-2.14,0
240.0,300.0,:1177160599_7_0,:1177160599_7,0,18.05,10.3,0,0.0,18.05,23.3,6.19,-7.74,7.18,6.62,1.36,0.48,0
240.0,300.0,:1177160675_0_0,:1177160675_0,0,13.89,12.7,0,0.0,13.89,,,,,,-0.8,-0.8,0
240.0,300.0,:1177160675_6_0,:1177160675_6,0,13.89,11.38,0,0.0,13.89,75.36,66.92,3.2,6.95,6.38,1.19,0.57,0
240.0,300.0,:1177160684_6_0,:1177160684_6,0,11.32,9.95,0,0.26,11.32,47.4,13.17,-3.84,6.15,1.47,1.52,0.01,0
240.0,300.0,:1177160684_7_0,:1177160684_7,0,10.18,10.28,0,0.0,10.18,194.99,193.71,-2.56,19.37,18.85,-1.45,-3.91,1
240.0,300.0,:1177160687_0_0,:1177160687_0,0,11.11,13.27,0,0.0,11.11,72.28,12.41,-0.2,7.3,1.32,0.01,-1.79,0
240.0,300.0,:1177160687_7_0,:1177160687_7,0,11.11,11.44,0,0.0,11.11,80.89,80.44,2.13,7.29,7.24,0.21,-1.32,0
240.0,300.0,:1177160691_0_0,:1177160691_0,0,22.22,17.95,0,0.0,22.22,67.53,18.52,0.65,4.25,1.14,0.11,-1.52,0
240.0,300.0,:1177160691_3_0,:1177160691_3,0,6.44,7.76,0,0.0,6.44,45.08,44.16,3.98,6.14,5.93,-1.61,-1.61,0
240.0,300.0,:1177160691_4_0,:1177160691_4,0,8.1,7.02,0,0.0,8.1,32.41,6.4,-12.01,7.71,4.92,1.79,0.69,0
240.0,300.0,:1177160691_7_0,:1177160691_7,0,22.22,17.54,0,0.0,22.22,24.47,19.61,0.13,1.46,1.22,0.02,-0.95,0
240.0,300.0,:1177160691_8_0,:1177160691_8,1,0.19,2.66,0,0.91,3.65,62.39,54.95,-14.13,162.51,20.66,-2.98,-4.0,2
240.0,300.0,:1177160694_0_0,:1177160694_0,0,13.89,14.04,0,0.0,13.89,57.1,11.89,-0.0,4.45,0.92,1.51,0.91,0
240.0,300.0,:1177160716_0_0,:1177160716_0,1,9.85,12.57,0,0.48,11.11,72.99,13.57,0.24,6.73,1.35,-0.08,-2.04,0
240.0,300.0,:1177160765_1_0,:1177160765_1,0,6.94,6.15,0,0.0,6.94,28.04,23.87,4.87,6.09,3.88,1.54,0.99,0
240.0,300.0,:1177160765_4_0,:1177160765_4,0,11.11,12.41,0,0.0,11.11,87.6,69.33,2.54,7.21,5.59,0.0,-1.07,0
240.0,300.0,:1177160765_6_0,:1177160765_6,0,11.11,11.27,0,0.0,11.11,21.98,6.6,9.8,2.1,1.07,-0.64,-2.92,0
240.0,300.0,:1177160773_0_0,:1177160773_0,0,22.22,16.84,0,0.0,22.22,99.27,28.18,-0.06,6.31,2.07,-0.03,-1.72,0
240.0,300.0,:1177160779_1_0,:1177160779_1,0,13.89,13.87,0,0.0,13.89,,,,,,-0.22,-1.08,0
240.0,300.0,:1177160779_3_0,:1177160779_3,0,13.89,12.67,0,0.0,13.89,,,,,,1.46,0.93,0
240.0,300.0,:1177160779_6_0,:1177160779_6,0,6.59,6.79,0,0.0,6.59,,,,,,0.3,-0.12,0
240.0,300.0,:1177160807_0_0,:1177160807_0,0,11.11,10.44,0,0.0,11.11,,,,,,0.56,-0.16,0
240.0,300.0,:1177160807_7_0,:1177160807_7,0,11.11,11.14,0,0.0,11.11,54.4,54.01,-0.8,5.35,5.13,0.85,-0.77,0
240.0,300.0,:1177160864_0_0,:1177160864_0,1,1.34,5.96,0,0.04,22.22,45.15,3.91,-4.78,16.39,1.08,1.32,0.03,0
240.0,300.0,:1177160864_2_0,:1177160864_2,0,8.8,9.03,0,0.0,8.8,32.08,15.09,-4.99,11.93,7.94,1.34,0.6,0
240.0,300.0,:1177160866_1_0,:1177160866_1,0,3.65,3.52,0,0.0,3.65,53.94,53.12,3.19,15.45,15.11,0.26,0.1,0
240.0,300.0,:1177160866_3_0,:1177160866_3,0,22.22,17.24,0,0.0,22.22,65.91,17.82,6.93,4.44,1.16,-0.13,-2.19,0
240.0,300.0,:1177160923_1_0,:1177160923_1,0,13.89,11.7,0,0.0,13.89,,,,,,1.85,1.55,0
240.0,300.0,:1177160923_3_0,:1177160923_3,0,13.89,12.31,0,0.0,13.89,,,,,,0.25,-0.43,0
240.0,300.0,:1177160978_4_0,:1177160978_4,0,13.89,14.15,0,0.0,13.89,76.31,26.5,4.32,6.14,1.87,-0.27,-0.59,0
240.0,300.0,:1177160983_3_1,:1177160983_3,0,11.11,12.21,0,0.0,11.11,,,,,,-0.05,-1.31,0
240.0,300.0,:1177161018_3_0,:1177161018_3,0,5.96,7.38,0,0.0,5.96,,,,,,-0.1,-3.66,1
240.0,300.0,:1177161022_2_0,:1177161022_2,0,22.22,11.56,0,0.0,22.22,11.61,4.6,3.93,1.42,1.02,-0.82,-3.55,1
240.0,300.0,:1177161043_0_0,:1177161043_0,0,13.89,17.0,0,0.0,13.89,142.83,139.79,12.21,11.69,11.48,0.99,-0.16,0
240.0,300.0,:1177161047_4_0,:1177161047_4,0,8.02,7.86,0,0.0,8.02,,,,,,-0.24,-1.9,0
240.0,300.0,:1177161049_7_0,:1177161049_7,1,13.46,17.87,0,0.27,22.22,28.73,16.26,0.36,1.9,1.12,-0.06,-2.11,0
240.0,300.0,:1177161074_2_0,:1177161074_2,0,6.54,8.51,0,0.0,6.54,,,,,,-1.06,-3.2,1
240.0,300.0,:1177161074_3_0,:1177161074_3,0,22.22,17.93,0,0.0,22.22,122.53,49.25,6.29,7.35,3.17,-0.19,-2.34,0
240.0,300.0,:1177161076_4_0,:1177161076_4,0,13.89,14.06,0,0.0,13.89,44.87,28.63,-0.07,3.57,2.51,-0.27,-1.51,0
240.0,300.0,:1177161154_0_0,:1177161154_0,0,7.23,6.13,0,0.0,7.23,16.03,4.85,-6.37,4.62,1.18,1.7,0.75,0
240.0,300.0,:1177161154_13_0,:1177161154_13,0,11.11,11.68,0,0.0,11.11,73.03,57.8,8.06,6.67,5.16,0.02,-1.19,0
240.0,300.0,:1177161154_1_0,:1177161154_1,0,13.89,9.88,0,0.0,13.89,105.6,103.13,9.67,10.93,10.44,1.52,0.84,0
240.0,300.0,:1177161154_2_0,:1177161154_2,0,8.3,7.22,0,0.0,8.3,60.89,59.5,-1.54,9.38,8.39,0.98,0.36,0
240.0,300.0,:1177161154_4_0,:1177161154_4,0,6.86,7.62,0,0.0,6.86,,,,,,-1.45,-4.0,1
240.0,300.0,:1177161154_5_0,:1177161154_5,0,11.11,13.15,0,0.0,11.11,72.37,56.44,2.96,5.81,4.29,0.33,-2.44,0
240.0,300.0,:1177161157_3_0,:1177161157_3,0,22.22,14.33,0,0.0,22.22,40.22,39.18,-4.28,3.34,3.29,1.28,0.52,0
240.0,300.0,:1177161205_4_0,:1177161205_4,0,13.89,14.56,0,0.0,13.89,46.25,39.01,1.15,3.66,3.66,0.03,-1.21,0
240.0,300.0,:1177161219_1_0,:1177161219_1,1,4.0,8.11,0,0.17,22.22,76.11,5.88,-5.84,13.91,1.21,1.49,-0.91,0
240.0,300.0,:1177161219_2_0,:1177161219_2,0,27.78,16.82,0,0.0,27.78,41.62,21.15,4.55,2.88,1.45,1.42,0.51,0
240.0,300.0,:1177161333_5_0,:1177161333_5,0,3.65,3.36,0,0.0,3.65,,,,,,-0.26,-1.93,0
240.0,300.0,:1177161371_10_0,:1177161371_10,0,7.53,7.52,0,0.0,7.53,12.25,10.37,-2.81,2.02,1.68,-0.78,-4.85,3
240.0,300.0,:1177161371_12_0,:1177161371_12,0,5.89,5.75,0,0.0,5.89,46.51,45.42,0.04,8.64,7.93,0.58,-1.13,0
240.0,300.0,:1177161371_13_0,:1177161371_13,0,13.89,10.93,0,0.0,13.89,79.03,77.64,-6.03,7.67,7.35,1.98,0.59,0
240.0,300.0,:1177161371_18_0,:1177161371_18,0,7.53,7.62,0,0.0,7.53,16.35,12.92,-3.95,2.43,1.71,0.4,-1.28,0
240.0,300.0,:1177161371_19_0,:1177161371_19,0,3.65,3.08,0,0.0,3.65,,,,,,-2.02,-4.53,1
240.0,300.0,:1177161432_0_0,:1177161432_0,1,9.61,11.3,0,0.2,11.11,69.28,69.28,-0.22,7.21,7.21,-0.31,-1.88,0
240.0,300.0,:1177161432_2_0,:1177161432_2,0,6.23,3.98,0,0.0,6.23,20.65,13.15,-7.31,7.94,6.62,1.24,0.62,0
240.0,300.0,:1177161468_11_0,:1177161468_11,0,3.65,3.12,0,0.0,3.65,116.8,115.24,-7.38,45.02,37.97,-0.67,-2.35,0
240.0,300.0,:1177161468_1_0,:1177161468_1,0,13.89,13.56,0,0.0,13.89,39.6,32.57,7.16,3.03,2.57,-0.07,-1.26,0
240.0,300.0,:1177161468_5_0,:1177161468_5,0,3.65,3.39,0,0.0,3.65,110.98,110.98,-8.42,32.76,32.76,-4.68,-4.68,1
240.0,300.0,:1177161468_6_0,:1177161468_6,0,6.52,5.8,0,0.0,6.52,40.31,37.88,5.11,7.94,7.36,-2.19,-5.0,1
240.0,300.0,:1177161474_3_1,:1177161474_3,0,11.11,11.71,0,0.0,11.11,,,,,,-1.41,-1.41,0
240.0,300.0,:1177161483_0_0,:1177161483_0,0,22.22,17.82,0,0.0,22.22,63.71,16.0,0.56,4.92,1.11,-0.03,-3.33,1
240.0,300.0,:1177161483_1_0,:1177161483_1,0,9.98,0.0,0,0.0,9.98,59.28,57.46,-3.8,,,0.0,-0.0,0
240.0,300.0,:1177161483_4_0,:1177161483_4,0,22.22,13.98,0,0.0,22.22,24.4,16.25,-2.03,1.81,1.24,1.7,0.63,0
240.0,300.0,:1177161483_6_0,:1177161483_6,0,10.2,9.34,0,0.0,10.2,27.92,7.85,-1.63,3.99,1.04,1.28,-0.58,0
240.0,300.0,:1177161483_7_0,:1177161483_7,0,22.22,10.28,0,0.0,22.22,22.97,4.89,0.06,5.81,1.1,1.56,-0.16,0
240.0,300.0,:1177161483_9_0,:1177161483_9,0,9.98,5.76,0,0.0,9.98,57.83,52.87,2.61,23.16,9.17,1.92,1.14,0
240.0,300.0,:1177161504_0_0,:1177161504_0,0,22.22,17.82,0,0.0,22.22,51.13,22.73,3.5,3.01,1.34,0.13,-1.9,0
240.0,300.0,:1177161504_6_0,:1177161504_6,0,22.22,17.83,0,0.0,22.22,75.1,17.73,-0.95,4.98,1.1,0.05,-1.6,0
240.0,300.0,:1177161508_3_0,:1177161508_3,0,7.77,6.87,0,0.0,7.77,141.98,138.2,-7.81,21.26,20.66,-0.65,-2.68,0
240.0,300.0,:1177161508_4_0,:1177161508_4,0,11.11,12.9,0,0.0,11.11,39.99,12.49,-1.77,4.27,1.28,0.05,-1.3,0
240.0,300.0,:1177161508_6_0,:1177161508_6,0,11.11,11.42,0,0.0,11.11,90.34,89.48,4.29,8.46,8.16,-0.2,-2.29,0
240.0,300.0,:1177161509_1_0,:1177161509_1,0,13.89,14.58,0,0.0,13.89,97.23,41.92,6.09,7.48,2.87,-0.38,-1.69,0
240.0,300.0,:1177161547_7_0,:1177161547_7,0,22.22,17.54,0,0.0,22.22,32.86,15.36,-0.29,2.15,1.1,0.37,-0.44,0
240.0,300.0,:1177161549_1_0,:1177161549_1,0,7.63,7.34,0,0.0,7.63,13.53,2.51,-2.79,2.36,0.85,0.52,-2.4,0
240.0,300.0,:1177161549_3_0,:1177161549_3,0,6.93,7.17,0,0.0,6.93,26.35,10.54,-9.67,6.95,3.23,1.32,-0.42,0
240.0,300.0,:1177161549_7_0,:1177161549_7,1,16.31,17.92,0,0.31,22.22,69.26,23.3,8.39,4.09,1.37,0.01,-0.98,0
240.0,300.0,:1177161553_4_0,:1177161553_4,0,13.89,14.0,0,0.0,13.89,,,,,,0.81,-0.31,0
240.0,300.0,:1177161573_13_0,:1177161573_13,0,13.89,12.6,0,0.0,13.89,,,,,,-0.12,-1.53,0
240.0,300.0,:1177161573_4_0,:1177161573_4,0,7.97,8.48,0,0.0,7.97,,,,,,-1.24,-4.02,1
240.0,300.0,:1177161573_5_0,:1177161573_5,0,13.89,12.31,0,0.0,13.89,,,,,,-0.23,-1.55,0
240.0,300.0,:1177161573_9_0,:1177161573_9,0,13.89,10.67,0,0.0,13.89,,,,,,2.18,1.37,0
240.0,300.0,:1177161612_3_0,:1177161612_3,0,6.51,6.61,0,0.0,6.51,,,,,,-3.28,-5.0,1
240.0,300.0,:1177161612_4_0,:1177161612_4,0,22.22,17.87,0,0.0,22.22,59.69,19.75,4.43,3.61,1.17,0.33,-0.57,0
240.0,300.0,:1177161612_5_0,:1177161612_5,0,3.65,3.19,0,0.0,3.65,2.75,2.75,-13.76,0.86,0.86,-4.0,-4.0,1
240.0,300.0,:1177161612_6_0,:1177161612_6,0,22.22,17.9,0,0.0,22.22,68.06,17.98,2.35,4.04,1.06,-0.11,-3.29,1
240.0,300.0,:1177161612_9_0,:1177161612_9,0,3.65,3.52,0,0.0,3.65,12.88,9.43,-13.58,3.86,2.68,0.05,-0.56,0
240.0,300.0,:1177161631_0_0,:1177161631_0,0,6.39,5.99,0,0.0,6.39,,,,,,-0.94,-4.0,1
240.0,300.0,:1177161631_1_0,:1177161631_1,0,22.22,17.94,0,0.0,22.22,64.59,16.61,1.73,4.17,1.1,0.81,-1.89,0
240.0,300.0,:1177161631_3_0,:1177161631_3,1,5.03,7.01,0,0.16,6.84,56.15,6.96,-1.09,10.31,1.13,0.46,-1.72,0
240.0,300.0,:1177161631_4_0,:1177161631_4,0,13.89,6.3,0,0.0,13.89,66.12,51.15,-8.18,26.28,13.87,1.48,0.49,0
240.0,300.0,:1177161631_5_0,:1177161631_5,0,8.07,8.3,0,0.0,8.07,71.9,41.02,-0.16,10.58,4.94,1.34,0.97,0
240.0,300.0,:1177161634_3_0,:1177161634_3,0,11.11,11.01,0,0.0,11.11,,,,,,0.3,-0.15,0
240.0,300.0,:1177161645_4_0,:1177161645_4,0,22.22,17.44,0,0.0,22.22,51.88,19.18,4.35,3.1,1.17,-0.23,-0.98,0
240.0,300.0,:1177161645_5_0,:1177161645_5,0,22.22,17.88,0,0.0,22.22,72.47,18.21,3.45,4.22,1.18,-0.01,-2.01,0
240.0,300.0,:1177161675_0_0,:1177161675_0,1,13.19,16.18,0,0.3,13.89,23.88,13.65,0.42,1.83,1.11,0.04,-1.79,0
240.0,300.0,:1177161675_7_0,:1177161675_7,0,13.89,14.9,0,0.0,13.89,,,,,,-0.13,-0.27,0
240.0,300.0,:1177161698_0_0,:1177161698_0,0,6.25,6.5,0,0.0,6.25,21.82,8.15,-7.53,7.98,2.26,0.8,-1.13,0
240.0,300.0,:1177161698_10_0,:1177161698_10,0,7.79,7.13,0,0.0,7.79,,,,,,0.28,-0.72,0
240.0,300.0,:1177161698_1_0,:1177161698_1,0,8.48,7.95,0,0.0,8.48,,,,,,1.03,-0.39,0
240.0,300.0,:1177161698_3_0,:1177161698_3,0,7.08,7.03,0,0.0,7.08,,,,,,-1.55,-2.27,0
240.0,300.0,:1177161698_4_0,:1177161698_4,0,13.89,13.64,0,0.0,13.89,,,,,,0.33,0.27,0
240.0,300.0,:1177161698_6_0,:1177161698_6,0,13.89,13.8,0,0.0,13.89,89.77,58.51,12.28,6.62,4.47,-0.15,-1.35,0
240.0,300.0,:1177161698_7_0,:1177161698_7,0,7.79,6.2,0,0.0,7.79,,,,,,-5.0,-5.0,1
240.0,300.0,:1177161703_3_0,:1177161703_3,0,11.11,12.84,0,0.0,11.11,59.35,16.21,2.87,5.34,1.43,0.18,-0.88,0
240.0,300.0,:1177211333_0_0,:1177211333_0,0,11.11,11.08,0,0.0,11.11,172.87,172.87,1.34,15.61,15.61,-0.23,-0.23,0
240.0,300.0,:1177211334_3_0,:1177211334_3,0,6.54,7.69,0,0.0,6.54,,,,,,0.9,-0.68,0
240.0,300.0,:1177211334_6_0,:1177211334_6,0,6.28,5.98,0,0.0,6.28,111.97,111.97,-3.48,20.93,20.93,-1.06,-4.0,1
240.0,300.0,:1177211357_5_0,:1177211357_5,0,11.11,10.0,0,0.0,11.11,82.68,81.98,2.65,8.39,8.2,0.74,0.56,0
240.0,300.0,:1177211432_0_1,:1177211432_0,0,16.67,17.1,0,0.0,16.67,,,,,,-0.16,-0.97,0
240.0,300.0,:1177211432_2_0,:1177211432_2,0,6.02,6.03,0,0.0,6.02,73.36,24.76,-1.27,12.67,4.3,-1.45,-4.0,1
240.0,300.0,:1177211432_3_0,:1177211432_3,0,6.17,5.57,0,0.0,6.17,,,,,,-2.05,-5.0,1
240.0,300.0,:1177211462_0_0,:1177211462_0,0,8.34,5.22,0,0.0,8.34,,,,,,0.71,-1.97,0
240.0,300.0,:1177211464_0_0,:1177211464_0,0,11.11,10.47,0,0.0,11.11,34.69,13.11,-0.17,3.47,1.3,0.01,-1.96,0
240.0,300.0,:1177211468_0_0,:1177211468_0,0,13.89,10.94,0,0.0,13.89,,,,,,1.53,0.81,0
240.0,300.0,:1177211468_6_0,:1177211468_6,0,13.89,13.3,0,0.0,13.89,,,,,,-0.03,-1.91,0
240.0,300.0,:1177211474_4_0,:1177211474_4,0,13.89,12.52,0,0.0,13.89,,,,,,1.41,0.65,0
240.0,300.0,:1177211489_0_0,:1177211489_0,0,6.3,5.47,0,0.0,6.3,,,,,,-0.74,-2.48,0
240.0,300.0,:1177211539_0_0,:1177211539_0,0,11.11,11.5,0,0.0,11.11,,,,,,0.1,-0.41,0
240.0,300.0,:1177211539_0_1,:1177211539_0,0,11.11,12.3,0,0.0,11.11,82.12,82.12,3.63,7.31,7.31,-1.0,-2.12,0
240.0,300.0,:1177211571_4_0,:1177211571_4,0,13.89,15.94,0,0.0,13.89,,,,,,1.31,0.62,0
240.0,300.0,:1177211571_5_0,:1177211571_5,0,3.65,2.62,0,0.0,3.65,1.16,0.12,-11.58,0.57,0.44,-2.37,-4.34,2
240.0,300.0,:1177211571_6_0,:1177211571_6,0,13.89,12.42,0,0.0,13.89,126.11,125.44,2.27,10.6,10.21,0.95,-2.0,0
240.0,300.0,:1177211571_9_0,:1177211571_9,0,3.65,3.11,0,0.0,3.65,13.35,8.68,-9.81,6.66,5.75,2.06,1.12,0
240.0,300.0,:1177211573_4_0,:1177211573_4,0,11.11,11.74,0,0.0,11.11,,,,,,1.54,0.86,0
240.0,300.0,:1177211573_5_0,:1177211573_5,0,11.11,11.96,0,0.0,11.11,,,,,,0.17,-0.89,0
240.0,300.0,:1177211687_6_0,:1177211687_6,0,13.89,12.54,0,0.0,13.89,,,,,,0.3,-0.55,0
240.0,300.0,:1177211724_7_0,:1177211724_7,0,22.22,17.87,0,0.0,22.22,28.73,12.53,8.68,2.0,1.03,-1.5,-5.0,5
240.0,300.0,:1177211755_0_0,:1177211755_0,0,11.11,10.89,0,0.0,11.11,,,,,,-0.22,-0.5,0
240.0,300.0,:1177211769_11_0,:1177211769_11,0,3.65,3.61,0,0.0,3.65,,,,,,-1.25,-1.25,0
240.0,300.0,:1177211769_4_0,:1177211769_4,0,8.98,6.53,0,0.0,8.98,63.96,62.48,0.73,11.71,9.57,1.88,1.45,0
240.0,300.0,:1177211769_6_0,:1177211769_6,0,7.64,7.09,0,0.0,7.64,87.95,76.64,0.97,13.44,11.87,-1.71,-5.0,2
240.0,300.0,:1177211769_8_0,:1177211769_8,0,3.65,4.23,0,0.0,3.65,,,,,,-2.39,-2.39,0
240.0,300.0,:1177211785_0_0,:1177211785_0,0,27.78,10.95,0,0.0,27.78,15.92,8.94,6.93,1.7,1.16,-1.08,-4.85,1
240.0,300.0,:1177211785_6_0,:1177211785_6,0,27.78,11.04,0,0.0,27.78,12.44,7.83,6.66,1.46,1.08,-1.95,-5.0,3
240.0,300.0,:1177211791_0_0,:1177211791_0,0,11.11,11.63,0,0.0,11.11,,,,,,0.22,0.22,0
240.0,300.0,:1177211801_0_0,:1177211801_0,0,11.11,10.74,0,0.0,11.11,,,,,,-0.01,-0.17,0
240.0,300.0,:1177211896_10_0,:1177211896_10,0,8.65,8.1,0,0.0,8.65,,,,,,1.11,-0.09,0
240.0,300.0,:1177211896_6_0,:1177211896_6,0,13.89,13.72,0,0.0,13.89,,,,,,0.91,-0.64,0
240.0,300.0,:1177211896_7_0,:1177211896_7,0,8.65,7.5,0,0.0,8.65,,,,,,-0.9,-4.0,1
240.0,300.0,:1177212006_1_0,:1177212006_1,0,13.89,11.57,0,0.0,13.89,,,,,,1.39,1.04,0
240.0,300.0,:1177212006_7_0,:1177212006_7,0,8.02,6.49,0,0.0,8.02,84.55,83.8,-0.77,13.75,13.22,0.21,-0.73,0
240.0,300.0,:1177212025_4_0,:1177212025_4,0,22.22,13.86,0,0.0,22.22,58.49,55.03,13.78,4.25,3.97,0.51,0.3,0
240.0,300.0,:1177212025_6_0,:1177212025_6,0,22.22,14.52,0,0.0,22.22,50.81,50.81,0.83,3.5,3.5,1.19,1.04,0
240.0,300.0,:1177212028_1_0,:1177212028_1,0,8.2,4.83,0,0.0,8.2,,,,,,-5.0,-5.0,1
240.0,300.0,:1177212028_3_0,:1177212028_3,0,6.46,6.29,0,0.0,6.46,15.29,11.04,4.82,2.57,1.88,0.35,-0.81,0
240.0,300.0,:1177212028_7_0,:1177212028_7,0,27.78,16.24,0,0.0,27.78,82.32,82.32,4.89,5.07,5.07,0.19,0.19,0
240.0,300.0,:1177212028_9_0,:1177212028_9,0,8.2,8.47,0,0.0,8.2,,,,,,2.43,1.86,0
240.0,300.0,:1177212032_6_0,:1177212032_6,0,7.93,8.83,0,0.0,7.93,,,,,,-1.62,-5.0,1
240.0,300.0,:1177212077_0_0,:1177212077_0,0,22.22,11.86,0,0.0,22.22,21.8,21.8,11.86,1.84,1.84,-3.43,-3.43,1
240.0,300.0,:1177212077_6_0,:1177212077_6,0,22.22,11.31,0,0.0,22.22,49.26,48.69,-3.0,4.64,4.41,1.67,0.52,0
240.0,300.0,:1177212096_0_0,:1177212096_0,0,11.11,5.61,0,0.0,11.11,5.04,2.11,0.68,1.72,0.91,0.35,-2.58,0
240.0,300.0,:1177212155_4_0,:1177212155_4,0,13.89,13.13,0,0.0,13.89,,,,,,0.59,-0.98,0
240.0,300.0,:1177212157_0_0,:1177212157_0,0,27.78,17.93,0,0.0,27.78,65.71,58.0,12.13,4.76,3.24,0.61,-0.25,0
240.0,300.0,:1177212157_2_0,:1177212157_2,0,27.78,13.47,0,0.0,27.78,19.28,4.05,-1.79,2.78,1.32,1.12,-2.98,0
240.0,300.0,:1177212157_4_0,:1177212157_4,0,6.76,5.85,0,0.0,6.76,73.31,70.84,-2.3,24.81,12.86,1.82,0.62,0
240.0,300.0,:1177212157_5_0,:1177212157_5,0,7.19,5.63,0,0.0,7.19,18.64,3.01,-2.12,7.61,0.86,0.98,-2.16,0
240.0,300.0,:11843639551_0_0,:11843639551_0,0,11.11,11.18,0,0.0,11.11,,,,,,-0.49,-1.23,0
240.0,300.0,:11843639551_3_0,:11843639551_3,0,8.92,9.94,0,0.0,8.92,,,,,,1.7,0.78,0
240.0,300.0,:1186025287_3_0,:1186025287_3,0,13.89,13.11,0,0.0,13.89,16.47,13.24,-0.82,1.34,1.06,1.62,1.29,0
240.0,300.0,:1186025292_10_0,:1186025292_10,0,8.03,7.05,0,0.0,8.03,,,,,,0.88,0.64,0
240.0,300.0,:1186025292_3_0,:1186025292_3,0,22.22,16.58,0,0.0,22.22,,,,,,-0.03,-0.03,0
240.0,300.0,:1186025292_4_0,:1186025292_4,0,8.03,5.73,0,0.0,8.03,,,,,,-4.0,-4.0,1
240.0,300.0,:1186025303_3_0,:1186025303_3,0,22.22,16.57,0,0.0,22.22,38.47,13.67,3.6,2.81,1.1,-1.14,-3.9,2
240.0,300.0,:1186025305_4_0,:1186025305_4,0,11.11,10.1,0,0.0,11.11,,,,,,-0.53,-1.82,0
240.0,300.0,:1186025305_5_0,:1186025305_5,0,11.11,10.92,0,0.0,11.11,144.95,144.92,-0.21,13.45,13.27,-0.42,-0.93,0
240.0,300.0,:1186025318_1_0,:1186025318_1,0,13.89,13.52,0,0.0,13.89,59.7,17.43,4.16,4.47,1.38,-0.1,-0.65,0
240.0,300.0,:1186025321_5_0,:1186025321_5,0,13.89,11.73,0,0.0,13.89,11.56,10.87,2.51,1.16,1.14,-0.25,-3.02,1
240.0,300.0,:1186025330_0_0,:1186025330_0,0,6.16,2.97,0,0.0,6.16,36.6,0.1,-10.88,48.01,30.4,-0.52,-4.0,2
240.0,300.0,:1186025330_2_0,:1186025330_2,0,22.22,16.65,0,0.0,22.22,47.55,14.74,5.3,3.24,1.05,0.13,-1.57,0
240.0,300.0,:1186025330_3_0,:1186025330_3,0,6.05,5.75,0,0.0,6.05,10.22,9.18,-1.66,1.98,1.71,-1.36,-5.0,1
240.0,300.0,:1186025330_4_0,:1186025330_4,0,6.16,3.47,0,0.0,6.16,69.58,67.59,0.16,44.16,19.5,1.16,0.54,0
240.0,300.0,:1186025346_3_0,:1186025346_3,0,22.22,16.55,0,0.0,22.22,27.03,11.65,5.16,2.03,1.08,-0.76,-3.02,1
240.0,300.0,:1186025349_4_0,:1186025349_4,0,11.11,10.66,0,0.0,11.11,,,,,,0.05,-0.2,0
240.0,300.0,:1186025349_5_0,:1186025349_5,0,11.11,11.62,0,0.0,11.11,28.76,7.66,4.57,2.62,0.96,0.92,-1.01,0
240.0,300.0,:1187083424_1_0,:1187083424_1,0,12.3,11.23,0,0.0,12.3,41.57,41.57,2.2,3.7,3.7,-2.3,-2.3,0
240.0,300.0,:1187083424_2_0,:1187083424_2,0,10.93,10.34,0,0.0,10.93,79.57,70.2,-0.97,7.98,7.58,-0.67,-2.73,0
240.0,300.0,:1187083489_0_0,:1187083489_0,0,11.11,11.39,0,0.0,11.11,,,,,,0.33,-1.1,0
240.0,300.0,:1189036468_3_0,:1189036468_3,1,15.84,17.64,0,0.1,22.22,34.59,15.91,2.82,2.2,1.1,0.06,-1.98,0
240.0,300.0,:1189036484_0_0,:1189036484_0,0,22.22,12.76,0,0.0,22.22,,,,,,1.05,0.46,0
240.0,300.0,:1189036484_6_0,:1189036484_6,0,22.22,16.4,0,0.0,22.22,,,,,,0.44,0.44,0
240.0,300.0,:1189036489_4_0,:1189036489_4,0,13.89,14.07,0,0.0,13.89,18.95,15.43,7.86,1.81,1.72,-1.59,-3.91,5
240.0,300.0,:1189036513_4_0,:1189036513_4,0,13.89,12.57,0,0.0,13.89,,,,,,1.2,0.74,0
240.0,300.0,:1189036513_5_0,:1189036513_5,0,13.89,13.25,0,0.0,13.89,91.6,91.6,0.79,6.91,6.91,0.59,0.59,0
240.0,300.0,:1189036518_4_0,:1189036518_4,0,13.89,14.44,0,0.0,13.89,49.48,33.07,0.82,3.84,3.01,-0.19,-0.99,0
240.0,300.0,:1189036526_3_0,:1189036526_3,0,11.11,9.87,0,0.0,11.11,66.62,66.59,0.13,6.8,6.75,0.44,-0.32,0
240.0,300.0,:1189036584_3_0,:1189036584_3,0,6.32,7.0,0,0.0,6.32,97.47,96.48,-3.49,14.45,13.78,-0.66,-0.97,0
240.0,300.0,:1189036584_4_0,:1189036584_4,0,8.72,8.35,0,0.0,8.72,,,,,,1.36,0.62,0
240.0,300.0,:1189036584_5_0,:1189036584_5,0,3.65,3.53,0,0.0,3.65,,,,,,-0.38,-3.57,1
240.0,300.0,:1189036584_7_0,:1189036584_7,0,11.11,12.41,0,0.0,11.11,,,,,,-0.13,-0.55,0
240.0,300.0,:1189036615_2_0,:1189036615_2,0,22.22,15.79,0,0.0,22.22,13.88,9.58,4.07,1.42,1.12,-1.6,-4.48,7
240.0,300.0,:1189036617_3_0,:1189036617_3,0,11.11,12.53,0,0.0,11.11,,,,,,0.05,-0.72,0
240.0,300.0,:1189036644_3_1,:1189036644_3,0,11.11,11.31,0,0.0,11.11,,,,,,-0.92,-0.92,0
240.0,300.0,:1189036694_3_0,:1189036694_3,0,11.11,10.81,0,0.0,11.11,32.57,13.43,2.36,3.24,1.31,0.01,-0.87,0
240.0,300.0,:1189036707_6_0,:1189036707_6,0,22.22,16.39,0,0.0,22.22,,,,,,0.11,-0.4,0
240.0,300.0,:1189036717_0_1,:1189036717_0,0,16.67,17.46,0,0.0,16.67,155.99,155.78,0.61,12.13,12.07,-0.06,-1.45,0
240.0,300.0,:1189036717_2_0,:1189036717_2,0,6.23,5.86,0,0.0,6.23,,,,,,-1.57,-1.96,0
240.0,300.0,:1189036717_3_0,:1189036717_3,0,6.04,6.34,0,0.0,6.04,,,,,,-0.69,-1.1,0
240.0,300.0,:1189036737_4_0,:1189036737_4,0,22.22,17.85,0,0.0,22.22,44.04,21.4,5.9,2.59,1.22,-0.48,-1.49,0
240.0,300.0,:1189036737_5_0,:1189036737_5,0,22.22,17.59,0,0.0,22.22,87.94,81.26,-1.78,5.96,4.81,-0.51,-2.15,0
240.0,300.0,:1189036766_0_0,:1189036766_0,0,13.89,13.64,0,0.0,13.89,98.58,98.41,0.24,7.36,7.24,-0.5,-0.95,0
240.0,300.0,:1189036766_6_0,:1189036766_6,0,7.06,5.42,0,0.0,7.06,,,,,,-0.88,-2.92,0
240.0,300.0,:1189036766_7_0,:1189036766_7,0,13.89,12.77,0,0.0,13.89,17.61,16.87,-1.42,1.62,1.57,1.6,0.68,0
240.0,300.0,:1189036777_0_0,:1189036777_0,0,22.22,16.41,0,0.0,22.22,32.25,12.78,4.73,2.46,1.1,-0.83,-4.54,4
240.0,300.0,:1189036777_6_0,:1189036777_6,0,22.22,12.27,0,0.0,22.22,,,,,,1.12,0.92,0
240.0,300.0,:1189036795_0_0,:1189036795_0,0,16.67,17.01,0,0.0,16.67,,,,,,0.72,0.42,0
240.0,300.0,:1189036795_3_0,:1189036795_3,0,6.51,6.67,0,0.0,6.51,,,,,,1.76,1.07,0
240.0,300.0,:1189036817_0_0,:1189036817_0,0,16.67,17.06,0,0.0,16.67,106.31,96.91,4.9,7.33,7.09,0.37,-0.48,0
240.0,300.0,:1189036857_1_0,:1189036857_1,0,22.22,17.87,0,0.0,22.22,69.86,18.63,1.7,4.42,1.18,0.72,-2.24,0
240.0,300.0,:1189036857_2_0,:1189036857_2,0,22.22,17.5,0,0.0,22.22,26.37,19.31,0.41,1.55,1.15,0.04,-1.5,0
240.0,300.0,:1189036859_3_0,:1189036859_3,0,11.11,9.75,0,0.0,11.11,83.16,67.45,-0.21,8.8,7.17,-0.39,-1.01,0
240.0,300.0,:1189036870_3_0,:1189036870_3,0,11.11,10.76,0,0.0,11.11,,,,,,-0.48,-0.53,0
240.0,300.0,:1189036932_0_0,:1189036932_0,1,7.05,8.28,0,0.25,7.5,50.95,27.06,-0.35,6.47,3.63,-1.16,-4.0,3
240.0,300.0,:1189036932_10_0,:1189036932_10,0,7.81,7.62,0,0.0,7.81,89.88,89.06,-1.15,13.26,12.07,0.56,-0.64,0
240.0,300.0,:1189036932_4_0,:1189036932_4,0,7.81,7.49,0,0.0,7.81,88.48,88.48,-0.94,16.09,16.09,-1.71,-4.0,2
240.0,300.0,:1189036935_0_0,:1189036935_0,0,11.11,12.14,0,0.0,11.11,10.18,9.7,1.95,1.07,1.03,-0.6,-2.95,0
240.0,300.0,:1189036937_1_0,:1189036937_1,0,22.22,17.99,0,0.0,22.22,69.78,18.28,-1.09,4.91,1.12,0.14,-1.45,0
240.0,300.0,:1189036937_2_0,:1189036937_2,0,22.22,17.96,0,0.0,22.22,23.88,19.43,0.35,1.38,1.16,0.11,-4.0,1
240.0,300.0,:1189868548_0_0,:1189868548_0,0,5.85,5.31,0,0.0,5.85,,,,,,0.42,-2.05,0
240.0,300.0,:1189868548_2_0,:1189868548_2,0,27.78,17.61,0,0.0,27.78,49.01,15.35,4.3,3.32,1.21,-0.36,-3.13,1
240.0,300.0,:1189868548_2_1,:1189868548_2,0,27.78,17.04,0,0.0,27.78,55.43,31.95,1.88,3.35,1.87,-0.31,-1.67,0
240.0,300.0,:1189868548_4_0,:1189868548_4,0,10.64,11.17,0,0.0,10.64,17.78,13.79,-1.81,1.75,1.42,-1.47,-5.0,3
240.0,300.0,:1189868561_0_0,:1189868561_0,1,9.83,12.8,0,0.48,11.11,36.55,12.33,-0.69,3.53,1.27,-0.04,-1.21,0
240.0,300.0,:1189868590_4_0,:1189868590_4,0,13.89,13.68,0,0.0,13.89,176.17,174.03,8.76,13.19,13.05,0.48,-0.07,0
240.0,300.0,:1189868590_6_0,:1189868590_6,1,13.6,13.66,0,0.18,13.89,75.8,31.86,7.94,5.67,2.37,0.49,-1.54,0
240.0,300.0,:1189868591_3_0,:1189868591_3,1,4.23,6.16,0,0.22,6.53,,,,,,-2.46,-4.08,2
240.0,300.0,:1189868591_4_0,:1189868591_4,0,13.89,13.68,0,0.0,13.89,136.66,133.88,11.47,10.08,9.96,-0.04,-0.49,0
240.0,300.0,:1189868598_0_0,:1189868598_0,0,22.22,17.83,0,0.0,22.22,39.71,24.21,5.14,2.8,1.4,0.26,-0.56,0
240.0,300.0,:1190100058_0_0,:1190100058_0,0,6.88,6.24,0,0.0,6.88,,,,,,-0.49,-2.11,0
240.0,300.0,:1190100058_14_0,:1190100058_14,0,8.32,7.95,0,0.0,8.32,96.04,89.3,-9.17,13.34,12.35,0.78,-0.89,0
240.0,300.0,:1190100061_0_0,:1190100061_0,0,22.22,17.38,0,0.0,22.22,47.05,47.05,1.57,3.12,3.12,-0.24,-0.74,0
240.0,300.0,:1190100064_0_0,:1190100064_0,0,11.11,10.57,0,0.0,11.11,,,,,,0.62,0.62,0
240.0,300.0,:1190100093_6_0,:1190100093_6,0,13.89,12.67,0,0.0,13.89,,,,,,1.53,1.14,0
240.0,300.0,:1190100107_2_0,:1190100107_2,0,11.11,11.54,0,0.0,11.11,154.16,54.85,4.02,15.21,4.97,-0.05,-1.2,0
240.0,300.0,:1190100120_1_0,:1190100120_1,0,19.45,14.88,0,0.0,19.45,18.19,18.19,2.49,1.56,1.56,-1.04,-4.34,1
240.0,300.0,:1190100138_3_0,:1190100138_3,0,11.11,12.49,0,0.0,11.11,152.14,9.36,1.45,16.25,1.06,-0.09,-1.29,0
240.0,300.0,:1190100139_1_0,:1190100139_1,0,11.11,10.59,0,0.0,11.11,78.08,14.36,-0.26,7.87,1.36,0.34,-0.27,0
240.0,300.0,:1190100178_0_0,:1190100178_0,0,11.11,10.11,0,0.0,11.11,,,,,,-0.54,-0.99,0
240.0,300.0,:1190100182_0_0,:1190100182_0,0,13.89,15.83,0,0.0,13.89,,,,,,0.14,-1.06,0
240.0,300.0,:1190100185_0_0,:1190100185_0,0,27.78,14.26,0,0.0,27.78,21.24,20.55,3.19,1.63,1.59,0.51,-3.25,1
240.0,300.0,:1190100199_0_0,:1190100199_0,0,11.11,12.6,0,0.0,11.11,62.06,18.26,-0.75,5.49,1.45,0.05,-0.7,0
240.0,300.0,:1190100244_3_0,:1190100244_3,0,11.11,12.28,0,0.0,11.11,,,,,,0.59,0.59,0
240.0,300.0,:1190100277_0_0,:1190100277_0,0,11.11,10.4,0,0.0,11.11,,,,,,-0.54,-0.9,0
240.0,300.0,:1190100287_1_0,:1190100287_1,0,13.89,15.24,0,0.0,13.89,,,,,,0.29,-0.37,0
240.0,300.0,:1190100324_4_0,:1190100324_4,0,11.11,10.29,0,0.0,11.11,,,,,,1.24,1.12,0
240.0,300.0,:1190100352_0_0,:1190100352_0,0,27.78,17.38,0,0.0,27.78,,,,,,1.64,1.27,0
240.0,300.0,:1190100352_6_0,:1190100352_6,0,27.78,16.85,0,0.0,27.78,90.49,90.49,11.27,5.37,5.37,-1.16,-1.48,0
240.0,300.0,:1190100379_1_0,:1190100379_1,0,11.11,14.23,0,0.0,11.11,,,,,,0.25,-1.52,0
240.0,300.0,:1190100379_2_0,:1190100379_2,0,11.11,10.99,0,0.0,11.11,,,,,,-0.35,-0.57,0
240.0,300.0,:1190100407_0_0,:1190100407_0,0,11.11,12.2,0,0.0,11.11,126.08,50.16,-2.36,10.91,4.74,-0.43,-1.83,0
240.0,300.0,:1190100487_1_0,:1190100487_1,0,11.11,11.37,0,0.0,11.11,,,,,,-0.8,-0.92,0
240.0,300.0,:1190100495_3_0,:1190100495_3,0,11.11,12.03,0,0.0,11.11,49.73,20.78,2.95,4.3,1.87,-0.3,-1.07,0
240.0,300.0,:1190100498_2_0,:1190100498_2,0,11.11,13.1,0,0.0,11.11,24.33,9.91,0.11,2.4,1.06,0.21,-1.93,0
240.0,300.0,:1190100514_0_0,:1190100514_0,0,11.11,10.3,0,0.0,11.11,,,,,,-0.27,-2.12,0
240.0,300.0,:1190128192_0_0,:1190128192_0,0,22.22,17.26,0,0.0,22.22,42.97,17.72,6.2,2.71,1.16,0.02,-1.28,0
240.0,300.0,:1190128206_13_0,:1190128206_13,0,13.89,10.14,0,0.0,13.89,,,,,,2.22,1.83,0
240.0,300.0,:1190128211_5_0,:1190128211_5,0,13.89,8.5,0,0.0,13.89,18.74,8.69,0.91,2.73,1.39,0.67,-2.04,0
240.0,300.0,:1190128222_10_0,:1190128222_10,0,7.97,7.63,0,0.0,7.97,138.43,134.82,6.63,19.77,17.67,1.39,0.92,0
240.0,300.0,:1190128222_1_0,:1190128222_1,0,8.13,7.87,0,0.0,8.13,,,,,,0.95,-1.08,0
240.0,300.0,:1190128222_7_0,:1190128222_7,0,7.97,5.55,0,0.0,7.97,144.76,144.76,4.26,26.1,26.1,-3.9,-3.9,1
240.0,300.0,:1190128225_11_0,:1190128225_11,0,3.65,3.53,0,0.0,3.65,,,,,,-0.91,-1.09,0
240.0,300.0,:1190128237_0_0,:1190128237_0,0,11.11,10.17,0,0.0,11.11,,,,,,0.43,0.12,0
240.0,300.0,:1190128241_0_0,:1190128241_0,0,13.89,16.47,0,0.0,13.89,137.55,135.9,6.18,8.42,8.25,1.24,0.03,0
240.0,300.0,:1190128241_4_0,:1190128241_4,1,1.61,1.61,0,0.07,7.73,15.4,11.99,-13.99,13.12,11.66,1.61,1.58,0
240.0,300.0,:1190128257_13_0,:1190128257_13,0,13.89,9.62,0,0.0,13.89,75.21,47.76,-2.08,10.24,5.91,1.31,0.49,0
240.0,300.0,:1190128257_14_0,:1190128257_14,0,8.59,9.55,0,0.0,8.59,,,,,,1.46,0.93,0
240.0,300.0,:1190128270_0_0,:1190128270_0,0,11.11,11.56,0,0.0,11.11,,,,,,-0.77,-0.98,0
240.0,300.0,:1190128270_6_0,:1190128270_6,0,11.11,11.02,0,0.0,11.11,,,,,,0.18,0.04,0
240.0,300.0,:1190128289_0_0,:1190128289_0,0,13.89,7.91,0,0.0,13.89,7.93,5.6,-1.17,1.37,1.16,1.33,0.58,0
240.0,300.0,:1190128289_10_0,:1190128289_10,0,3.65,3.39,0,0.0,3.65,6.64,5.82,0.79,2.52,1.72,1.52,1.08,0
240.0,300.0,:1190128289_2_0,:1190128289_2,0,3.65,1.1,0,0.0,3.65,7.01,7.01,-1.22,6.37,6.37,2.2,2.2,0
240.0,300.0,:1190128289_7_0,:1190128289_7,0,13.89,9.87,0,0.0,13.89,15.34,4.18,2.23,3.62,0.95,-1.03,-4.39,6
240.0,300.0,:1190128318_0_1,:1190128318_0,0,11.11,11.66,0,0.0,11.11,22.29,22.28,0.07,2.08,2.06,0.66,-0.43,0
240.0,300.0,:1190128320_10_0,:1190128320_10,0,7.64,6.22,0,0.0,7.64,60.42,54.03,2.3,28.57,10.04,0.61,-1.4,0
240.0,300.0,:1190128320_1_0,:1190128320_1,0,13.89,13.58,0,0.0,13.89,65.29,63.5,5.82,4.85,4.68,0.67,-0.88,0
240.0,300.0,:1190128320_4_0,:1190128320_4,0,7.64,6.12,0,0.0,7.64,64.19,62.6,0.46,21.68,10.24,-1.04,-4.0,3
240.0,300.0,:1190128334_1_0,:1190128334_1,0,3.65,3.45,0,0.0,3.65,,,,,,0.65,0.08,0
240.0,300.0,:1190128334_2_0,:1190128334_2,0,6.67,6.43,0,0.0,6.67,51.97,48.85,-5.97,8.47,7.6,-1.7,-4.0,1
240.0,300.0,:1190128334_3_0,:1190128334_3,0,11.11,11.8,0,0.0,11.11,,,,,,0.1,-0.54,0
240.0,300.0,:1190128345_0_0,:1190128345_0,0,11.11,11.11,0,0.0,11.11,,,,,,-0.74,-1.28,0
240.0,300.0,:1190128345_6_0,:1190128345_6,0,11.11,11.35,0,0.0,11.11,,,,,,-0.65,-0.65,0
240.0,300.0,:1191714336_4_0,:1191714336_4,0,22.22,13.62,0,0.0,22.22,85.83,82.43,13.31,6.46,6.05,0.91,0.61,0
240.0,300.0,:1191714336_6_0,:1191714336_6,0,22.22,17.53,0,0.0,22.22,46.45,46.45,3.67,2.65,2.65,0.52,-0.31,0
240.0,300.0,:1191714373_0_0,:1191714373_0,0,22.22,11.56,0,0.0,22.22,113.99,108.29,11.02,10.38,9.37,1.16,0.99,0
240.0,300.0,:1191714373_7_0,:1191714373_7,0,22.22,17.75,0,0.0,22.22,38.32,36.7,5.84,2.2,2.16,-0.21,-1.44,0
240.0,300.0,:1191863693_4_0,:1191863693_4,0,6.05,5.9,0,0.0,6.05,46.44,43.55,-5.73,8.55,7.55,-1.37,-5.0,1
240.0,300.0,:1191863749_2_0,:1191863749_2,0,6.49,7.41,0,0.0,6.49,,,,,,-1.65,-4.4,2
240.0,300.0,:1191863749_3_0,:1191863749_3,0,19.45,13.38,0,0.0,19.45,20.52,12.45,1.12,1.75,1.03,-0.77,-3.62,1
240.0,300.0,:1191863749_5_0,:1191863749_5,0,7.05,6.86,0,0.0,7.05,,,,,,-0.01,-0.46,0
240.0,300.0,:1191863774_2_0,:1191863774_2,0,6.7,7.21,0,0.0,6.7,8.34,8.18,-0.49,1.16,1.15,-0.39,-3.26,1
240.0,300.0,:1191863802_12_0,:1191863802_12,0,7.4,8.2,0,0.0,7.4,,,,,,-3.03,-5.0,2
240.0,300.0,:1191863830_6_0,:1191863830_6,0,2.78,3.2,0,0.07,2.78,,,,,,0.12,-1.14,0
240.0,300.0,:1191863841_0_0,:1191863841_0,0,13.89,13.79,0,0.0,13.89,,,,,,0.32,0.32,0
240.0,300.0,:1191863867_2_0,:1191863867_2,0,6.49,6.66,0,0.0,6.49,,,,,,-3.11,-4.67,3
240.0,300.0,:1191863867_3_0,:1191863867_3,0,11.11,10.91,0,0.0,11.11,11.55,11.48,-0.28,1.11,1.1,0.1,-0.88,0
240.0,300.0,:1191863888_0_0,:1191863888_0,0,11.11,11.33,0,0.0,11.11,,,,,,1.06,1.06,0
240.0,300.0,:1191863915_11_0,:1191863915_11,1,2.89,3.08,0,0.48,3.65,,,,,,-2.07,-3.76,1
240.0,300.0,:1191863915_3_0,:1191863915_3,0,6.72,5.98,0,0.0,6.72,,,,,,-1.18,-4.0,1
240.0,300.0,:1191863915_4_0,:1191863915_4,0,13.89,13.61,0,0.0,13.89,,,,,,-0.08,-0.41,0
240.0,300.0,:1191864018_0_0,:1191864018_0,0,16.67,16.67,0,0.0,16.67,,,,,,-0.55,-1.08,0
240.0,300.0,:1191864018_0_1,:1191864018_0,0,16.67,12.46,0,0.0,16.67,,,,,,2.99,2.99,0
240.0,300.0,:13298747732_1_0,:13298747732_1,0,11.11,6.36,0,0.0,11.11,,,,,,0.46,0.46,0
240.0,300.0,:13300645526_2_0,:13300645526_2,0,27.78,10.68,0,0.0,27.78,9.98,0.69,-0.4,2.2,0.75,-0.53,-4.0,1
240.0,300.0,:13300645527_0_0,:13300645527_0,0,27.78,17.55,0,0.0,27.78,75.68,62.82,7.55,6.55,3.58,1.35,0.16,0
240.0,300.0,:13300645527_1_0,:13300645527_1,1,6.55,13.9,0,0.18,27.78,8.34,0.0,-1.25,3.22,0.54,0.03,-5.0,7
240.0,300.0,:13300645529_0_0,:13300645529_0,1,13.76,15.26,0,0.1,27.78,24.27,3.42,4.79,9.97,1.48,-2.55,-5.0,17
240.0,300.0,:13300645529_1_0,:13300645529_1,0,27.78,17.8,0,0.0,27.78,51.68,43.32,1.93,6.57,2.91,0.85,-1.66,0
240.0,300.0,:13619904153_0_0,:13619904153_0,0,11.11,12.8,0,0.0,11.11,55.44,14.28,3.58,4.99,1.28,-0.09,-2.23,0
240.0,300.0,:13974625520_1_0,:13974625520_1,0,19.45,11.28,0,0.0,19.45,,,,,,-0.53,-0.53,0
240.0,300.0,:13974625520_2_0,:13974625520_2,0,13.58,9.64,0,0.0,13.58,138.69,85.41,-9.65,18.53,9.71,1.85,0.53,0
240.0,300.0,:13977163698_2_0,:13977163698_2,0,6.04,4.66,0,0.0,6.04,,,,,,1.08,0.0,0
240.0,300.0,:5424221999_0_0,:5424221999_0,0,27.78,17.82,0,0.0,27.78,46.11,16.11,2.89,2.72,1.2,-0.37,-1.72,0
240.0,300.0,:5424222002_0_0,:5424222002_0,0,27.78,17.1,0,0.0,27.78,131.16,131.16,-0.24,7.67,7.67,0.25,-1.57,0
240.0,300.0,:5424222002_2_0,:5424222002_2,0,6.11,5.45,0,0.0,6.11,,,,,,0.7,-0.74,0
240.0,300.0,:6173584950_0_0,:6173584950_0,0,11.11,12.44,0,0.0,11.11,105.3,9.95,3.48,11.79,1.19,-0.03,-1.43,0
240.0,300.0,:6311588102_0_0,:6311588102_0,0,27.78,16.51,0,0.0,27.78,20.86,15.68,-1.18,1.52,1.21,-0.18,-1.82,0
240.0,300.0,:6311588103_0_0,:6311588103_0,0,27.78,17.48,0,0.0,27.78,,,,,,-0.23,-0.36,0
240.0,300.0,:6469564795_1_0,:6469564795_1,0,7.86,5.92,0,0.0,7.86,118.94,118.94,-6.95,20.08,20.08,-3.11,-3.11,1
240.0,300.0,:6469564795_4_0,:6469564795_4,0,8.23,5.63,0,0.0,8.23,48.57,44.1,-2.09,20.76,8.22,1.61,0.92,0
240.0,300.0,:6469564795_6_0,:6469564795_6,0,6.78,6.58,0,0.0,6.78,21.95,20.3,-3.15,3.41,3.17,-1.31,-4.7,2
240.0,300.0,:6469564795_7_0,:6469564795_7,0,13.89,15.01,0,0.0,13.89,120.42,120.42,5.69,8.97,8.97,-0.11,-1.0,0
240.0,300.0,:6469564795_9_0,:6469564795_9,0,7.86,7.82,0,0.0,7.86,126.92,122.73,-8.08,17.71,16.76,1.27,1.19,0
240.0,300.0,:6469974905_3_0,:6469974905_3,0,11.11,12.35,0,0.0,11.11,87.39,52.67,2.99,8.17,4.67,0.47,-0.99,0
240.0,300.0,:6544715978_2_0,:6544715978_2,0,6.02,5.88,0,0.0,6.02,,,,,,-1.97,-5.0,1
240.0,300.0,:663804415_3_0,:663804415_3,0,11.11,10.59,0,0.0,11.11,49.18,49.18,2.74,4.65,4.65,-0.24,-0.24,0
240.0,300.0,:663825934_1_0,:663825934_1,0,11.11,10.51,0,0.0,11.11,,,,,,1.62,0.5,0
240.0,300.0,:663825934_3_0,:663825934_3,0,6.15,8.03,0,0.0,6.15,,,,,,-1.57,-3.87,2
240.0,300.0,:663825934_4_0,:663825934_4,0,19.45,13.49,0,0.0,19.45,,,,,,-0.54,-0.8,0
240.0,300.0,:663825934_6_0,:663825934_6,0,11.11,9.31,0,0.0,11.11,51.62,16.87,-2.01,5.77,2.06,1.77,0.47,0
240.0,300.0,:663825934_7_0,:663825934_7,0,7.03,6.34,0,0.0,7.03,,,,,,-0.59,-1.65,0
240.0,300.0,:663842386_2_0,:663842386_2,0,6.3,5.88,0,0.0,6.3,,,,,,-1.89,-4.41,1
240.0,300.0,:663842386_3_0,:663842386_3,0,11.11,10.46,0,0.0,11.11,23.91,9.18,2.9,2.61,1.08,0.0,-1.8,0
240.0,300.0,:663940642_3_0,:663940642_3,0,8.31,8.91,0,0.0,8.31,96.74,95.86,-3.57,10.86,10.76,-1.22,-5.0,1
240.0,300.0,:663943263_1_0,:663943263_1,0,7.5,6.71,0,0.0,7.5,,,,,,-1.08,-4.0,1
240.0,300.0,:663943263_9_0,:663943263_9,0,7.5,6.16,0,0.0,7.5,,,,,,-0.41,-1.1,0
240.0,300.0,:663943275_7_0,:663943275_7,0,11.11,12.29,0,0.0,11.11,20.54,9.52,0.46,2.06,1.04,0.08,-3.32,1
240.0,300.0,:663943276_2_0,:663943276_2,0,11.11,8.13,0,0.0,11.11,42.82,11.25,-2.86,6.59,1.85,1.23,0.47,0
240.0,300.0,:663943276_3_0,:663943276_3,0,6.77,7.18,0,0.0,6.77,30.91,6.93,-4.88,5.26,1.29,-0.11,-4.16,1
240.0,300.0,:664446124_0_0,:664446124_0,0,8.21,8.77,0,0.0,8.21,,,,,,-1.21,-5.0,1
240.0,300.0,:664446124_1_0,:664446124_1,0,11.11,11.73,0,0.0,11.11,,,,,,-0.15,-0.8,0
240.0,300.0,:664446125_0_0,:664446125_0,0,11.11,12.2,0,0.0,11.11,,,,,,0.5,-0.94,0
240.0,300.0,:664446129_1_0,:664446129_1,0,5.61,5.59,0,0.0,5.61,23.85,13.71,-0.78,4.47,2.76,-0.9,-2.07,0
240.0,300.0,:664446557_1_0,:664446557_1,0,9.44,9.27,0,0.0,9.44,18.35,17.07,-2.24,2.03,1.86,-0.39,-2.74,0
240.0,300.0,:664446557_2_0,:664446557_2,0,11.11,8.76,0,0.0,11.11,216.53,216.53,-5.98,24.72,24.72,1.29,0.81,0
240.0,300.0,:664446557_5_0,:664446557_5,0,22.22,10.05,0,0.0,22.22,30.61,12.44,-6.58,9.31,1.83,1.38,0.46,0
240.0,300.0,:664446571_2_0,:664446571_2,0,6.3,6.81,0,0.0,6.3,26.62,5.47,-3.13,4.19,1.06,-0.75,-4.18,3
240.0,300.0,:664446588_1_0,:664446588_1,0,11.11,12.27,0,0.0,11.11,126.53,125.67,3.09,10.35,10.24,-0.01,-0.36,0
240.0,300.0,:664446590_0_0,:664446590_0,0,27.78,16.8,0,0.0,27.78,28.71,14.41,1.02,1.93,1.18,0.37,-1.41,0
240.0,300.0,:664446590_1_0,:664446590_1,0,6.28,7.96,0,0.0,6.28,87.58,83.89,-7.02,17.97,16.0,-2.59,-5.0,2
240.0,300.0,:664446590_2_0,:664446590_2,0,6.02,5.96,0,0.0,6.02,95.08,71.08,-13.0,39.97,16.76,0.84,-0.78,0
240.0,300.0,:664446593_1_0,:664446593_1,0,8.06,10.25,0,0.0,8.06,129.34,126.08,-6.59,18.67,18.17,-1.53,-5.0,2
240.0,300.0,:664446593_3_0,:664446593_3,0,6.55,6.6,0,0.0,6.55,85.5,83.55,-6.94,14.3,12.66,-3.56,-4.89,1
240.0,300.0,:664446594_6_0,:664446594_6,0,11.11,9.74,0,0.0,11.11,86.59,86.59,-2.46,9.13,9.13,0.19,-0.41,0
240.0,300.0,:664446599_7_0,:664446599_7,0,11.11,9.91,0,0.0,11.11,93.52,92.62,-2.29,9.72,9.42,0.16,-0.76,0
240.0,300.0,:664447004_10_0,:664447004_10,0,8.05,7.28,0,0.0,8.05,,,,,,1.26,1.01,0
240.0,300.0,:664447004_4_0,:664447004_4,0,11.11,10.07,0,0.0,11.11,,,,,,-0.44,-1.64,0
240.0,300.0,:664447004_7_0,:664447004_7,0,8.05,5.4,0,0.0,8.05,,,,,,-4.0,-4.0,1
240.0,300.0,:664447206_0_0,:664447206_0,0,6.33,6.09,0,0.0,6.33,,,,,,0.35,-0.55,0
240.0,300.0,:664447208_7_0,:664447208_7,0,11.11,12.69,0,0.0,11.11,,,,,,-0.22,-0.22,0
240.0,300.0,:664472662_0_0,:664472662_0,1,5.71,7.82,0,0.54,7.19,35.7,9.95,-5.28,5.66,1.45,-1.85,-5.0,6
240.0,300.0,:664472699_0_0,:664472699_0,0,6.58,4.55,0,0.0,6.58,5.26,3.65,-1.44,2.2,1.03,1.82,0.79,0
240.0,300.0,:664472699_2_0,:664472699_2,1,7.35,16.67,0,0.22,22.22,17.91,8.59,7.3,1.59,1.14,-2.44,-5.0,11
240.0,300.0,:664472703_0_0,:664472703_0,0,11.11,9.75,0,0.0,11.11,,,,,,1.75,1.27,0
240.0,300.0,:664472703_10_0,:664472703_10,0,11.11,11.67,0,0.0,11.11,,,,,,-0.28,-1.65,0
240.0,300.0,:664472703_11_0,:664472703_11,0,7.46,7.11,0,0.0,7.46,,,,,,-2.08,-2.95,0
240.0,300.0,:664472703_14_0,:664472703_14,0,7.46,6.85,0,0.0,7.46,,,,,,1.39,0.98,0
240.0,300.0,:664472707_3_0,:664472707_3,0,3.65,4.08,0,0.0,3.65,,,,,,1.32,1.03,0
240.0,300.0,:664472708_7_0,:664472708_7,0,8.46,8.2,0,0.0,8.46,,,,,,-0.49,-1.7,0
240.0,300.0,:664472749_0_0,:664472749_0,0,11.11,10.84,0,0.0,11.11,45.79,45.56,-1.06,4.27,4.25,1.34,0.44,0
240.0,300.0,:664472749_1_0,:664472749_1,0,6.14,6.55,0,0.0,6.14,145.49,145.49,-7.98,27.19,27.19,-2.23,-5.0,3
240.0,300.0,:664472751_0_0,:664472751_0,0,6.36,6.89,0,0.0,6.36,,,,,,1.37,1.31,0
240.0,300.0,:664472751_1_0,:664472751_1,0,7.8,7.97,0,0.0,7.8,45.42,42.68,-3.6,6.34,6.0,0.27,-1.69,0
240.0,300.0,:664472751_2_0,:664472751_2,0,11.11,9.91,0,0.0,11.11,,,,,,0.03,-0.32,0
240.0,300.0,:664472776_3_0,:664472776_3,0,6.02,5.76,0,0.0,6.02,,,,,,-1.41,-4.0,1
240.0,300.0,:7371768928_0_0,:7371768928_0,0,11.11,12.22,0,0.0,11.11,,,,,,1.69,1.69,0
240.0,300.0,:7371768928_1_0,:7371768928_1,0,11.11,10.76,0,0.0,11.11,,,,,,1.59,1.59,0
240.0,300.0,:cluster_10279701138_664472033_15_0,:cluster_10279701138_664472033_15,0,7.46,7.55,0,0.0,7.46,63.1,19.18,-4.08,9.02,2.77,0.44,-1.19,0
240.0,300.0,:cluster_10279701138_664472033_3_0,:cluster_10279701138_664472033_3,0,7.46,7.47,0,0.0,7.46,17.11,16.65,-0.79,2.58,2.32,-1.7,-5.0,1
240.0,300.0,:cluster_10279701138_664472033_8_1,:cluster_10279701138_664472033_8,0,27.78,13.6,0,0.0,27.78,172.58,172.58,0.78,12.69,12.69,0.03,0.03,0
240.0,300.0,:cluster_10279701141_664472702_0_0,:cluster_10279701141_664472702_0,0,11.11,11.05,0,0.0,11.11,67.9,36.17,4.3,6.49,3.61,0.22,-1.2,0
240.0,300.0,:cluster_10279701141_664472702_10_0,:cluster_10279701141_664472702_10,0,10.16,9.47,0,0.0,10.16,73.56,7.82,-4.33,10.17,1.06,1.37,0.18,0
240.0,300.0,:cluster_10279701141_664472702_11_0,:cluster_10279701141_664472702_11,0,6.02,5.68,0,0.0,6.02,55.79,55.79,1.93,9.83,9.83,-0.45,-0.45,0
240.0,300.0,:cluster_10279701141_664472702_2_0,:cluster_10279701141_664472702_2,0,6.02,5.9,0,0.0,6.02,57.39,56.76,2.36,9.92,9.62,-1.77,-4.0,1
240.0,300.0,:cluster_10279701141_664472702_5_0,:cluster_10279701141_664472702_5,0,27.78,17.78,0,0.0,27.78,50.64,47.85,-1.47,3.5,3.21,-0.08,-0.92,0
240.0,300.0,:cluster_10279701141_664472702_8_0,:cluster_10279701141_664472702_8,0,9.6,9.3,0,0.0,9.6,36.42,20.61,-4.92,14.73,2.66,0.93,0.49,0
240.0,300.0,:cluster_10279701141_664472702_9_0,:cluster_10279701141_664472702_9,0,16.66,10.55,0,0.0,16.66,,,,,,1.7,0.52,0
240.0,300.0,:cluster_10279701142_664471710_0_0,:cluster_10279701142_664471710_0,0,11.11,12.56,0,0.0,11.11,79.37,77.26,2.53,6.55,6.26,0.24,-1.05,0
240.0,300.0,:cluster_10279701142_664471710_10_0,:cluster_10279701142_664471710_10,0,27.78,17.13,0,0.0,27.78,63.3,30.72,-0.03,4.29,1.91,-0.06,-0.87,0
240.0,300.0,:cluster_10279701142_664471710_10_1,:cluster_10279701142_664471710_10,0,27.78,17.91,0,0.0,27.78,68.92,40.52,8.39,4.05,2.26,1.3,0.35,0
240.0,300.0,:cluster_10279701142_664471710_15_0,:cluster_10279701142_664471710_15,0,11.11,6.77,0,0.0,11.11,,,,,,1.69,0.76,0
240.0,300.0,:cluster_10279701142_664471710_16_0,:cluster_10279701142_664471710_16,0,10.39,6.14,0,0.0,10.39,,,,,,1.54,1.1,0
240.0,300.0,:cluster_10279701142_664471710_1_0,:cluster_10279701142_664471710_1,0,11.11,11.78,0,0.0,11.11,139.41,74.26,7.77,12.85,7.12,0.06,-1.87,0
240.0,300.0,:cluster_10279701142_664471710_1_1,:cluster_10279701142_664471710_1,0,11.11,10.64,0,0.0,11.11,,,,,,0.05,-0.31,0
240.0,300.0,:cluster_10279701142_664471710_3_0,:cluster_10279701142_664471710_3,0,5.59,5.27,0,0.0,5.59,105.12,103.88,-2.07,21.11,19.73,-1.65,-4.0,1
240.0,300.0,:cluster_10279701142_664471710_5_0,:cluster_10279701142_664471710_5,0,8.42,7.57,0,0.0,8.42,46.07,3.83,-5.64,13.86,1.12,1.08,-1.16,0
240.0,300.0,:cluster_10279701142_664471710_6_0,:cluster_10279701142_664471710_6,0,11.11,8.45,0,0.0,11.11,103.86,100.01,-1.79,37.38,12.45,1.86,0.84,0
240.0,300.0,:cluster_10279701142_664471710_7_0,:cluster_10279701142_664471710_7,0,11.11,5.49,0,0.0,11.11,56.22,29.91,-7.11,29.9,11.75,0.15,-4.0,2
240.0,300.0,:cluster_10279761592_11942000229_11942000233_663943274_0_0,:cluster_10279761592_11942000229_11942000233_663943274_0,1,7.23,9.2,0,0.13,9.3,67.76,64.39,-6.98,10.47,9.83,1.45,0.87,0
240.0,300.0,:cluster_10279761592_11942000229_11942000233_663943274_12_0,:cluster_10279761592_11942000229_11942000233_663943274_12,0,6.41,6.75,0,0.0,6.41,98.89,98.59,1.38,14.67,14.65,1.06,-0.04,0
240.0,300.0,:cluster_10279761592_11942000229_11942000233_663943274_13_0,:cluster_10279761592_11942000229_11942000233_663943274_13,0,5.31,4.67,0,0.0,5.31,,,,,,-0.14,-0.96,0
240.0,300.0,:cluster_10279761592_11942000229_11942000233_663943274_1_0,:cluster_10279761592_11942000229_11942000233_663943274_1,0,11.11,12.02,0,0.0,11.11,,,,,,0.32,-1.05,0
240.0,300.0,:cluster_10279761592_11942000229_11942000233_663943274_2_0,:cluster_10279761592_11942000229_11942000233_663943274_2,0,6.41,5.67,0,0.0,6.41,99.97,99.97,0.96,17.63,17.63,-3.23,-3.23,1
240.0,300.0,:cluster_10279761592_11942000229_11942000233_663943274_3_0,:cluster_10279761592_11942000229_11942000233_663943274_3,0,5.31,4.88,0,0.0,5.31,,,,,,-1.64,-3.82,1
240.0,300.0,:cluster_10279761592_11942000229_11942000233_663943274_9_0,:cluster_10279761592_11942000229_11942000233_663943274_9,0,11.11,10.74,0,0.0,11.11,36.19,6.95,-3.56,9.61,1.04,1.47,-0.15,0
240.0,300.0,:cluster_10281958922_663940594_1_1,:cluster_10281958922_663940594_1,1,8.3,15.43,0,0.17,13.89,,,,,,-2.65,-5.0,2
240.0,300.0,:cluster_10281958922_663940594_4_0,:cluster_10281958922_663940594_4,0,10.62,10.8,0,0.0,10.62,46.11,5.27,-6.83,13.22,1.83,1.42,-1.33,0
240.0,300.0,:cluster_10281958922_663940594_5_0,:cluster_10281958922_663940594_5,0,11.11,9.98,0,0.0,11.11,64.82,63.56,-0.79,7.46,6.52,0.94,-2.05,0
240.0,300.0,:cluster_10281958922_663940594_7_0,:cluster_10281958922_663940594_7,0,22.23,16.27,0,0.0,22.23,,,,,,-0.13,-0.85,0
240.0,300.0,:cluster_10281958922_663940594_7_1,:cluster_10281958922_663940594_7,0,22.23,17.93,0,0.0,22.23,33.7,19.78,2.09,2.15,1.55,-0.28,-1.53,0
240.0,300.0,:cluster_10281958925_10281958926_6508834064_6508834065_#1more_0_0,:cluster_10281958925_10281958926_6508834064_6508834065_#1more_0,0,15.28,13.82,0,0.0,15.28,78.96,54.45,2.66,10.07,3.94,1.66,0.31,0
240.0,300.0,:cluster_10281958925_10281958926_6508834064_6508834065_#1more_10_0,:cluster_10281958925_10281958926_6508834064_6508834065_#1more_10,0,15.23,12.32,0,0.0,15.23,,,,,,1.68,0.77,0
240.0,300.0,:cluster_10281958925_10281958926_6508834064_6508834065_#1more_16_0,:cluster_10281958925_10281958926_6508834064_6508834065_#1more_16,1,3.85,7.95,0,0.28,9.86,18.05,4.16,-4.89,5.76,1.02,1.32,-0.46,0
240.0,300.0,:cluster_10281958925_10281958926_6508834064_6508834065_#1more_1_0,:cluster_10281958925_10281958926_6508834064_6508834065_#1more_1,0,16.67,13.5,0,0.0,16.67,,,,,,-0.42,-2.0,0
240.0,300.0,:cluster_10281958925_10281958926_6508834064_6508834065_#1more_6_0,:cluster_10281958925_10281958926_6508834064_6508834065_#1more_6,0,16.67,16.57,0,0.0,16.67,84.92,15.74,-0.47,6.03,1.12,0.12,-1.09,0
240.0,300.0,:cluster_10281958925_10281958926_6508834064_6508834065_#1more_6_1,:cluster_10281958925_10281958926_6508834064_6508834065_#1more_6,0,16.67,16.5,0,0.0,16.67,137.5,137.45,0.03,10.06,9.93,-0.2,-0.77,0
240.0,300.0,:cluster_10281958925_10281958926_6508834064_6508834065_#1more_8_0,:cluster_10281958925_10281958926_6508834064_6508834065_#1more_8,1,1.6,5.37,0,0.32,9.86,5.31,0.0,-3.21,4.88,0.5,0.07,-3.96,4
240.0,300.0,:cluster_10281958932_663804338_0_0,:cluster_10281958932_663804338_0,0,16.67,17.1,0,0.0,16.67,85.63,85.61,-0.69,6.4,6.3,0.76,0.39,0
240.0,300.0,:cluster_10281958932_663804338_0_1,:cluster_10281958932_663804338_0,0,16.67,16.48,0,0.0,16.67,,,,,,0.71,0.11,0
240.0,300.0,:cluster_10281958932_663804338_3_0,:cluster_10281958932_663804338_3,0,10.63,9.65,0,0.0,10.63,,,,,,1.41,0.26,0
240.0,300.0,:cluster_10281958932_663804338_4_1,:cluster_10281958932_663804338_4,0,16.67,15.61,0,0.0,16.67,69.16,17.48,2.96,5.18,1.53,0.24,-0.77,0
240.0,300.0,:cluster_10281958935_12287656430_12287656431_663940647_10_1,:cluster_10281958935_12287656430_12287656431_663940647_10,0,16.67,13.86,0,0.0,16.67,,,,,,0.46,-0.01,0
240.0,300.0,:cluster_10281958935_12287656430_12287656431_663940647_14_0,:cluster_10281958935_12287656430_12287656431_663940647_14,0,8.34,8.51,0,0.0,8.34,48.44,39.23,-9.32,6.81,6.62,0.73,-1.42,0
240.0,300.0,:cluster_10281958935_12287656430_12287656431_663940647_1_0,:cluster_10281958935_12287656430_12287656431_663940647_1,0,16.67,16.58,0,0.0,16.67,,,,,,0.08,-0.71,0
240.0,300.0,:cluster_10281965682_663944134_1_0,:cluster_10281965682_663944134_1,0,11.11,10.87,0,0.0,11.11,,,,,,0.2,-0.64,0
240.0,300.0,:cluster_10281965682_663944134_2_0,:cluster_10281965682_663944134_2,0,5.39,5.24,0,0.0,5.39,1.99,0.18,-0.42,0.42,0.06,-1.91,-5.0,1
240.0,300.0,:cluster_10281965682_663944134_3_0,:cluster_10281965682_663944134_3,0,8.61,9.8,0,0.0,8.61,57.38,24.06,-14.39,23.15,16.97,0.96,-1.79,0
240.0,300.0,:cluster_10281965682_663944134_4_0,:cluster_10281965682_663944134_4,0,11.11,7.13,0,0.0,11.11,,,,,,1.14,-0.95,0
240.0,300.0,:cluster_10281965682_663944134_6_0,:cluster_10281965682_663944134_6,0,27.78,17.59,0,0.0,27.78,80.46,44.75,2.08,4.65,2.6,0.42,-1.19,0
240.0,300.0,:cluster_10281965682_663944134_8_0,:cluster_10281965682_663944134_8,0,5.39,4.03,0,0.0,5.39,5.55,2.4,-4.16,2.15,1.82,0.65,-2.84,0
240.0,300.0,:cluster_10560867453_663943486_1_0,:cluster_10560867453_663943486_1,0,19.45,9.4,0,0.0,19.45,17.24,16.59,-2.64,1.93,1.9,1.51,1.03,0
240.0,300.0,:cluster_10560867453_663943486_2_0,:cluster_10560867453_663943486_2,1,0.97,0.97,0,0.01,11.11,23.11,23.11,-8.12,23.84,23.84,1.94,1.94,0
240.0,300.0,:cluster_10560867453_663943486_6_0,:cluster_10560867453_663943486_6,1,9.08,9.34,0,0.5,8.58,43.48,13.83,-1.99,4.99,1.48,-1.67,-3.96,3
240.0,300.0,:cluster_10917990606_663844223_15_0,:cluster_10917990606_663844223_15,0,27.78,17.1,0,0.0,27.78,68.62,68.62,1.85,4.01,4.01,0.41,0.41,0
240.0,300.0,:cluster_10917990606_663844223_18_0,:cluster_10917990606_663844223_18,0,7.54,7.78,0,0.0,7.54,95.51,93.56,7.2,13.37,12.02,2.47,2.32,0
240.0,300.0,:cluster_10917990606_663844223_1_0,:cluster_10917990606_663844223_1,0,8.47,4.79,0,0.0,8.47,,,,,,0.91,0.52,0
240.0,300.0,:cluster_10917990606_663844223_3_0,:cluster_10917990606_663844223_3,0,7.54,5.31,0,0.0,7.54,103.17,100.76,3.84,29.97,18.97,2.71,2.32,0
240.0,300.0,:cluster_10917990606_663844223_5_0,:cluster_10917990606_663844223_5,0,5.75,5.91,0,0.0,5.75,19.1,7.41,-4.14,4.16,1.7,0.21,-3.54,1
240.0,300.0,:cluster_10917990606_663844223_6_0,:cluster_10917990606_663844223_6,1,7.14,13.53,0,0.21,27.78,36.25,4.56,-2.31,4.77,1.13,1.4,-1.08,0
240.0,300.0,:cluster_10943433501_10943433503_0_0,:cluster_10943433501_10943433503_0,0,22.22,17.9,0,0.0,22.22,49.03,17.54,4.89,3.11,1.11,0.19,-2.14,0
240.0,300.0,:cluster_10943433501_10943433503_10_0,:cluster_10943433501_10943433503_10,0,9.43,8.32,0,0.0,9.43,13.13,3.89,-3.27,3.13,2.66,1.19,0.51,0
240.0,300.0,:cluster_10943433501_10943433503_13_0,:cluster_10943433501_10943433503_13,0,15.48,13.78,0,0.0,15.48,,,,,,0.24,0.08,0
240.0,300.0,:cluster_10943433501_10943433503_17_0,:cluster_10943433501_10943433503_17,0,10.03,7.85,0,0.0,10.03,,,,,,1.07,0.56,0
240.0,300.0,:cluster_10943433501_10943433503_2_0,:cluster_10943433501_10943433503_2,0,10.03,3.01,0,0.0,10.03,,,,,,-3.11,-4.0,2
240.0,300.0,:cluster_10943433501_10943433503_5_0,:cluster_10943433501_10943433503_5,0,15.73,11.2,0,0.0,15.73,50.75,32.98,-3.75,10.32,5.3,1.47,0.51,0
240.0,300.0,:cluster_10943484228_1190100465_9_0,:cluster_10943484228_1190100465_9,0,13.89,11.6,0,0.0,13.89,50.42,30.19,2.76,6.02,2.91,1.44,0.48,0
240.0,300.0,:cluster_10943717330_6470135655_4_0,:cluster_10943717330_6470135655_4,0,11.11,10.22,0,0.0,11.11,,,,,,-0.02,-1.21,0
240.0,300.0,:cluster_10943717330_6470135655_9_0,:cluster_10943717330_6470135655_9,0,11.11,11.46,0,0.0,11.11,73.33,69.29,3.3,6.66,6.06,0.33,-2.32,0
240.0,300.0,:cluster_11158897098_664472732_0_1,:cluster_11158897098_664472732_0,0,11.11,10.58,0,0.0,11.11,20.9,20.52,-0.62,1.98,1.96,-0.0,-0.18,0
240.0,300.0,:cluster_11158897098_664472732_4_0,:cluster_11158897098_664472732_4,0,27.78,16.22,0,0.0,27.78,,,,,,0.13,-0.02,0
240.0,300.0,:cluster_11158897098_664472732_4_1,:cluster_11158897098_664472732_4,0,27.78,17.61,0,0.0,27.78,106.34,106.34,17.61,6.04,6.04,-0.39,-0.79,0
240.0,300.0,:cluster_11158897098_664472732_9_0,:cluster_11158897098_664472732_9,0,7.18,7.04,0,0.0,7.18,33.96,9.12,-3.47,7.76,2.12,0.68,-0.94,0
240.0,300.0,:cluster_11158897100_11158897101_11158897102_664471748_#1more_0_0,:cluster_11158897100_11158897101_11158897102_664471748_#1more_0,0,13.85,12.36,0,0.0,13.85,50.64,8.88,-2.55,6.04,0.97,1.16,-1.92,0
240.0,300.0,:cluster_11158897100_11158897101_11158897102_664471748_#1more_13_0,:cluster_11158897100_11158897101_11158897102_664471748_#1more_13,1,13.37,17.37,0,0.09,27.78,65.87,11.9,-3.55,6.84,1.07,0.7,-1.29,0
240.0,300.0,:cluster_11158897100_11158897101_11158897102_664471748_#1more_15_0,:cluster_11158897100_11158897101_11158897102_664471748_#1more_15,2,0.0,1.52,2,0.68,6.07,15.98,0.0,-5.91,0.64,0.5,-0.03,-2.61,0
240.0,300.0,:cluster_11158897100_11158897101_11158897102_664471748_#1more_17_0,:cluster_11158897100_11158897101_11158897102_664471748_#1more_17,0,11.11,8.07,0,0.0,11.11,,,,,,0.73,0.55,0
240.0,300.0,:cluster_11158897100_11158897101_11158897102_664471748_#1more_1_1,:cluster_11158897100_11158897101_11158897102_664471748_#1more_1,0,11.11,10.82,0,0.0,11.11,,,,,,0.57,-0.59,0
240.0,300.0,:cluster_11158897100_11158897101_11158897102_664471748_#1more_3_0,:cluster_11158897100_11158897101_11158897102_664471748_#1more_3,0,11.11,8.45,0,0.0,11.11,,,,,,-2.07,-4.0,2
240.0,300.0,:cluster_11502623494_11502623496_1186025300_13298747739_5_0,:cluster_11502623494_11502623496_1186025300_13298747739_5,0,11.11,11.64,0,0.0,11.11,49.56,9.03,1.05,8.98,1.06,0.81,-1.91,0
240.0,300.0,:cluster_11502623497_1177160337_4_0,:cluster_11502623497_1177160337_4,0,11.11,11.87,0,0.0,11.11,47.94,10.41,1.13,4.56,1.03,0.2,-1.49,0
240.0,300.0,:cluster_1174832725_13298747729_13298747740_5_0,:cluster_1174832725_13298747729_13298747740_5,0,11.11,10.51,0,0.0,11.11,11.19,7.19,0.74,1.32,1.11,0.56,-1.62,0
240.0,300.0,:cluster_1176977581_1176977943_13_0,:cluster_1176977581_1176977943_13,0,11.11,12.81,0,0.0,11.11,178.05,173.41,-4.29,14.3,13.54,0.01,-1.05,0
240.0,300.0,:cluster_1176977581_1176977943_2_0,:cluster_1176977581_1176977943_2,0,7.98,8.25,0,0.0,7.98,,,,,,0.76,-0.21,0
240.0,300.0,:cluster_1177160373_664472773_0_0,:cluster_1177160373_664472773_0,0,6.49,6.51,0,0.0,6.49,,,,,,1.06,-0.86,0
240.0,300.0,:cluster_1177160373_664472773_12_0,:cluster_1177160373_664472773_12,0,9.37,9.03,0,0.0,9.37,,,,,,-0.88,-4.0,1
240.0,300.0,:cluster_1177160373_664472773_13_0,:cluster_1177160373_664472773_13,0,13.89,12.87,0,0.0,13.89,,,,,,0.17,-1.23,0
240.0,300.0,:cluster_1177160373_664472773_16_0,:cluster_1177160373_664472773_16,0,8.14,6.7,0,0.0,8.14,100.19,6.77,-1.22,43.08,1.24,1.67,0.5,0
240.0,300.0,:cluster_1177160373_664472773_1_0,:cluster_1177160373_664472773_1,1,4.77,10.6,0,0.22,13.89,42.85,20.36,-4.64,8.8,3.13,1.47,0.65,0
240.0,300.0,:cluster_1177160373_664472773_2_0,:cluster_1177160373_664472773_2,0,10.62,9.16,0,0.0,10.62,72.52,71.3,-0.92,10.44,8.78,1.14,0.45,0
240.0,300.0,:cluster_1177160373_664472773_6_0,:cluster_1177160373_664472773_6,0,8.14,5.23,0,0.0,8.14,98.94,5.05,-1.75,0.97,0.97,-2.0,-4.0,1
240.0,300.0,:cluster_1177160373_664472773_9_0,:cluster_1177160373_664472773_9,0,13.89,10.18,0,0.0,13.89,,,,,,1.63,1.06,0
240.0,300.0,:cluster_1177160434_1177161050_0_0,:cluster_1177160434_1177161050_0,0,11.21,10.31,0,0.0,11.21,,,,,,1.16,0.68,0
240.0,300.0,:cluster_1177160434_1177161050_6_0,:cluster_1177160434_1177161050_6,0,7.21,8.82,0,0.0,7.21,95.63,12.01,-2.38,13.8,1.52,0.65,-0.67,0
240.0,300.0,:cluster_1177161169_664472775_0_0,:cluster_1177161169_664472775_0,0,8.76,9.96,0,0.0,8.76,52.99,48.44,-4.77,6.75,6.21,0.93,-1.53,0
240.0,300.0,:cluster_1177161169_664472775_1_0,:cluster_1177161169_664472775_1,0,18.05,10.0,0,0.0,18.05,32.37,4.0,-4.7,12.68,1.07,1.34,-1.69,0
240.0,300.0,:cluster_1177161169_664472775_3_0,:cluster_1177161169_664472775_3,0,6.61,6.74,0,0.0,6.61,,,,,,-0.91,-2.86,0
240.0,300.0,:cluster_1177161169_664472775_4_0,:cluster_1177161169_664472775_4,0,11.11,10.95,0,0.0,11.11,40.94,33.38,-0.76,4.31,3.11,0.73,-0.94,0
240.0,300.0,:cluster_1177161169_664472775_6_0,:cluster_1177161169_664472775_6,0,7.53,6.47,0,0.0,7.53,6.97,4.55,-3.01,1.23,0.9,1.19,0.22,0
240.0,300.0,:cluster_1177161441_1190128246_4_0,:cluster_1177161441_1190128246_4,0,22.22,17.87,0,0.0,22.22,93.77,17.46,5.71,6.82,1.18,1.16,-0.4,0
240.0,300.0,:cluster_1177211304_1177211692_6_0,:cluster_1177211304_1177211692_6,0,22.22,5.5,0,0.0,22.22,3.9,0.88,0.68,1.77,0.77,-0.03,-3.32,1
240.0,300.0,:cluster_1177211336_1191714436_5_0,:cluster_1177211336_1191714436_5,0,13.89,10.27,0,0.0,13.89,74.14,56.5,8.19,9.56,5.5,1.34,0.51,0
240.0,300.0,:cluster_1177211353_1177211711_12_0,:cluster_1177211353_1177211711_12,0,10.82,10.37,0,0.0,10.82,8.71,4.85,3.72,1.45,1.04,-2.46,-5.0,7
240.0,300.0,:cluster_1177211353_1177211711_5_0,:cluster_1177211353_1177211711_5,0,22.22,13.83,0,0.0,22.22,,,,,,0.11,-1.19,0
240.0,300.0,:cluster_1177211367_9189383185_10_0,:cluster_1177211367_9189383185_10,0,9.79,8.37,0,0.0,9.79,86.44,85.87,-0.42,13.67,11.11,-4.54,-5.0,4
240.0,300.0,:cluster_1177211367_9189383185_18_0,:cluster_1177211367_9189383185_18,0,9.79,8.64,0,0.0,9.79,89.44,88.1,-2.09,12.78,11.47,1.36,-0.92,0
240.0,300.0,:cluster_1177211394_1177211683_6_0,:cluster_1177211394_1177211683_6,1,13.73,17.92,0,0.26,22.22,56.08,14.59,4.85,3.8,1.06,0.31,-2.28,0
240.0,300.0,:cluster_1177211428_1177211911_5_0,:cluster_1177211428_1177211911_5,0,22.22,13.88,0,0.0,22.22,,,,,,0.0,-0.45,0
240.0,300.0,:cluster_1177211698_663826189_11_0,:cluster_1177211698_663826189_11,0,3.65,3.91,0,0.0,3.65,,,,,,0.49,-0.51,0
240.0,300.0,:cluster_1177211698_663826189_14_0,:cluster_1177211698_663826189_14,0,10.4,9.22,0,0.0,10.4,114.38,112.52,-2.91,15.93,13.7,-2.73,-5.0,4
240.0,300.0,:cluster_1177211698_663826189_18_0,:cluster_1177211698_663826189_18,0,10.4,10.34,0,0.0,10.4,119.41,117.94,-3.03,14.24,13.33,1.77,0.9,0
240.0,300.0,:cluster_1177211698_663826189_4_0,:cluster_1177211698_663826189_4,0,7.36,8.0,0,0.0,7.36,79.08,79.05,0.42,10.04,9.89,-1.11,-4.0,1
240.0,300.0,:cluster_1177211698_663826189_5_0,:cluster_1177211698_663826189_5,0,11.11,11.77,0,0.0,11.11,41.54,38.08,0.39,3.91,3.25,0.02,-1.19,0
240.0,300.0,:cluster_1177211698_663826189_9_0,:cluster_1177211698_663826189_9,0,12.5,5.96,0,0.0,12.5,25.67,8.04,-7.77,7.14,6.49,1.18,0.64,0
240.0,300.0,:cluster_1177211838_13300645525_13300645528_0_0,:cluster_1177211838_13300645525_13300645528_0,0,6.14,5.87,0,0.0,6.14,10.09,2.0,0.09,2.78,0.7,-0.64,-4.19,3
240.0,300.0,:cluster_1177211838_13300645525_13300645528_12_0,:cluster_1177211838_13300645525_13300645528_12,0,8.86,3.22,0,0.0,8.86,0.54,0.0,-0.06,1.76,0.59,0.06,-1.81,0
240.0,300.0,:cluster_1177211838_13300645525_13300645528_1_0,:cluster_1177211838_13300645525_13300645528_1,0,27.78,6.33,0,0.0,27.78,46.06,40.73,4.3,11.1,6.44,1.71,0.47,0
240.0,300.0,:cluster_1177211838_13300645525_13300645528_5_0,:cluster_1177211838_13300645525_13300645528_5,0,8.86,3.15,0,0.0,8.86,11.81,1.17,-0.83,6.76,4.2,-0.13,-4.0,1
240.0,300.0,:cluster_1177211838_13300645525_13300645528_8_0,:cluster_1177211838_13300645525_13300645528_8,0,7.21,5.47,0,0.0,7.21,41.58,34.28,1.82,13.37,6.56,1.66,1.2,0
240.0,300.0,:cluster_1177211838_13300645525_13300645528_9_0,:cluster_1177211838_13300645525_13300645528_9,0,7.81,5.53,0,0.0,7.81,54.61,8.72,-3.27,24.39,5.09,0.72,-1.36,0
240.0,300.0,:cluster_1177212073_13300645524_664471560_10_0,:cluster_1177212073_13300645524_664471560_10,0,27.78,16.45,0,0.0,27.78,30.39,11.37,7.17,2.66,1.01,0.96,-3.56,1
240.0,300.0,:cluster_1177212073_13300645524_664471560_17_0,:cluster_1177212073_13300645524_664471560_17,0,8.8,7.19,0,0.0,8.8,8.3,7.57,-1.3,1.27,1.25,1.09,-0.17,0
240.0,300.0,:cluster_1177212073_13300645524_664471560_18_0,:cluster_1177212073_13300645524_664471560_18,0,4.08,2.7,0,0.0,4.08,8.15,4.93,-7.22,3.87,3.55,1.8,1.14,0
240.0,300.0,:cluster_1177212073_13300645524_664471560_1_0,:cluster_1177212073_13300645524_664471560_1,0,27.78,8.81,0,0.0,27.78,,,,,,1.69,0.62,0
240.0,300.0,:cluster_1177212073_13300645524_664471560_23_0,:cluster_1177212073_13300645524_664471560_23,0,9.95,6.22,0,0.0,9.95,25.14,25.14,-1.25,4.35,4.04,1.17,0.7,0
240.0,300.0,:cluster_1177212073_13300645524_664471560_2_0,:cluster_1177212073_13300645524_664471560_2,0,8.8,6.13,0,0.0,8.8,7.2,7.2,-0.19,1.17,1.17,2.29,1.52,0
240.0,300.0,:cluster_1177212073_13300645524_664471560_3_0,:cluster_1177212073_13300645524_664471560_3,0,4.08,2.64,0,0.0,4.08,6.93,0.1,-9.74,0.29,0.25,-0.15,-3.0,1
240.0,300.0,:cluster_1177212073_13300645524_664471560_5_0,:cluster_1177212073_13300645524_664471560_5,0,7.19,5.02,0,0.0,7.19,8.89,3.03,1.99,2.92,1.06,0.68,-1.6,0
240.0,300.0,:cluster_1186025344_13298747727_13298747728_13298747738_#3more_10_0,:cluster_1186025344_13298747727_13298747728_13298747738_#3more_10,0,11.11,7.86,0,0.0,11.11,26.62,21.37,-4.14,4.37,4.07,1.59,0.58,0
240.0,300.0,:cluster_1186025344_13298747727_13298747728_13298747738_#3more_12_0,:cluster_1186025344_13298747727_13298747728_13298747738_#3more_12,0,11.11,10.74,0,0.0,11.11,80.43,80.43,-2.27,24.29,24.29,1.06,-0.43,0
240.0,300.0,:cluster_1186025344_13298747727_13298747728_13298747738_#3more_19_0,:cluster_1186025344_13298747727_13298747728_13298747738_#3more_19,1,10.61,10.61,0,0.05,11.11,55.98,9.06,-1.18,10.87,1.04,0.94,-2.65,0
240.0,300.0,:cluster_1186025344_13298747727_13298747728_13298747738_#3more_8_0,:cluster_1186025344_13298747727_13298747728_13298747738_#3more_8,0,11.11,11.83,0,0.0,11.11,14.61,5.88,-2.07,1.85,1.41,1.1,-0.9,0
240.0,300.0,:cluster_1189036471_1189036770_12_0,:cluster_1189036471_1189036770_12,0,10.83,11.4,0,0.0,10.83,,,,,,-1.27,-4.53,1
240.0,300.0,:cluster_1189036471_1189036770_14_0,:cluster_1189036471_1189036770_14,0,8.04,5.4,0,0.0,8.04,79.64,79.64,1.79,17.38,17.38,-4.0,-4.0,2
240.0,300.0,:cluster_1189036471_1189036770_18_0,:cluster_1189036471_1189036770_18,0,8.04,6.41,0,0.0,8.04,75.45,73.3,3.17,13.61,12.03,-0.78,-3.77,3
240.0,300.0,:cluster_1189036471_1189036770_5_0,:cluster_1189036471_1189036770_5,0,13.89,13.96,0,0.0,13.89,,,,,,0.12,-2.03,0
240.0,300.0,:cluster_1189036595_13298747741_3_0,:cluster_1189036595_13298747741_3,0,11.11,5.24,0,0.0,11.11,6.34,5.72,-1.17,1.3,1.28,0.74,-0.44,0
240.0,300.0,:cluster_1189036692_13298747742_0_0,:cluster_1189036692_13298747742_0,0,11.11,5.04,0,0.0,11.11,5.27,4.29,-1.16,1.26,1.23,1.14,0.66,0
240.0,300.0,:cluster_1190100404_664446591_4_0,:cluster_1190100404_664446591_4,0,7.64,6.21,0,0.0,7.64,,,,,,-1.01,-5.0,1
240.0,300.0,:cluster_1190100404_664446591_5_0,:cluster_1190100404_664446591_5,0,12.5,10.63,0,0.0,12.5,,,,,,2.37,1.2,0
240.0,300.0,:cluster_1190128285_13300645523_13300645535_1_0,:cluster_1190128285_13300645523_13300645535_1,0,27.78,13.42,0,0.0,27.78,,,,,,0.93,0.78,0
240.0,300.0,:cluster_1190128285_13300645523_13300645535_3_0,:cluster_1190128285_13300645523_13300645535_3,0,27.78,16.34,0,0.0,27.78,49.81,5.21,1.97,12.16,1.12,1.06,-0.59,0
240.0,300.0,:cluster_1191863963_1191864049_10_0,:cluster_1191863963_1191864049_10,0,7.95,7.18,0,0.0,7.95,,,,,,0.26,-0.91,0
240.0,300.0,:cluster_1191863963_1191864049_5_0,:cluster_1191863963_1191864049_5,0,13.89,14.09,0,0.0,13.89,,,,,,-0.14,-1.45,0
240.0,300.0,:cluster_1191863963_1191864049_8_0,:cluster_1191863963_1191864049_8,0,11.43,10.0,0,0.0,11.43,,,,,,1.31,0.56,0
240.0,300.0,:cluster_11942000227_11942000230_6173706992_10_0,:cluster_11942000227_11942000230_6173706992_10,0,8.12,7.18,0,0.0,8.12,60.29,54.32,-5.75,9.22,7.56,0.05,-2.11,0
240.0,300.0,:cluster_11942000227_11942000230_6173706992_13_0,:cluster_11942000227_11942000230_6173706992_13,0,6.78,6.96,0,0.0,6.78,,,,,,-1.2,-2.2,0
240.0,300.0,:cluster_11942000227_11942000230_6173706992_15_0,:cluster_11942000227_11942000230_6173706992_15,0,7.23,6.77,0,0.0,7.23,73.24,52.9,-3.03,11.45,7.82,-0.98,-4.0,1
240.0,300.0,:cluster_11942000227_11942000230_6173706992_22_0,:cluster_11942000227_11942000230_6173706992_22,0,11.3,10.9,0,0.0,11.3,101.91,59.78,-5.85,12.45,6.11,1.51,0.51,0
240.0,300.0,:cluster_11942000227_11942000230_6173706992_25_0,:cluster_11942000227_11942000230_6173706992_25,0,7.65,7.93,0,0.0,7.65,,,,,,0.53,0.23,0
240.0,300.0,:cluster_11942000227_11942000230_6173706992_8_0,:cluster_11942000227_11942000230_6173706992_8,0,7.65,7.4,0,0.0,7.65,,,,,,1.8,1.8,0
240.0,300.0,:cluster_11942000232_664472748_0_0,:cluster_11942000232_664472748_0,0,6.31,6.72,0,0.0,6.31,,,,,,-0.07,-0.62,0
240.0,300.0,:cluster_11942000232_664472748_13_0,:cluster_11942000232_664472748_13,0,11.11,11.43,0,0.0,11.11,34.62,29.36,0.19,3.53,3.21,-0.01,-0.61,0
240.0,300.0,:cluster_11942000232_664472748_17_0,:cluster_11942000232_664472748_17,0,4.62,5.71,0,0.0,4.62,109.41,108.12,4.18,20.56,18.94,0.15,-1.13,0
240.0,300.0,:cluster_11942000232_664472748_7_0,:cluster_11942000232_664472748_7,0,4.62,5.56,0,0.0,4.62,112.3,112.3,2.02,20.21,20.21,-3.08,-3.08,1
240.0,300.0,:cluster_11944729366_664471711_0_0,:cluster_11944729366_664471711_0,0,11.11,11.41,0,0.0,11.11,,,,,,0.26,-1.11,0
240.0,300.0,:cluster_11944729366_664471711_4_0,:cluster_11944729366_664471711_4,0,22.69,10.8,0,0.0,22.69,67.68,10.73,-5.53,8.42,1.12,1.39,0.46,0
240.0,300.0,:cluster_11944729366_664471711_5_0,:cluster_11944729366_664471711_5,0,27.78,16.34,0,0.0,27.78,,,,,,-0.43,-0.43,0
240.0,300.0,:cluster_11944729366_664471711_5_1,:cluster_11944729366_664471711_5,0,27.78,16.46,0,0.0,27.78,106.05,41.74,-0.36,6.44,2.54,0.2,-0.0,0
240.0,300.0,:cluster_11944729366_664471711_8_0,:cluster_11944729366_664471711_8,0,4.66,4.86,0,0.0,4.66,8.76,3.87,-4.13,3.18,1.18,0.58,-2.15,0
240.0,300.0,:cluster_13298740740_664446558_1_0,:cluster_13298740740_664446558_1,0,6.52,7.13,0,0.0,6.52,76.52,5.74,-8.68,18.69,1.25,0.94,-5.0,1
240.0,300.0,:cluster_13298740740_664446558_2_0,:cluster_13298740740_664446558_2,0,11.11,11.55,0,0.0,11.11,49.25,12.28,2.73,11.98,1.09,0.76,-0.77,0
240.0,300.0,:cluster_13298740740_664446558_4_0,:cluster_13298740740_664446558_4,0,22.22,10.86,0,0.0,22.22,13.37,6.57,-1.73,1.74,1.11,1.24,-1.24,0
240.0,300.0,:cluster_13298740740_664446558_5_0,:cluster_13298740740_664446558_5,0,6.86,7.04,0,0.0,6.86,,,,,,-0.6,-2.79,0
240.0,300.0,:cluster_13298747733_13298747737_663825864_4_0,:cluster_13298747733_13298747737_663825864_4,0,11.11,6.01,0,0.0,11.11,,,,,,1.14,0.58,0
240.0,300.0,:cluster_13298747747_13298747748_13298747749_13298747755_#2more_0_0,:cluster_13298747747_13298747748_13298747749_13298747755_#2more_0,0,9.42,9.24,0,0.0,9.42,20.8,15.41,5.17,2.29,1.77,-1.22,-3.87,1
240.0,300.0,:cluster_13298747747_13298747748_13298747749_13298747755_#2more_10_0,:cluster_13298747747_13298747748_13298747749_13298747755_#2more_10,0,12.71,7.82,0,0.0,12.71,,,,,,1.11,0.54,0
240.0,300.0,:cluster_13298747747_13298747748_13298747749_13298747755_#2more_11_0,:cluster_13298747747_13298747748_13298747749_13298747755_#2more_11,0,11.11,9.42,0,0.0,11.11,,,,,,1.31,-0.3,0
240.0,300.0,:cluster_13298747747_13298747748_13298747749_13298747755_#2more_2_0,:cluster_13298747747_13298747748_13298747749_13298747755_#2more_2,0,11.11,9.39,0,0.0,11.11,50.11,8.14,-2.82,12.31,1.2,1.04,-0.67,0
240.0,300.0,:cluster_13298747750_13298747754_7007141699_1_0,:cluster_13298747750_13298747754_7007141699_1,0,6.5,5.69,0,0.0,6.5,49.91,4.47,-5.08,20.18,1.11,1.61,0.01,0
240.0,300.0,:cluster_13298747750_13298747754_7007141699_3_0,:cluster_13298747750_13298747754_7007141699_3,0,9.93,5.91,0,0.0,9.93,,,,,,1.95,1.62,0
240.0,300.0,:cluster_13298747751_6469124180_6_0,:cluster_13298747751_6469124180_6,0,11.11,11.24,0,0.0,11.11,87.26,81.68,2.56,28.68,7.27,0.88,-0.76,0
240.0,300.0,:cluster_13300645520_13300645530_663844204_4_0,:cluster_13300645520_13300645530_663844204_4,0,27.78,9.31,0,0.0,27.78,18.78,7.51,-2.47,2.44,1.08,1.41,0.47,0
240.0,300.0,:cluster_13300645520_13300645530_663844204_5_0,:cluster_13300645520_13300645530_663844204_5,1,2.48,7.06,0,0.18,7.61,26.26,7.01,-2.33,4.18,1.23,1.09,-1.14,0
240.0,300.0,:cluster_13908994425_13908994429_13908994430_4_0,:cluster_13908994425_13908994429_13908994430_4,0,27.78,13.63,0,0.0,27.78,14.03,5.57,2.41,1.55,1.07,-0.13,-3.97,2
240.0,300.0,:cluster_5424222000_664446587_1_0,:cluster_5424222000_664446587_1,0,27.78,17.24,0,0.0,27.78,132.55,132.41,-0.13,7.79,7.68,-0.55,-0.84,0
240.0,300.0,:cluster_5424222000_664446587_3_0,:cluster_5424222000_664446587_3,0,27.78,17.96,0,0.04,27.78,59.93,14.08,2.93,4.02,1.04,-0.24,-3.85,1
240.0,300.0,:cluster_5424222000_664446587_6_0,:cluster_5424222000_664446587_6,0,8.5,7.8,0,0.0,8.5,8.97,8.56,0.29,1.23,1.16,0.25,-1.84,0
240.0,300.0,:cluster_5424222000_664446587_7_0,:cluster_5424222000_664446587_7,0,5.5,3.61,0,0.0,5.5,15.54,9.4,-6.53,7.15,5.74,1.44,0.93,0
240.0,300.0,:cluster_5424222009_664446539_0_0,:cluster_5424222009_664446539_0,0,27.78,15.07,0,0.0,27.78,131.42,131.42,-2.09,8.72,8.72,1.08,1.05,0
240.0,300.0,:cluster_5424222009_664446539_2_0,:cluster_5424222009_664446539_2,0,8.61,9.43,0,0.0,8.61,27.46,9.99,-3.75,3.6,1.24,0.67,-2.82,0
240.0,300.0,:cluster_663842376_663944135_0_0,:cluster_663842376_663944135_0,0,27.78,17.09,0,0.0,27.78,,,,,,-0.19,-1.25,0
240.0,300.0,:cluster_663842376_663944135_1_0,:cluster_663842376_663944135_1,0,6.77,6.49,0,0.0,6.77,,,,,,-1.1,-4.0,1
240.0,300.0,:cluster_663842376_663944135_3_0,:cluster_663842376_663944135_3,1,8.76,9.59,0,0.08,9.92,,,,,,0.68,-1.63,0
240.0,300.0,:cluster_663842376_663944135_4_0,:cluster_663842376_663944135_4,0,27.78,17.69,0,0.0,27.78,37.38,16.25,0.33,2.25,1.15,0.09,-2.12,0
240.0,300.0,:cluster_663842376_663944135_6_0,:cluster_663842376_663944135_6,0,6.77,6.6,0,0.0,6.77,,,,,,0.23,0.23,0
240.0,300.0,:cluster_663943516_664446119_0_0,:cluster_663943516_664446119_0,0,10.68,8.62,0,0.0,10.68,24.41,15.8,2.27,3.48,1.83,1.54,0.95,0
240.0,300.0,:cluster_663943516_664446119_4_0,:cluster_663943516_664446119_4,0,11.11,11.2,0,0.0,11.11,61.21,57.87,5.0,5.52,5.17,0.01,-1.01,0
240.0,300.0,:cluster_664446535_8507351665_8507351666_2_0,:cluster_664446535_8507351665_8507351666_2,0,13.89,5.88,0,0.0,13.89,6.33,4.18,-1.4,1.43,1.2,1.06,-0.06,0
240.0,300.0,:cluster_664446535_8507351665_8507351666_3_0,:cluster_664446535_8507351665_8507351666_3,0,11.11,12.0,0,0.0,11.11,50.08,4.51,-0.09,15.07,1.1,1.18,-1.36,0
240.0,300.0,:cluster_664446535_8507351665_8507351666_4_0,:cluster_664446535_8507351665_8507351666_4,0,6.48,6.87,0,0.0,6.48,,,,,,-1.48,-4.0,1
300.0,360.0,-101757273#0_0,-101757273#0,0,22.22,13.88,0,0.0,22.22,,,,,,-1.65,-4.0,5
300.0,360.0,-101757273#1_0,-101757273#1,0,22.22,13.9,0,0.0,22.22,,,,,,-0.12,-1.22,0
300.0,360.0,-101757288#1_0,-101757288#1,0,13.89,13.39,0,0.0,13.89,,,,,,0.71,-1.1,0
300.0,360.0,-101757302#0_0,-101757302#0,0,13.89,12.93,0,0.0,13.89,52.0,40.77,10.41,5.09,4.41,-2.15,-5.0,2
300.0,360.0,-101943152_0,-101943152,0,13.89,13.89,0,0.0,13.89,27.61,23.96,-3.55,3.3,1.75,-0.76,-5.0,6
300.0,360.0,-101966381_0,-101966381,1,2.2,2.93,0,0.02,2.78,83.26,66.08,-2.56,34.15,23.37,-0.01,-2.3,0
300.0,360.0,-101966385#4_0,-101966385#4,1,8.42,8.42,0,0.05,13.89,,,,,,0.32,0.32,0
300.0,360.0,-101966393#0_0,-101966393#0,0,13.89,12.86,0,0.0,13.89,,,,,,-0.48,-4.0,3
300.0,360.0,-101966393#1_0,-101966393#1,0,13.89,10.49,0,0.0,13.89,,,,,,1.51,1.3,0
300.0,360.0,-101966397#0_0,-101966397#0,0,13.89,13.13,0,0.0,13.89,79.7,70.06,8.56,6.54,5.69,-0.04,-1.61,0
300.0,360.0,-101966397#1_0,-101966397#1,0,13.89,12.72,0,0.0,13.89,,,,,,1.83,-0.68,0
300.0,360.0,-101966424#0_0,-101966424#0,0,13.89,13.77,0,0.0,13.89,,,,,,0.38,-5.0,3
300.0,360.0,-101966424#1_0,-101966424#1,0,13.89,13.47,0,0.0,13.89,,,,,,1.73,1.73,0
300.0,360.0,-101966424#2_0,-101966424#2,0,13.89,11.29,0,0.0,13.89,,,,,,0.99,-0.1,0
300.0,360.0,-101966430#0_0,-101966430#0,1,9.72,9.72,0,0.04,13.89,67.29,67.08,-1.13,7.2,6.94,1.53,1.47,0
300.0,360.0,-101966430#1_0,-101966430#1,1,5.63,13.18,0,0.03,13.89,27.76,19.65,3.39,2.59,1.73,-0.3,-4.71,4
300.0,360.0,-101966430#2_0,-101966430#2,0,13.89,13.1,0,0.0,13.89,50.42,46.87,4.78,4.15,3.58,0.52,-1.88,0
300.0,360.0,-101966443#0_0,-101966443#0,0,22.22,17.11,0,0.0,22.22,37.96,0.66,0.47,12.46,0.75,-1.65,-5.0,43
300.0,360.0,-101966443#10_0,-101966443#10,0,22.22,17.52,0,0.0,22.22,58.76,24.0,3.52,3.78,1.51,-0.12,-1.76,0
300.0,360.0,-101966443#11_0,-101966443#11,0,22.22,18.0,0,0.0,22.22,59.59,18.79,1.46,3.91,1.29,-0.05,-2.73,0
300.0,360.0,-101966443#12_0,-101966443#12,0,22.22,17.87,0,0.0,22.22,41.86,20.59,0.74,2.7,1.34,0.34,-0.81,0
300.0,360.0,-101966443#13_0,-101966443#13,0,22.22,17.37,0,0.0,22.22,44.14,18.72,-1.72,3.63,1.51,1.14,-2.01,0
300.0,360.0,-101966443#1_0,-101966443#1,1,9.99,13.22,0,0.11,22.22,58.35,14.46,1.92,5.43,1.29,1.4,-0.78,0
300.0,360.0,-101966443#2_0,-101966443#2,1,11.33,15.15,0,0.08,22.22,41.37,9.56,-1.12,5.14,1.15,-2.69,-5.0,30
300.0,360.0,-101966443#3_0,-101966443#3,0,22.22,17.79,0,0.0,22.22,41.39,14.0,3.84,2.76,1.06,0.06,-4.2,2
300.0,360.0,-101966443#4_0,-101966443#4,1,12.14,17.98,0,0.04,22.22,47.94,10.48,1.9,3.79,1.04,-0.23,-5.0,12
300.0,360.0,-101966443#5_0,-101966443#5,1,17.85,17.9,0,0.06,22.22,58.63,9.81,1.38,5.25,1.04,-0.17,-4.0,5
300.0,360.0,-101966443#6_0,-101966443#6,1,16.05,17.79,0,0.11,22.22,65.56,16.01,2.45,4.33,1.11,0.3,-2.07,0
300.0,360.0,-101966443#7_0,-101966443#7,1,17.62,17.87,0,0.04,22.22,57.04,12.57,-1.66,4.9,1.15,0.59,-1.85,0
300.0,360.0,-101966443#8_0,-101966443#8,0,22.22,17.65,0,0.0,22.22,54.07,18.32,1.69,3.45,1.22,-0.15,-1.77,0
300.0,360.0,-101966443#9_0,-101966443#9,1,16.74,17.94,0,0.1,22.22,51.9,20.17,2.64,3.32,1.38,-0.14,-2.09,0
300.0,360.0,-101966453#0_0,-101966453#0,3,2.81,9.36,2,0.16,13.89,5.04,0.0,0.67,2.51,0.5,-0.06,-3.84,5
300.0,360.0,-101966461_0,-101966461,5,0.0,14.58,5,0.21,13.89,6.91,0.0,0.85,3.11,0.55,-0.2,-4.64,20
300.0,360.0,-101966481_0,-101966481,0,13.89,13.36,0,0.0,13.89,,,,,,1.15,0.5,0
300.0,360.0,-101966488#0_0,-101966488#0,0,13.89,12.65,0,0.0,13.89,35.05,0.1,-12.09,27.34,5.21,-0.4,-5.0,5
300.0,360.0,-101966488#1_0,-101966488#1,1,10.26,12.58,0,0.05,13.89,18.64,0.0,-5.97,7.42,1.48,-0.1,-4.76,6
300.0,360.0,-101966488#2_0,-101966488#2,0,13.89,12.61,0,0.0,13.89,83.26,68.43,2.66,8.79,5.83,1.35,-1.1,0
300.0,360.0,-101966508_0,-101966508,0,13.89,14.18,0,0.0,13.89,128.19,96.33,5.18,16.4,12.93,0.05,-5.0,3
300.0,360.0,-101972876#0_0,-101972876#0,0,13.89,15.25,0,0.0,13.89,54.89,28.85,11.1,3.82,2.58,-0.5,-5.0,3
300.0,360.0,-101972876#2_0,-101972876#2,0,13.89,11.94,0,0.0,13.89,,,,,,1.61,0.86,0
300.0,360.0,-101972883#2_0,-101972883#2,1,12.0,13.32,0,0.07,13.89,,,,,,-0.56,-4.0,3
300.0,360.0,-101972883#3_0,-101972883#3,0,13.89,11.45,0,0.26,13.89,31.05,13.03,-1.57,3.26,1.15,1.13,0.46,0
300.0,360.0,-101972883#4_0,-101972883#4,0,13.89,13.18,0,0.0,13.89,24.06,9.74,-1.62,4.81,1.15,-0.8,-5.0,7
300.0,360.0,-101972892#1_0,-101972892#1,0,13.89,12.14,0,0.0,13.89,54.42,13.78,-0.13,6.67,1.9,1.39,-1.42,0
300.0,360.0,-101972898#0_0,-101972898#0,0,13.89,11.11,0,0.0,13.89,10.95,9.47,0.06,1.44,1.14,-0.43,-5.0,4
300.0,360.0,-101972898#1_0,-101972898#1,0,13.89,11.77,0,0.0,13.89,,,,,,-0.86,-4.52,1
300.0,360.0,-101972898#2_0,-101972898#2,0,13.89,12.0,0,0.0,13.89,68.83,65.95,3.96,6.02,5.56,-0.06,-1.47,0
300.0,360.0,-101972912#0_0,-101972912#0,0,13.89,15.36,0,0.0,13.89,23.77,7.78,1.05,2.53,0.96,-0.81,-5.0,36
300.0,360.0,-101972912#1_0,-101972912#1,0,13.89,9.81,0,0.0,13.89,35.49,9.88,-2.55,4.77,1.11,1.3,-0.5,0
300.0,360.0,-101972952#0_0,-101972952#0,0,13.89,12.3,0,0.0,13.89,36.66,36.66,-1.17,6.87,6.87,-4.73,-5.0,4
300.0,360.0,-101972952#1_0,-101972952#1,0,13.89,14.7,0,0.0,13.89,,,,,,-0.04,-1.81,0
300.0,360.0,-101972954#2_0,-101972954#2,0,13.89,14.04,0,0.0,13.89,,,,,,-2.06,-5.0,3
300.0,360.0,-101972954#4_0,-101972954#4,1,7.5,7.5,0,0.06,13.89,,,,,,1.1,-0.44,0
300.0,360.0,-101972955#0_0,-101972955#0,2,1.88,10.44,0,0.21,13.89,9.03,0.0,0.3,2.04,0.44,-0.23,-5.0,15
300.0,360.0,-101972955#1_0,-101972955#1,0,13.89,11.32,0,0.0,13.89,25.12,1.29,-0.24,5.58,0.69,-1.43,-5.0,13
300.0,360.0,-101972955#3_0,-101972955#3,0,13.89,10.35,0,0.0,13.89,42.4,11.4,1.23,6.29,1.26,0.15,-5.0,6
300.0,360.0,-101972956_0,-101972956,0,13.89,10.71,0,0.0,13.89,89.56,89.56,3.01,19.39,19.39,-0.13,-5.0,2
300.0,360.0,-101972960#0_0,-101972960#0,1,13.28,15.59,0,0.07,13.89,32.65,12.4,2.65,2.59,1.05,0.49,-2.96,0
300.0,360.0,-101972960#1_0,-101972960#1,0,13.89,11.22,0,0.0,13.89,35.35,10.63,-2.22,3.87,1.11,1.09,-1.43,0
300.0,360.0,-102688627#0_0,-102688627#0,0,11.11,13.14,0,0.0,11.11,40.68,11.28,0.07,9.28,1.24,-0.64,-5.0,9
300.0,360.0,-102688627#1_0,-102688627#1,1,10.47,12.64,0,0.06,11.11,45.75,12.57,0.72,4.27,1.27,-0.21,-2.41,0
300.0,360.0,-102688627#2_0,-102688627#2,0,11.11,12.21,0,0.0,11.11,60.27,26.85,2.07,5.78,2.52,0.13,-1.16,0
300.0,360.0,-102688627#3_0,-102688627#3,0,11.11,11.97,0,0.0,11.11,67.47,29.27,0.74,7.14,2.75,0.37,-1.0,0
300.0,360.0,-102688627#4_0,-102688627#4,0,11.11,11.14,0,0.0,11.11,40.37,36.13,3.26,3.72,3.33,-0.3,-4.26,1
300.0,360.0,-102688627#5_0,-102688627#5,0,11.11,12.76,0,0.0,11.11,,,,,,0.45,-0.91,0
300.0,360.0,-102688629#2_0,-102688629#2,0,11.11,11.17,0,0.0,11.11,4.12,0.0,1.43,1.72,0.53,-0.16,-5.0,6
300.0,360.0,-102688629#5_0,-102688629#5,0,11.11,11.17,0,0.0,11.11,,,,,,0.06,0.0,0
300.0,360.0,-102961717#3_0,-102961717#3,0,13.89,14.54,0,0.0,13.89,,,,,,-2.22,-5.0,6
300.0,360.0,-102961717#4_0,-102961717#4,0,13.89,11.12,0,0.0,13.89,,,,,,1.88,0.62,0
300.0,360.0,-102961724#0_0,-102961724#0,0,13.89,13.42,0,0.0,13.89,92.79,78.47,6.78,7.43,6.36,-0.48,-5.0,2
300.0,360.0,-102961724#1_0,-102961724#1,0,13.89,12.71,0,0.0,13.89,56.31,16.88,0.06,7.67,4.49,1.34,-0.92,0
300.0,360.0,-103050318_0,-103050318,0,13.89,13.85,0,0.0,13.89,214.64,209.69,-9.23,29.84,25.19,-0.05,-4.0,3
300.0,360.0,-103050330#0_0,-103050330#0,0,13.89,13.08,0,0.0,13.89,11.77,10.94,2.25,1.3,1.09,0.07,-3.86,1
300.0,360.0,-103050330#1_0,-103050330#1,0,13.89,7.31,0,0.0,13.89,,,,,,0.89,-0.34,0
300.0,360.0,-103050337_0,-103050337,1,12.22,14.27,0,0.05,13.89,63.19,15.33,2.15,6.03,1.53,-0.36,-5.0,25
300.0,360.0,-103082294_0,-103082294,0,13.89,9.33,0,0.0,13.89,,,,,,-0.19,-5.0,1
300.0,360.0,-103082309_0,-103082309,0,2.78,3.02,0,0.0,2.78,,,,,,0.01,-1.21,0
300.0,360.0,-103082310#0_0,-103082310#0,0,13.89,12.1,0,0.0,13.89,27.48,6.61,1.52,3.96,0.68,-0.98,-5.0,7
300.0,360.0,-103082310#1_0,-103082310#1,1,12.6,13.82,0,0.05,13.89,77.96,14.76,2.61,7.85,1.32,1.07,-3.57,1
300.0,360.0,-103082313#1_0,-103082313#1,0,2.78,3.25,0,0.0,2.78,41.27,30.22,-2.32,13.6,9.29,0.16,-0.47,0
300.0,360.0,-103082314#0_0,-103082314#0,0,11.11,8.56,0,0.0,11.11,,,,,,-3.81,-3.81,1
300.0,360.0,-103082314#1_0,-103082314#1,0,11.11,12.0,0,0.0,11.11,,,,,,0.01,-0.68,0
300.0,360.0,-103082314#3_0,-103082314#3,0,11.11,9.93,0,0.0,11.11,,,,,,1.23,0.48,0
300.0,360.0,-103082316_0,-103082316,4,0.36,11.39,1,0.18,13.89,9.4,0.0,-0.89,1.89,0.5,-0.06,-4.66,7
300.0,360.0,-103082325#1_0,-103082325#1,0,13.89,16.3,0,0.0,13.89,35.94,17.79,7.74,3.39,1.81,-1.04,-5.0,4
300.0,360.0,-103082325#2_0,-103082325#2,0,13.89,15.18,0,0.0,13.89,85.84,85.84,15.18,5.66,5.66,1.41,1.41,0
300.0,360.0,-103082326#1_0,-103082326#1,0,13.89,11.45,0,0.0,13.89,85.71,56.31,7.52,14.11,5.75,0.75,-3.97,1
300.0,360.0,-103212679_0,-103212679,0,13.89,10.73,0,0.0,13.89,63.08,51.38,2.79,7.59,6.03,0.1,-3.86,1
300.0,360.0,-103212684#3_0,-103212684#3,0,13.89,10.54,0,0.0,13.89,,,,,,1.18,0.56,0
300.0,360.0,-103212688#1_0,-103212688#1,1,1.89,3.04,0,0.16,2.78,,,,,,-0.25,-1.77,0
300.0,360.0,-103212689_0,-103212689,0,13.89,11.41,0,0.0,13.89,,,,,,1.14,-1.0,0
300.0,360.0,-103230484#0_0,-103230484#0,0,13.89,13.98,0,0.0,13.89,,,,,,-1.36,-4.57,3
300.0,360.0,-103230526#1_0,-103230526#1,0,2.78,2.69,0,0.0,2.78,102.66,102.09,-0.4,42.23,37.93,-1.21,-4.0,1
300.0,360.0,-103230546_0,-103230546,0,13.89,14.73,0,0.0,13.89,12.55,9.66,-0.58,1.05,0.99,0.53,-0.63,0
300.0,360.0,-103230552#1_0,-103230552#1,0,13.89,14.73,0,0.0,13.89,,,,,,-0.98,-4.96,3
300.0,360.0,-103230587#0_0,-103230587#0,0,13.89,13.6,0,0.0,13.89,,,,,,-0.83,-5.0,3
300.0,360.0,-103230587#1_0,-103230587#1,0,13.89,13.46,0,0.0,13.89,,,,,,0.11,-2.11,0
300.0,360.0,-103230607#3_0,-103230607#3,0,13.89,13.71,0,0.0,13.89,,,,,,-0.43,-4.0,3
300.0,360.0,-103230607#4_0,-103230607#4,0,13.89,13.83,0,0.0,13.89,54.14,50.57,-4.76,6.19,6.12,0.31,-3.33,2
300.0,360.0,-104043544#4_0,-104043544#4,0,22.22,17.7,0,0.0,22.22,,,,,,-0.72,-4.0,5
300.0,360.0,-104043544#5_0,-104043544#5,0,22.22,17.6,0,0.0,22.22,30.27,30.27,-0.48,2.31,2.31,-2.41,-5.0,5
300.0,360.0,-104043544#6_0,-104043544#6,0,22.22,17.65,0,0.0,22.22,49.49,28.07,5.0,2.94,1.77,0.89,-0.9,0
300.0,360.0,-104043544#7_0,-104043544#7,0,22.22,14.94,0,0.0,22.22,56.98,35.19,-0.76,4.28,2.88,1.64,0.79,0
300.0,360.0,-104043544#8_0,-104043544#8,0,22.22,10.82,0,0.0,22.22,77.2,27.68,-3.21,10.61,2.88,1.85,-1.27,0
300.0,360.0,-1087118361#0_0,-1087118361#0,0,27.78,17.41,0,0.0,27.78,56.43,29.14,-0.58,4.61,2.5,-1.48,-4.0,8
300.0,360.0,-1087118361#11_0,-1087118361#11,1,0.0,11.58,1,0.07,27.78,29.45,3.2,-2.19,24.62,0.85,-0.11,-5.0,7
300.0,360.0,-1087118361#12_0,-1087118361#12,0,27.78,7.16,0,0.0,27.78,106.27,101.61,5.34,17.16,14.2,0.78,-0.33,0
300.0,360.0,-1087118361#1_0,-1087118361#1,0,27.78,17.97,0,0.0,27.78,69.68,30.51,1.16,5.18,2.27,0.45,-1.05,0
300.0,360.0,-1087118361#2_0,-1087118361#2,6,6.05,16.35,0,0.22,27.78,66.58,3.53,-2.38,6.32,0.94,0.0,-4.0,16
300.0,360.0,-1087118361#3_0,-1087118361#3,0,27.78,4.53,0,0.0,27.78,54.24,7.8,-7.07,45.57,1.72,0.86,0.66,0
300.0,360.0,-1087118361#4_0,-1087118361#4,0,27.78,11.63,0,0.0,27.78,10.15,0.0,0.28,3.04,0.53,-0.28,-3.22,3
300.0,360.0,-1087118361#5_0,-1087118361#5,0,27.78,14.79,0,0.0,27.78,12.78,0.0,1.53,3.57,0.5,-0.26,-4.66,17
300.0,360.0,-1087118361#8_0,-1087118361#8,2,0.0,12.43,2,0.18,27.78,14.59,0.0,-1.14,5.5,0.56,-0.02,-5.0,13
300.0,360.0,-1087118361#9_0,-1087118361#9,1,6.1,12.71,0,0.18,27.78,7.36,0.0,0.2,1.99,0.99,0.15,-2.57,0
300.0,360.0,-1124102301_0,-1124102301,0,13.89,12.71,0,0.0,13.89,,,,,,0.54,-0.86,0
300.0,360.0,-1124382853#2_0,-1124382853#2,0,27.78,16.4,0,0.0,27.78,,,,,,-1.1,-5.0,4
300.0,360.0,-1124382853#3_0,-1124382853#3,1,11.18,13.1,0,0.03,27.78,,,,,,1.1,-1.57,0
300.0,360.0,-1124382853#5_0,-1124382853#5,0,27.78,12.31,0,0.0,27.78,,,,,,-2.0,-4.0,5
300.0,360.0,-1178005978#0_0,-1178005978#0,0,13.89,12.98,0,0.02,13.89,45.8,0.1,-1.93,6.21,0.38,-0.4,-5.0,13
300.0,360.0,-1178005979_0,-1178005979,1,0.0,13.89,1,0.06,13.89,61.74,16.56,-10.65,26.57,7.91,-0.51,-4.0,6
300.0,360.0,-1178006786_0,-1178006786,0,13.89,13.1,0,0.0,13.89,,,,,,1.08,-0.58,0
300.0,360.0,-1178014356_0,-1178014356,0,13.89,14.89,0,0.0,13.89,,,,,,-1.26,-4.0,5
300.0,360.0,-1198952554#0_0,-1198952554#0,0,11.11,3.01,0,0.0,11.11,8.53,0.0,-6.63,3.19,3.19,0.08,0.0,0
300.0,360.0,-1198952554#2_0,-1198952554#2,1,10.09,10.47,0,0.1,11.11,53.33,51.42,-2.22,5.27,4.91,-0.42,-3.02,1
300.0,360.0,-1198952554#3_0,-1198952554#3,0,11.11,10.81,0,0.0,11.11,51.41,50.41,0.95,5.05,4.71,-0.02,-1.9,0
300.0,360.0,-1198952554#4_0,-1198952554#4,0,11.11,11.05,0,0.0,11.11,72.48,71.56,0.57,6.67,6.54,-0.08,-2.17,0
300.0,360.0,-1198952554#5_0,-1198952554#5,0,11.11,11.2,0,0.0,11.11,75.13,74.67,0.47,6.92,6.67,0.22,-0.44,0
300.0,360.0,-1198952554#6_0,-1198952554#6,0,11.11,11.26,0,0.0,11.11,77.41,76.19,0.76,7.05,6.93,0.34,-1.28,0
300.0,360.0,-1198952555#0_0,-1198952555#0,0,11.11,12.62,0,0.0,11.11,60.5,57.4,-4.34,7.64,6.52,-1.1,-3.95,4
300.0,360.0,-1198952555#1_0,-1198952555#1,0,11.11,12.81,0,0.0,11.11,,,,,,-0.09,-1.03,0
300.0,360.0,-1198952555#2_0,-1198952555#2,0,11.11,13.34,0,0.0,11.11,,,,,,-0.09,-1.97,0
300.0,360.0,-1198952555#3_0,-1198952555#3,0,11.11,13.22,0,0.0,11.11,15.23,14.07,0.6,1.53,1.44,0.66,-1.56,0
300.0,360.0,-1199457538#0_0,-1199457538#0,0,13.89,8.66,0,0.0,13.89,81.26,80.16,5.13,10.63,9.51,-0.93,-3.67,1
300.0,360.0,-1199688354_0,-1199688354,0,13.89,8.09,0,0.0,13.89,,,,,,0.48,-4.0,1
300.0,360.0,-1275560130_0,-1275560130,0,13.89,8.97,0,0.0,13.89,31.41,6.97,0.76,5.38,1.08,1.01,-1.45,0
300.0,360.0,-1275560131_0,-1275560131,0,2.78,2.84,0,0.0,2.78,25.06,16.06,-4.46,9.91,5.66,-0.01,-1.04,0
300.0,360.0,-1275573515_0,-1275573515,0,13.89,11.93,0,0.0,13.89,,,,,,-0.27,-5.0,2
300.0,360.0,-1309211043_0,-1309211043,0,13.89,9.92,0,0.0,13.89,,,,,,1.26,-0.67,0
300.0,360.0,-1342408879_0,-1342408879,0,13.89,6.24,0,0.0,13.89,,,,,,1.04,-0.04,0
300.0,360.0,-1434292703#0_0,-1434292703#0,0,13.89,14.36,0,0.0,13.89,,,,,,-4.19,-5.0,4
300.0,360.0,-1434292703#1_0,-1434292703#1,0,13.89,13.09,0,0.0,13.89,33.42,12.43,3.48,3.69,1.31,0.18,-5.0,5
300.0,360.0,-1530047256_0,-1530047256,0,11.11,10.43,0,0.0,11.11,113.45,111.89,-6.57,19.84,19.06,-0.13,-4.0,3
300.0,360.0,-52097266#0_0,-52097266#0,0,11.11,13.55,0,0.0,11.11,,,,,,0.29,-1.74,0
300.0,360.0,-52097266#1_0,-52097266#1,1,11.58,11.58,0,0.02,11.11,,,,,,0.1,-1.42,0
300.0,360.0,-52097266#2_0,-52097266#2,0,11.11,9.39,0,0.0,11.11,,,,,,-0.86,-5.0,1
300.0,360.0,-52097266#3_0,-52097266#3,0,11.11,9.35,0,0.0,11.11,,,,,,0.45,-1.42,0
300.0,360.0,-52097653#0_0,-52097653#0,0,11.11,10.44,0,0.0,11.11,,,,,,-0.42,-4.0,3
300.0,360.0,-52097653#1_0,-52097653#1,0,11.11,8.47,0,0.0,11.11,,,,,,0.71,0.17,0
300.0,360.0,-52097653#2_0,-52097653#2,0,11.11,12.61,0,0.0,11.11,,,,,,-0.18,-5.0,1
300.0,360.0,-52152298#1_0,-52152298#1,0,22.22,17.58,0,0.0,22.22,,,,,,1.16,0.09,0
300.0,360.0,-52152298#2_0,-52152298#2,0,22.22,13.74,0,0.0,22.22,9.39,6.67,1.5,1.22,1.06,0.25,-5.0,5
300.0,360.0,-52152313#1_0,-52152313#1,1,6.19,6.19,0,0.01,13.89,,,,,,0.68,0.49,0
300.0,360.0,-52152314#0_0,-52152314#0,0,13.89,13.04,0,0.0,13.89,,,,,,-0.76,-4.0,3
300.0,360.0,-52152314#1_0,-52152314#1,0,13.89,12.89,0,0.0,13.89,,,,,,0.19,-0.26,0
300.0,360.0,-52152323#5_0,-52152323#5,1,8.06,8.06,0,0.06,11.11,,,,,,1.07,1.07,0
300.0,360.0,-52152323#6_0,-52152323#6,0,11.11,8.46,0,0.0,11.11,,,,,,-0.23,-1.48,0
300.0,360.0,-52152323#7_0,-52152323#7,1,11.89,12.37,0,0.01,11.11,,,,,,0.15,-2.19,0
300.0,360.0,-52152369#0_0,-52152369#0,0,13.89,10.64,0,0.0,13.89,,,,,,-0.01,-4.0,1
300.0,360.0,-52152369#1_0,-52152369#1,0,13.89,11.78,0,0.0,13.89,150.55,150.55,-9.85,39.63,39.63,-0.4,-5.0,3
300.0,360.0,-52155579#1_0,-52155579#1,1,10.83,12.23,0,0.03,11.11,,,,,,-0.26,-4.69,1
300.0,360.0,-52155579#2_0,-52155579#2,0,11.11,11.73,0,0.0,11.11,,,,,,0.21,-0.68,0
300.0,360.0,-52155737#0_0,-52155737#0,1,10.15,14.99,0,0.1,13.89,,,,,,-1.79,-5.0,6
300.0,360.0,-52155737#1_0,-52155737#1,0,13.89,11.79,0,0.0,13.89,,,,,,0.6,-5.0,2
300.0,360.0,-52155744#1_0,-52155744#1,0,13.89,14.76,0,0.0,13.89,29.89,0.1,-13.16,0.78,0.34,-0.94,-5.0,11
300.0,360.0,-52155744#2_0,-52155744#2,0,13.89,14.8,0,0.0,13.89,,,,,,0.02,-1.91,0
300.0,360.0,-52155744#3_0,-52155744#3,0,13.89,14.83,0,0.0,13.89,,,,,,0.98,-1.79,0
300.0,360.0,-52155750#0_0,-52155750#0,0,13.89,14.35,0,0.0,13.89,52.03,0.1,-3.06,19.81,1.37,-2.1,-5.0,21
300.0,360.0,-52155750#1_0,-52155750#1,0,13.89,16.51,0,0.0,13.89,67.38,35.12,5.37,5.64,2.72,0.01,-3.84,2
300.0,360.0,-52155750#2_0,-52155750#2,3,9.43,16.69,0,0.07,13.89,65.38,8.25,1.63,5.83,1.2,0.58,-5.0,3
300.0,360.0,-562694503#0_0,-562694503#0,0,13.89,13.65,0,0.0,13.89,24.51,0.1,-14.58,1.58,0.24,-0.94,-5.0,9
300.0,360.0,-562694503#1_0,-562694503#1,0,13.89,13.62,0,0.0,13.89,17.81,17.2,-0.16,1.4,1.29,0.08,-3.72,3
300.0,360.0,-563518385#0_0,-563518385#0,0,11.11,11.32,0,0.0,11.11,,,,,,0.08,-0.65,0
300.0,360.0,-563518385#1_0,-563518385#1,0,11.11,11.34,0,0.0,11.11,,,,,,0.01,-0.86,0
300.0,360.0,-563518385#2_0,-563518385#2,0,11.11,11.37,0,0.0,11.11,,,,,,0.0,-0.69,0
300.0,360.0,-563518385#4_0,-563518385#4,0,11.11,11.72,0,0.0,11.11,,,,,,0.49,-1.14,0
300.0,360.0,-563518385#5_0,-563518385#5,0,11.11,8.55,0,0.0,11.11,,,,,,-0.03,-3.7,1
300.0,360.0,-689627819_0,-689627819,1,2.76,12.01,0,0.06,13.89,15.88,1.67,1.36,1.95,0.71,-0.78,-5.0,16
300.0,360.0,-771670219_0,-771670219,0,13.89,11.84,0,0.0,13.89,,,,,,1.06,-0.52,0
300.0,360.0,-995139946_0,-995139946,0,2.78,3.15,0,0.0,2.78,,,,,,0.02,-1.8,0
300.0,360.0,101757273#0_0,101757273#0,1,9.05,14.39,0,0.04,22.22,,,,,,1.37,0.1,0
300.0,360.0,101757273#1_0,101757273#1,0,22.22,17.88,0,0.0,22.22,23.5,23.17,0.08,1.35,1.3,0.39,-1.63,0
300.0,360.0,101757273#2_0,101757273#2,0,22.22,17.95,0,0.0,22.22,23.32,23.28,0.14,1.32,1.31,0.26,-0.4,0
300.0,360.0,101757273#3_0,101757273#3,0,22.22,17.97,0,0.0,22.22,24.48,24.27,-0.39,1.43,1.38,0.26,-0.86,0
300.0,360.0,101757273#4_0,101757273#4,0,22.22,17.97,0,0.0,22.22,23.88,23.39,0.32,1.36,1.31,0.01,-1.43,0
300.0,360.0,101757273#5_0,101757273#5,0,22.22,17.15,0,0.0,22.22,14.16,8.48,3.0,1.31,1.17,-2.62,-5.0,14
300.0,360.0,101757288#0_0,101757288#0,0,13.89,13.45,0,0.0,13.89,,,,,,0.62,-1.61,0
300.0,360.0,101757288#1_0,101757288#1,0,13.89,13.4,0,0.0,13.89,,,,,,-0.8,-5.0,4
300.0,360.0,101757312#0_0,101757312#0,1,14.96,15.27,0,0.01,13.89,,,,,,0.98,-0.9,0
300.0,360.0,101757321_0,101757321,0,13.89,13.21,0,0.0,13.89,55.92,49.67,-4.09,5.38,4.63,0.06,-4.0,4
300.0,360.0,101943132_0,101943132,1,10.07,11.6,0,0.04,13.89,,,,,,0.85,-5.0,2
300.0,360.0,101943135_0,101943135,0,13.89,13.87,0,0.0,13.89,120.52,116.3,1.78,10.08,8.65,0.72,-1.77,0
300.0,360.0,101943152_0,101943152,0,13.89,13.35,0,0.0,13.89,,,,,,-0.25,-5.0,3
300.0,360.0,101966393#0_0,101966393#0,0,13.89,13.59,0,0.0,13.89,,,,,,0.19,-1.23,0
300.0,360.0,101966393#1_0,101966393#1,0,13.89,13.62,0,0.0,13.89,,,,,,-0.12,-0.51,0
300.0,360.0,101966393#2_0,101966393#2,0,13.89,13.52,0,0.0,13.89,29.54,18.41,-1.39,3.1,2.45,-1.96,-4.0,4
300.0,360.0,101966397#1_0,101966397#1,0,13.89,13.28,0,0.0,13.89,72.92,66.54,1.49,7.96,5.32,-1.81,-5.0,7
300.0,360.0,101966424#1_0,101966424#1,1,13.68,13.8,0,0.17,13.89,64.27,58.14,4.82,4.68,4.21,0.28,-0.1,0
300.0,360.0,101966424#2_0,101966424#2,0,13.89,13.79,0,0.0,13.89,19.58,0.01,-6.76,1.33,0.5,-0.67,-5.0,9
300.0,360.0,101966430#1_0,101966430#1,0,13.89,13.01,0,0.0,13.89,,,,,,-1.05,-4.0,3
300.0,360.0,101966430#2_0,101966430#2,0,13.89,13.01,0,0.0,13.89,,,,,,0.34,-1.06,0
300.0,360.0,101966430#3_0,101966430#3,0,13.89,13.01,0,0.0,13.89,122.31,71.59,5.4,9.78,5.85,-0.01,-2.33,0
300.0,360.0,101966443#10_0,101966443#10,0,22.22,17.46,0,0.0,22.22,27.78,15.82,1.26,1.83,1.14,0.02,-1.15,0
300.0,360.0,101966443#11_0,101966443#11,0,22.22,17.95,0,0.0,22.22,27.56,15.77,1.14,1.79,1.14,0.2,-3.93,1
300.0,360.0,101966443#12_0,101966443#12,0,22.22,13.78,0,0.0,22.22,17.78,17.78,-0.65,1.35,1.35,0.83,-0.02,0
300.0,360.0,101966443#13_0,101966443#13,0,22.22,17.99,0,0.0,22.22,15.72,9.7,1.74,1.51,1.15,-1.55,-5.0,22
300.0,360.0,101966443#5_0,101966443#5,1,7.08,11.29,0,0.14,22.22,50.86,8.59,-1.43,6.49,1.22,1.05,-2.03,0
300.0,360.0,101966443#6_0,101966443#6,0,22.22,16.58,0,0.0,22.22,40.42,13.88,-1.04,3.78,1.07,1.0,-2.3,0
300.0,360.0,101966443#7_0,101966443#7,1,13.55,17.95,0,0.04,22.22,30.57,15.44,0.43,2.09,1.12,0.0,-4.0,3
300.0,360.0,101966443#8_0,101966443#8,0,22.22,17.67,0,0.0,22.22,26.37,15.42,-0.18,1.82,1.12,0.11,-2.27,0
300.0,360.0,101966443#9_0,101966443#9,1,6.34,17.94,0,0.13,22.22,22.1,5.91,-1.32,1.7,0.49,-1.34,-4.0,8
300.0,360.0,101966453#1_0,101966453#1,0,13.89,13.86,0,0.0,13.89,,,,,,-1.15,-3.98,3
300.0,360.0,101966492_0,101966492,0,13.89,13.23,0,0.0,13.89,,,,,,-0.26,-4.0,4
300.0,360.0,101966494_0,101966494,1,10.67,16.39,0,0.02,13.89,75.01,44.87,0.48,8.71,3.33,-0.34,-4.0,6
300.0,360.0,101966510#0_0,101966510#0,0,22.22,13.14,0,0.0,22.22,70.92,55.07,-5.94,7.84,5.97,1.37,-1.63,0
300.0,360.0,101966510#1_0,101966510#1,1,15.94,17.87,0,0.05,22.22,87.87,70.34,-0.91,5.81,4.41,1.0,-1.26,0
300.0,360.0,101966510#2_0,101966510#2,1,13.33,17.81,0,0.04,22.22,98.15,97.45,-0.54,5.79,5.72,-0.05,-1.27,0
300.0,360.0,101966510#3_0,101966510#3,0,22.22,17.84,0,0.0,22.22,99.15,98.95,0.3,5.62,5.55,0.21,-0.88,0
300.0,360.0,101966510#4_0,101966510#4,0,22.22,18.0,0,0.0,22.22,64.18,34.3,6.86,4.18,2.34,-1.02,-5.0,12
300.0,360.0,101972876#2_0,101972876#2,0,13.89,15.15,0,0.0,13.89,,,,,,-1.78,-5.0,3
300.0,360.0,101972883#2_0,101972883#2,0,13.89,12.59,0,0.0,13.89,,,,,,1.54,-0.48,0
300.0,360.0,101972883#4_0,101972883#4,0,13.89,8.63,0,0.0,13.89,107.51,103.94,-4.75,26.05,18.36,1.23,-2.22,0
300.0,360.0,101972889_0,101972889,0,2.78,3.06,0,0.0,2.78,128.3,101.25,-10.83,53.48,34.13,0.02,-2.25,0
300.0,360.0,101972892#0_0,101972892#0,3,5.21,13.02,1,0.19,13.89,28.3,0.0,-1.89,9.86,0.5,-0.19,-5.0,13
300.0,360.0,101972892#1_0,101972892#1,0,13.89,15.13,0,0.0,13.89,13.33,0.1,1.11,2.95,0.8,-1.4,-5.0,33
300.0,360.0,101972898#0_0,101972898#0,0,13.89,11.02,0,0.0,13.89,24.26,8.06,0.46,3.69,1.09,0.29,-4.86,4
300.0,360.0,101972898#1_0,101972898#1,1,8.15,12.35,0,0.17,13.89,31.2,5.89,-2.21,4.04,1.06,1.22,-1.58,0
300.0,360.0,101972898#2_0,101972898#2,0,13.89,15.42,0,0.03,13.89,39.18,11.5,-0.28,3.34,1.05,0.52,-5.0,2
300.0,360.0,101972898#3_0,101972898#3,2,11.7,15.68,0,0.07,13.89,28.95,4.29,2.47,4.09,1.02,-1.03,-5.0,38
300.0,360.0,101972912#0_0,101972912#0,4,2.63,12.7,0,0.18,13.89,11.59,0.0,1.51,2.57,0.58,-0.18,-4.62,17
300.0,360.0,101972912#1_0,101972912#1,0,13.89,7.6,0,0.19,13.89,39.27,0.42,-5.69,34.5,0.47,-0.14,-4.0,5
300.0,360.0,101972924#0_0,101972924#0,1,12.05,17.28,0,0.04,22.22,52.0,10.0,0.65,4.41,0.95,0.7,-5.0,5
300.0,360.0,101972924#2_0,101972924#2,1,13.8,17.86,0,0.04,22.22,38.71,8.16,5.51,3.16,1.04,-0.8,-5.0,12
300.0,360.0,101972924#3_0,101972924#3,12,0.08,13.51,11,0.51,22.22,2.56,0.0,0.28,1.36,0.52,-0.15,-5.0,15
300.0,360.0,101972924#5_0,101972924#5,13,0.37,5.07,8,0.53,22.22,1.1,0.0,-0.15,1.49,0.5,0.01,-4.55,4
300.0,360.0,101972952#0_0,101972952#0,0,13.89,9.48,0,0.0,13.89,117.77,117.77,7.83,15.05,15.05,-0.45,-3.31,1
300.0,360.0,101972954#2_0,101972954#2,0,13.89,11.78,0,0.0,13.89,90.18,71.77,6.25,15.65,6.09,1.58,-0.25,0
300.0,360.0,101972954#4_0,101972954#4,0,13.89,14.06,0,0.0,13.89,11.55,0.1,-5.24,1.36,0.58,-2.03,-4.66,10
300.0,360.0,101972955#0_0,101972955#0,0,13.89,9.66,0,0.0,13.89,12.09,2.85,0.34,2.06,0.99,-1.34,-4.0,6
300.0,360.0,101972955#1_0,101972955#1,0,13.89,10.25,0,0.0,13.89,4.59,3.38,1.48,1.12,0.99,-1.07,-5.0,5
300.0,360.0,101972955#3_0,101972955#3,0,13.89,13.88,0,0.0,13.89,63.89,62.08,2.16,13.61,4.73,-1.38,-4.62,7
300.0,360.0,101972960#0_0,101972960#0,1,7.76,13.49,0,0.07,13.89,64.41,22.04,2.04,6.17,1.75,0.62,-2.04,0
300.0,360.0,101972960#1_0,101972960#1,1,6.74,14.42,0,0.09,13.89,39.08,13.82,6.29,3.54,1.46,-1.71,-5.0,11
300.0,360.0,102027267#0_0,102027267#0,0,11.11,11.24,0,0.0,11.11,,,,,,-0.14,-0.85,0
300.0,360.0,102027267#1_0,102027267#1,0,11.11,11.34,0,0.0,11.11,,,,,,-0.05,-0.73,0
300.0,360.0,102027267#2_0,102027267#2,0,11.11,11.36,0,0.0,11.11,,,,,,0.02,-0.74,0
300.0,360.0,102027267#3_0,102027267#3,1,6.67,11.32,0,0.04,11.11,137.55,134.96,-5.34,23.83,20.99,0.2,-1.12,0
300.0,360.0,102027267#4_0,102027267#4,1,11.14,11.36,0,0.03,11.11,,,,,,0.04,-1.31,0
300.0,360.0,102688627#0_0,102688627#0,0,11.11,14.57,0,0.0,11.11,,,,,,0.39,-0.76,0
300.0,360.0,102688627#1_0,102688627#1,0,11.11,14.51,0,0.0,11.11,133.76,133.76,4.29,9.26,9.26,0.06,-0.55,0
300.0,360.0,102688627#2_0,102688627#2,0,11.11,14.58,0,0.0,11.11,118.98,115.98,10.78,8.31,7.95,0.11,-0.76,0
300.0,360.0,102688627#3_0,102688627#3,0,11.11,14.42,0,0.0,11.11,74.29,53.11,14.12,5.26,3.76,-0.03,-1.16,0
300.0,360.0,102688627#4_0,102688627#4,0,11.11,14.06,0,0.0,11.11,18.5,0.02,3.49,5.49,0.5,-0.5,-4.0,9
300.0,360.0,102688627#5_0,102688627#5,2,3.97,9.98,1,0.25,11.11,3.41,0.0,-0.53,3.33,0.5,0.01,-4.51,6
300.0,360.0,102688628#0_0,102688628#0,0,22.22,17.95,0,0.0,22.22,43.48,13.24,7.85,2.74,1.08,-0.18,-2.41,0
300.0,360.0,102688628#1_0,102688628#1,1,0.04,17.58,1,0.06,22.22,14.54,3.92,4.79,1.83,0.93,-1.87,-5.0,25
300.0,360.0,102688628#2_0,102688628#2,5,0.0,11.02,5,0.68,22.22,2.9,0.0,0.12,1.63,0.5,-0.21,-5.0,9
300.0,360.0,102688628#3_0,102688628#3,9,0.31,6.56,4,0.63,22.22,5.64,0.0,-0.48,3.51,0.5,-0.01,-4.98,8
300.0,360.0,102688628#4_0,102688628#4,0,22.22,10.87,0,0.0,22.22,27.5,9.31,3.62,3.18,1.0,1.28,0.02,0
300.0,360.0,102688628#5_0,102688628#5,6,0.0,12.42,6,0.34,22.22,5.12,0.0,-0.65,6.05,0.5,0.01,-5.0,14
300.0,360.0,102688629#2_0,102688629#2,0,11.11,11.65,0,0.0,11.11,39.69,7.77,4.66,4.43,1.13,-0.95,-4.07,9
300.0,360.0,102688629#3_0,102688629#3,0,11.11,11.64,0,0.0,11.11,41.36,13.11,6.0,3.94,1.24,0.9,-0.58,0
300.0,360.0,102688629#4_0,102688629#4,0,11.11,11.17,0,0.0,11.11,26.02,10.86,5.11,2.57,1.25,-0.61,-3.34,1
300.0,360.0,102688629#5_0,102688629#5,3,0.0,8.42,3,0.57,11.11,13.67,0.0,0.43,8.34,0.53,-0.5,-5.0,11
300.0,360.0,102688629#6_0,102688629#6,1,0.0,8.11,1,0.07,11.11,15.42,0.0,-1.22,10.0,0.55,-0.13,-4.35,6
300.0,360.0,102688631#1_0,102688631#1,1,12.2,12.8,0,0.03,11.11,76.39,47.36,-0.42,7.92,4.42,0.29,-2.17,0
300.0,360.0,102688631#2_0,102688631#2,0,11.11,11.79,0,0.0,11.11,19.83,15.84,3.92,1.88,1.57,-0.59,-4.0,3
300.0,360.0,102688631#3_0,102688631#3,0,11.11,10.78,0,0.0,11.11,47.68,12.48,-0.96,6.88,1.2,0.44,-3.34,1
300.0,360.0,102688631#4_0,102688631#4,0,11.11,11.2,0,0.0,11.11,61.48,13.38,-1.11,7.39,1.28,0.42,-0.63,0
300.0,360.0,102688631#5_0,102688631#5,0,11.11,11.19,0,0.0,11.11,52.95,8.96,-3.43,6.52,1.1,-0.61,-5.0,9
300.0,360.0,102690982#1_0,102690982#1,1,9.89,11.11,0,0.12,11.11,67.74,10.33,-1.27,7.23,1.12,0.16,-1.94,0
300.0,360.0,102690982#2_0,102690982#2,1,10.67,13.5,0,0.03,11.11,82.32,10.27,0.69,8.1,1.07,-0.03,-2.42,0
300.0,360.0,102690982#3_0,102690982#3,1,10.61,13.58,0,0.02,11.11,57.01,2.96,-0.0,5.82,0.42,-0.53,-5.0,13
300.0,360.0,102690982#4_0,102690982#4,0,11.11,11.55,0,0.0,11.11,86.91,29.22,3.67,8.91,2.81,-0.35,-4.95,10
300.0,360.0,102690983#0_0,102690983#0,0,22.22,15.38,0,0.0,22.22,29.7,6.23,-4.36,3.57,1.4,1.46,-1.08,0
300.0,360.0,102690983#2_0,102690983#2,0,22.22,17.79,0,0.0,22.22,49.55,15.86,-0.86,3.31,1.24,1.05,-0.18,0
300.0,360.0,102690983#3_0,102690983#3,1,13.28,17.99,0,0.04,22.22,45.8,15.36,3.85,2.95,1.11,0.09,-1.62,0
300.0,360.0,102690983#4_0,102690983#4,3,6.13,17.89,0,0.19,22.22,21.29,0.11,0.74,2.59,0.6,-1.74,-5.0,29
300.0,360.0,102690992#0_0,102690992#0,1,7.11,10.35,0,0.03,11.11,80.92,31.09,0.15,8.25,3.17,0.65,-1.26,0
300.0,360.0,102690992#1_0,102690992#1,0,11.11,10.91,0,0.0,11.11,39.25,35.79,-0.96,4.1,3.74,0.01,-1.75,0
300.0,360.0,102690992#2_0,102690992#2,2,9.26,10.88,0,0.04,11.11,48.32,0.0,0.08,6.48,1.1,-0.01,-4.0,5
300.0,360.0,102690997#1_0,102690997#1,0,13.89,12.09,0,0.0,13.89,30.76,20.67,-5.64,3.64,3.13,1.32,0.46,0
300.0,360.0,102690997#2_0,102690997#2,1,11.32,11.32,0,0.35,13.89,44.78,44.78,-3.63,3.95,3.95,1.56,1.56,0
300.0,360.0,102690997#3_0,102690997#3,1,14.95,15.44,0,0.04,13.89,,,,,,0.27,-1.39,0
300.0,360.0,102690997#4_0,102690997#4,0,13.89,13.89,0,0.0,13.89,,,,,,-0.04,-0.08,0
300.0,360.0,102690997#5_0,102690997#5,0,13.89,14.01,0,0.0,13.89,102.48,83.27,10.68,7.61,6.15,-0.4,-1.26,0
300.0,360.0,102690997#6_0,102690997#6,0,13.89,14.14,0,0.0,13.89,47.66,0.12,5.06,4.57,0.07,-1.91,-4.0,15
300.0,360.0,102691001#0_0,102691001#0,0,11.11,9.95,0,0.0,11.11,127.88,75.55,4.04,13.92,7.9,-0.11,-2.34,0
300.0,360.0,102691001#1_0,102691001#1,3,0.99,9.92,2,0.2,11.11,15.56,0.0,-0.48,3.66,0.52,-0.22,-5.0,11
300.0,360.0,102784452#2_0,102784452#2,0,27.78,18.0,0,0.0,27.78,,,,,,-0.19,-1.67,0
300.0,360.0,102784452#3_0,102784452#3,0,27.78,17.49,0,0.0,27.78,63.83,9.24,-0.43,6.24,1.1,0.92,-5.0,4
300.0,360.0,102784452#4_0,102784452#4,2,9.32,17.54,0,0.16,27.78,40.31,12.64,1.72,3.15,1.08,-1.18,-5.0,20
300.0,360.0,102784452#5_0,102784452#5,0,27.78,18.0,0,0.0,27.78,102.8,100.54,4.61,5.87,5.75,0.15,-2.46,0
300.0,360.0,102784452#6_0,102784452#6,0,27.78,13.81,0,0.0,27.78,,,,,,-2.12,-5.0,2
300.0,360.0,102784452#8_0,102784452#8,0,27.78,11.81,0,0.0,27.78,,,,,,1.05,0.49,0
300.0,360.0,102961695_0,102961695,0,13.89,13.78,0,0.0,13.89,14.51,12.92,-0.67,1.39,1.29,0.37,-1.54,0
300.0,360.0,102961698#1_0,102961698#1,0,13.89,14.54,0,0.0,13.89,25.64,0.01,-0.01,6.35,0.5,-0.53,-5.0,28
300.0,360.0,102961698#2_0,102961698#2,1,10.09,14.67,0,0.03,13.89,84.0,48.52,-1.3,7.78,3.39,0.91,-2.04,0
300.0,360.0,102961698#3_0,102961698#3,0,13.89,14.8,0,0.0,13.89,61.52,21.8,0.45,4.42,1.58,-0.04,-1.63,0
300.0,360.0,102961698#4_0,102961698#4,0,13.89,14.63,0,0.0,13.89,67.41,24.49,0.48,4.89,1.78,-0.0,-2.29,0
300.0,360.0,102961698#5_0,102961698#5,0,13.89,14.8,0,0.0,13.89,88.87,27.69,2.26,6.86,2.02,-0.01,-1.95,0
300.0,360.0,102961698#6_0,102961698#6,0,13.89,14.83,0,0.0,13.89,84.23,30.0,4.41,6.61,2.21,-0.02,-1.97,0
300.0,360.0,102961698#7_0,102961698#7,9,0.57,14.6,3,0.2,13.89,8.07,0.0,0.23,3.37,0.52,-0.11,-5.0,19
300.0,360.0,102961717#0_0,102961717#0,0,13.89,13.38,0,0.0,13.89,22.55,9.95,-0.68,2.52,1.11,0.54,-1.46,0
300.0,360.0,102961717#1_0,102961717#1,0,13.89,13.06,0,0.0,13.89,72.19,14.0,5.92,6.05,1.13,0.12,-1.24,0
300.0,360.0,102961717#2_0,102961717#2,0,13.89,12.25,0,0.0,13.89,74.6,73.8,0.05,6.3,6.2,0.09,-0.67,0
300.0,360.0,102961717#3_0,102961717#3,0,13.89,14.0,0,0.0,13.89,,,,,,1.29,-0.7,0
300.0,360.0,102961717#4_0,102961717#4,0,13.89,12.07,0,0.0,13.89,54.51,0.1,-8.84,9.27,0.79,-0.5,-4.16,8
300.0,360.0,102961724#0_0,102961724#0,0,13.89,13.38,0,0.0,13.89,,,,,,-0.34,-0.34,0
300.0,360.0,102961724#1_0,102961724#1,0,13.89,13.89,0,0.0,13.89,37.65,0.01,-9.43,,,-0.66,-4.0,6
300.0,360.0,102961758_0,102961758,0,2.78,2.78,0,0.0,2.78,,,,,,-0.01,-0.94,0
300.0,360.0,103050328_0,103050328,0,13.89,10.64,0,0.0,13.89,25.6,22.37,8.14,3.27,2.75,-3.82,-5.0,2
300.0,360.0,103050330#0_0,103050330#0,0,13.89,13.81,0,0.0,13.89,103.28,96.19,3.34,9.41,8.16,0.68,-1.12,0
300.0,360.0,103050330#1_0,103050330#1,0,13.89,14.61,0,0.0,13.89,107.0,85.31,9.36,7.81,5.84,0.46,-0.33,0
300.0,360.0,103050330#2_0,103050330#2,1,12.59,14.79,0,0.17,13.89,92.67,35.99,4.64,7.42,3.89,0.47,-1.01,0
300.0,360.0,103050330#3_0,103050330#3,0,13.89,14.54,0,0.0,13.89,73.99,48.4,7.07,8.08,4.38,-1.68,-4.0,16
300.0,360.0,103050330#4_0,103050330#4,0,13.89,10.93,0,0.0,13.89,62.52,62.15,-0.87,6.01,5.76,-1.34,-4.0,6
300.0,360.0,103050337_0,103050337,0,13.89,13.24,0,0.0,13.89,,,,,,-0.49,-5.0,4
300.0,360.0,103082294_0,103082294,3,0.0,10.3,3,0.35,13.89,6.37,0.0,-3.14,1.4,0.5,-0.26,-5.0,8
300.0,360.0,103082310#0_0,103082310#0,0,13.89,12.74,0,0.0,13.89,60.58,25.18,-0.36,4.89,2.1,0.87,-2.55,0
300.0,360.0,103082310#1_0,103082310#1,0,13.89,14.86,0,0.0,13.89,18.97,14.51,2.41,1.63,1.39,-1.75,-5.0,6
300.0,360.0,103082313#0_0,103082313#0,0,2.78,2.6,0,0.0,2.78,25.52,21.93,2.1,12.52,9.88,-0.1,-1.44,0
300.0,360.0,103082313#1_0,103082313#1,1,2.34,3.17,0,0.15,2.78,34.7,0.54,-2.91,23.42,0.94,-0.07,-3.42,1
300.0,360.0,103082325#1_0,103082325#1,0,13.89,13.52,0,0.0,13.89,,,,,,0.11,-0.52,0
300.0,360.0,103082325#2_0,103082325#2,0,13.89,13.27,0,0.0,13.89,,,,,,-2.85,-4.0,3
300.0,360.0,103082326#0_0,103082326#0,0,13.89,12.9,0,0.0,13.89,99.01,65.72,9.18,12.09,5.97,0.11,-5.0,2
300.0,360.0,103082326#1_0,103082326#1,0,13.89,13.44,0,0.0,13.89,89.46,89.46,-4.55,16.63,16.63,-1.65,-4.0,7
300.0,360.0,103212684#0_0,103212684#0,0,13.89,11.3,0,0.0,13.89,106.62,106.62,4.21,17.14,17.14,0.81,-3.36,1
300.0,360.0,103212684#2_0,103212684#2,0,13.89,11.71,0,0.0,13.89,,,,,,1.29,-0.65,0
300.0,360.0,103212684#3_0,103212684#3,0,13.89,14.35,0,0.0,13.89,,,,,,-2.72,-4.0,4
300.0,360.0,103212690_0,103212690,1,2.45,2.55,0,0.04,2.78,16.72,11.9,-9.38,7.23,5.38,-0.0,-1.23,0
300.0,360.0,103230484#0_0,103230484#0,0,13.89,13.54,0,0.0,13.89,,,,,,-0.07,-4.0,3
300.0,360.0,103230516#0_1,103230516#0,0,11.11,12.33,0,0.0,11.11,,,,,,-1.07,-4.0,2
300.0,360.0,103230552#0_0,103230552#0,0,13.89,9.72,0,0.0,13.89,,,,,,0.09,-1.55,0
300.0,360.0,103230552#1_0,103230552#1,0,13.89,15.4,0,0.0,13.89,,,,,,1.02,-0.36,0
300.0,360.0,103230557#0_0,103230557#0,0,22.22,17.79,0,0.0,22.22,48.81,15.16,-2.72,3.94,1.03,1.59,0.12,0
300.0,360.0,103230557#1_0,103230557#1,1,13.28,17.89,0,0.04,22.22,49.18,17.97,-0.31,3.09,1.05,0.24,-1.9,0
300.0,360.0,103230557#2_0,103230557#2,1,13.28,17.97,0,0.04,22.22,33.04,19.08,0.81,1.9,1.09,0.05,-2.39,0
300.0,360.0,103230557#4_0,103230557#4,0,22.22,16.88,0,0.0,22.22,26.41,20.24,1.93,1.57,1.21,-1.22,-2.42,0
300.0,360.0,103230557#5_0,103230557#5,0,22.22,17.96,0,0.0,22.22,22.5,16.73,2.72,1.4,1.09,-1.02,-4.98,3
300.0,360.0,103230557#6_0,103230557#6,0,22.22,16.78,0,0.0,22.22,16.17,13.12,3.17,1.38,1.25,-2.02,-3.43,4
300.0,360.0,103230557#7_0,103230557#7,0,22.22,12.18,0,0.0,22.22,24.72,8.53,-0.02,3.53,1.17,-2.61,-5.0,15
300.0,360.0,103230568_0,103230568,1,2.64,3.26,0,0.02,2.78,104.47,104.03,0.1,41.39,38.15,-0.01,-2.31,0
300.0,360.0,103230587#0_0,103230587#0,0,13.89,13.46,0,0.0,13.89,,,,,,0.97,-2.08,0
300.0,360.0,103230587#1_0,103230587#1,0,13.89,13.66,0,0.0,13.89,,,,,,-0.05,-2.18,0
300.0,360.0,103230607#0_0,103230607#0,0,13.89,16.23,0,0.0,13.89,8.62,8.62,-1.99,0.88,0.88,0.34,-3.66,2
300.0,360.0,103230607#3_0,103230607#3,0,13.89,8.97,0,0.0,13.89,,,,,,0.39,-5.0,1
300.0,360.0,103230607#4_0,103230607#4,0,13.89,13.6,0,0.0,13.89,20.17,14.76,-3.1,2.22,1.23,0.97,-5.0,1
300.0,360.0,103230607#5_0,103230607#5,0,13.89,13.74,0,0.0,13.89,15.82,9.35,-0.11,2.7,1.22,-0.83,-5.0,6
300.0,360.0,104043544#2_0,104043544#2,0,22.22,9.79,0,0.0,22.22,,,,,,0.89,-0.74,0
300.0,360.0,104043544#4_0,104043544#4,0,22.22,13.85,0,0.0,22.22,68.42,68.17,-0.36,5.12,4.95,1.07,-0.87,0
300.0,360.0,104043544#5_0,104043544#5,0,22.22,13.87,0,0.0,22.22,67.76,67.06,0.77,5.02,4.94,0.48,-1.12,0
300.0,360.0,104043544#6_0,104043544#6,0,22.22,13.9,0,0.0,22.22,65.02,58.51,9.36,4.73,4.27,-0.05,-0.28,0
300.0,360.0,104043544#7_0,104043544#7,0,22.22,13.88,0,0.0,22.22,42.41,32.89,9.9,3.12,2.4,0.02,-1.15,0
300.0,360.0,104043544#8_0,104043544#8,0,22.22,13.52,0,0.0,22.22,58.18,18.62,-5.4,43.64,1.82,-0.75,-4.0,8
300.0,360.0,1087118361#11_0,1087118361#11,0,27.78,12.77,0,0.0,27.78,21.76,9.87,-0.07,2.26,1.01,1.28,0.5,0
300.0,360.0,1087118361#12_0,1087118361#12,0,27.78,11.95,0,0.0,27.78,13.59,7.88,1.51,1.63,1.04,-2.34,-4.63,5
300.0,360.0,1087118361#4_0,1087118361#4,0,27.78,8.09,0,0.0,27.78,,,,,,0.64,0.6,0
300.0,360.0,1087118361#5_0,1087118361#5,0,27.78,12.55,0,0.0,27.78,22.98,8.56,-1.73,2.51,1.32,1.21,-0.99,0
300.0,360.0,1087118361#6_0,1087118361#6,0,27.78,13.56,0,0.0,27.78,16.5,16.5,-0.04,1.22,1.22,-1.47,-4.0,1
300.0,360.0,1087118361#8_0,1087118361#8,0,27.78,16.02,0,0.0,27.78,13.49,10.76,0.64,5.12,1.22,-0.65,-4.0,8
300.0,360.0,1087118361#9_0,1087118361#9,0,27.78,10.52,0,0.0,27.78,4.04,0.0,-0.1,5.02,0.53,-0.38,-5.0,7
300.0,360.0,1087118362#0_0,1087118362#0,1,10.03,10.92,0,0.04,11.11,,,,,,0.14,-1.55,0
300.0,360.0,1087118362#10_0,1087118362#10,0,11.11,10.91,0,0.0,11.11,52.66,13.5,3.17,5.34,1.29,-0.0,-1.24,0
300.0,360.0,1087118362#11_0,1087118362#11,3,0.0,11.16,3,0.09,11.11,11.81,0.0,0.1,3.25,0.17,-0.09,-5.0,10
300.0,360.0,1087118362#3_0,1087118362#3,0,11.11,9.35,0,0.0,11.11,25.3,2.34,2.79,3.18,0.93,-0.14,-3.35,1
300.0,360.0,1087118362#5_0,1087118362#5,0,11.11,11.66,0,0.0,11.11,38.39,26.29,-0.72,4.0,2.59,0.59,-1.56,0
300.0,360.0,1087118362#6_0,1087118362#6,0,11.11,11.71,0,0.0,11.11,39.35,29.58,0.07,3.71,2.84,-0.67,-4.0,2
300.0,360.0,1087118362#7_0,1087118362#7,1,11.47,11.63,0,0.08,11.11,38.5,31.65,0.37,3.63,3.07,-0.0,-2.04,0
300.0,360.0,1087118362#8_0,1087118362#8,0,11.11,11.02,0,0.0,11.11,54.79,35.47,1.02,5.58,3.36,-0.05,-1.96,0
300.0,360.0,1087118362#9_0,1087118362#9,0,11.11,11.24,0,0.0,11.11,64.95,13.66,3.51,6.48,1.27,0.01,-2.01,0
300.0,360.0,1124089269_1,1124089269,0,27.78,16.7,0,0.0,27.78,,,,,,-0.18,-0.59,0
300.0,360.0,1124089270_1,1124089270,1,16.19,16.66,0,0.05,27.78,173.92,167.08,4.56,10.66,10.29,-0.2,-1.01,0
300.0,360.0,1124089271_0,1124089271,0,27.78,13.86,0,0.0,27.78,42.28,42.17,0.01,3.14,3.08,0.21,-0.92,0
300.0,360.0,1124089271_1,1124089271,0,27.78,16.87,0,0.02,27.78,14.89,0.0,1.77,4.5,0.55,0.08,-5.0,10
300.0,360.0,1124089272#1_0,1124089272#1,0,27.78,13.89,0,0.0,27.78,57.09,33.17,0.11,4.22,2.41,-0.03,-0.96,0
300.0,360.0,1124089272#1_1,1124089272#1,2,13.31,13.49,0,0.06,27.78,33.63,10.42,0.94,3.08,1.16,0.96,-0.0,0
300.0,360.0,1124089273_0,1124089273,1,16.89,16.89,0,0.03,27.78,54.09,11.97,-0.41,4.16,0.98,0.57,-1.24,0
300.0,360.0,1124089273_1,1124089273,1,11.0,13.52,0,0.03,27.78,,,,,,1.18,-0.58,0
300.0,360.0,1124089274_0,1124089274,2,17.46,17.92,0,0.04,27.78,46.64,14.25,1.48,3.51,1.04,0.28,-5.52,3
300.0,360.0,1124089274_1,1124089274,0,27.78,13.62,0,0.0,27.78,130.26,129.87,1.42,9.68,9.62,0.11,-0.58,0
300.0,360.0,1124089275#0_0,1124089275#0,2,3.93,17.85,1,0.17,27.78,35.14,7.7,-0.78,4.58,1.07,-1.56,-5.0,37
300.0,360.0,1124089275#0_1,1124089275#0,0,27.78,13.86,0,0.0,27.78,130.98,130.98,-1.59,9.45,9.45,-0.16,-0.54,0
300.0,360.0,1124089275#1_0,1124089275#1,0,27.78,17.75,0,0.0,27.78,108.73,78.2,4.36,6.21,4.41,0.48,-0.74,0
300.0,360.0,1124089275#1_1,1124089275#1,0,27.78,16.43,0,0.0,27.78,103.98,80.74,-0.58,6.42,5.0,-0.12,-0.96,0
300.0,360.0,1124089275#2_0,1124089275#2,0,27.78,17.93,0,0.0,27.78,73.47,37.85,1.35,4.84,2.12,0.1,-1.85,0
300.0,360.0,1124089275#2_1,1124089275#2,1,13.85,17.97,0,0.02,27.78,88.16,27.52,0.59,5.39,1.84,0.32,-3.59,1
300.0,360.0,1124102298_0,1124102298,0,27.78,17.95,0,0.02,27.78,149.17,138.03,8.02,8.53,7.94,-2.38,-5.0,9
300.0,360.0,1124105437#0_0,1124105437#0,0,27.78,17.99,0,0.0,27.78,167.89,157.41,7.9,9.71,9.0,-0.01,-2.26,0
300.0,360.0,1124105783_0,1124105783,0,27.78,18.0,0,0.0,27.78,,,,,,-0.04,-2.31,0
300.0,360.0,1124379127#0_0,1124379127#0,1,13.52,15.9,0,0.04,16.67,,,,,,0.41,-1.05,0
300.0,360.0,1124379127#0_1,1124379127#0,0,16.67,17.08,0,0.0,16.67,134.67,128.16,1.14,13.27,8.17,0.77,-5.0,3
300.0,360.0,1124379127#1_0,1124379127#1,0,16.67,15.9,0,0.0,16.67,,,,,,-0.09,-1.03,0
300.0,360.0,1124379127#1_1,1124379127#1,0,16.67,17.45,0,0.0,16.67,,,,,,-0.64,-5.0,10
300.0,360.0,1124379127#2_0,1124379127#2,0,16.67,15.6,0,0.0,16.67,,,,,,-0.02,-0.5,0
300.0,360.0,1124379127#2_1,1124379127#2,0,16.67,16.69,0,0.0,16.67,,,,,,-0.01,-1.22,0
300.0,360.0,1124379127#3_0,1124379127#3,0,16.67,15.86,0,0.0,16.67,,,,,,0.17,-1.08,0
300.0,360.0,1124379127#3_1,1124379127#3,0,16.67,16.58,0,0.0,16.67,115.84,107.99,8.47,7.5,6.85,0.75,-1.1,0
300.0,360.0,1124382852_0,1124382852,1,13.68,17.99,0,0.01,27.78,75.99,21.39,0.72,5.71,2.64,0.49,-2.12,0
300.0,360.0,1124382853#2_0,1124382853#2,0,27.78,17.63,0,0.0,27.78,,,,,,-0.1,-1.5,0
300.0,360.0,1124382853#3_0,1124382853#3,0,27.78,18.0,0,0.0,27.78,,,,,,-1.13,-5.0,4
300.0,360.0,1124382853#5_0,1124382853#5,0,27.78,14.29,0,0.0,27.78,89.81,11.05,-5.54,12.39,1.32,-0.78,-5.0,8
300.0,360.0,1126633510#0_0,1126633510#0,4,8.09,10.86,0,0.07,11.11,55.92,7.58,-2.38,8.73,1.28,0.4,-2.54,0
300.0,360.0,1126633510#1_0,1126633510#1,0,11.11,10.88,0,0.0,11.11,,,,,,-0.1,-1.09,0
300.0,360.0,1126633511#0_0,1126633511#0,0,11.11,11.22,0,0.0,11.11,,,,,,0.02,-1.8,0
300.0,360.0,1126633511#1_0,1126633511#1,0,11.11,11.12,0,0.0,11.11,,,,,,-0.04,-0.97,0
300.0,360.0,1126633511#2_0,1126633511#2,0,11.11,11.18,0,0.0,11.11,,,,,,-0.04,-1.78,0
300.0,360.0,1126633511#3_0,1126633511#3,0,11.11,11.14,0,0.0,11.11,,,,,,-0.27,-2.02,0
300.0,360.0,1126633511#4_0,1126633511#4,0,11.11,10.76,0,0.0,11.11,,,,,,-0.08,-0.95,0
300.0,360.0,1126633511#5_0,1126633511#5,0,11.11,11.08,0,0.0,11.11,,,,,,0.11,-1.13,0
300.0,360.0,1126633511#6_0,1126633511#6,0,11.11,10.4,0,0.05,11.11,63.67,4.54,-9.54,,,-0.24,-5.0,3
300.0,360.0,1126641020#0_0,1126641020#0,1,13.27,18.0,0,0.04,27.78,75.56,17.33,1.85,4.68,1.2,-0.04,-2.26,0
300.0,360.0,1126641020#1_0,1126641020#1,1,13.72,17.95,0,0.04,27.78,65.34,10.02,2.76,4.22,1.23,-0.77,-5.0,13
300.0,360.0,1126641021_0,1126641021,2,10.25,17.98,0,0.03,27.78,79.42,20.37,-1.5,5.89,1.32,0.37,-5.0,4
300.0,360.0,1128043713#0_0,1128043713#0,0,11.11,10.53,0,0.0,11.11,,,,,,-0.03,-1.01,0
300.0,360.0,1128043713#1_1,1128043713#1,0,11.11,10.83,0,0.0,11.11,27.62,22.9,-6.23,2.75,2.12,-0.24,-1.87,0
300.0,360.0,1128043714#1_0,1128043714#1,0,11.11,12.05,0,0.0,11.11,38.24,35.32,-0.84,3.86,3.39,0.85,-1.71,0
300.0,360.0,1128043714#2_0,1128043714#2,2,11.17,12.12,0,0.08,11.11,112.18,37.4,9.7,10.01,3.24,-0.04,-1.17,0
300.0,360.0,1128043714#3_0,1128043714#3,0,11.11,12.15,0,0.0,11.11,70.5,60.64,11.12,6.2,5.39,0.19,-0.83,0
300.0,360.0,1128043714#4_0,1128043714#4,4,0.0,12.18,4,0.21,11.11,3.71,0.0,0.45,1.84,0.5,-0.09,-5.0,6
300.0,360.0,1128043714#5_0,1128043714#5,6,0.0,3.14,6,0.7,11.11,4.34,0.0,-1.15,2.41,0.57,-0.02,-2.94,0
300.0,360.0,1130603776#0_0,1130603776#0,0,16.67,17.64,0,0.0,16.67,67.39,19.07,2.38,4.65,1.28,-0.03,-2.17,0
300.0,360.0,1130603776#0_1,1130603776#0,0,16.67,16.98,0,0.0,16.67,61.67,23.97,-0.7,4.21,1.55,0.24,-2.35,0
300.0,360.0,1130603776#1_0,1130603776#1,0,16.67,16.58,0,0.0,16.67,39.88,17.29,4.4,2.77,1.22,-0.21,-1.86,0
300.0,360.0,1130603776#1_1,1130603776#1,0,16.67,17.28,0,0.0,16.67,76.99,31.62,5.89,4.7,2.09,-0.65,-4.0,4
300.0,360.0,1130603776#2_0,1130603776#2,1,5.36,13.98,0,0.05,16.67,31.9,16.35,-0.21,3.76,1.21,-0.56,-5.0,13
300.0,360.0,1130603776#2_1,1130603776#2,1,16.31,16.99,0,0.1,16.67,34.38,0.69,2.64,3.22,1.16,-0.68,-5.0,8
300.0,360.0,1132238886_0,1132238886,0,27.78,17.9,0,0.0,27.78,132.28,110.38,3.58,8.73,7.89,0.0,-5.0,4
300.0,360.0,1132632803_0,1132632803,0,27.78,18.0,0,0.0,27.78,76.29,70.91,1.95,6.85,4.17,-1.35,-5.0,4
300.0,360.0,1173597755#0_0,1173597755#0,1,10.03,11.5,0,0.03,11.11,,,,,,-0.13,-5.0,4
300.0,360.0,1173597755#11_0,1173597755#11,0,11.11,10.19,0,0.0,11.11,,,,,,1.7,1.03,0
300.0,360.0,1173597755#1_0,1173597755#1,0,11.11,11.88,0,0.0,11.11,,,,,,1.16,-0.82,0
300.0,360.0,1173597755#2_0,1173597755#2,0,11.11,11.93,0,0.0,11.11,,,,,,0.28,-0.64,0
300.0,360.0,1173597755#3_0,1173597755#3,0,11.11,11.92,0,0.0,11.11,,,,,,0.19,-1.33,0
300.0,360.0,1173597755#4_0,1173597755#4,0,11.11,12.0,0,0.0,11.11,6.1,2.53,0.65,1.12,0.86,-1.55,-5.0,7
300.0,360.0,1173597755#5_0,1173597755#5,0,11.11,7.85,0,0.0,11.11,10.79,9.39,-2.98,1.61,1.53,1.69,0.64,0
300.0,360.0,1173597755#6_0,1173597755#6,2,10.69,11.56,0,0.06,11.11,29.65,0.06,-3.7,5.59,0.46,-0.28,-5.0,4
300.0,360.0,1178005978#0_0,1178005978#0,1,0.0,13.74,1,0.02,13.89,58.24,11.74,-8.07,7.97,2.35,-0.28,-4.0,6
300.0,360.0,1178014356_0,1178014356,0,13.89,15.52,0,0.0,13.89,,,,,,1.37,-0.47,0
300.0,360.0,1178018200#0_0,1178018200#0,1,1.71,2.91,0,0.07,2.78,,,,,,-0.1,-2.04,0
300.0,360.0,1178018200#1_0,1178018200#1,0,2.78,0.0,0,0.0,2.78,59.26,0.1,-9.3,,,-0.0,-0.0,0
300.0,360.0,1192799362_0,1192799362,0,16.67,15.95,0,0.0,16.67,,,,,,-0.02,-1.02,0
300.0,360.0,1192799363#0_0,1192799363#0,0,16.67,16.67,0,0.0,16.67,32.71,32.52,-0.81,2.01,1.99,-0.25,-1.04,0
300.0,360.0,1192799363#0_1,1192799363#0,0,16.67,17.35,0,0.0,16.67,,,,,,0.13,-1.29,0
300.0,360.0,1192799363#1_0,1192799363#1,0,16.67,17.2,0,0.0,16.67,31.94,31.45,0.25,1.9,1.86,-0.06,-2.14,0
300.0,360.0,1192799363#1_1,1192799363#1,0,16.67,17.44,0,0.0,16.67,,,,,,0.4,-0.81,0
300.0,360.0,1192799363#2_0,1192799363#2,1,13.2,17.31,0,0.02,16.67,56.53,15.61,2.85,4.12,1.51,-0.9,-5.0,8
300.0,360.0,1192799363#2_1,1192799363#2,0,16.67,17.38,0,0.0,16.67,97.3,86.36,4.97,6.21,5.35,-0.82,-5.0,2
300.0,360.0,1192799363#3_0,1192799363#3,0,16.67,16.61,0,0.0,16.67,,,,,,0.38,-1.0,0
300.0,360.0,1192799363#3_1,1192799363#3,0,16.67,15.96,0,0.0,16.67,32.22,13.92,4.47,2.42,1.17,-0.39,-5.0,5
300.0,360.0,1192799363#4_0,1192799363#4,0,16.67,16.39,0,0.0,16.67,56.44,49.73,-3.15,6.31,4.78,0.87,-0.99,0
300.0,360.0,1192799363#4_1,1192799363#4,0,16.67,16.04,0,0.0,16.67,54.91,11.92,-2.62,6.73,1.09,0.61,-2.18,0
300.0,360.0,1192799363#5_0,1192799363#5,0,16.67,16.67,0,0.0,16.67,,,,,,-0.51,-5.0,7
300.0,360.0,1192799363#5_1,1192799363#5,0,16.67,15.98,0,0.0,16.67,49.01,13.09,2.61,3.58,1.04,-0.08,-2.07,0
300.0,360.0,1192799364_0,1192799364,0,16.67,17.4,0,0.0,16.67,,,,,,-0.68,-2.46,0
300.0,360.0,1192799364_1,1192799364,0,16.67,14.98,0,0.0,16.67,,,,,,1.77,1.08,0
300.0,360.0,1192799366_0,1192799366,0,16.67,17.19,0,0.0,16.67,,,,,,-0.09,-1.6,0
300.0,360.0,1192799366_1,1192799366,0,16.67,17.3,0,0.0,16.67,,,,,,1.41,-2.3,0
300.0,360.0,1192800521_0,1192800521,0,16.67,15.88,0,0.0,16.67,,,,,,-0.04,-0.56,0
300.0,360.0,1192800521_1,1192800521,0,16.67,16.69,0,0.0,16.67,98.32,96.15,2.9,6.48,6.2,-0.98,-5.0,5
300.0,360.0,1196271501#2_0,1196271501#2,1,10.5,10.79,0,0.04,11.11,32.3,8.96,-0.64,4.14,1.22,0.12,-5.0,4
300.0,360.0,1196283316_0,1196283316,1,17.79,17.79,0,0.01,22.22,18.31,11.48,-0.13,1.4,1.02,0.45,-1.99,0
300.0,360.0,1198952554#0_0,1198952554#0,0,11.11,11.55,0,0.0,11.11,,,,,,0.19,-4.41,1
300.0,360.0,1198952554#2_0,1198952554#2,0,11.11,11.1,0,0.0,11.11,15.06,15.06,1.63,1.78,1.78,-0.7,-4.31,2
300.0,360.0,1198952554#3_0,1198952554#3,0,11.11,11.58,0,0.0,11.11,,,,,,0.73,-1.74,0
300.0,360.0,1198952554#4_0,1198952554#4,0,11.11,11.33,0,0.0,11.11,,,,,,0.1,-1.94,0
300.0,360.0,1198952554#5_0,1198952554#5,0,11.11,11.38,0,0.0,11.11,,,,,,0.25,-0.41,0
300.0,360.0,1198952554#6_0,1198952554#6,1,10.21,11.32,0,0.01,11.11,,,,,,-0.18,-4.0,2
300.0,360.0,1198952555#0_0,1198952555#0,0,11.11,10.56,0,0.0,11.11,71.69,52.14,-3.94,12.32,5.2,0.98,-0.8,0
300.0,360.0,1198952555#1_0,1198952555#1,0,11.11,11.02,0,0.0,11.11,76.25,56.36,-0.0,7.27,5.15,0.3,-0.95,0
300.0,360.0,1198952555#2_0,1198952555#2,2,10.92,11.45,0,0.05,11.11,83.58,58.27,1.49,7.48,5.61,-0.01,-1.03,0
300.0,360.0,1198952555#3_0,1198952555#3,1,7.34,11.04,0,0.06,11.11,,,,,,-0.64,-4.0,4
300.0,360.0,1199457538#1_0,1199457538#1,0,13.89,13.66,0,0.0,13.89,,,,,,-0.18,-0.58,0
300.0,360.0,1199457538#2_0,1199457538#2,0,13.89,13.12,0,0.0,13.89,11.02,6.97,-7.51,1.75,0.79,-1.08,-4.0,5
300.0,360.0,1199457540#0_0,1199457540#0,1,1.33,14.5,0,0.14,22.22,4.24,0.0,0.89,1.5,0.5,-0.49,-4.18,16
300.0,360.0,1199457540#1_0,1199457540#1,8,0.88,8.29,0,0.56,22.22,1.65,0.0,-0.11,1.68,0.52,-0.06,-5.0,8
300.0,360.0,1199457540#2_0,1199457540#2,0,22.22,6.82,0,0.0,22.22,31.84,0.0,-2.92,23.87,0.51,-0.14,-4.02,6
300.0,360.0,1199688354_0,1199688354,0,13.89,13.89,0,0.0,13.89,,,,,,-2.49,-4.0,5
300.0,360.0,1251129390#0_0,1251129390#0,0,11.11,11.85,0,0.0,11.11,,,,,,-0.07,-3.76,1
300.0,360.0,1251129390#0_1,1251129390#0,0,11.11,11.14,0,0.0,11.11,72.4,10.25,1.99,7.73,1.07,-0.11,-4.77,4
300.0,360.0,1251129390#1_0,1251129390#1,0,11.11,11.83,0,0.03,11.11,126.17,117.21,-0.25,11.19,10.55,0.02,-0.92,0
300.0,360.0,1251129390#1_1,1251129390#1,4,6.77,12.37,1,0.13,11.11,31.76,0.0,2.93,3.77,0.46,-0.5,-5.0,5
300.0,360.0,1251129390#2_0,1251129390#2,0,11.11,11.69,0,0.0,11.11,,,,,,-0.17,-0.68,0
300.0,360.0,1251129390#3_0,1251129390#3,1,12.28,12.72,0,0.02,11.11,43.4,18.55,-0.72,4.54,1.55,0.33,-1.86,0
300.0,360.0,1251129390#3_1,1251129390#3,1,10.74,12.8,0,0.02,11.11,48.74,8.45,-1.4,5.47,1.07,0.44,-1.86,0
300.0,360.0,1251129391_0,1251129391,1,11.71,12.89,0,0.03,11.11,65.97,28.04,4.88,5.53,2.29,0.01,-1.56,0
300.0,360.0,1275560130_0,1275560130,0,13.89,13.56,0,0.0,13.89,30.38,27.59,11.3,2.27,2.09,-2.63,-4.0,8
300.0,360.0,1275560131_0,1275560131,0,2.78,2.89,0,0.0,2.78,74.34,14.11,-4.25,30.74,4.88,-0.2,-2.46,0
300.0,360.0,1277600332#0_0,1277600332#0,0,11.11,10.92,0,0.0,11.11,44.38,38.82,-4.03,4.73,3.81,-0.81,-4.0,2
300.0,360.0,1277600332#1_0,1277600332#1,0,11.11,11.39,0,0.0,11.11,106.27,90.22,2.19,9.55,8.19,0.0,-0.77,0
300.0,360.0,1287656128#1_0,1287656128#1,0,22.22,17.97,0,0.0,22.22,54.43,14.99,3.31,4.5,1.72,-0.84,-5.0,31
300.0,360.0,1288011209_0,1288011209,2,11.69,12.45,0,0.09,11.11,33.58,0.0,-0.45,4.49,0.5,-0.2,-4.93,5
300.0,360.0,1309211043_0,1309211043,0,13.89,13.27,0,0.0,13.89,,,,,,-1.91,-4.35,3
300.0,360.0,1312946259#3_0,1312946259#3,0,11.11,12.24,0,0.0,11.11,64.12,1.94,2.94,14.36,0.85,-0.68,-5.0,11
300.0,360.0,1312946259#4_0,1312946259#4,0,11.11,11.18,0,0.0,11.11,39.9,1.0,0.39,8.82,1.28,0.3,-4.0,5
300.0,360.0,1312946260_0,1312946260,2,0.0,12.21,2,0.06,11.11,23.55,0.0,0.23,6.48,0.51,-0.15,-3.81,8
300.0,360.0,1342408879_0,1342408879,0,13.89,10.71,0,0.0,13.89,,,,,,-2.69,-4.74,11
300.0,360.0,1387728842#0_0,1387728842#0,0,11.11,10.88,0,0.0,11.11,,,,,,0.22,-1.74,0
300.0,360.0,1387728842#1_0,1387728842#1,0,11.11,10.75,0,0.0,11.11,130.76,128.39,9.47,13.81,13.56,0.23,-0.01,0
300.0,360.0,1388181076#0_0,1388181076#0,0,22.22,17.41,0,0.0,22.22,102.91,99.97,-11.66,18.06,17.43,1.57,-0.73,0
300.0,360.0,1388181076#1_0,1388181076#1,0,22.22,17.98,0,0.0,22.22,138.84,131.7,7.71,8.39,7.35,0.22,-1.69,0
300.0,360.0,1388181076#2_0,1388181076#2,0,22.22,17.61,0,0.0,22.22,83.79,25.85,5.77,5.52,2.01,-1.59,-4.0,3
300.0,360.0,1388181076#3_0,1388181076#3,0,22.22,17.93,0,0.0,22.22,75.58,19.0,4.4,5.84,1.54,0.41,-1.2,0
300.0,360.0,1388181076#4_0,1388181076#4,1,0.0,17.53,1,0.05,22.22,42.04,0.01,-3.97,22.19,1.16,-0.81,-5.0,12
300.0,360.0,1388965579_0,1388965579,1,5.91,17.67,0,0.06,27.78,66.77,9.16,-0.05,5.55,1.09,-3.1,-5.0,24
300.0,360.0,1389216080#0_0,1389216080#0,0,11.11,11.33,0,0.0,11.11,34.42,0.43,-1.93,7.19,0.74,-0.43,-4.0,4
300.0,360.0,1389216080#2_0,1389216080#2,0,11.11,11.38,0,0.0,11.11,29.56,0.0,-2.91,5.87,0.54,-0.38,-5.0,16
300.0,360.0,1419352711#0_0,1419352711#0,0,11.11,10.45,0,0.0,11.11,124.77,123.34,0.26,12.72,12.11,0.18,-2.13,0
300.0,360.0,1419352711#1_0,1419352711#1,1,9.19,10.83,0,0.02,11.11,,,,,,-0.13,-1.74,0
300.0,360.0,1419352712_0,1419352712,1,10.9,10.9,0,0.01,11.11,129.73,118.04,-2.24,13.56,11.45,-0.24,-5.0,4
300.0,360.0,1434291944#0_0,1434291944#0,2,9.96,17.84,0,0.04,22.22,33.76,6.95,-1.15,3.35,0.98,0.65,-1.94,0
300.0,360.0,1434291944#1_0,1434291944#1,0,22.22,17.98,0,0.0,22.22,36.04,14.61,0.78,2.26,1.04,0.02,-2.21,0
300.0,360.0,1434291944#2_0,1434291944#2,0,22.22,18.0,0,0.0,22.22,53.73,14.57,4.24,3.29,1.04,-0.06,-1.99,0
300.0,360.0,1434292703#0_0,1434292703#0,0,13.89,12.68,0,0.0,13.89,,,,,,-1.02,-5.0,5
300.0,360.0,1434292703#1_0,1434292703#1,0,13.89,11.6,0,0.0,13.89,22.9,13.15,-0.72,2.75,1.36,0.02,-4.84,3
300.0,360.0,1435087429_0,1435087429,2,4.07,11.9,1,0.08,11.11,42.5,11.96,-5.59,19.56,1.72,-0.34,-4.0,4
300.0,360.0,1435087430#0_0,1435087430#0,0,11.11,9.53,0,0.0,11.11,39.42,37.85,1.26,4.33,4.04,-0.1,-1.73,0
300.0,360.0,1435087430#1_0,1435087430#1,1,9.38,10.29,0,0.05,11.11,96.91,36.95,0.53,11.62,4.05,0.21,-2.06,0
300.0,360.0,1476448641#0_0,1476448641#0,0,22.22,17.74,0,0.0,22.22,68.61,11.15,-1.88,5.53,1.42,0.84,-1.66,0
300.0,360.0,1485642374_0,1485642374,0,2.78,2.97,0,0.0,2.78,,,,,,-0.07,-3.83,1
300.0,360.0,1502779184#1_0,1502779184#1,0,11.11,10.55,0,0.0,11.11,29.37,27.79,0.51,2.89,2.71,-0.02,-1.92,0
300.0,360.0,1530047253#0_0,1530047253#0,0,16.67,15.91,0,0.0,16.67,,,,,,-0.04,-1.21,0
300.0,360.0,1530047253#0_1,1530047253#0,0,16.67,16.68,0,0.0,16.67,,,,,,-1.79,-4.0,4
300.0,360.0,1530047253#1_0,1530047253#1,0,16.67,15.95,0,0.0,16.67,,,,,,0.02,-1.26,0
300.0,360.0,1530047253#1_1,1530047253#1,0,16.67,15.78,0,0.0,16.67,98.29,98.29,-6.52,18.97,18.97,-1.37,-4.0,5
300.0,360.0,1546903355_0,1546903355,0,11.11,11.14,0,0.0,11.11,68.46,10.08,-0.35,6.92,1.06,0.19,-1.71,0
300.0,360.0,449263233_0,449263233,0,13.89,12.42,0,0.0,13.89,120.06,118.6,-0.3,12.71,9.77,-0.45,-5.0,3
300.0,360.0,50219794#10_0,50219794#10,0,11.11,13.1,0,0.0,11.11,67.2,20.01,-0.37,6.44,1.83,0.09,-1.21,0
300.0,360.0,50219794#10_1,50219794#10,0,11.11,10.32,0,0.0,11.11,,,,,,0.04,-1.26,0
300.0,360.0,50219794#11_0,50219794#11,0,11.11,13.29,0,0.0,11.11,34.16,14.52,0.65,3.0,1.35,-0.14,-5.0,1
300.0,360.0,50219794#11_1,50219794#11,0,11.11,10.59,0,0.0,11.11,,,,,,0.02,-2.32,0
300.0,360.0,50219794#12_1,50219794#12,0,11.11,8.54,0,0.0,11.11,,,,,,0.47,-4.62,1
300.0,360.0,50219794#13_0,50219794#13,0,11.11,11.3,0,0.0,11.11,,,,,,0.13,-0.93,0
300.0,360.0,50219794#13_1,50219794#13,0,11.11,10.69,0,0.0,11.11,,,,,,0.76,-0.61,0
300.0,360.0,50219794#14_0,50219794#14,0,11.11,11.08,0,0.0,11.11,,,,,,-0.52,-0.78,0
300.0,360.0,50219794#15_0,50219794#15,0,11.11,11.29,0,0.0,11.11,,,,,,0.02,-0.82,0
300.0,360.0,50219794#3_0,50219794#3,0,11.11,10.39,0,0.0,11.11,15.97,13.53,-3.04,2.43,2.36,1.35,-0.56,0
300.0,360.0,50219794#3_1,50219794#3,0,11.11,10.09,0,0.0,11.11,,,,,,2.49,2.36,0
300.0,360.0,50219794#4_0,50219794#4,1,10.35,10.93,0,0.04,11.11,54.56,3.57,-5.45,11.58,6.19,0.05,-1.78,0
300.0,360.0,50219794#4_1,50219794#4,0,11.11,10.71,0,0.0,11.11,,,,,,-0.02,-2.23,0
300.0,360.0,50219794#7_0,50219794#7,0,11.11,12.54,0,0.0,11.11,81.6,71.07,-0.92,8.09,6.48,0.66,-1.26,0
300.0,360.0,50219794#7_1,50219794#7,0,11.11,11.86,0,0.0,11.11,,,,,,0.27,-1.72,0
300.0,360.0,50219794#8_0,50219794#8,0,11.11,12.66,0,0.0,11.11,81.2,25.05,-0.46,7.73,2.26,-0.16,-1.28,0
300.0,360.0,50219794#8_1,50219794#8,0,11.11,10.65,0,0.0,11.11,,,,,,-2.57,-4.0,3
300.0,360.0,50219794#9_0,50219794#9,0,11.11,13.16,0,0.0,11.11,63.83,21.77,0.11,5.99,1.96,0.02,-2.4,0
300.0,360.0,50219794#9_1,50219794#9,0,11.11,10.2,0,0.0,11.11,,,,,,1.05,-1.64,0
300.0,360.0,52085869#0_0,52085869#0,0,11.11,10.83,0,0.0,11.11,30.34,22.13,2.05,2.93,2.08,0.14,-2.26,0
300.0,360.0,52085869#2_0,52085869#2,0,11.11,9.82,0,0.0,11.11,11.41,7.82,1.06,1.37,1.15,-0.33,-3.56,2
300.0,360.0,52087627#0_0,52087627#0,0,11.11,12.5,0,0.0,11.11,55.02,27.76,1.12,5.16,2.66,0.16,-2.23,0
300.0,360.0,52087627#2_0,52087627#2,3,1.81,11.9,0,0.34,11.11,33.63,0.0,-2.57,13.55,0.06,-0.38,-5.0,12
300.0,360.0,52097266#0_0,52097266#0,0,11.11,10.2,0,0.0,11.11,,,,,,-1.38,-4.43,2
300.0,360.0,52097266#4_0,52097266#4,1,10.73,11.52,0,0.05,11.11,105.45,103.91,-0.22,11.17,9.66,0.91,-0.5,0
300.0,360.0,52097266#6_0,52097266#6,0,11.11,12.36,0,0.0,11.11,,,,,,0.26,-5.0,1
300.0,360.0,52097653#0_0,52097653#0,1,11.67,11.93,0,0.02,11.11,97.45,95.96,1.17,9.09,8.9,0.41,-1.05,0
300.0,360.0,52097653#1_0,52097653#1,0,11.11,10.97,0,0.0,11.11,93.74,92.85,1.09,8.82,8.57,-0.03,-0.78,0
300.0,360.0,52097653#2_0,52097653#2,0,11.11,10.99,0,0.0,11.11,64.37,12.01,-1.78,8.39,2.56,-0.35,-4.0,7
300.0,360.0,52152219#0_0,52152219#0,0,11.11,10.93,0,0.0,11.11,,,,,,-0.63,-2.58,0
300.0,360.0,52152219#1_0,52152219#1,0,11.11,11.22,0,0.0,11.11,71.82,25.8,7.63,8.57,3.47,0.18,-3.71,2
300.0,360.0,52152298#2_0,52152298#2,0,22.22,9.13,0,0.0,22.22,11.59,9.49,-2.72,2.19,2.13,1.24,-0.12,0
300.0,360.0,52152302#1_0,52152302#1,1,13.19,17.92,0,0.02,22.22,55.85,15.91,2.05,3.63,1.13,0.93,-2.01,0
300.0,360.0,52152302#2_0,52152302#2,0,22.22,17.93,0,0.0,22.22,39.11,15.59,1.88,3.96,1.11,-0.14,-5.0,3
300.0,360.0,52152302#3_0,52152302#3,2,7.97,17.97,0,0.06,22.22,46.58,2.58,-0.63,9.01,0.54,-0.81,-5.0,27
300.0,360.0,52152309_0,52152309,0,22.22,8.65,0,0.0,22.22,41.16,37.93,-5.53,6.58,4.39,-3.86,-4.0,3
300.0,360.0,52152314#0_0,52152314#0,0,13.89,15.37,0,0.0,13.89,,,,,,1.14,-1.1,0
300.0,360.0,52152314#1_0,52152314#1,1,15.04,15.04,0,0.0,13.89,,,,,,-0.51,-0.51,0
300.0,360.0,52152323#0_0,52152323#0,0,11.11,11.5,0,0.0,11.11,,,,,,1.01,-0.16,0
300.0,360.0,52152323#2_0,52152323#2,0,11.11,12.1,0,0.0,11.11,,,,,,0.02,-2.12,0
300.0,360.0,52152323#3_0,52152323#3,0,11.11,12.08,0,0.0,11.11,,,,,,-0.2,-2.44,0
300.0,360.0,52152323#4_0,52152323#4,0,11.11,11.81,0,0.0,11.11,,,,,,-0.78,-2.06,0
300.0,360.0,52152323#5_0,52152323#5,0,11.11,11.86,0,0.0,11.11,,,,,,0.09,-1.47,0
300.0,360.0,52152323#6_0,52152323#6,0,11.11,11.97,0,0.0,11.11,,,,,,0.07,-1.24,0
300.0,360.0,52152323#7_0,52152323#7,1,11.91,11.91,0,0.01,11.11,,,,,,-0.32,-4.26,3
300.0,360.0,52152345#0_0,52152345#0,0,27.78,17.99,0,0.0,27.78,91.54,88.44,0.05,5.28,4.96,0.42,-2.28,0
300.0,360.0,52152345#1_0,52152345#1,0,27.78,18.0,0,0.0,27.78,113.94,56.8,5.75,6.52,3.3,-0.51,-5.0,4
300.0,360.0,52152346#0_0,52152346#0,0,27.78,17.92,0,0.0,27.78,41.01,17.65,1.64,3.93,1.09,-0.1,-5.0,9
300.0,360.0,52152346#1_0,52152346#1,0,27.78,18.0,0,0.0,27.78,177.62,171.22,6.66,11.76,10.07,0.61,-2.52,0
300.0,360.0,52152346#2_0,52152346#2,0,27.78,17.75,0,0.02,27.78,150.54,138.87,7.52,9.35,8.43,-0.93,-5.0,4
300.0,360.0,52152366#0_0,52152366#0,1,11.06,11.25,0,0.05,11.11,93.04,91.0,-2.21,10.5,10.03,-0.32,-3.94,2
300.0,360.0,52152366#0_1,52152366#0,0,11.11,12.11,0,0.0,11.11,58.02,10.11,-1.65,6.68,1.15,0.49,-2.01,0
300.0,360.0,52152366#1_0,52152366#1,0,11.11,9.23,0,0.0,11.11,105.26,101.67,-2.49,12.27,11.63,-0.02,-1.31,0
300.0,360.0,52152366#1_1,52152366#1,0,11.11,11.97,0,0.0,11.11,,,,,,0.01,-1.75,0
300.0,360.0,52152366#2_0,52152366#2,1,8.54,11.25,0,0.16,11.11,115.45,114.38,-2.4,13.48,12.78,-0.07,-1.51,0
300.0,360.0,52152366#2_1,52152366#2,0,11.11,11.74,0,0.0,11.11,,,,,,-0.26,-1.3,0
300.0,360.0,52152366#3_0,52152366#3,0,11.11,11.32,0,0.0,11.11,,,,,,0.01,-0.82,0
300.0,360.0,52152366#3_1,52152366#3,1,12.02,12.02,0,0.03,11.11,,,,,,-0.12,-1.55,0
300.0,360.0,52152366#4_0,52152366#4,1,11.03,11.09,0,0.04,11.11,,,,,,-0.03,-0.43,0
300.0,360.0,52152369#0_0,52152369#0,1,6.48,6.48,0,0.04,13.89,,,,,,0.79,-0.2,0
300.0,360.0,52155433#0_0,52155433#0,0,16.67,17.34,0,0.0,16.67,,,,,,1.3,-0.72,0
300.0,360.0,52155433#1_0,52155433#1,0,16.67,17.27,0,0.0,16.67,,,,,,0.15,-1.38,0
300.0,360.0,52155433#1_1,52155433#1,0,16.67,10.45,0,0.0,16.67,,,,,,1.55,0.78,0
300.0,360.0,52155579#0_0,52155579#0,0,11.11,10.39,0,0.0,11.11,92.77,91.35,0.79,9.53,9.04,-0.38,-5.0,1
300.0,360.0,52155735#0_0,52155735#0,0,22.22,17.79,0,0.0,22.22,61.64,18.09,1.41,5.18,1.24,1.31,-1.32,0
300.0,360.0,52155735#1_0,52155735#1,0,22.22,17.72,0,0.0,22.22,29.33,6.93,4.92,3.79,1.06,-0.42,-5.0,10
300.0,360.0,52155737#0_0,52155737#0,0,13.89,11.37,0,0.0,13.89,,,,,,1.36,-0.89,0
300.0,360.0,52155744#1_0,52155744#1,0,13.89,13.97,0,0.0,13.89,31.0,10.74,-4.77,3.51,1.12,-0.07,-1.83,0
300.0,360.0,52155744#2_0,52155744#2,0,13.89,13.97,0,0.0,13.89,71.67,58.7,-4.63,7.99,6.25,0.02,-1.32,0
300.0,360.0,52155744#3_0,52155744#3,0,13.89,14.03,0,0.0,13.89,70.15,10.1,-0.8,29.73,1.48,-0.66,-5.0,7
300.0,360.0,52155745#1_0,52155745#1,0,22.22,14.21,0,0.0,22.22,41.06,15.84,0.59,3.01,1.11,0.08,-1.1,0
300.0,360.0,52155745#2_0,52155745#2,0,22.22,13.9,0,0.0,22.22,28.64,10.22,0.53,4.04,0.92,-1.76,-4.01,15
300.0,360.0,52155750#0_0,52155750#0,0,13.89,11.0,0,0.0,13.89,,,,,,1.08,-0.04,0
300.0,360.0,52155750#1_0,52155750#1,0,13.89,13.15,0,0.0,13.89,,,,,,0.3,-1.51,0
300.0,360.0,52155750#2_0,52155750#2,1,12.18,13.35,0,0.02,13.89,61.36,60.14,5.96,4.86,4.79,-0.45,-4.0,2
300.0,360.0,52155752#0_0,52155752#0,0,13.89,13.9,0,0.0,13.89,95.9,71.41,-2.81,9.23,7.71,0.24,-1.3,0
300.0,360.0,52155752#1_0,52155752#1,0,13.89,14.25,0,0.0,13.89,119.57,108.19,1.34,8.98,8.34,-0.35,-4.0,5
300.0,360.0,562694503#1_0,562694503#1,0,13.89,13.89,0,0.0,13.89,,,,,,-0.67,-3.94,4
300.0,360.0,562694504_0,562694504,0,27.78,15.67,0,0.0,27.78,52.47,14.41,-3.16,4.4,1.2,1.71,0.92,0
300.0,360.0,562694505#1_0,562694505#1,1,16.86,18.0,0,0.04,27.78,80.45,79.53,4.8,4.62,4.52,-1.14,-2.29,0
300.0,360.0,563022376#1_0,563022376#1,0,11.11,11.66,0,0.0,11.11,,,,,,0.22,-1.7,0
300.0,360.0,563518385#0_0,563518385#0,0,11.11,11.9,0,0.0,11.11,,,,,,0.32,-0.53,0
300.0,360.0,563518385#1_0,563518385#1,0,11.11,12.01,0,0.0,11.11,,,,,,-0.06,-1.09,0
300.0,360.0,563518385#2_0,563518385#2,0,11.11,12.03,0,0.0,11.11,156.98,151.64,1.5,13.46,12.73,-0.53,-4.0,2
300.0,360.0,689627819_0,689627819,1,7.28,11.63,0,0.04,13.89,49.87,27.23,-1.61,6.08,2.41,0.46,-3.47,2
300.0,360.0,696897744#2_0,696897744#2,0,11.11,10.88,0,0.0,11.11,,,,,,-1.02,-4.0,3
300.0,360.0,749310218#2_0,749310218#2,0,27.78,7.97,0,0.0,27.78,10.13,0.0,-1.63,3.49,0.64,-0.31,-4.0,5
300.0,360.0,749341589#0_0,749341589#0,0,11.11,12.68,0,0.0,11.11,62.21,23.74,-0.39,6.19,3.82,0.73,-1.08,0
300.0,360.0,749341589#1_0,749341589#1,0,11.11,12.79,0,0.0,11.11,68.01,63.86,-1.9,7.64,5.9,-0.85,-5.0,5
300.0,360.0,995139946_0,995139946,0,2.78,2.89,0,0.0,2.78,60.09,5.56,-2.42,37.44,7.32,-0.07,-4.21,1
300.0,360.0,:10279701147_0_0,:10279701147_0,0,27.78,17.02,0,0.0,27.78,76.59,76.59,3.22,4.5,4.5,-0.78,-1.45,0
300.0,360.0,:10279701147_0_1,:10279701147_0,0,27.78,16.44,0,0.0,27.78,91.05,80.91,-0.59,5.58,4.92,0.42,0.14,0
300.0,360.0,:10279701147_3_0,:10279701147_3,0,6.44,6.85,0,0.0,6.44,,,,,,1.15,0.76,0
300.0,360.0,:10279701149_0_0,:10279701149_0,0,4.56,4.35,0,0.0,4.56,,,,,,-1.11,-3.56,1
300.0,360.0,:10279761593_4_0,:10279761593_4,0,27.78,17.59,0,0.0,27.78,159.9,153.52,8.14,9.11,8.76,1.0,0.53,0
300.0,360.0,:10281958924_0_0,:10281958924_0,0,16.67,16.68,0,0.0,16.67,65.39,18.11,4.03,4.67,1.25,0.12,-1.25,0
300.0,360.0,:10281958924_0_1,:10281958924_0,0,16.67,16.34,0,0.0,16.67,84.31,30.97,4.71,5.25,2.08,0.01,-0.54,0
300.0,360.0,:10281958927_0_0,:10281958927_0,0,16.67,15.84,0,0.0,16.67,,,,,,1.07,1.07,0
300.0,360.0,:10281958927_0_1,:10281958927_0,0,16.67,16.86,0,0.0,16.67,125.34,125.34,5.64,7.44,7.44,0.29,-1.18,0
300.0,360.0,:10281958927_2_0,:10281958927_2,0,6.13,5.8,0,0.0,6.13,,,,,,-1.62,-4.31,1
300.0,360.0,:10281958927_3_0,:10281958927_3,0,6.04,5.26,0,0.0,6.04,,,,,,-1.53,-5.0,1
300.0,360.0,:10281958928_0_0,:10281958928_0,0,16.67,15.68,0,0.0,16.67,,,,,,0.59,0.59,0
300.0,360.0,:10281958928_0_1,:10281958928_0,0,16.67,15.89,0,0.0,16.67,,,,,,-0.52,-0.52,0
300.0,360.0,:10281958928_2_0,:10281958928_2,0,5.96,6.13,0,0.0,5.96,,,,,,-1.42,-5.0,2
300.0,360.0,:10281958928_4_0,:10281958928_4,0,3.65,3.23,0,0.0,3.65,8.92,4.52,-5.86,3.9,3.41,1.61,0.46,0
300.0,360.0,:10281958930_0_0,:10281958930_0,0,16.67,15.39,0,0.0,16.67,,,,,,-0.42,-0.42,0
300.0,360.0,:10281958930_0_1,:10281958930_0,0,16.67,16.59,0,0.0,16.67,,,,,,-0.01,-0.88,0
300.0,360.0,:10281958930_3_0,:10281958930_3,0,6.85,5.8,0,0.0,6.85,,,,,,-0.45,-1.98,0
300.0,360.0,:10281958931_0_0,:10281958931_0,0,16.67,15.67,0,0.0,16.67,,,,,,-0.32,-0.32,0
300.0,360.0,:10281958931_0_1,:10281958931_0,0,16.67,16.49,0,0.0,16.67,104.97,104.97,6.03,6.93,6.93,0.98,-1.25,0
300.0,360.0,:10281958933_0_0,:10281958933_0,0,16.67,15.65,0,0.0,16.67,,,,,,-0.05,-0.05,0
300.0,360.0,:10281958933_0_1,:10281958933_0,0,16.67,15.45,0,0.0,16.67,,,,,,-0.06,-0.14,0
300.0,360.0,:10281958933_2_0,:10281958933_2,0,6.01,6.72,0,0.0,6.01,,,,,,-1.05,-2.28,0
300.0,360.0,:10281965681_0_0,:10281965681_0,0,19.45,9.87,0,5.3,19.45,142.62,142.62,0.75,14.46,14.46,-5.0,-5.0,1
300.0,360.0,:10560867452_0_0,:10560867452_0,0,8.63,8.03,0,0.0,8.63,95.47,95.47,-2.39,11.89,11.89,-4.0,-4.0,1
300.0,360.0,:10560867456_0_0,:10560867456_0,0,11.11,10.87,0,0.0,11.11,,,,,,0.82,0.82,0
300.0,360.0,:10680197981_1_0,:10680197981_1,0,13.89,12.7,0,0.0,13.89,41.29,14.15,2.97,3.44,1.12,-0.06,-0.72,0
300.0,360.0,:10680197991_1_0,:10680197991_1,0,13.89,11.89,0,0.0,13.89,76.1,76.1,3.51,6.4,6.4,-0.5,-0.5,0
300.0,360.0,:10680197995_0_0,:10680197995_0,0,13.89,11.97,0,0.0,13.89,190.14,190.14,9.68,16.03,16.03,-0.38,-0.55,0
300.0,360.0,:10680197995_11_0,:10680197995_11,0,3.65,4.03,0,0.0,3.65,,,,,,-0.65,-1.58,0
300.0,360.0,:10680197995_8_0,:10680197995_8,0,3.65,4.08,0,0.0,3.65,,,,,,-3.0,-3.08,1
300.0,360.0,:10904702998_0_0,:10904702998_0,0,11.11,11.12,0,0.0,11.11,,,,,,-0.41,-0.41,0
300.0,360.0,:10907705738_0_0,:10907705738_0,0,11.11,11.18,0,0.0,11.11,37.56,34.19,0.42,3.59,3.35,-0.06,-1.27,0
300.0,360.0,:10907806554_0_0,:10907806554_0,0,13.89,13.16,0,0.0,13.89,42.99,41.35,3.68,3.35,3.25,-0.53,-1.72,0
300.0,360.0,:10907806554_11_0,:10907806554_11,0,3.65,3.39,0,0.0,3.65,,,,,,-1.72,-4.0,1
300.0,360.0,:10907806554_7_0,:10907806554_7,0,13.89,12.04,0,0.0,13.89,,,,,,-1.21,-1.94,0
300.0,360.0,:10943277968_0_0,:10943277968_0,0,22.22,14.8,0,0.0,22.22,53.01,16.23,4.62,3.95,1.28,1.19,0.51,0
300.0,360.0,:10943433498_0_0,:10943433498_0,0,16.67,14.2,0,0.0,16.67,28.49,17.46,4.14,2.07,1.3,-0.06,-0.86,0
300.0,360.0,:10943433498_0_1,:10943433498_0,0,16.67,16.61,0,0.0,16.67,58.43,30.55,6.72,3.63,1.98,-0.16,-0.78,0
300.0,360.0,:10943433498_2_0,:10943433498_2,0,5.99,5.68,0,0.0,5.99,,,,,,-0.31,-0.6,0
300.0,360.0,:10943433498_3_0,:10943433498_3,1,0.59,4.79,0,0.02,6.33,25.89,8.56,-10.08,9.72,5.96,0.66,-4.2,1
300.0,360.0,:10943435169_2_0,:10943435169_2,0,6.68,6.15,0,0.0,6.68,,,,,,-1.19,-4.0,2
300.0,360.0,:10943435169_3_0,:10943435169_3,0,11.11,11.39,0,0.0,11.11,37.46,30.54,0.24,3.54,2.94,-0.07,-1.39,0
300.0,360.0,:10943490813_0_0,:10943490813_0,0,13.89,13.29,0,0.0,13.89,,,,,,-0.24,-0.26,0
300.0,360.0,:10943490816_0_0,:10943490816_0,0,13.89,13.56,0,0.2,13.89,42.96,42.96,-4.36,4.07,4.07,1.55,0.61,0
300.0,360.0,:10943490945_10_0,:10943490945_10,0,6.94,6.83,0,0.0,6.94,,,,,,-1.25,-5.0,1
300.0,360.0,:10943490945_4_0,:10943490945_4,0,11.11,10.51,0,0.0,11.11,61.41,50.54,-1.45,6.22,4.83,0.17,-1.17,0
300.0,360.0,:10943490945_6_0,:10943490945_6,0,11.11,10.87,0,0.0,11.11,,,,,,-0.39,-5.0,1
300.0,360.0,:10943490945_7_0,:10943490945_7,0,6.94,5.79,0,0.0,6.94,,,,,,-2.08,-2.08,0
300.0,360.0,:10943490952_0_0,:10943490952_0,0,13.89,14.66,0,0.0,13.89,48.82,26.2,0.8,3.61,1.84,1.85,1.16,0
300.0,360.0,:10943490952_10_0,:10943490952_10,0,3.66,2.1,0,0.0,3.66,8.55,5.78,-6.74,5.31,4.16,1.34,0.17,0
300.0,360.0,:10943490952_2_0,:10943490952_2,0,3.66,2.95,0,0.0,3.66,0.61,0.17,-12.06,0.41,0.16,-2.68,-5.0,2
300.0,360.0,:10943490952_3_0,:10943490952_3,0,6.09,4.84,0,0.0,6.09,9.29,4.33,-3.59,3.58,2.41,1.61,0.2,0
300.0,360.0,:10943490952_7_0,:10943490952_7,0,13.2,13.28,0,0.0,13.2,26.36,10.16,6.85,2.24,1.18,-1.34,-3.44,1
300.0,360.0,:10943498141_7_0,:10943498141_7,0,8.1,8.26,0,0.22,8.1,,,,,,1.27,0.99,0
300.0,360.0,:10943525385_4_0,:10943525385_4,0,11.11,10.77,0,0.0,11.11,75.83,75.62,0.57,7.07,7.02,-0.07,-0.31,0
300.0,360.0,:10943525385_5_0,:10943525385_5,0,11.11,11.12,0,0.0,11.11,,,,,,-0.55,-1.73,0
300.0,360.0,:10943736751_0_0,:10943736751_0,0,16.67,17.22,0,0.0,16.67,32.49,32.45,0.47,1.92,1.89,0.24,-1.18,0
300.0,360.0,:10943736751_0_1,:10943736751_0,0,16.67,16.33,0,0.0,16.67,,,,,,0.31,0.31,0
300.0,360.0,:11125046588_4_0,:11125046588_4,0,11.11,13.15,0,0.0,11.11,,,,,,0.35,-0.71,0
300.0,360.0,:11125046588_6_0,:11125046588_6,0,11.11,11.25,0,0.0,11.11,70.45,57.16,-0.02,6.57,5.42,0.07,-0.47,0
300.0,360.0,:11126932584_3_0,:11126932584_3,0,22.22,15.97,0,0.0,22.22,15.6,9.71,3.03,1.57,1.11,-1.82,-4.08,6
300.0,360.0,:11282869379_0_0,:11282869379_0,0,11.11,11.87,0,0.0,11.11,,,,,,0.2,-0.46,0
300.0,360.0,:11462469753_3_0,:11462469753_3,0,11.11,10.3,0,0.0,11.11,,,,,,-0.04,-0.43,0
300.0,360.0,:1174832475_0_0,:1174832475_0,0,6.83,5.26,0,0.0,6.83,32.32,10.86,-13.26,16.81,5.91,1.49,0.46,0
300.0,360.0,:1174832475_2_0,:1174832475_2,0,22.22,16.97,0,0.0,22.22,122.33,28.77,1.26,7.99,2.46,-0.1,-0.89,0
300.0,360.0,:1174832475_3_0,:1174832475_3,0,5.89,6.29,0,0.0,5.89,,,,,,-0.95,-1.6,0
300.0,360.0,:1174832527_7_0,:1174832527_7,0,22.22,17.28,0,0.0,22.22,,,,,,1.13,0.03,0
300.0,360.0,:1174832527_8_0,:1174832527_8,0,6.05,5.73,0,0.0,6.05,,,,,,-0.13,-1.33,0
300.0,360.0,:1174832534_0_0,:1174832534_0,0,22.22,13.62,0,0.0,22.22,,,,,,0.25,0.25,0
300.0,360.0,:1174832534_6_0,:1174832534_6,0,22.22,16.41,0,0.0,22.22,23.93,23.93,-1.28,1.46,1.46,2.24,1.6,0
300.0,360.0,:1174832699_0_0,:1174832699_0,0,11.11,11.57,0,0.0,11.11,45.39,10.31,4.46,5.24,1.34,0.84,-1.81,0
300.0,360.0,:1174832699_10_0,:1174832699_10,0,3.65,3.87,0,0.0,3.65,23.25,23.25,3.87,6.01,6.01,-0.74,-0.74,0
300.0,360.0,:1174832699_1_0,:1174832699_1,0,7.99,7.31,0,0.0,7.99,,,,,,-0.9,-4.0,1
300.0,360.0,:1174832699_2_0,:1174832699_2,0,3.65,4.24,0,0.0,3.65,25.18,25.18,4.24,5.94,5.94,-1.48,-1.48,0
300.0,360.0,:1174832699_7_0,:1174832699_7,0,11.11,10.14,0,0.0,11.11,11.53,11.53,-1.03,1.14,1.14,1.12,1.12,0
300.0,360.0,:1174832699_9_0,:1174832699_9,0,7.99,7.29,0,0.0,7.99,,,,,,-0.02,-0.59,0
300.0,360.0,:1174832713_0_0,:1174832713_0,1,0.04,10.92,1,0.31,11.11,12.78,0.04,3.63,1.75,0.62,-1.12,-5.0,2
300.0,360.0,:1174832713_4_0,:1174832713_4,0,8.34,6.95,0,0.0,8.34,12.62,6.4,6.39,1.96,1.0,0.29,-2.05,0
300.0,360.0,:1174832713_7_0,:1174832713_7,1,11.61,11.61,0,0.18,11.11,,,,,,0.44,0.14,0
300.0,360.0,:1174832716_0_0,:1174832716_0,0,6.54,6.25,0,0.0,6.54,45.13,43.52,3.66,7.64,7.18,-0.45,-1.12,0
300.0,360.0,:1174832716_3_0,:1174832716_3,0,22.22,17.83,0,0.0,22.22,16.08,15.93,-0.02,1.19,1.14,-0.02,-2.11,0
300.0,360.0,:1174832811_0_0,:1174832811_0,0,11.11,10.72,0,0.0,11.11,137.86,137.86,8.93,15.44,15.44,-0.42,-0.97,0
300.0,360.0,:1174832834_0_0,:1174832834_0,0,8.93,8.28,0,0.0,8.93,76.57,66.4,4.45,10.24,8.18,1.16,-0.75,0
300.0,360.0,:1174832834_2_0,:1174832834_2,0,3.65,3.39,0,0.0,3.65,,,,,,-1.34,-3.89,1
300.0,360.0,:1174832834_4_0,:1174832834_4,0,11.11,11.36,0,0.0,11.11,79.67,74.31,10.61,7.1,6.54,0.24,-0.72,0
300.0,360.0,:1174832885_4_0,:1174832885_4,0,13.89,13.99,0,0.0,13.89,100.7,79.16,11.65,7.38,5.66,0.27,-0.97,0
300.0,360.0,:1174832895_3_0,:1174832895_3,0,6.25,6.16,0,0.0,6.25,10.25,9.04,-1.73,1.91,1.56,0.3,-1.98,0
300.0,360.0,:1174832997_0_0,:1174832997_0,0,22.22,13.86,0,0.0,22.22,19.97,16.59,-0.36,1.48,1.27,0.03,-1.02,0
300.0,360.0,:1174833041_3_0,:1174833041_3,0,6.61,5.87,0,0.0,6.61,,,,,,-0.73,-2.06,0
300.0,360.0,:1174833041_4_0,:1174833041_4,0,13.89,13.12,0,0.0,13.89,,,,,,-0.18,-0.56,0
300.0,360.0,:1174833066_1_0,:1174833066_1,0,3.65,3.09,0,0.0,3.65,,,,,,-0.06,-0.41,0
300.0,360.0,:1174833090_6_0,:1174833090_6,0,22.22,17.84,0,0.0,22.22,23.5,23.5,0.38,1.35,1.35,0.16,-1.09,0
300.0,360.0,:1174833147_9_0,:1174833147_9,0,13.89,13.08,0,0.0,13.89,,,,,,-0.25,-2.46,0
300.0,360.0,:1176977350_0_0,:1176977350_0,0,11.11,9.37,0,0.0,11.11,,,,,,-0.2,-2.04,0
300.0,360.0,:1176977453_4_0,:1176977453_4,0,7.88,9.38,0,0.0,7.88,,,,,,1.41,-0.13,0
300.0,360.0,:1176977453_6_0,:1176977453_6,0,6.36,5.87,0,0.0,6.36,,,,,,-0.18,-0.96,0
300.0,360.0,:1176977542_0_0,:1176977542_0,0,6.35,5.31,0,0.0,6.35,160.89,155.71,-10.48,36.9,32.74,0.75,-1.53,0
300.0,360.0,:1176977542_12_0,:1176977542_12,0,7.19,6.96,0,0.0,7.19,,,,,,-0.24,-0.66,0
300.0,360.0,:1176978389_1_0,:1176978389_1,0,8.34,7.89,0,0.0,8.34,43.36,38.48,-6.63,6.31,6.08,1.07,-0.86,0
300.0,360.0,:1176978389_3_0,:1176978389_3,0,6.91,8.47,0,0.0,6.91,,,,,,-3.09,-5.0,1
300.0,360.0,:1176978389_4_0,:1176978389_4,0,13.89,13.01,0,0.0,13.89,15.12,15.04,-0.28,1.19,1.16,0.97,0.81,0
300.0,360.0,:1176978389_6_0,:1176978389_6,0,13.89,13.65,0,0.0,13.89,,,,,,-0.58,-1.54,0
300.0,360.0,:1176978438_0_0,:1176978438_0,0,6.09,5.8,0,0.0,6.09,,,,,,1.05,-2.06,0
300.0,360.0,:1176978438_2_0,:1176978438_2,0,11.11,12.61,0,0.0,11.11,68.03,24.59,-0.56,6.33,2.26,0.09,-1.39,0
300.0,360.0,:1176978438_4_0,:1176978438_4,0,6.2,6.52,0,0.0,6.2,,,,,,-1.12,-1.96,0
300.0,360.0,:1177160369_3_0,:1177160369_3,1,8.76,17.53,0,0.31,22.22,17.31,3.29,6.45,2.17,0.81,-1.6,-4.32,12
300.0,360.0,:1177160399_0_0,:1177160399_0,0,6.68,5.18,0,0.0,6.68,60.39,58.42,-8.52,13.4,12.03,1.52,0.59,0
300.0,360.0,:1177160399_3_0,:1177160399_3,0,11.11,11.01,0,0.0,11.11,75.18,10.42,0.09,7.37,1.13,0.09,-0.8,0
300.0,360.0,:1177160403_1_0,:1177160403_1,0,6.47,6.35,0,0.0,6.47,40.58,38.82,-3.45,6.59,6.23,-0.3,-3.03,1
300.0,360.0,:1177160471_0_0,:1177160471_0,0,13.89,16.35,0,0.0,13.89,64.97,23.23,5.41,5.04,1.88,0.5,-0.31,0
300.0,360.0,:1177160471_1_0,:1177160471_1,0,7.86,7.27,0,0.0,7.86,,,,,,-0.66,-3.51,1
300.0,360.0,:1177160471_7_0,:1177160471_7,0,13.89,13.05,0,0.0,13.89,,,,,,1.4,0.65,0
300.0,360.0,:1177160471_9_0,:1177160471_9,0,7.86,7.52,0,0.0,7.86,,,,,,0.25,-0.43,0
300.0,360.0,:1177160524_3_0,:1177160524_3,0,5.46,5.54,0,0.0,5.46,,,,,,-1.45,-5.0,1
300.0,360.0,:1177160524_4_0,:1177160524_4,0,13.89,13.57,0,0.03,13.89,80.67,65.04,4.63,6.06,4.79,0.2,-1.19,0
300.0,360.0,:1177160524_6_0,:1177160524_6,0,13.89,13.63,0,0.0,13.89,,,,,,0.05,-0.79,0
300.0,360.0,:1177160556_0_0,:1177160556_0,0,16.67,16.48,0,0.0,16.67,,,,,,0.19,0.19,0
300.0,360.0,:1177160556_0_1,:1177160556_0,0,16.67,16.73,0,0.0,16.67,,,,,,-0.57,-1.1,0
300.0,360.0,:1177160566_4_0,:1177160566_4,0,22.22,10.91,0,0.0,22.22,6.05,2.38,2.38,1.21,0.91,-1.32,-5.0,9
300.0,360.0,:1177160571_7_0,:1177160571_7,0,22.22,17.28,0,0.0,22.22,42.96,14.83,0.44,2.69,1.08,0.02,-1.19,0
300.0,360.0,:1177160573_0_0,:1177160573_0,0,11.11,12.6,0,0.0,11.11,51.04,12.51,-0.33,5.05,1.35,-0.12,-1.92,0
300.0,360.0,:1177160573_1_0,:1177160573_1,1,7.11,7.11,0,0.45,7.56,64.04,63.83,-0.81,9.62,9.18,-2.35,-5.0,3
300.0,360.0,:1177160573_7_0,:1177160573_7,0,11.11,14.44,0,0.0,11.11,,,,,,0.04,-1.05,0
300.0,360.0,:1177160573_9_0,:1177160573_9,0,7.56,6.85,0,0.0,7.56,66.42,65.13,-2.37,10.61,10.4,-0.11,-1.47,0
300.0,360.0,:1177160598_0_0,:1177160598_0,0,13.89,9.62,0,0.0,13.89,,,,,,1.54,1.12,0
300.0,360.0,:1177160598_7_0,:1177160598_7,0,13.89,13.86,0,0.0,13.89,116.33,90.9,9.42,8.83,7.0,0.38,-1.21,0
300.0,360.0,:1177160599_0_0,:1177160599_0,0,5.77,5.71,0,0.0,5.77,,,,,,0.59,-1.76,0
300.0,360.0,:1177160599_1_0,:1177160599_1,0,18.05,9.62,0,0.0,18.05,18.21,13.99,-2.75,2.39,1.7,1.41,0.48,0
300.0,360.0,:1177160599_3_0,:1177160599_3,0,9.6,11.16,0,0.0,9.6,34.21,15.17,-3.06,3.53,1.66,-0.63,-5.0,2
300.0,360.0,:1177160599_7_0,:1177160599_7,0,18.05,11.84,0,0.0,18.05,30.78,29.96,-1.27,2.9,2.66,2.08,0.83,0
300.0,360.0,:1177160684_6_0,:1177160684_6,1,9.41,10.35,0,0.13,11.32,53.3,11.71,-0.95,6.57,1.39,1.59,0.49,0
300.0,360.0,:1177160687_0_0,:1177160687_0,0,11.11,12.34,0,0.0,11.11,66.83,28.4,2.44,6.36,2.65,-0.13,-1.31,0
300.0,360.0,:1177160687_7_0,:1177160687_7,0,11.11,14.23,0,0.0,11.11,106.06,102.54,13.44,7.47,7.21,-0.35,-0.8,0
300.0,360.0,:1177160691_0_0,:1177160691_0,1,17.84,17.99,0,0.14,22.22,52.18,17.74,1.39,3.25,1.19,0.1,-1.99,0
300.0,360.0,:1177160691_11_0,:1177160691_11,0,3.65,2.37,0,0.0,3.65,17.98,10.34,-15.61,10.71,9.67,1.58,1.01,0
300.0,360.0,:1177160691_4_0,:1177160691_4,0,8.1,7.16,0,0.0,8.1,39.58,4.31,-7.18,15.87,1.25,1.8,1.06,0
300.0,360.0,:1177160691_6_0,:1177160691_6,0,6.62,6.9,0,0.0,6.62,,,,,,-0.97,-1.16,0
300.0,360.0,:1177160691_7_0,:1177160691_7,0,22.22,17.96,0,0.0,22.22,31.41,15.61,1.03,2.01,1.12,-0.14,-2.07,0
300.0,360.0,:1177160691_8_0,:1177160691_8,0,3.65,0.04,0,0.0,3.65,27.01,0.1,-17.26,,,-0.12,-0.29,0
300.0,360.0,:1177160694_0_0,:1177160694_0,0,13.89,13.62,0,0.0,13.89,47.95,44.54,13.6,3.53,3.27,0.1,-0.76,0
300.0,360.0,:1177160694_6_0,:1177160694_6,0,13.89,12.61,0,0.0,13.89,,,,,,1.32,1.03,0
300.0,360.0,:1177160716_0_0,:1177160716_0,0,11.11,11.1,0,0.0,11.11,77.82,35.14,2.98,8.13,3.17,0.12,-0.96,0
300.0,360.0,:1177160765_4_0,:1177160765_4,1,11.87,12.13,0,0.18,11.11,49.18,49.18,5.29,4.46,4.46,0.07,-1.09,0
300.0,360.0,:1177160765_6_0,:1177160765_6,0,11.11,10.81,0,0.0,11.11,11.66,2.14,3.0,2.61,0.7,-0.06,-4.99,3
300.0,360.0,:1177160773_0_0,:1177160773_0,0,22.22,17.43,0,0.0,22.22,97.04,97.04,-0.02,5.72,5.72,-0.23,-1.78,0
300.0,360.0,:1177160779_1_0,:1177160779_1,0,13.89,13.59,0,0.0,13.89,,,,,,0.13,-0.51,0
300.0,360.0,:1177160779_6_0,:1177160779_6,0,6.59,6.45,0,0.0,6.59,,,,,,0.31,-0.31,0
300.0,360.0,:1177160807_0_0,:1177160807_0,0,11.11,12.01,0,0.0,11.11,,,,,,-0.8,-1.68,0
300.0,360.0,:1177160807_4_0,:1177160807_4,0,8.92,8.0,0,0.0,8.92,20.13,16.87,1.59,3.08,2.11,1.28,0.71,0
300.0,360.0,:1177160807_7_0,:1177160807_7,0,11.11,10.92,0,0.0,11.11,73.04,55.21,-1.38,8.19,5.06,0.84,-1.78,0
300.0,360.0,:1177160864_0_0,:1177160864_0,1,1.77,6.15,0,0.11,22.22,17.9,2.9,-1.54,6.42,0.72,1.34,-0.85,0
300.0,360.0,:1177160866_0_0,:1177160866_0,1,4.65,4.65,0,0.22,6.46,28.87,14.87,-10.93,10.8,8.94,1.55,0.53,0
300.0,360.0,:1177160866_3_0,:1177160866_3,0,22.22,17.84,0,0.0,22.22,46.05,16.01,-0.04,2.99,1.16,0.58,-1.41,0
300.0,360.0,:1177160923_7_0,:1177160923_7,0,8.27,8.71,0,0.0,8.27,89.16,85.3,5.52,11.08,10.35,0.15,-2.48,0
300.0,360.0,:1177160978_4_0,:1177160978_4,0,13.89,14.39,0,0.0,13.89,70.69,32.04,5.65,5.54,2.35,0.02,-1.34,0
300.0,360.0,:1177160983_3_0,:1177160983_3,0,11.11,11.28,0,0.0,11.11,,,,,,0.21,-0.14,0
300.0,360.0,:1177161018_0_0,:1177161018_0,0,13.89,13.62,0,0.0,13.89,,,,,,0.43,-0.15,0
300.0,360.0,:1177161022_2_0,:1177161022_2,0,22.22,12.79,0,0.0,22.22,18.06,3.01,5.64,1.8,1.02,-0.23,-3.37,2
300.0,360.0,:1177161043_6_0,:1177161043_6,0,6.71,6.84,0,0.0,6.71,,,,,,-0.77,-2.78,0
300.0,360.0,:1177161047_7_0,:1177161047_7,0,8.34,8.43,0,0.0,8.34,72.89,70.07,4.04,12.0,8.61,-1.39,-5.0,2
300.0,360.0,:1177161049_7_0,:1177161049_7,0,22.22,17.76,0,0.0,22.22,50.35,14.75,6.48,3.21,1.09,0.15,-1.33,0
300.0,360.0,:1177161074_3_0,:1177161074_3,0,22.22,17.89,0,0.0,22.22,99.25,99.25,-0.61,5.88,5.88,-0.06,-1.29,0
300.0,360.0,:1177161076_4_0,:1177161076_4,0,13.89,14.34,0,0.0,13.89,78.01,48.25,0.59,5.67,3.49,0.23,-1.16,0
300.0,360.0,:1177161154_0_0,:1177161154_0,0,7.23,6.54,0,0.0,7.23,89.44,87.63,-3.66,15.31,15.19,-0.68,-2.69,0
300.0,360.0,:1177161154_13_0,:1177161154_13,0,11.11,14.54,0,0.0,11.11,42.28,38.72,14.39,2.94,2.72,0.13,-0.59,0
300.0,360.0,:1177161154_1_0,:1177161154_1,0,13.89,9.77,0,0.0,13.89,66.58,23.55,0.42,8.69,3.24,1.73,0.86,0
300.0,360.0,:1177161154_2_0,:1177161154_2,0,8.3,8.05,0,0.0,8.3,58.08,54.34,7.29,7.29,6.89,0.16,-0.18,0
300.0,360.0,:1177161154_4_0,:1177161154_4,0,6.86,5.83,0,0.0,6.86,,,,,,-1.47,-4.53,1
300.0,360.0,:1177161154_5_0,:1177161154_5,0,11.11,11.11,0,0.0,11.11,34.92,34.24,1.26,3.2,3.14,-0.01,-0.71,0
300.0,360.0,:1177161157_3_0,:1177161157_3,0,22.22,13.56,0,0.0,22.22,81.64,72.44,-2.52,6.36,5.34,1.25,0.45,0
300.0,360.0,:1177161205_4_0,:1177161205_4,0,13.89,14.25,0,0.0,13.89,50.88,26.79,0.14,3.7,1.94,-0.18,-1.23,0
300.0,360.0,:1177161219_0_0,:1177161219_0,0,6.16,4.01,0,0.0,6.16,27.92,11.14,-10.14,12.66,9.69,1.14,0.5,0
300.0,360.0,:1177161219_1_0,:1177161219_1,1,2.98,7.92,0,0.17,22.22,54.6,38.9,-9.98,20.96,9.38,1.45,0.63,0
300.0,360.0,:1177161219_2_0,:1177161219_2,0,27.78,15.46,0,0.0,27.78,96.8,15.94,0.66,6.63,1.08,1.87,0.94,0
300.0,360.0,:1177161219_3_0,:1177161219_3,0,6.25,6.06,0,0.0,6.25,46.81,42.72,-8.07,8.77,8.37,-0.98,-5.0,1
300.0,360.0,:1177161371_12_0,:1177161371_12,0,5.89,5.75,0,0.0,5.89,44.74,39.96,5.51,8.13,6.94,-0.46,-3.35,1
300.0,360.0,:1177161371_13_0,:1177161371_13,0,13.89,8.89,0,0.0,13.89,60.31,58.89,-1.88,8.05,7.06,1.4,0.84,0
300.0,360.0,:1177161432_0_0,:1177161432_0,0,11.11,9.13,0,0.0,11.11,69.66,69.66,-0.75,7.63,7.63,-0.97,-0.97,0
300.0,360.0,:1177161432_2_0,:1177161432_2,0,6.23,3.86,0,0.0,6.23,,,,,,0.46,-1.32,0
300.0,360.0,:1177161468_1_0,:1177161468_1,0,13.89,12.46,0,0.0,13.89,113.56,110.58,12.2,9.31,9.27,-0.51,-1.06,0
300.0,360.0,:1177161468_6_0,:1177161468_6,0,6.52,7.84,0,0.0,6.52,100.47,98.47,3.05,14.41,12.57,1.78,1.41,0
300.0,360.0,:1177161474_3_0,:1177161474_3,1,11.17,11.17,0,0.27,11.11,,,,,,-0.06,-0.06,0
300.0,360.0,:1177161483_0_0,:1177161483_0,0,22.22,17.98,0,0.0,22.22,52.22,16.01,3.36,3.41,1.17,0.2,-1.56,0
300.0,360.0,:1177161483_4_0,:1177161483_4,0,22.22,13.69,0,0.0,22.22,27.75,13.51,-1.44,2.5,1.09,1.16,0.5,0
300.0,360.0,:1177161483_6_0,:1177161483_6,0,10.2,7.24,0,0.0,10.2,88.58,7.29,-3.17,14.1,1.34,0.93,-1.43,0
300.0,360.0,:1177161483_7_0,:1177161483_7,0,22.22,8.18,0,0.0,22.22,36.53,3.77,0.41,11.51,1.05,1.39,-0.24,0
300.0,360.0,:1177161483_8_0,:1177161483_8,0,6.55,5.8,0,0.0,6.55,71.48,47.06,-9.02,17.38,11.01,0.92,-1.55,0
300.0,360.0,:1177161504_0_0,:1177161504_0,0,22.22,17.58,0,0.0,22.22,29.45,17.45,0.77,1.94,1.41,-0.12,-2.29,0
300.0,360.0,:1177161504_6_0,:1177161504_6,0,22.22,17.85,0,0.0,22.22,44.46,19.6,1.07,2.75,1.26,0.19,-1.02,0
300.0,360.0,:1177161508_4_0,:1177161508_4,0,11.11,12.71,0,0.0,11.11,58.06,25.13,1.21,5.4,2.33,-0.02,-2.08,0
300.0,360.0,:1177161508_6_0,:1177161508_6,1,10.53,14.51,0,0.18,11.11,128.75,126.76,7.0,8.88,8.76,-0.09,-0.56,0
300.0,360.0,:1177161509_1_0,:1177161509_1,0,13.89,14.15,0,0.0,13.89,94.37,29.49,3.46,7.53,2.18,0.07,-1.69,0
300.0,360.0,:1177161547_7_0,:1177161547_7,1,13.84,17.91,0,0.27,22.22,76.27,14.81,4.58,4.73,1.06,0.38,-0.95,0
300.0,360.0,:1177161549_0_0,:1177161549_0,0,13.89,7.61,0,0.0,13.89,53.59,53.59,-5.75,7.04,7.04,1.18,0.64,0
300.0,360.0,:1177161549_1_0,:1177161549_1,0,7.63,9.42,0,0.0,7.63,22.21,3.49,-4.72,5.19,1.11,1.7,0.81,0
300.0,360.0,:1177161549_7_0,:1177161549_7,0,22.22,17.66,0,0.0,22.22,42.6,20.56,5.94,2.58,1.17,-0.45,-2.52,0
300.0,360.0,:1177161553_4_0,:1177161553_4,0,13.89,12.05,0,0.0,13.89,,,,,,-0.6,-1.43,0
300.0,360.0,:1177161553_6_0,:1177161553_6,0,12.89,12.06,0,0.0,12.89,57.98,56.43,5.94,4.96,4.68,-0.7,-2.79,0
300.0,360.0,:1177161573_13_0,:1177161573_13,0,13.89,13.63,0,0.0,13.89,107.77,107.77,-1.24,8.55,8.55,0.24,-0.79,0
300.0,360.0,:1177161573_1_0,:1177161573_1,0,13.89,8.2,0,0.0,13.89,66.36,66.36,-2.3,8.1,8.1,1.23,0.63,0
300.0,360.0,:1177161612_3_0,:1177161612_3,0,6.51,6.27,0,0.0,6.51,,,,,,-1.54,-3.85,1
300.0,360.0,:1177161612_4_0,:1177161612_4,0,22.22,17.9,0,0.0,22.22,26.75,16.01,0.88,1.76,1.16,0.61,-0.77,0
300.0,360.0,:1177161612_6_0,:1177161612_6,0,22.22,17.85,0,0.0,22.22,53.91,22.02,2.71,3.47,1.42,0.11,-1.27,0
300.0,360.0,:1177161631_0_0,:1177161631_0,0,6.39,6.21,0,0.0,6.39,98.22,94.62,-7.44,15.82,15.23,-1.23,-3.66,1
300.0,360.0,:1177161631_1_0,:1177161631_1,0,22.22,17.78,0,0.0,22.22,49.81,13.07,1.68,4.39,1.12,0.44,-2.57,0
300.0,360.0,:1177161631_3_0,:1177161631_3,0,6.84,7.34,0,0.0,6.84,48.95,7.06,-3.19,8.02,1.16,0.95,-1.28,0
300.0,360.0,:1177161631_4_0,:1177161631_4,0,13.89,10.56,0,0.0,13.89,72.53,35.06,-7.73,21.58,6.26,1.82,-1.18,0
300.0,360.0,:1177161631_5_0,:1177161631_5,0,8.07,5.93,0,0.0,8.07,35.98,13.21,-10.92,9.5,7.93,1.64,0.64,0
300.0,360.0,:1177161634_3_0,:1177161634_3,0,11.11,12.7,0,0.0,11.11,82.93,71.95,-0.46,7.75,6.25,-0.01,-1.1,0
300.0,360.0,:1177161634_3_1,:1177161634_3,0,11.11,11.65,0,0.0,11.11,,,,,,0.01,-1.02,0
300.0,360.0,:1177161645_4_0,:1177161645_4,0,22.22,17.9,0,0.0,22.22,29.71,15.9,1.64,1.87,1.15,0.49,-0.9,0
300.0,360.0,:1177161645_5_0,:1177161645_5,0,22.22,17.7,0,0.0,22.22,60.42,26.49,3.62,3.85,1.56,0.19,-1.89,0
300.0,360.0,:1177161675_0_0,:1177161675_0,0,13.89,16.37,0,0.0,13.89,76.03,51.83,3.15,5.76,3.67,-0.07,-0.69,0
300.0,360.0,:1177161675_1_0,:1177161675_1,0,7.93,4.92,0,0.0,7.93,,,,,,-5.0,-5.0,1
300.0,360.0,:1177161675_4_0,:1177161675_4,0,7.88,6.36,0,0.0,7.88,36.27,22.44,-4.59,13.83,6.71,1.82,1.16,0
300.0,360.0,:1177161675_7_0,:1177161675_7,0,13.89,13.38,0,0.0,13.89,,,,,,-0.16,-1.0,0
300.0,360.0,:1177161675_9_0,:1177161675_9,0,7.93,7.17,0,0.0,7.93,146.18,144.05,3.86,23.27,20.1,1.5,0.9,0
300.0,360.0,:1177161698_0_0,:1177161698_0,0,6.25,5.97,0,0.0,6.25,,,,,,-0.52,-1.74,0
300.0,360.0,:1177161698_1_0,:1177161698_1,0,8.48,7.93,0,0.0,8.48,27.7,19.92,-7.59,4.12,3.52,1.07,0.57,0
300.0,360.0,:1177161698_6_0,:1177161698_6,0,13.89,14.44,0,0.0,13.89,98.17,80.75,8.55,7.07,5.62,-0.02,-0.34,0
300.0,360.0,:1177161703_3_0,:1177161703_3,0,11.11,11.28,0,0.0,11.11,59.92,13.66,3.65,6.04,1.37,-0.01,-1.29,0
300.0,360.0,:1177211333_0_0,:1177211333_0,0,11.11,10.86,0,0.0,11.11,,,,,,0.39,-0.02,0
300.0,360.0,:1177211334_1_0,:1177211334_1,0,8.02,6.68,0,0.0,8.02,69.8,69.8,-5.05,10.45,10.45,-4.95,-4.95,1
300.0,360.0,:1177211334_3_0,:1177211334_3,0,6.54,7.13,0,0.0,6.54,23.86,3.37,-3.6,4.87,1.19,0.24,-3.72,1
300.0,360.0,:1177211334_4_0,:1177211334_4,0,7.82,7.16,0,0.0,7.82,64.22,5.44,-1.75,15.33,1.16,0.93,-3.16,1
300.0,360.0,:1177211334_6_0,:1177211334_6,0,6.28,6.41,0,0.0,6.28,19.05,9.32,-1.37,3.85,1.81,-0.64,-3.6,1
300.0,360.0,:1177211334_7_0,:1177211334_7,0,13.89,12.18,0,0.0,13.89,31.29,30.98,1.67,2.63,2.59,0.59,-1.14,0
300.0,360.0,:1177211334_9_0,:1177211334_9,0,8.02,6.55,0,0.0,8.02,76.58,72.22,-5.53,12.31,11.02,-0.43,-0.93,0
300.0,360.0,:1177211357_12_0,:1177211357_12,0,11.11,10.95,0,0.0,11.11,,,,,,-0.01,-0.96,0
300.0,360.0,:1177211357_5_0,:1177211357_5,1,10.98,10.98,0,0.26,11.11,70.97,70.75,0.81,6.51,6.45,0.26,-0.85,0
300.0,360.0,:1177211361_10_0,:1177211361_10,0,7.98,8.21,0,0.0,7.98,79.14,77.46,7.27,9.9,9.44,1.28,0.82,0
300.0,360.0,:1177211361_4_0,:1177211361_4,0,13.89,14.8,0,0.0,13.89,,,,,,1.0,0.92,0
300.0,360.0,:1177211361_7_0,:1177211361_7,0,7.98,6.93,0,0.0,7.98,113.13,111.4,6.38,17.9,16.08,-0.9,-4.0,1
300.0,360.0,:1177211398_8_0,:1177211398_8,0,3.65,3.86,0,0.0,3.65,,,,,,0.6,-0.59,0
300.0,360.0,:1177211432_0_0,:1177211432_0,0,16.67,16.69,0,0.0,16.67,,,,,,1.15,1.15,0
300.0,360.0,:1177211432_0_1,:1177211432_0,0,16.67,16.0,0,0.0,16.67,25.08,12.67,1.3,2.2,1.1,-0.23,-2.62,0
300.0,360.0,:1177211432_2_0,:1177211432_2,0,6.02,5.85,0,0.0,6.02,,,,,,-1.12,-4.57,1
300.0,360.0,:1177211432_3_0,:1177211432_3,0,6.17,5.93,0,0.0,6.17,27.4,11.39,-10.73,12.6,1.92,0.65,-1.62,0
300.0,360.0,:1177211462_0_0,:1177211462_0,0,8.34,7.07,0,0.0,8.34,,,,,,1.61,-0.14,0
300.0,360.0,:1177211462_6_0,:1177211462_6,0,6.51,6.41,0,0.0,6.51,109.33,108.72,1.46,17.08,17.0,-2.16,-4.3,1
300.0,360.0,:1177211464_0_0,:1177211464_0,0,11.11,12.05,0,0.0,11.11,117.92,38.43,7.6,10.46,3.35,0.13,-1.63,0
300.0,360.0,:1177211468_0_0,:1177211468_0,0,13.89,12.49,0,0.0,13.89,38.88,12.5,-0.15,3.49,1.14,1.42,0.52,0
300.0,360.0,:1177211468_6_0,:1177211468_6,0,13.89,13.56,0,0.0,13.89,43.73,19.88,6.36,3.53,1.56,0.01,-1.24,0
300.0,360.0,:1177211474_0_0,:1177211474_0,0,7.06,6.32,0,0.0,7.06,86.71,85.55,1.93,15.75,15.35,0.34,-1.92,0
300.0,360.0,:1177211474_4_0,:1177211474_4,1,12.68,13.14,0,0.31,13.89,34.58,10.64,-1.04,3.22,1.12,0.99,-0.87,0
300.0,360.0,:1177211474_6_0,:1177211474_6,0,13.89,11.24,0,0.0,13.89,66.02,65.7,-0.39,5.97,5.84,-0.99,-1.22,0
300.0,360.0,:1177211489_0_0,:1177211489_0,0,6.3,6.54,0,0.0,6.3,,,,,,0.79,-0.24,0
300.0,360.0,:1177211489_10_0,:1177211489_10,0,7.84,7.0,0,0.0,7.84,,,,,,1.3,0.91,0
300.0,360.0,:1177211489_7_0,:1177211489_7,0,7.84,5.06,0,0.0,7.84,,,,,,-3.84,-3.84,1
300.0,360.0,:1177211539_0_0,:1177211539_0,0,11.11,11.35,0,0.0,11.11,,,,,,-0.49,-0.82,0
300.0,360.0,:1177211539_0_1,:1177211539_0,0,11.11,10.69,0,0.0,11.11,55.75,10.39,4.27,5.78,1.08,0.15,-2.4,0
300.0,360.0,:1177211571_1_0,:1177211571_1,0,8.02,5.92,0,0.0,8.02,51.73,12.17,-6.24,18.79,8.18,1.56,0.53,0
300.0,360.0,:1177211571_4_0,:1177211571_4,0,13.89,15.48,0,0.0,13.89,22.91,12.54,3.59,1.9,1.08,-1.02,-4.86,5
300.0,360.0,:1177211571_6_0,:1177211571_6,0,13.89,11.96,0,0.0,13.89,68.31,21.59,3.11,6.1,1.8,0.8,-1.37,0
300.0,360.0,:1177211573_4_0,:1177211573_4,0,11.11,11.39,0,0.0,11.11,,,,,,1.46,1.13,0
300.0,360.0,:1177211724_6_0,:1177211724_6,0,6.61,8.06,0,0.0,6.61,42.68,8.32,3.25,6.63,1.26,-1.5,-5.0,4
300.0,360.0,:1177211724_7_0,:1177211724_7,0,22.22,17.71,0,0.0,22.22,27.41,13.44,8.67,2.18,1.03,-0.77,-5.0,2
300.0,360.0,:1177211755_0_0,:1177211755_0,0,11.11,11.11,0,0.0,11.11,,,,,,0.81,0.06,0
300.0,360.0,:1177211769_4_0,:1177211769_4,0,8.98,9.69,0,0.0,8.98,29.43,8.85,-2.82,3.82,1.18,1.2,-1.86,0
300.0,360.0,:1177211769_6_0,:1177211769_6,0,7.64,8.4,0,0.0,7.64,37.74,15.41,1.9,5.38,2.32,-1.73,-5.0,5
300.0,360.0,:1177211785_0_0,:1177211785_0,0,27.78,12.73,0,0.0,27.78,11.47,7.29,3.4,3.06,1.15,-0.48,-4.19,3
300.0,360.0,:1177211785_6_0,:1177211785_6,1,8.49,12.33,0,0.21,27.78,6.9,3.7,0.79,1.63,0.95,0.09,-3.8,1
300.0,360.0,:1177211791_0_0,:1177211791_0,0,11.11,10.5,0,0.0,11.11,,,,,,0.9,0.9,0
300.0,360.0,:1177211801_0_0,:1177211801_0,0,11.11,11.22,0,0.0,11.11,,,,,,-0.66,-1.52,0
300.0,360.0,:1177211896_0_0,:1177211896_0,0,7.27,7.7,0,0.0,7.27,12.26,11.34,-1.84,1.73,1.61,1.39,0.36,0
300.0,360.0,:1177211896_10_0,:1177211896_10,0,8.65,7.59,0,0.0,8.65,12.35,3.13,-2.87,3.72,1.62,0.84,-0.49,0
300.0,360.0,:1177211896_3_0,:1177211896_3,0,6.18,5.43,0,0.0,6.18,95.4,84.75,-5.02,19.83,16.43,-0.69,-3.36,1
300.0,360.0,:1177211896_6_0,:1177211896_6,0,13.89,15.53,0,0.0,13.89,,,,,,2.44,1.91,0
300.0,360.0,:1177211896_7_0,:1177211896_7,0,8.65,6.26,0,0.0,8.65,9.37,0.87,-2.03,2.19,2.18,-3.07,-5.0,5
300.0,360.0,:1177211991_7_0,:1177211991_7,1,2.79,3.09,0,0.14,2.78,,,,,,-0.1,-2.26,0
300.0,360.0,:1177212006_1_0,:1177212006_1,0,13.89,13.39,0,0.0,13.89,,,,,,1.68,1.37,0
300.0,360.0,:1177212025_4_0,:1177212025_4,0,22.22,13.86,0,0.0,22.22,54.92,51.83,10.13,4.05,3.89,-0.21,-1.17,0
300.0,360.0,:1177212025_6_0,:1177212025_6,0,22.22,16.82,0,0.0,22.22,57.42,34.34,3.18,3.59,2.12,1.95,0.54,0
300.0,360.0,:1177212028_1_0,:1177212028_1,0,8.2,5.56,0,0.0,8.2,46.94,8.96,-2.88,8.67,1.61,-3.55,-4.76,2
300.0,360.0,:1177212028_3_0,:1177212028_3,0,6.46,6.13,0,0.0,6.46,113.61,112.3,2.07,20.16,18.72,-2.01,-5.0,1
300.0,360.0,:1177212028_9_0,:1177212028_9,0,8.2,7.22,0,0.0,8.2,38.58,9.6,-1.04,6.15,1.42,0.98,-0.29,0
300.0,360.0,:1177212032_7_0,:1177212032_7,1,11.25,12.36,0,0.07,13.89,29.18,13.4,-1.19,2.77,1.19,0.65,-0.56,0
300.0,360.0,:1177212077_0_0,:1177212077_0,0,22.22,13.57,0,0.0,22.22,29.65,22.34,8.84,2.32,1.95,-1.22,-3.0,0
300.0,360.0,:1177212077_6_0,:1177212077_6,0,22.22,11.92,0,0.0,22.22,49.24,30.09,-2.76,4.34,2.9,1.63,1.12,0
300.0,360.0,:1177212096_0_0,:1177212096_0,0,11.11,4.3,0,0.0,11.11,4.85,2.05,1.14,1.68,0.83,0.21,-2.48,0
300.0,360.0,:1177212155_11_0,:1177212155_11,0,3.65,3.3,0,0.0,3.65,106.9,106.15,2.31,33.44,32.65,-2.56,-4.74,1
300.0,360.0,:1177212157_0_0,:1177212157_0,0,27.78,9.27,0,0.0,27.78,54.93,54.44,2.11,6.17,5.87,1.18,0.97,0
300.0,360.0,:1177212157_2_0,:1177212157_2,0,27.78,13.39,0,0.0,27.78,14.3,4.45,2.62,2.44,1.13,-0.22,-4.0,6
300.0,360.0,:1177212157_4_0,:1177212157_4,1,3.46,5.64,0,0.23,6.76,16.26,5.63,-2.15,3.98,1.12,0.5,-3.1,1
300.0,360.0,:1177212157_5_0,:1177212157_5,1,5.3,5.36,0,0.16,7.19,21.3,2.9,-4.56,6.94,1.24,1.17,-0.61,0
300.0,360.0,:11843639551_0_0,:11843639551_0,0,11.11,11.61,0,0.0,11.11,,,,,,0.02,0.02,0
300.0,360.0,:11843639551_3_0,:11843639551_3,1,7.45,9.13,0,0.2,8.92,31.54,5.37,-3.28,6.58,1.23,1.1,-3.92,1
300.0,360.0,:11843639556_5_0,:11843639556_5,0,2.78,2.88,0,0.0,2.78,91.82,14.28,-2.71,41.7,5.17,-0.11,-1.12,0
300.0,360.0,:1186025287_3_0,:1186025287_3,0,13.89,14.37,0,0.0,13.89,,,,,,1.19,0.76,0
300.0,360.0,:1186025292_3_0,:1186025292_3,0,22.22,17.16,0,0.0,22.22,23.68,23.55,-0.46,1.39,1.37,-0.66,-1.69,0
300.0,360.0,:1186025303_3_0,:1186025303_3,0,22.22,17.83,0,0.0,22.22,35.29,35.29,8.67,2.33,2.33,-1.17,-3.18,1
300.0,360.0,:1186025305_4_0,:1186025305_4,0,11.11,13.18,0,0.0,11.11,,,,,,0.86,-0.08,0
300.0,360.0,:1186025305_5_0,:1186025305_5,0,11.11,10.58,0,0.0,11.11,,,,,,0.19,-0.62,0
300.0,360.0,:1186025318_1_0,:1186025318_1,0,13.89,14.15,0,0.0,13.89,115.77,96.69,12.22,8.33,6.83,0.85,0.53,0
300.0,360.0,:1186025330_2_0,:1186025330_2,0,22.22,17.07,0,0.0,22.22,91.85,23.86,4.41,5.95,1.84,-0.17,-1.73,0
300.0,360.0,:1186025330_3_0,:1186025330_3,0,6.05,5.82,0,0.0,6.05,,,,,,-1.51,-3.71,1
300.0,360.0,:1186025330_5_0,:1186025330_5,0,3.65,3.26,0,0.0,3.65,,,,,,-0.45,-1.8,0
300.0,360.0,:1186025346_3_0,:1186025346_3,0,22.22,17.39,0,0.0,22.22,72.22,16.52,3.66,5.04,1.34,0.04,-1.01,0
300.0,360.0,:1186025349_4_0,:1186025349_4,0,11.11,11.43,0,0.0,11.11,33.15,12.96,5.59,3.13,1.21,-0.52,-1.98,0
300.0,360.0,:1189036468_3_0,:1189036468_3,0,22.22,17.49,0,0.0,22.22,30.82,12.33,7.79,2.08,1.06,-0.79,-5.0,1
300.0,360.0,:1189036484_6_0,:1189036484_6,0,22.22,17.58,0,0.0,22.22,23.48,23.48,-0.19,1.4,1.4,-0.46,-2.17,0
300.0,360.0,:1189036489_4_0,:1189036489_4,0,13.89,13.26,0,0.0,13.89,12.64,12.12,1.66,1.39,1.26,-0.83,-3.71,1
300.0,360.0,:1189036518_4_0,:1189036518_4,0,13.89,14.73,0,0.0,13.89,66.91,24.05,0.8,4.75,1.8,-0.1,-1.69,0
300.0,360.0,:1189036584_3_0,:1189036584_3,0,6.32,6.15,0,0.0,6.32,,,,,,0.73,-0.56,0
300.0,360.0,:1189036584_4_0,:1189036584_4,0,8.72,6.66,0,0.0,8.72,,,,,,-0.42,-2.12,0
300.0,360.0,:1189036584_5_0,:1189036584_5,0,3.65,4.27,0,0.0,3.65,,,,,,-0.21,-1.09,0
300.0,360.0,:1189036615_2_0,:1189036615_2,0,22.22,8.07,0,0.0,22.22,5.07,2.19,0.93,1.55,0.94,-0.08,-3.49,2
300.0,360.0,:1189036617_3_0,:1189036617_3,0,11.11,10.38,0,0.0,11.11,,,,,,-0.04,-1.06,0
300.0,360.0,:1189036617_3_1,:1189036617_3,0,11.11,10.59,0,0.0,11.11,,,,,,0.43,-0.14,0
300.0,360.0,:1189036644_3_0,:1189036644_3,0,11.11,11.09,0,0.0,11.11,,,,,,0.39,-0.03,0
300.0,360.0,:1189036694_3_0,:1189036694_3,0,11.11,11.76,0,0.0,11.11,85.89,82.67,10.68,7.45,7.14,-0.03,-1.23,0
300.0,360.0,:1189036707_6_0,:1189036707_6,0,22.22,17.77,0,0.0,22.22,24.19,24.19,0.81,1.36,1.36,-0.48,-2.01,0
300.0,360.0,:1189036717_0_0,:1189036717_0,0,16.67,16.45,0,0.0,16.67,61.5,61.5,-0.43,4.7,4.7,0.81,0.53,0
300.0,360.0,:1189036717_0_1,:1189036717_0,0,16.67,15.63,0,0.0,16.67,64.19,16.24,1.42,4.7,1.24,0.59,-0.76,0
300.0,360.0,:1189036737_4_0,:1189036737_4,0,22.22,17.25,0,0.0,22.22,31.68,17.75,2.61,1.93,1.29,0.48,-0.12,0
300.0,360.0,:1189036737_5_0,:1189036737_5,0,22.22,17.93,0,0.0,22.22,50.0,21.35,0.77,3.21,1.36,0.74,-0.7,0
300.0,360.0,:1189036766_0_0,:1189036766_0,0,13.89,11.75,0,0.0,13.89,,,,,,-0.1,-0.23,0
300.0,360.0,:1189036766_4_0,:1189036766_4,0,8.47,7.72,0,0.0,8.47,31.5,25.83,7.47,4.23,3.34,0.63,-0.21,0
300.0,360.0,:1189036766_7_0,:1189036766_7,0,13.89,13.19,0,0.0,13.89,,,,,,2.06,1.36,0
300.0,360.0,:1189036777_0_0,:1189036777_0,0,22.22,16.77,0,0.0,22.22,28.88,13.02,3.52,2.13,1.09,-0.66,-3.27,1
300.0,360.0,:1189036795_0_0,:1189036795_0,0,16.67,16.83,0,0.0,16.67,,,,,,0.1,0.1,0
300.0,360.0,:1189036795_3_0,:1189036795_3,0,6.51,5.81,0,0.0,6.51,,,,,,-1.43,-3.04,1
300.0,360.0,:1189036797_0_0,:1189036797_0,0,13.89,13.04,0,0.0,13.89,105.07,90.4,0.26,9.06,8.28,1.51,0.62,0
300.0,360.0,:1189036799_2_0,:1189036799_2,0,22.22,17.55,0,0.0,22.22,37.43,18.92,3.33,2.35,1.11,0.05,-1.97,0
300.0,360.0,:1189036817_0_0,:1189036817_0,0,16.67,16.82,0,0.0,16.67,31.43,31.43,0.03,1.87,1.87,0.27,-0.69,0
300.0,360.0,:1189036817_0_1,:1189036817_0,0,16.67,16.98,0,0.0,16.67,,,,,,1.29,1.29,0
300.0,360.0,:1189036844_3_0,:1189036844_3,0,22.22,17.09,0,0.0,22.22,19.93,15.41,4.05,1.41,1.2,-1.53,-4.58,2
300.0,360.0,:1189036857_1_0,:1189036857_1,0,22.22,17.76,0,0.0,22.22,66.8,16.28,1.77,4.56,1.2,0.2,-1.26,0
300.0,360.0,:1189036857_2_0,:1189036857_2,0,22.22,16.24,0,0.0,22.22,33.79,15.34,0.06,2.5,1.1,0.63,-0.91,0
300.0,360.0,:1189036870_3_0,:1189036870_3,0,11.11,12.09,0,0.0,11.11,61.34,21.15,0.22,5.88,1.92,-0.2,-1.79,0
300.0,360.0,:1189036870_3_1,:1189036870_3,0,11.11,9.59,0,0.0,11.11,,,,,,-0.69,-0.69,0
300.0,360.0,:1189036917_3_0,:1189036917_3,0,22.22,17.4,0,0.0,22.22,51.41,17.4,-0.94,3.42,1.04,0.6,-0.88,0
300.0,360.0,:1189036932_0_0,:1189036932_0,0,7.5,8.41,0,0.0,7.5,10.59,9.93,-2.64,1.27,1.18,-1.55,-2.79,0
300.0,360.0,:1189036935_0_0,:1189036935_0,0,11.11,9.25,0,0.0,11.11,113.02,113.02,-2.18,12.68,12.68,0.01,-0.68,0
300.0,360.0,:1189036935_0_1,:1189036935_0,0,11.11,11.79,0,0.0,11.11,,,,,,0.55,-0.12,0
300.0,360.0,:1189036937_1_0,:1189036937_1,0,22.22,17.98,0,0.0,22.22,53.5,19.63,1.91,3.41,1.32,0.24,-1.0,0
300.0,360.0,:1189036937_2_0,:1189036937_2,0,22.22,17.98,0,0.0,22.22,37.99,14.06,0.46,2.49,1.09,-0.4,-1.84,0
300.0,360.0,:1189868548_0_0,:1189868548_0,0,5.85,4.55,0,0.0,5.85,,,,,,1.14,0.55,0
300.0,360.0,:1189868548_2_0,:1189868548_2,0,27.78,17.54,0,0.0,27.78,37.88,12.18,3.99,2.79,1.0,-0.92,-3.93,1
300.0,360.0,:1189868548_2_1,:1189868548_2,0,27.78,13.76,0,0.0,27.78,130.0,129.81,-0.32,9.46,9.46,0.42,0.1,0
300.0,360.0,:1189868561_0_0,:1189868561_0,0,11.11,11.29,0,0.0,11.11,43.0,29.34,0.6,3.92,2.74,0.41,-1.44,0
300.0,360.0,:1189868581_1_0,:1189868581_1,0,8.0,5.76,0,0.0,8.0,,,,,,-3.64,-3.64,1
300.0,360.0,:1189868581_9_0,:1189868581_9,0,8.0,7.63,0,0.0,8.0,,,,,,1.25,0.9,0
300.0,360.0,:1189868590_1_0,:1189868590_1,0,7.82,8.43,0,0.0,7.82,228.04,223.87,-8.46,28.81,27.53,0.81,0.59,0
300.0,360.0,:1189868590_6_0,:1189868590_6,0,13.89,14.6,0,0.0,13.89,57.64,30.17,7.61,4.49,2.81,0.23,-0.78,0
300.0,360.0,:1189868591_4_0,:1189868591_4,0,13.89,12.37,0,0.0,13.89,70.27,69.61,1.33,5.72,5.66,0.21,-0.15,0
300.0,360.0,:1189868591_6_0,:1189868591_6,0,13.89,13.06,0,0.0,13.89,,,,,,0.35,-0.44,0
300.0,360.0,:1189868598_0_0,:1189868598_0,0,22.22,13.75,0,0.0,22.22,39.67,15.99,1.04,3.0,1.21,-0.89,-1.92,0
300.0,360.0,:1190100042_0_0,:1190100042_0,0,11.11,11.83,0,0.0,11.11,,,,,,0.31,0.18,0
300.0,360.0,:1190100042_6_0,:1190100042_6,0,11.11,10.75,0,0.0,11.11,,,,,,-0.42,-0.73,0
300.0,360.0,:1190100058_0_0,:1190100058_0,0,6.88,7.38,0,0.0,6.88,,,,,,-1.56,-4.14,2
300.0,360.0,:1190100061_0_0,:1190100061_0,0,22.22,17.59,0,0.0,22.22,99.03,99.03,-0.15,5.63,5.63,0.36,-0.5,0
300.0,360.0,:1190100064_0_0,:1190100064_0,0,11.11,12.67,0,0.0,11.11,66.31,65.73,2.37,6.33,6.23,0.4,-0.19,0
300.0,360.0,:1190100093_0_0,:1190100093_0,0,13.89,13.43,0,0.0,13.89,,,,,,0.17,0.12,0
300.0,360.0,:1190100093_6_0,:1190100093_6,0,13.89,11.12,0,0.0,13.89,,,,,,1.26,1.26,0
300.0,360.0,:1190100107_2_0,:1190100107_2,0,11.11,10.42,0,0.0,11.11,92.55,34.75,-0.23,9.67,3.74,0.33,-0.86,0
300.0,360.0,:1190100178_0_0,:1190100178_0,0,11.11,11.97,0,0.0,11.11,,,,,,0.35,-0.12,0
300.0,360.0,:1190100182_0_0,:1190100182_0,0,13.89,14.52,0,0.0,13.89,,,,,,0.02,-0.64,0
300.0,360.0,:1190100182_6_0,:1190100182_6,0,13.89,13.69,0,0.0,13.89,85.18,85.14,-0.64,9.68,9.46,-0.08,-0.81,0
300.0,360.0,:1190100199_0_0,:1190100199_0,0,11.11,11.39,0,0.0,11.11,45.5,45.44,0.09,4.36,4.35,-0.6,-1.41,0
300.0,360.0,:1190100244_3_0,:1190100244_3,0,11.11,11.07,0,0.0,11.11,,,,,,0.03,-0.14,0
300.0,360.0,:1190100245_0_0,:1190100245_0,0,11.11,11.91,0,0.0,11.11,,,,,,0.02,0.02,0
300.0,360.0,:1190100245_6_0,:1190100245_6,0,11.11,10.82,0,0.0,11.11,,,,,,0.03,-0.1,0
300.0,360.0,:1190100277_0_0,:1190100277_0,0,11.11,10.18,0,0.0,11.11,,,,,,0.14,-0.64,0
300.0,360.0,:1190100287_1_0,:1190100287_1,0,13.89,13.52,0,0.0,13.89,,,,,,0.42,0.42,0
300.0,360.0,:1190100287_8_0,:1190100287_8,0,13.89,13.71,0,0.0,13.89,55.41,54.14,-5.05,6.45,6.24,-0.11,-0.71,0
300.0,360.0,:1190100298_1_0,:1190100298_1,0,13.89,15.29,0,0.17,13.89,,,,,,0.94,0.94,0
300.0,360.0,:1190100298_8_0,:1190100298_8,0,13.89,12.99,0,0.0,13.89,,,,,,-0.33,-0.87,0
300.0,360.0,:1190100324_4_0,:1190100324_4,0,11.11,11.95,0,0.0,11.11,,,,,,0.66,-0.09,0
300.0,360.0,:1190100352_0_0,:1190100352_0,0,27.78,13.39,0,0.0,27.78,,,,,,0.58,0.58,0
300.0,360.0,:1190100352_6_0,:1190100352_6,0,27.78,17.89,0,0.0,27.78,,,,,,0.65,-0.57,0
300.0,360.0,:1190100407_0_0,:1190100407_0,0,11.11,10.84,0,0.0,11.11,64.64,12.88,-0.9,7.73,1.19,0.01,-1.51,0
300.0,360.0,:1190100495_3_0,:1190100495_3,0,11.11,10.83,0,0.0,11.11,,,,,,-0.38,-0.38,0
300.0,360.0,:1190100498_2_0,:1190100498_2,0,11.11,10.81,0,0.0,11.11,84.94,10.43,-0.45,8.38,1.12,0.14,-0.97,0
300.0,360.0,:1190100514_0_0,:1190100514_0,0,11.11,12.05,0,0.0,11.11,,,,,,-0.69,-1.21,0
300.0,360.0,:1190100514_7_0,:1190100514_7,0,11.11,8.42,0,0.0,11.11,,,,,,0.07,-0.68,0
300.0,360.0,:1190128192_0_0,:1190128192_0,0,22.22,17.01,0,0.0,22.22,45.07,32.65,9.2,2.99,2.03,-0.33,-1.93,0
300.0,360.0,:1190128206_13_0,:1190128206_13,0,13.89,10.82,0,0.0,13.89,25.56,12.09,-2.22,3.12,1.37,1.55,0.77,0
300.0,360.0,:1190128206_15_0,:1190128206_15,0,3.65,3.15,0,0.0,3.65,99.2,97.25,-3.74,34.56,31.49,0.42,-0.06,0
300.0,360.0,:1190128206_16_0,:1190128206_16,0,10.17,9.28,0,0.0,10.17,,,,,,1.73,1.72,0
300.0,360.0,:1190128206_2_0,:1190128206_2,0,10.17,7.55,0,0.0,10.17,,,,,,2.2,2.2,0
300.0,360.0,:1190128211_0_0,:1190128211_0,0,7.81,8.59,0,0.0,7.81,22.63,16.82,7.29,2.85,2.01,-1.79,-5.0,2
300.0,360.0,:1190128211_10_0,:1190128211_10,0,7.57,8.13,0,0.0,7.57,22.36,15.65,3.88,2.92,2.21,-2.26,-5.0,1
300.0,360.0,:1190128211_13_0,:1190128211_13,0,13.89,9.16,0,0.0,13.89,30.37,3.51,-4.15,13.75,1.11,1.22,0.15,0
300.0,360.0,:1190128211_18_0,:1190128211_18,0,7.57,8.4,0,0.0,7.57,17.04,10.95,2.71,2.29,1.4,-0.03,-2.22,0
300.0,360.0,:1190128211_1_0,:1190128211_1,0,13.89,13.38,0,0.0,13.89,,,,,,-0.28,-0.78,0
300.0,360.0,:1190128211_5_0,:1190128211_5,0,13.89,10.31,0,0.0,13.89,25.36,4.66,-1.33,7.82,1.24,1.49,-0.28,0
300.0,360.0,:1190128222_3_0,:1190128222_3,0,6.66,5.91,0,0.0,6.66,132.85,130.01,5.55,24.0,21.99,-0.75,-3.11,1
300.0,360.0,:1190128222_4_0,:1190128222_4,0,13.89,13.74,0,0.0,13.89,,,,,,2.19,1.52,0
300.0,360.0,:1190128225_0_0,:1190128225_0,0,6.94,5.0,0,0.0,6.94,,,,,,0.99,-0.11,0
300.0,360.0,:1190128237_0_0,:1190128237_0,0,11.11,11.14,0,0.0,11.11,73.79,73.57,1.1,6.71,6.64,-0.36,-0.58,0
300.0,360.0,:1190128237_7_0,:1190128237_7,0,11.11,10.95,0,0.0,11.11,,,,,,-0.36,-1.36,0
300.0,360.0,:1190128241_0_0,:1190128241_0,1,11.89,15.73,0,0.08,13.89,34.81,13.03,0.9,2.84,1.0,0.27,-3.95,1
300.0,360.0,:1190128241_1_0,:1190128241_1,0,8.63,5.4,0,0.0,8.63,,,,,,-5.0,-5.0,1
300.0,360.0,:1190128241_4_0,:1190128241_4,0,7.73,6.85,0,0.0,7.73,32.86,13.12,-9.84,8.32,6.83,1.76,0.73,0
300.0,360.0,:1190128241_9_0,:1190128241_9,0,8.63,7.66,0,0.0,8.63,,,,,,0.71,-1.68,0
300.0,360.0,:1190128257_0_0,:1190128257_0,0,6.51,5.88,0,0.0,6.51,,,,,,-0.32,-2.49,0
300.0,360.0,:1190128257_13_0,:1190128257_13,0,13.89,9.6,0,0.0,13.89,32.99,15.11,1.58,4.71,2.44,1.6,0.51,0
300.0,360.0,:1190128257_14_0,:1190128257_14,0,8.59,8.52,0,0.0,8.59,8.0,6.96,0.57,1.05,0.98,0.37,-2.83,0
300.0,360.0,:1190128257_5_0,:1190128257_5,0,13.89,11.1,0,0.0,13.89,53.09,17.47,-2.69,5.43,2.0,1.66,0.51,0
300.0,360.0,:1190128257_8_0,:1190128257_8,0,6.97,7.61,0,0.0,6.97,79.81,79.81,-4.69,10.48,10.48,-0.9,-4.75,1
300.0,360.0,:1190128257_9_0,:1190128257_9,0,13.89,10.21,0,0.0,13.89,22.92,14.33,9.23,2.46,1.48,1.02,-1.03,0
300.0,360.0,:1190128270_0_0,:1190128270_0,0,11.11,11.93,0,0.0,11.11,,,,,,-1.32,-2.93,0
300.0,360.0,:1190128289_0_0,:1190128289_0,0,13.89,11.36,0,0.0,13.89,35.13,10.91,-1.0,3.82,1.05,1.42,-1.51,0
300.0,360.0,:1190128289_7_0,:1190128289_7,1,4.7,12.72,0,0.18,13.89,13.41,8.85,-1.84,4.67,2.34,0.5,-3.8,2
300.0,360.0,:1190128318_0_0,:1190128318_0,1,10.34,10.34,0,0.21,11.11,,,,,,0.17,0.17,0
300.0,360.0,:1190128320_0_0,:1190128320_0,0,8.06,7.74,0,0.0,8.06,50.52,48.6,7.71,6.55,6.33,-0.86,-1.59,0
300.0,360.0,:1190128320_10_0,:1190128320_10,0,7.64,6.96,0,0.0,7.64,55.99,52.78,6.67,8.4,8.19,0.22,-1.21,0
300.0,360.0,:1190128320_3_0,:1190128320_3,0,13.89,12.67,0,0.0,13.89,,,,,,0.19,0.16,0
300.0,360.0,:1190128320_4_0,:1190128320_4,0,7.64,5.88,0,0.0,7.64,62.78,62.78,5.88,10.67,10.67,-3.48,-3.48,1
300.0,360.0,:1190128334_0_0,:1190128334_0,0,6.44,5.9,0,0.0,6.44,94.74,91.84,-5.49,16.29,15.58,0.35,-0.47,0
300.0,360.0,:1190128334_1_0,:1190128334_1,0,3.65,3.3,0,0.0,3.65,110.42,108.97,2.61,33.89,33.22,-0.6,-1.96,0
300.0,360.0,:1190128334_3_0,:1190128334_3,0,11.11,9.53,0,0.0,11.11,39.06,38.37,0.64,4.16,4.08,0.5,-0.22,0
300.0,360.0,:1190128345_0_0,:1190128345_0,0,11.11,11.76,0,0.0,11.11,,,,,,0.37,0.11,0
300.0,360.0,:1190128349_5_0,:1190128349_5,0,2.78,3.07,0,0.0,2.78,34.58,33.56,-2.34,11.88,11.55,-0.12,-0.69,0
300.0,360.0,:1190128349_6_0,:1190128349_6,0,2.78,2.59,0,0.0,2.78,13.78,7.04,2.13,6.57,2.85,0.04,-1.46,0
300.0,360.0,:1191714332_1_0,:1191714332_1,0,3.65,3.64,0,0.0,3.65,,,,,,-0.19,-0.9,0
300.0,360.0,:1191714336_4_0,:1191714336_4,0,22.22,13.88,0,0.0,22.22,64.35,63.35,3.71,4.72,4.65,0.24,-0.08,0
300.0,360.0,:1191714336_6_0,:1191714336_6,0,22.22,17.54,0,0.0,22.22,28.09,23.34,5.12,1.81,1.74,-2.34,-5.0,3
300.0,360.0,:1191714356_0_0,:1191714356_0,0,13.89,13.57,0,0.0,13.89,,,,,,0.35,0.11,0
300.0,360.0,:1191714356_3_0,:1191714356_3,0,6.87,7.23,0,0.0,6.87,37.61,37.29,-0.9,5.67,5.19,1.11,-0.45,0
300.0,360.0,:1191714356_7_0,:1191714356_7,0,13.89,16.26,0,0.0,13.89,73.72,69.66,16.18,4.56,4.28,1.08,0.33,0
300.0,360.0,:1191714373_0_0,:1191714373_0,1,12.43,13.89,0,0.32,22.22,68.33,68.22,0.26,4.95,4.91,0.78,-0.29,0
300.0,360.0,:1191714373_11_0,:1191714373_11,0,3.65,3.59,0,0.0,3.65,,,,,,-0.35,-1.27,0
300.0,360.0,:1191714373_7_0,:1191714373_7,0,22.22,17.39,0,0.0,22.22,,,,,,1.07,-0.68,0
300.0,360.0,:1191714373_8_0,:1191714373_8,0,3.65,3.94,0,0.0,3.65,,,,,,-4.55,-4.55,1
300.0,360.0,:1191863693_1_0,:1191863693_1,1,3.43,3.5,0,0.43,3.65,,,,,,-1.08,-3.54,1
300.0,360.0,:1191863693_4_0,:1191863693_4,0,6.05,6.73,0,0.0,6.05,,,,,,-1.82,-3.75,1
300.0,360.0,:1191863718_0_0,:1191863718_0,0,3.65,3.37,0,0.0,3.65,,,,,,-2.23,-5.0,1
300.0,360.0,:1191863749_2_0,:1191863749_2,0,6.49,5.67,0,0.0,6.49,,,,,,-0.84,-3.21,1
300.0,360.0,:1191863749_3_0,:1191863749_3,0,19.45,15.22,0,0.0,19.45,,,,,,-1.59,-3.84,1
300.0,360.0,:1191863749_4_0,:1191863749_4,1,9.0,9.68,0,0.14,22.22,12.18,11.63,-1.41,1.45,1.32,1.93,0.91,0
300.0,360.0,:1191863749_5_0,:1191863749_5,0,7.05,7.29,0,0.0,7.05,34.06,7.98,-2.88,5.91,1.19,0.61,-1.26,0
300.0,360.0,:1191863774_3_0,:1191863774_3,0,11.11,11.25,0,0.0,11.11,,,,,,0.0,-0.56,0
300.0,360.0,:1191863774_3_1,:1191863774_3,0,11.11,12.14,0,0.0,11.11,,,,,,0.4,-0.78,0
300.0,360.0,:1191863802_13_0,:1191863802_13,0,22.22,15.84,0,0.0,22.22,,,,,,2.1,1.95,0
300.0,360.0,:1191863802_15_0,:1191863802_15,0,3.65,4.61,0,0.0,3.65,7.29,7.29,-1.04,1.58,1.58,0.21,0.21,0
300.0,360.0,:1191863802_19_0,:1191863802_19,0,3.65,4.29,0,0.0,3.65,8.2,8.2,-1.82,1.91,1.91,-1.59,-4.08,1
300.0,360.0,:1191863830_6_0,:1191863830_6,0,2.78,2.73,0,0.0,2.78,103.81,103.19,-0.29,43.48,38.07,-0.03,-1.16,0
300.0,360.0,:1191863841_0_0,:1191863841_0,0,13.89,13.09,0,0.0,13.89,,,,,,0.84,0.84,0
300.0,360.0,:1191863841_6_0,:1191863841_6,0,13.89,13.34,0,0.0,13.89,,,,,,-0.03,-0.03,0
300.0,360.0,:1191863867_2_0,:1191863867_2,0,6.49,6.25,0,0.0,6.49,,,,,,-1.75,-3.9,1
300.0,360.0,:1191863867_3_0,:1191863867_3,0,11.11,8.98,0,0.0,11.11,98.68,96.86,-2.51,11.71,11.18,0.17,-0.88,0
300.0,360.0,:1191863867_3_1,:1191863867_3,0,11.11,11.33,0,0.0,11.11,,,,,,-0.33,-2.07,0
300.0,360.0,:1191863888_0_0,:1191863888_0,0,11.11,11.29,0,0.0,11.11,,,,,,-0.01,-0.14,0
300.0,360.0,:1191863915_0_0,:1191863915_0,0,6.51,6.89,0,0.0,6.51,,,,,,-1.34,-1.42,0
300.0,360.0,:1191863915_11_0,:1191863915_11,0,3.65,2.59,0,0.0,3.65,,,,,,-0.61,-0.61,0
300.0,360.0,:1191863915_3_0,:1191863915_3,0,6.72,7.51,0,0.0,6.72,,,,,,-1.98,-2.88,0
300.0,360.0,:1191864018_0_0,:1191864018_0,0,16.67,16.84,0,0.0,16.67,,,,,,-0.56,-0.56,0
300.0,360.0,:1191864018_0_1,:1191864018_0,0,16.67,12.32,0,0.0,16.67,,,,,,1.87,0.75,0
300.0,360.0,:13298747730_1_0,:13298747730_1,0,11.11,11.14,0,0.0,11.11,,,,,,-1.58,-1.58,0
300.0,360.0,:13298747732_1_0,:13298747732_1,0,11.11,8.94,0,0.0,11.11,13.57,13.57,-2.67,1.67,1.67,1.84,1.49,0
300.0,360.0,:13300645526_2_0,:13300645526_2,0,27.78,17.39,0,0.0,27.78,108.76,108.76,-4.12,7.96,7.96,-1.31,-3.45,1
300.0,360.0,:13300645527_0_0,:13300645527_0,0,27.78,7.45,0,0.0,27.78,88.33,86.84,-3.1,13.34,12.05,1.32,0.99,0
300.0,360.0,:13300645527_1_0,:13300645527_1,1,6.69,10.27,0,0.24,27.78,29.57,0.0,-2.64,12.55,0.68,-0.04,-4.0,6
300.0,360.0,:13300645529_0_0,:13300645529_0,0,27.78,14.07,0,0.0,27.78,22.63,15.65,-1.19,1.85,1.26,-0.11,-4.0,5
300.0,360.0,:13300645529_1_0,:13300645529_1,1,8.3,12.49,0,0.13,27.78,45.34,7.08,1.89,5.73,1.04,1.36,-0.05,0
300.0,360.0,:13619904153_0_0,:13619904153_0,0,11.11,11.12,0,0.0,11.11,46.25,13.69,2.45,4.69,1.34,0.24,-1.06,0
300.0,360.0,:13974625520_1_0,:13974625520_1,0,19.45,11.46,0,0.0,19.45,,,,,,0.95,0.4,0
300.0,360.0,:13974625520_2_0,:13974625520_2,0,13.58,9.83,0,0.0,13.58,61.74,14.49,-5.18,8.36,2.13,1.35,0.45,0
300.0,360.0,:410457342_3_0,:410457342_3,0,6.01,6.09,0,0.0,6.01,,,,,,0.44,-1.92,0
300.0,360.0,:410457342_6_0,:410457342_6,0,7.26,5.47,0,0.0,7.26,,,,,,-0.9,-2.32,0
300.0,360.0,:5424221999_0_0,:5424221999_0,0,27.78,17.84,0,0.0,27.78,87.36,87.36,2.19,5.14,5.14,-0.23,-1.31,0
300.0,360.0,:5424222002_0_0,:5424222002_0,0,27.78,16.81,0,0.0,27.78,46.46,18.93,3.28,2.96,1.13,2.43,1.79,0
300.0,360.0,:5424222002_2_0,:5424222002_2,0,6.11,5.81,0,0.0,6.11,24.81,12.15,-12.82,7.6,3.57,1.13,-1.64,0
300.0,360.0,:6173584946_0_0,:6173584946_0,0,11.11,11.28,0,0.0,11.11,,,,,,0.72,0.72,0
300.0,360.0,:6311588102_0_0,:6311588102_0,0,27.78,17.72,0,0.0,27.78,101.63,69.61,4.55,6.24,5.21,-0.49,-2.16,0
300.0,360.0,:6311588103_0_0,:6311588103_0,0,27.78,17.84,0,0.0,27.78,167.25,167.24,8.19,9.76,9.38,1.67,1.62,0
300.0,360.0,:6469564795_1_0,:6469564795_1,0,7.86,6.67,0,0.0,7.86,,,,,,0.41,0.41,0
300.0,360.0,:6469564795_3_0,:6469564795_3,0,6.33,6.03,0,0.0,6.33,,,,,,0.95,-0.12,0
300.0,360.0,:6469564795_4_0,:6469564795_4,1,3.33,9.53,0,0.18,8.23,21.97,11.5,-2.67,3.22,1.55,0.82,-2.01,0
300.0,360.0,:6469564795_6_0,:6469564795_6,0,6.78,6.64,0,0.0,6.78,70.34,68.64,-3.11,10.97,10.33,-1.37,-2.99,0
300.0,360.0,:6469564795_7_0,:6469564795_7,0,13.89,13.48,0,0.0,13.89,,,,,,0.32,-0.75,0
300.0,360.0,:6469564795_9_0,:6469564795_9,0,7.86,6.12,0,0.0,7.86,,,,,,-0.37,-1.86,0
300.0,360.0,:6469974905_3_0,:6469974905_3,0,11.11,10.84,0,0.0,11.11,63.51,14.11,-1.16,7.31,1.37,0.09,-0.94,0
300.0,360.0,:663804415_3_0,:663804415_3,0,11.11,12.33,0,0.0,11.11,35.11,19.61,1.58,3.08,1.79,-0.01,-0.84,0
300.0,360.0,:663804415_3_1,:663804415_3,0,11.11,9.99,0,0.0,11.11,,,,,,0.11,-0.4,0
300.0,360.0,:663825914_0_0,:663825914_0,1,14.55,14.55,0,0.22,27.78,98.61,98.61,3.87,6.78,6.78,-1.04,-4.22,1
300.0,360.0,:663825934_1_0,:663825934_1,0,11.11,9.33,0,0.0,11.11,15.8,15.73,-0.91,1.88,1.84,1.65,0.58,0
300.0,360.0,:663825934_4_0,:663825934_4,0,19.45,13.01,0,0.0,19.45,,,,,,0.28,-1.55,0
300.0,360.0,:663825934_6_0,:663825934_6,0,11.11,9.03,0,0.0,11.11,,,,,,1.19,0.87,0
300.0,360.0,:663826061_2_0,:663826061_2,0,11.11,11.25,0,0.0,11.11,,,,,,0.23,0.19,0
300.0,360.0,:663842386_3_0,:663842386_3,0,11.11,11.59,0,0.0,11.11,55.41,49.7,11.19,4.92,4.48,-0.36,-1.18,0
300.0,360.0,:663940642_1_0,:663940642_1,0,6.17,5.1,0,0.0,6.17,,,,,,1.72,1.41,0
300.0,360.0,:663943263_1_0,:663943263_1,0,7.5,4.81,0,0.0,7.5,,,,,,-3.93,-3.93,1
300.0,360.0,:663943263_5_0,:663943263_5,0,3.65,3.23,0,0.0,3.65,,,,,,-0.47,-2.0,0
300.0,360.0,:663943263_9_0,:663943263_9,0,7.5,6.74,0,0.0,7.5,,,,,,0.96,0.69,0
300.0,360.0,:663943275_7_0,:663943275_7,0,11.11,13.26,0,0.0,11.11,73.76,10.62,1.58,6.87,1.15,0.08,-1.57,0
300.0,360.0,:663943276_1_0,:663943276_1,0,27.78,17.79,0,0.0,27.78,54.77,54.77,10.26,3.08,3.08,0.73,0.73,0
300.0,360.0,:663943276_2_0,:663943276_2,0,11.11,8.05,0,0.0,11.11,78.89,43.01,-0.67,10.99,5.57,1.46,0.53,0
300.0,360.0,:663943276_3_0,:663943276_3,0,6.77,8.37,0,0.0,6.77,33.93,7.17,-5.91,5.25,1.2,0.53,-2.67,0
300.0,360.0,:664446124_0_0,:664446124_0,0,8.21,8.04,0,0.0,8.21,,,,,,-1.17,-3.19,1
300.0,360.0,:664446124_2_0,:664446124_2,0,5.65,5.69,0,0.0,5.65,105.31,104.67,-3.31,19.57,19.22,-0.91,-2.35,0
300.0,360.0,:664446125_0_0,:664446125_0,0,11.11,10.58,0,0.0,11.11,,,,,,-0.34,-0.34,0
300.0,360.0,:664446125_1_0,:664446125_1,0,11.11,9.81,0,0.0,11.11,121.42,118.97,9.43,12.91,12.13,0.34,-0.84,0
300.0,360.0,:664446129_0_0,:664446129_0,0,11.11,9.26,0,0.0,11.11,211.59,210.59,-4.33,23.14,22.96,0.32,0.18,0
300.0,360.0,:664446129_1_0,:664446129_1,0,5.61,5.72,0,0.0,5.61,18.25,5.71,-3.28,6.05,1.81,0.4,-4.0,1
300.0,360.0,:664446531_3_0,:664446531_3,0,22.22,17.97,0,0.0,22.22,39.62,18.95,0.55,2.29,1.08,-0.16,-1.34,0
300.0,360.0,:664446557_0_0,:664446557_0,1,10.63,11.67,0,0.1,11.11,,,,,,-0.51,-1.53,0
300.0,360.0,:664446557_1_0,:664446557_1,0,9.44,7.83,0,0.0,9.44,,,,,,-0.93,-4.88,1
300.0,360.0,:664446557_2_0,:664446557_2,0,11.11,7.98,0,0.0,11.11,,,,,,1.07,0.62,0
300.0,360.0,:664446557_5_0,:664446557_5,1,2.15,10.05,0,0.19,22.22,66.38,39.53,-13.54,48.37,21.8,1.36,0.39,0
300.0,360.0,:664446588_0_0,:664446588_0,0,6.54,5.72,0,0.0,6.54,129.01,125.93,-5.97,24.71,23.08,1.06,-0.86,0
300.0,360.0,:664446588_1_0,:664446588_1,0,11.11,10.84,0,0.0,11.11,,,,,,-0.51,-0.74,0
300.0,360.0,:664446590_0_0,:664446590_0,0,27.78,17.63,0,0.0,27.78,60.83,19.15,0.55,3.83,1.27,-0.33,-1.2,0
300.0,360.0,:664446590_1_0,:664446590_1,0,6.28,5.36,0,0.0,6.28,,,,,,-1.14,-3.79,1
300.0,360.0,:664446593_0_0,:664446593_0,0,13.89,12.34,0,0.0,13.89,,,,,,-0.0,-1.55,0
300.0,360.0,:664446594_4_0,:664446594_4,0,11.11,9.85,0,0.0,11.11,,,,,,0.69,0.49,0
300.0,360.0,:664446594_6_0,:664446594_6,0,11.11,10.62,0,0.0,11.11,95.28,95.04,0.93,9.05,8.99,-0.32,-0.37,0
300.0,360.0,:664446596_1_0,:664446596_1,1,6.21,6.21,0,0.31,7.01,7.58,7.55,0.18,1.27,1.22,-0.8,-5.0,1
300.0,360.0,:664446599_1_0,:664446599_1,0,8.38,6.16,0,0.0,8.38,,,,,,-5.0,-5.0,1
300.0,360.0,:664446599_4_0,:664446599_4,0,7.82,7.25,0,0.0,7.82,,,,,,-0.28,-0.7,0
300.0,360.0,:664446599_7_0,:664446599_7,0,11.11,10.99,0,0.0,11.11,91.61,91.11,1.16,8.45,8.35,0.12,-0.81,0
300.0,360.0,:664446599_9_0,:664446599_9,0,8.38,8.6,0,0.0,8.38,,,,,,1.59,-0.1,0
300.0,360.0,:664447004_4_0,:664447004_4,0,11.11,11.8,0,0.0,11.11,,,,,,0.05,-0.73,0
300.0,360.0,:664447004_6_0,:664447004_6,0,11.11,8.41,0,0.05,11.11,,,,,,-0.07,-1.57,0
300.0,360.0,:664447206_0_0,:664447206_0,0,6.33,6.12,0,0.0,6.33,,,,,,-0.77,-2.02,0
300.0,360.0,:664447206_4_0,:664447206_4,0,5.97,5.86,0,0.0,5.97,,,,,,-0.55,-0.73,0
300.0,360.0,:664447208_1_0,:664447208_1,0,8.24,7.0,0,0.0,8.24,,,,,,1.96,1.96,0
300.0,360.0,:664447208_9_0,:664447208_9,0,8.24,6.98,0,0.0,8.24,,,,,,-0.01,-1.88,0
300.0,360.0,:664472662_0_0,:664472662_0,0,7.19,8.8,0,0.0,7.19,56.21,14.01,-3.51,7.85,1.88,-1.55,-5.0,3
300.0,360.0,:664472662_1_0,:664472662_1,0,27.78,11.29,0,0.0,27.78,,,,,,1.18,0.97,0
300.0,360.0,:664472699_2_0,:664472699_2,2,1.07,10.38,0,0.52,22.22,3.26,0.98,1.19,1.36,0.72,-0.52,-3.88,4
300.0,360.0,:664472703_11_0,:664472703_11,0,7.46,6.28,0,0.0,7.46,91.72,90.22,6.01,14.93,14.85,-1.74,-2.93,0
300.0,360.0,:664472703_14_0,:664472703_14,0,7.46,6.65,0,0.0,7.46,85.27,83.65,6.58,12.96,12.85,0.5,-0.29,0
300.0,360.0,:664472703_3_0,:664472703_3,0,6.44,6.97,0,0.0,6.44,,,,,,-1.59,-4.0,1
300.0,360.0,:664472707_3_0,:664472707_3,0,3.65,3.86,0,0.0,3.65,,,,,,0.13,-1.55,0
300.0,360.0,:664472708_0_0,:664472708_0,0,7.06,7.54,0,0.0,7.06,,,,,,-1.56,-5.0,1
300.0,360.0,:664472708_4_0,:664472708_4,0,7.79,7.28,0,0.0,7.79,,,,,,0.32,-2.02,0
300.0,360.0,:664472749_0_0,:664472749_0,0,11.11,10.3,0,0.0,11.11,15.34,15.34,1.0,1.53,1.53,-0.03,-0.72,0
300.0,360.0,:664472749_1_0,:664472749_1,0,6.14,6.56,0,0.0,6.14,,,,,,-1.34,-4.0,1
300.0,360.0,:664472749_2_0,:664472749_2,0,6.02,5.77,0,0.0,6.02,80.57,13.5,-5.19,36.34,2.37,0.45,-4.0,1
300.0,360.0,:664472751_0_0,:664472751_0,0,6.36,6.63,0,0.0,6.36,20.93,15.17,-3.82,3.39,2.29,-0.21,-2.71,0
300.0,360.0,:664472751_1_0,:664472751_1,0,7.8,7.8,0,0.0,7.8,103.48,47.11,-3.96,16.34,6.49,1.04,0.46,0
300.0,360.0,:664472751_2_0,:664472751_2,0,11.11,12.31,0,0.0,11.11,67.53,65.88,-3.34,7.76,7.47,0.81,-0.68,0
300.0,360.0,:664472751_3_0,:664472751_3,0,3.65,3.71,0,0.0,3.65,67.64,64.39,-6.42,18.45,17.36,-0.48,-1.44,0
300.0,360.0,:664472776_3_0,:664472776_3,0,6.02,5.6,0,0.0,6.02,61.13,54.95,-8.09,11.41,9.82,-1.0,-3.44,1
300.0,360.0,:664472776_4_0,:664472776_4,0,11.11,11.14,0,0.0,11.11,,,,,,0.04,-0.32,0
300.0,360.0,:7371768928_0_0,:7371768928_0,0,11.11,11.46,0,0.0,11.11,,,,,,-0.16,-0.16,0
300.0,360.0,:9189383180_0_0,:9189383180_0,0,4.03,3.7,0,0.0,4.03,,,,,,-3.87,-3.94,2
300.0,360.0,:9189383180_1_0,:9189383180_1,0,6.32,3.71,0,0.0,6.32,37.22,26.71,-4.67,11.3,7.97,0.73,0.15,0
300.0,360.0,:cluster_10279701138_664472033_3_0,:cluster_10279701138_664472033_3,1,6.03,7.27,0,0.2,7.46,42.0,37.07,-9.7,6.31,5.1,-2.16,-4.0,1
300.0,360.0,:cluster_10279701138_664472033_8_1,:cluster_10279701138_664472033_8,0,27.78,16.68,0,0.0,27.78,178.47,178.47,-0.19,10.7,10.7,0.42,0.04,0
300.0,360.0,:cluster_10279701141_664472702_0_0,:cluster_10279701141_664472702_0,0,11.11,12.24,0,0.0,11.11,67.11,29.56,7.76,5.79,2.55,-0.08,-0.77,0
300.0,360.0,:cluster_10279701141_664472702_10_0,:cluster_10279701141_664472702_10,0,10.16,8.66,0,0.0,10.16,80.12,6.51,-4.27,43.3,1.09,1.08,-2.39,0
300.0,360.0,:cluster_10279701141_664472702_5_0,:cluster_10279701141_664472702_5,0,27.78,13.75,0,0.0,27.78,73.89,33.77,0.17,5.47,2.46,0.17,-0.48,0
300.0,360.0,:cluster_10279701141_664472702_8_0,:cluster_10279701141_664472702_8,0,9.6,9.12,0,0.0,9.6,49.88,30.69,-4.11,10.13,3.6,1.06,-0.75,0
300.0,360.0,:cluster_10279701141_664472702_9_0,:cluster_10279701141_664472702_9,0,16.66,9.13,0,0.0,16.66,44.99,44.99,3.23,4.93,4.93,1.4,0.78,0
300.0,360.0,:cluster_10279701142_664471710_0_0,:cluster_10279701142_664471710_0,0,11.11,12.41,0,0.0,11.11,144.25,143.22,1.09,13.26,12.86,-0.05,-0.76,0
300.0,360.0,:cluster_10279701142_664471710_10_0,:cluster_10279701142_664471710_10,0,27.78,17.65,0,0.0,27.78,48.84,13.44,-0.06,3.53,1.04,0.16,-1.73,0
300.0,360.0,:cluster_10279701142_664471710_10_1,:cluster_10279701142_664471710_10,0,27.78,13.88,0,0.0,27.78,,,,,,0.25,-0.33,0
300.0,360.0,:cluster_10279701142_664471710_15_0,:cluster_10279701142_664471710_15,0,11.11,8.02,0,0.0,11.11,,,,,,1.48,0.68,0
300.0,360.0,:cluster_10279701142_664471710_16_0,:cluster_10279701142_664471710_16,0,10.39,8.26,0,0.0,10.39,11.88,8.97,-1.83,2.02,1.55,1.44,0.57,0
300.0,360.0,:cluster_10279701142_664471710_17_0,:cluster_10279701142_664471710_17,0,3.65,3.58,0,0.0,3.65,,,,,,-0.65,-1.04,0
300.0,360.0,:cluster_10279701142_664471710_1_0,:cluster_10279701142_664471710_1,1,8.74,12.46,0,0.09,11.11,60.48,27.34,1.49,5.46,2.33,-0.1,-0.94,0
300.0,360.0,:cluster_10279701142_664471710_1_1,:cluster_10279701142_664471710_1,1,10.82,12.1,0,0.09,11.11,,,,,,-0.29,-0.48,0
300.0,360.0,:cluster_10279701142_664471710_4_0,:cluster_10279701142_664471710_4,1,0.0,6.98,1,0.13,8.04,12.54,11.86,0.46,1.98,1.7,-0.54,-5.0,4
300.0,360.0,:cluster_10279701142_664471710_5_0,:cluster_10279701142_664471710_5,0,8.42,6.65,0,0.0,8.42,49.02,29.77,-9.32,13.7,9.84,1.48,0.48,0
300.0,360.0,:cluster_10279701142_664471710_6_0,:cluster_10279701142_664471710_6,0,11.11,8.03,0,0.0,11.11,,,,,,1.44,0.74,0
300.0,360.0,:cluster_10279761592_11942000229_11942000233_663943274_0_0,:cluster_10279761592_11942000229_11942000233_663943274_0,0,9.3,9.17,0,0.0,9.3,47.56,8.02,-4.61,6.94,1.22,0.41,-3.7,1
300.0,360.0,:cluster_10279761592_11942000229_11942000233_663943274_4_0,:cluster_10279761592_11942000229_11942000233_663943274_4,1,8.71,9.12,0,0.03,9.55,143.75,143.75,0.07,15.83,15.83,1.69,-0.5,0
300.0,360.0,:cluster_10279761592_11942000229_11942000233_663943274_9_0,:cluster_10279761592_11942000229_11942000233_663943274_9,0,11.11,9.55,0,0.0,11.11,45.27,5.64,-2.07,6.59,1.17,1.26,0.04,0
300.0,360.0,:cluster_10279842289_10846984358_2281204203_663943533_3_0,:cluster_10279842289_10846984358_2281204203_663943533_3,0,27.78,17.25,0,0.0,27.78,,,,,,-1.09,-1.49,0
300.0,360.0,:cluster_10281958922_663940594_0_0,:cluster_10281958922_663940594_0,0,10.38,9.26,0,0.0,10.38,,,,,,2.06,0.6,0
300.0,360.0,:cluster_10281958922_663940594_1_0,:cluster_10281958922_663940594_1,0,13.89,14.75,0,0.0,13.89,,,,,,-2.73,-3.18,2
300.0,360.0,:cluster_10281958922_663940594_1_1,:cluster_10281958922_663940594_1,0,13.89,13.28,0,0.0,13.89,38.77,11.63,1.94,3.35,1.22,-2.1,-5.0,3
300.0,360.0,:cluster_10281958922_663940594_4_0,:cluster_10281958922_663940594_4,0,10.62,7.52,0,0.0,10.62,,,,,,1.5,0.9,0
300.0,360.0,:cluster_10281958922_663940594_7_0,:cluster_10281958922_663940594_7,0,22.23,16.83,0,0.0,22.23,68.62,34.74,1.36,4.71,2.06,-0.57,-2.05,0
300.0,360.0,:cluster_10281958922_663940594_7_1,:cluster_10281958922_663940594_7,0,22.23,17.33,0,0.0,22.23,40.75,25.13,1.83,2.63,1.72,-0.33,-1.03,0
300.0,360.0,:cluster_10281958925_10281958926_6508834064_6508834065_#1more_0_0,:cluster_10281958925_10281958926_6508834064_6508834065_#1more_0,0,15.28,14.51,0,0.0,15.28,61.39,21.16,-1.85,6.02,2.21,1.63,0.55,0
300.0,360.0,:cluster_10281958925_10281958926_6508834064_6508834065_#1more_10_0,:cluster_10281958925_10281958926_6508834064_6508834065_#1more_10,0,15.23,14.38,0,0.0,15.23,20.25,13.75,-2.85,2.08,1.5,1.5,-1.8,0
300.0,360.0,:cluster_10281958925_10281958926_6508834064_6508834065_#1more_11_0,:cluster_10281958925_10281958926_6508834064_6508834065_#1more_11,0,22.22,14.79,0,0.0,22.22,32.34,4.5,-3.56,6.0,1.03,1.52,-1.0,0
300.0,360.0,:cluster_10281958925_10281958926_6508834064_6508834065_#1more_12_0,:cluster_10281958925_10281958926_6508834064_6508834065_#1more_12,0,9.05,8.79,0,0.0,9.05,129.57,121.14,-8.22,16.68,15.23,0.71,-1.78,0
300.0,360.0,:cluster_10281958925_10281958926_6508834064_6508834065_#1more_15_0,:cluster_10281958925_10281958926_6508834064_6508834065_#1more_15,0,7.9,8.02,0,0.0,7.9,149.1,148.07,-2.9,22.49,20.06,1.44,0.66,0
300.0,360.0,:cluster_10281958925_10281958926_6508834064_6508834065_#1more_16_0,:cluster_10281958925_10281958926_6508834064_6508834065_#1more_16,0,9.86,10.22,0,0.0,9.86,30.25,5.84,-4.12,5.08,1.39,1.39,0.52,0
300.0,360.0,:cluster_10281958925_10281958926_6508834064_6508834065_#1more_1_0,:cluster_10281958925_10281958926_6508834064_6508834065_#1more_1,0,16.67,16.28,0,0.0,16.67,,,,,,-0.12,-0.3,0
300.0,360.0,:cluster_10281958925_10281958926_6508834064_6508834065_#1more_4_0,:cluster_10281958925_10281958926_6508834064_6508834065_#1more_4,0,7.9,7.97,0,0.0,7.9,127.14,85.31,-4.72,19.47,10.78,-2.64,-5.0,1
300.0,360.0,:cluster_10281958925_10281958926_6508834064_6508834065_#1more_5_0,:cluster_10281958925_10281958926_6508834064_6508834065_#1more_5,0,10.57,9.76,0,0.0,10.57,41.42,23.99,-5.29,5.4,3.2,0.81,-2.1,0
300.0,360.0,:cluster_10281958925_10281958926_6508834064_6508834065_#1more_6_0,:cluster_10281958925_10281958926_6508834064_6508834065_#1more_6,0,16.67,13.83,0,0.02,16.67,,,,,,0.78,-0.18,0
300.0,360.0,:cluster_10281958925_10281958926_6508834064_6508834065_#1more_6_1,:cluster_10281958925_10281958926_6508834064_6508834065_#1more_6,0,16.67,9.1,0,0.0,16.67,,,,,,1.82,0.8,0
300.0,360.0,:cluster_10281958925_10281958926_6508834064_6508834065_#1more_8_0,:cluster_10281958925_10281958926_6508834064_6508834065_#1more_8,0,9.86,10.02,0,0.0,9.86,24.19,0.1,-6.59,9.11,1.45,-1.04,-5.0,11
300.0,360.0,:cluster_10281958932_663804338_0_0,:cluster_10281958932_663804338_0,0,16.67,16.71,0,0.0,16.67,,,,,,0.55,0.1,0
300.0,360.0,:cluster_10281958932_663804338_0_1,:cluster_10281958932_663804338_0,0,16.67,16.08,0,0.0,16.67,,,,,,1.11,0.79,0
300.0,360.0,:cluster_10281958932_663804338_11_0,:cluster_10281958932_663804338_11,0,8.12,7.72,0,0.0,8.12,,,,,,-0.04,-2.25,0
300.0,360.0,:cluster_10281958932_663804338_4_0,:cluster_10281958932_663804338_4,0,16.67,15.81,0,0.0,16.67,,,,,,0.28,0.25,0
300.0,360.0,:cluster_10281958932_663804338_4_1,:cluster_10281958932_663804338_4,0,16.67,16.61,0,0.0,16.67,,,,,,0.35,-0.12,0
300.0,360.0,:cluster_10281958932_663804338_6_0,:cluster_10281958932_663804338_6,0,8.12,7.33,0,0.0,8.12,,,,,,-1.0,-5.0,1
300.0,360.0,:cluster_10281958935_12287656430_12287656431_663940647_10_0,:cluster_10281958935_12287656430_12287656431_663940647_10,0,16.67,15.63,0,0.0,16.67,,,,,,-0.19,-0.45,0
300.0,360.0,:cluster_10281958935_12287656430_12287656431_663940647_12_0,:cluster_10281958935_12287656430_12287656431_663940647_12,0,5.8,5.39,0,0.0,5.8,104.99,101.62,-6.76,20.47,19.48,-0.22,-1.07,0
300.0,360.0,:cluster_10281958935_12287656430_12287656431_663940647_14_0,:cluster_10281958935_12287656430_12287656431_663940647_14,0,8.34,8.66,0,0.0,8.34,,,,,,0.09,-1.89,0
300.0,360.0,:cluster_10281965682_663944134_0_0,:cluster_10281965682_663944134_0,0,8.71,7.05,0,0.0,8.71,,,,,,0.66,-0.86,0
300.0,360.0,:cluster_10281965682_663944134_1_0,:cluster_10281965682_663944134_1,0,11.11,10.05,0,0.0,11.11,,,,,,0.81,-0.07,0
300.0,360.0,:cluster_10281965682_663944134_2_0,:cluster_10281965682_663944134_2,0,5.39,4.83,0,0.0,5.39,,,,,,-1.19,-4.72,1
300.0,360.0,:cluster_10281965682_663944134_3_0,:cluster_10281965682_663944134_3,0,8.61,8.42,0,0.0,8.61,70.14,35.62,-9.22,10.1,5.39,0.49,-3.59,1
300.0,360.0,:cluster_10281965682_663944134_4_0,:cluster_10281965682_663944134_4,0,11.11,9.09,0,0.0,11.11,38.54,38.41,-0.2,4.58,4.24,0.85,0.59,0
300.0,360.0,:cluster_10281965682_663944134_5_0,:cluster_10281965682_663944134_5,0,6.73,6.2,0,0.0,6.73,,,,,,0.35,-0.64,0
300.0,360.0,:cluster_10281965682_663944134_6_0,:cluster_10281965682_663944134_6,0,27.78,17.79,0,0.0,27.78,65.4,47.2,0.59,4.36,2.67,0.39,-0.38,0
300.0,360.0,:cluster_10281965682_663944134_8_0,:cluster_10281965682_663944134_8,0,5.39,4.6,0,0.0,5.39,,,,,,-0.16,-1.27,0
300.0,360.0,:cluster_10560867453_663943486_2_0,:cluster_10560867453_663943486_2,1,6.02,12.57,0,0.08,11.11,46.66,26.76,-5.17,8.91,4.56,1.72,0.48,0
300.0,360.0,:cluster_10560867453_663943486_6_0,:cluster_10560867453_663943486_6,0,8.58,8.49,0,0.0,8.58,82.08,72.94,-2.24,10.0,8.6,-1.33,-4.0,1
300.0,360.0,:cluster_10917990606_663844223_18_0,:cluster_10917990606_663844223_18,0,7.54,5.48,0,0.0,7.54,90.35,83.58,-3.71,20.26,15.55,0.89,0.48,0
300.0,360.0,:cluster_10917990606_663844223_1_0,:cluster_10917990606_663844223_1,0,8.47,8.56,0,0.0,8.47,36.57,34.87,-3.16,4.3,4.09,-0.33,-4.0,1
300.0,360.0,:cluster_10917990606_663844223_3_0,:cluster_10917990606_663844223_3,0,7.54,3.69,0,0.0,7.54,92.37,91.5,-3.69,29.04,25.27,1.57,1.33,0
300.0,360.0,:cluster_10917990606_663844223_5_0,:cluster_10917990606_663844223_5,0,5.75,5.03,0,0.0,5.75,19.06,14.28,-4.2,4.51,2.84,-1.5,-5.0,2
300.0,360.0,:cluster_10917990606_663844223_6_0,:cluster_10917990606_663844223_6,0,27.78,11.17,0,0.0,27.78,38.12,4.71,-2.87,9.2,1.05,1.12,-1.07,0
300.0,360.0,:cluster_10943433501_10943433503_0_0,:cluster_10943433501_10943433503_0,0,22.22,17.88,0,0.0,22.22,49.77,16.11,2.71,3.59,1.19,0.25,-1.64,0
300.0,360.0,:cluster_10943433501_10943433503_17_0,:cluster_10943433501_10943433503_17,0,10.03,9.32,0,0.0,10.03,57.95,46.79,-4.82,7.93,6.45,0.31,-2.0,0
300.0,360.0,:cluster_10943433501_10943433503_2_0,:cluster_10943433501_10943433503_2,0,10.03,7.49,0,0.0,10.03,,,,,,1.8,1.8,0
300.0,360.0,:cluster_10943717330_6470135655_4_0,:cluster_10943717330_6470135655_4,0,11.11,12.03,0,0.0,11.11,,,,,,0.1,-1.55,0
300.0,360.0,:cluster_11126932580_1189036622_5_0,:cluster_11126932580_1189036622_5,0,22.22,17.99,0,0.0,22.22,37.27,19.36,1.54,2.33,1.09,-0.06,-1.7,0
300.0,360.0,:cluster_11158897098_664472732_0_0,:cluster_11158897098_664472732_0,0,11.11,10.3,0,0.0,11.11,,,,,,0.34,-0.6,0
300.0,360.0,:cluster_11158897098_664472732_9_0,:cluster_11158897098_664472732_9,0,7.18,7.23,0,0.0,7.18,79.26,34.51,1.46,12.41,4.85,0.2,-1.26,0
300.0,360.0,:cluster_11158897100_11158897101_11158897102_664471748_#1more_0_0,:cluster_11158897100_11158897101_11158897102_664471748_#1more_0,0,13.85,11.0,0,0.0,13.85,57.44,5.0,-5.4,22.97,1.19,1.24,-0.31,0
300.0,360.0,:cluster_11158897100_11158897101_11158897102_664471748_#1more_13_0,:cluster_11158897100_11158897101_11158897102_664471748_#1more_13,0,27.78,13.87,0,0.0,27.78,80.76,42.04,0.66,5.95,3.04,-0.07,-1.15,0
300.0,360.0,:cluster_11158897100_11158897101_11158897102_664471748_#1more_13_1,:cluster_11158897100_11158897101_11158897102_664471748_#1more_13,1,7.49,8.53,0,0.01,27.78,14.25,5.65,-1.49,2.02,1.08,0.76,-4.05,1
300.0,360.0,:cluster_11158897100_11158897101_11158897102_664471748_#1more_15_0,:cluster_11158897100_11158897101_11158897102_664471748_#1more_15,0,6.07,4.46,0,0.0,6.07,9.22,0.0,-3.46,1.52,1.09,0.06,0.0,0
300.0,360.0,:cluster_11158897100_11158897101_11158897102_664471748_#1more_1_0,:cluster_11158897100_11158897101_11158897102_664471748_#1more_1,0,11.11,10.51,0,0.0,11.11,31.94,31.6,0.28,3.12,3.06,0.05,-1.87,0
300.0,360.0,:cluster_11158897100_11158897101_11158897102_664471748_#1more_20_0,:cluster_11158897100_11158897101_11158897102_664471748_#1more_20,0,6.07,4.83,0,0.0,6.07,9.17,3.94,-5.97,4.0,1.08,1.48,0.74,0
300.0,360.0,:cluster_11158897100_11158897101_11158897102_664471748_#1more_7_0,:cluster_11158897100_11158897101_11158897102_664471748_#1more_7,1,7.19,7.19,0,0.05,18.05,97.01,87.04,-2.81,42.68,13.33,1.11,0.5,0
300.0,360.0,:cluster_11502623494_11502623496_1186025300_13298747739_5_0,:cluster_11502623494_11502623496_1186025300_13298747739_5,0,11.11,11.59,0,0.0,11.11,61.92,4.5,-0.87,16.23,1.25,0.71,-1.19,0
300.0,360.0,:cluster_11502623497_1177160337_4_0,:cluster_11502623497_1177160337_4,0,11.11,6.74,0,0.0,11.11,75.39,6.99,1.24,21.5,1.32,1.48,0.47,0
300.0,360.0,:cluster_1174832725_13298747729_13298747740_5_0,:cluster_1174832725_13298747729_13298747740_5,0,11.11,5.76,0,0.0,11.11,,,,,,2.39,1.74,0
300.0,360.0,:cluster_1176977581_1176977943_13_0,:cluster_1176977581_1176977943_13,0,11.11,12.26,0,0.0,11.11,,,,,,0.15,-0.68,0
300.0,360.0,:cluster_1176977581_1176977943_17_0,:cluster_1176977581_1176977943_17,0,3.65,3.42,0,0.0,3.65,,,,,,-0.38,-1.44,0
300.0,360.0,:cluster_1177160373_664472773_12_0,:cluster_1177160373_664472773_12,0,9.37,9.57,0,0.0,9.37,111.2,110.96,-0.28,11.85,11.59,-0.47,-1.16,0
300.0,360.0,:cluster_1177160373_664472773_13_0,:cluster_1177160373_664472773_13,0,13.89,13.85,0,0.0,13.89,114.84,114.36,0.15,9.18,9.07,-0.01,-1.21,0
300.0,360.0,:cluster_1177160373_664472773_14_0,:cluster_1177160373_664472773_14,0,7.99,5.72,0,0.0,7.99,,,,,,-3.56,-3.56,1
300.0,360.0,:cluster_1177160373_664472773_16_0,:cluster_1177160373_664472773_16,0,8.14,6.53,0,0.0,8.14,16.84,14.72,-3.96,2.72,2.5,0.9,0.46,0
300.0,360.0,:cluster_1177160373_664472773_18_0,:cluster_1177160373_664472773_18,0,7.99,7.07,0,0.0,7.99,,,,,,0.9,0.74,0
300.0,360.0,:cluster_1177160373_664472773_1_0,:cluster_1177160373_664472773_1,0,13.89,10.97,0,0.0,13.89,55.04,7.23,-3.87,9.35,3.87,1.69,0.48,0
300.0,360.0,:cluster_1177160373_664472773_2_0,:cluster_1177160373_664472773_2,1,11.76,11.76,0,0.18,10.62,84.96,67.18,-2.21,12.37,5.92,0.95,-3.96,1
300.0,360.0,:cluster_1177160373_664472773_6_0,:cluster_1177160373_664472773_6,0,8.14,5.18,0,0.0,8.14,13.04,13.04,-3.38,2.52,2.52,-4.0,-4.0,1
300.0,360.0,:cluster_1177160373_664472773_9_0,:cluster_1177160373_664472773_9,0,13.89,8.04,0,0.0,13.89,,,,,,2.01,0.89,0
300.0,360.0,:cluster_1177160434_1177161050_3_0,:cluster_1177160434_1177161050_3,0,7.08,6.49,0,0.0,7.08,117.81,116.86,-4.29,18.46,18.29,-2.03,-4.5,1
300.0,360.0,:cluster_1177160434_1177161050_5_0,:cluster_1177160434_1177161050_5,0,11.79,11.5,0,0.0,11.79,,,,,,-0.6,-4.0,1
300.0,360.0,:cluster_1177160434_1177161050_6_0,:cluster_1177160434_1177161050_6,0,7.21,6.72,0,0.0,7.21,,,,,,-0.03,-1.08,0
300.0,360.0,:cluster_1177161169_664472775_0_0,:cluster_1177161169_664472775_0,1,7.31,8.77,0,0.11,8.76,36.26,19.88,-1.88,4.54,2.72,1.34,-0.07,0
300.0,360.0,:cluster_1177161169_664472775_1_0,:cluster_1177161169_664472775_1,0,18.05,10.17,0,0.0,18.05,58.18,4.34,-7.13,46.2,1.99,1.24,-3.53,1
300.0,360.0,:cluster_1177161169_664472775_4_0,:cluster_1177161169_664472775_4,0,11.11,9.98,0,0.0,11.11,65.46,65.46,3.56,7.23,7.23,0.55,-1.2,0
300.0,360.0,:cluster_1177161169_664472775_5_0,:cluster_1177161169_664472775_5,0,9.34,6.35,0,0.0,9.34,4.7,2.36,-0.91,1.39,1.22,0.68,-1.28,0
300.0,360.0,:cluster_1177161169_664472775_6_0,:cluster_1177161169_664472775_6,0,7.53,7.2,0,0.0,7.53,,,,,,-0.2,-1.24,0
300.0,360.0,:cluster_1177161441_1190128246_4_0,:cluster_1177161441_1190128246_4,0,22.22,16.66,0,0.0,22.22,40.1,13.52,-2.93,3.12,1.38,1.16,0.5,0
300.0,360.0,:cluster_1177211304_1177211692_6_0,:cluster_1177211304_1177211692_6,0,22.22,6.52,0,0.0,22.22,5.22,2.7,0.79,1.66,0.94,0.01,-4.6,1
300.0,360.0,:cluster_1177211336_1191714436_10_0,:cluster_1177211336_1191714436_10,0,8.38,6.74,0,0.0,8.38,52.17,51.73,-1.24,9.39,7.67,-3.78,-4.0,2
300.0,360.0,:cluster_1177211336_1191714436_13_0,:cluster_1177211336_1191714436_13,0,13.89,7.71,0,0.0,13.89,,,,,,1.23,-0.88,0
300.0,360.0,:cluster_1177211336_1191714436_14_0,:cluster_1177211336_1191714436_14,0,8.26,7.44,0,0.0,8.26,,,,,,0.84,0.17,0
300.0,360.0,:cluster_1177211336_1191714436_18_0,:cluster_1177211336_1191714436_18,0,8.38,7.38,0,0.0,8.38,50.05,47.42,2.59,7.73,6.43,1.32,1.03,0
300.0,360.0,:cluster_1177211336_1191714436_5_0,:cluster_1177211336_1191714436_5,0,13.89,10.69,0,0.0,13.89,37.19,10.58,1.95,4.43,1.21,1.39,-4.19,1
300.0,360.0,:cluster_1177211353_1177211711_15_0,:cluster_1177211353_1177211711_15,0,3.65,3.47,0,0.0,3.65,,,,,,-3.59,-3.59,1
300.0,360.0,:cluster_1177211353_1177211711_19_0,:cluster_1177211353_1177211711_19,0,3.65,3.0,0,0.0,3.65,,,,,,-0.38,-0.94,0
300.0,360.0,:cluster_1177211353_1177211711_5_0,:cluster_1177211353_1177211711_5,0,22.22,11.61,0,0.0,22.22,,,,,,0.73,0.49,0
300.0,360.0,:cluster_1177211367_9189383185_0_0,:cluster_1177211367_9189383185_0,0,6.41,7.12,0,0.0,6.41,72.17,71.27,2.75,11.03,10.31,-2.5,-5.0,1
300.0,360.0,:cluster_1177211367_9189383185_12_0,:cluster_1177211367_9189383185_12,0,8.85,9.14,0,0.0,8.85,,,,,,0.89,0.13,0
300.0,360.0,:cluster_1177211367_9189383185_15_0,:cluster_1177211367_9189383185_15,0,3.65,3.56,0,0.0,3.65,61.18,60.12,1.31,17.84,17.21,0.49,-0.13,0
300.0,360.0,:cluster_1177211367_9189383185_5_0,:cluster_1177211367_9189383185_5,0,8.34,7.33,0,0.0,8.34,43.54,8.49,-2.37,10.29,2.32,1.63,-0.03,0
300.0,360.0,:cluster_1177211394_1177211683_5_0,:cluster_1177211394_1177211683_5,0,6.17,5.33,0,0.0,6.17,,,,,,-0.91,-3.36,1
300.0,360.0,:cluster_1177211394_1177211683_6_0,:cluster_1177211394_1177211683_6,0,22.22,17.9,0,0.05,22.22,50.84,12.62,5.01,3.67,1.02,0.07,-1.29,0
300.0,360.0,:cluster_1177211428_1177211911_0_0,:cluster_1177211428_1177211911_0,0,5.75,5.79,0,0.0,5.75,,,,,,-0.75,-2.15,0
300.0,360.0,:cluster_1177211698_663826189_13_0,:cluster_1177211698_663826189_13,0,11.11,10.98,0,0.0,11.11,,,,,,0.07,-0.63,0
300.0,360.0,:cluster_1177211698_663826189_14_0,:cluster_1177211698_663826189_14,0,10.4,8.33,0,0.0,10.4,120.47,119.71,-2.82,19.19,15.57,-2.61,-4.75,3
300.0,360.0,:cluster_1177211698_663826189_18_0,:cluster_1177211698_663826189_18,0,10.4,9.54,0,0.0,10.4,101.37,81.61,-0.31,16.16,11.85,0.98,0.24,0
300.0,360.0,:cluster_1177211698_663826189_2_0,:cluster_1177211698_663826189_2,0,8.93,9.65,0,0.0,8.93,15.9,15.71,-0.25,1.72,1.64,1.38,-0.3,0
300.0,360.0,:cluster_1177211698_663826189_4_0,:cluster_1177211698_663826189_4,0,7.36,6.54,0,0.0,7.36,84.46,83.4,-1.67,13.45,12.75,-1.62,-4.73,1
300.0,360.0,:cluster_1177211838_13300645525_13300645528_0_0,:cluster_1177211838_13300645525_13300645528_0,0,6.14,6.43,0,0.0,6.14,41.72,26.21,-5.55,7.04,4.32,-1.41,-4.66,2
300.0,360.0,:cluster_1177211838_13300645525_13300645528_12_0,:cluster_1177211838_13300645525_13300645528_12,0,8.86,8.59,0,0.0,8.86,31.56,4.17,-3.22,8.05,1.14,1.54,-1.29,0
300.0,360.0,:cluster_1177211838_13300645525_13300645528_1_0,:cluster_1177211838_13300645525_13300645528_1,0,27.78,15.13,0,0.0,27.78,23.04,14.98,0.61,1.71,1.15,0.37,-1.23,0
300.0,360.0,:cluster_1177211838_13300645525_13300645528_4_0,:cluster_1177211838_13300645525_13300645528_4,0,27.78,10.24,0,0.0,27.78,47.62,5.01,-0.03,11.42,1.02,1.28,-0.02,0
300.0,360.0,:cluster_1177211838_13300645525_13300645528_5_0,:cluster_1177211838_13300645525_13300645528_5,0,8.86,7.54,0,0.0,8.86,25.35,0.01,-4.55,19.53,0.5,-0.06,-4.38,4
300.0,360.0,:cluster_1177211838_13300645525_13300645528_8_0,:cluster_1177211838_13300645525_13300645528_8,1,6.65,6.65,0,0.3,7.21,,,,,,0.02,0.02,0
300.0,360.0,:cluster_1177211838_13300645525_13300645528_9_0,:cluster_1177211838_13300645525_13300645528_9,0,7.81,6.37,0,0.0,7.81,64.26,55.51,1.05,19.83,8.72,1.48,1.11,0
300.0,360.0,:cluster_1177212073_13300645524_664471560_10_0,:cluster_1177212073_13300645524_664471560_10,0,27.78,9.2,0,0.0,27.78,46.61,6.41,-3.09,11.74,1.23,1.79,0.69,0
300.0,360.0,:cluster_1177212073_13300645524_664471560_15_0,:cluster_1177212073_13300645524_664471560_15,1,0.0,3.66,1,0.78,9.95,9.15,3.92,-2.84,7.08,2.74,-0.24,-2.89,0
300.0,360.0,:cluster_1177212073_13300645524_664471560_17_0,:cluster_1177212073_13300645524_664471560_17,0,8.8,9.01,0,0.0,8.8,26.87,25.99,2.13,3.13,2.88,1.54,1.48,0
300.0,360.0,:cluster_1177212073_13300645524_664471560_1_0,:cluster_1177212073_13300645524_664471560_1,0,27.78,8.94,0,0.0,27.78,41.09,7.83,-2.89,9.98,1.1,1.2,0.01,0
300.0,360.0,:cluster_1177212073_13300645524_664471560_2_0,:cluster_1177212073_13300645524_664471560_2,0,8.8,7.47,0,0.0,8.8,28.11,28.11,-0.13,3.76,3.76,2.2,2.2,0
300.0,360.0,:cluster_1177212073_13300645524_664471560_5_0,:cluster_1177212073_13300645524_664471560_5,1,3.38,7.65,0,0.03,7.19,14.3,1.6,0.05,3.68,0.31,0.73,-3.53,1
300.0,360.0,:cluster_1186025344_13298747727_13298747728_13298747738_#3more_12_0,:cluster_1186025344_13298747727_13298747728_13298747738_#3more_12,0,11.11,11.54,0,0.0,11.11,51.27,4.79,-1.46,10.07,1.18,1.23,-1.05,0
300.0,360.0,:cluster_1186025344_13298747727_13298747728_13298747738_#3more_18_0,:cluster_1186025344_13298747727_13298747728_13298747738_#3more_18,0,5.49,4.16,0,0.0,5.49,,,,,,2.17,0.89,0
300.0,360.0,:cluster_1186025344_13298747727_13298747728_13298747738_#3more_19_0,:cluster_1186025344_13298747727_13298747728_13298747738_#3more_19,0,11.11,11.33,0,0.0,11.11,22.99,22.99,2.53,2.03,2.03,1.43,1.43,0
300.0,360.0,:cluster_1186025344_13298747727_13298747728_13298747738_#3more_6_0,:cluster_1186025344_13298747727_13298747728_13298747738_#3more_6,0,8.62,9.38,0,0.0,8.62,64.54,63.59,0.42,7.24,6.9,1.27,-0.88,0
300.0,360.0,:cluster_1186025344_13298747727_13298747728_13298747738_#3more_8_0,:cluster_1186025344_13298747727_13298747728_13298747738_#3more_8,0,11.11,12.56,0,0.0,11.11,20.15,4.7,-0.21,2.13,1.0,0.96,-2.13,0
300.0,360.0,:cluster_1189036471_1189036770_5_0,:cluster_1189036471_1189036770_5,0,13.89,13.92,0,0.0,13.89,58.43,50.11,8.66,4.36,3.64,0.8,-0.29,0
300.0,360.0,:cluster_1189036595_13298747741_3_0,:cluster_1189036595_13298747741_3,0,11.11,11.5,0,0.0,11.11,,,,,,-0.09,-0.09,0
300.0,360.0,:cluster_1189036692_13298747742_0_0,:cluster_1189036692_13298747742_0,0,11.11,5.19,0,0.0,11.11,6.21,5.15,-1.7,1.39,1.21,1.35,0.51,0
300.0,360.0,:cluster_1190100404_664446591_3_0,:cluster_1190100404_664446591_3,0,11.11,10.77,0,0.0,11.11,18.01,15.24,2.3,1.72,1.49,-0.11,-1.43,0
300.0,360.0,:cluster_1190128285_13300645523_13300645535_1_0,:cluster_1190128285_13300645523_13300645535_1,0,27.78,13.69,0,0.0,27.78,15.09,10.09,2.64,1.35,0.94,0.17,-2.1,0
300.0,360.0,:cluster_1190128285_13300645523_13300645535_3_0,:cluster_1190128285_13300645523_13300645535_3,0,27.78,8.82,0,0.0,27.78,95.63,93.46,8.15,11.58,10.6,1.66,1.26,0
300.0,360.0,:cluster_1191714258_1191714350_5_0,:cluster_1191714258_1191714350_5,0,13.89,14.4,0,0.0,13.89,100.2,72.03,10.54,7.57,5.0,1.41,0.52,0
300.0,360.0,:cluster_1191863963_1191864049_10_0,:cluster_1191863963_1191864049_10,0,7.95,8.77,0,0.0,7.95,,,,,,1.29,0.2,0
300.0,360.0,:cluster_11942000227_11942000230_6173706992_10_0,:cluster_11942000227_11942000230_6173706992_10,0,8.12,8.59,0,0.0,8.12,74.54,12.79,-5.0,12.59,1.49,0.48,-2.74,0
300.0,360.0,:cluster_11942000227_11942000230_6173706992_12_0,:cluster_11942000227_11942000230_6173706992_12,0,16.66,11.29,0,0.0,16.66,,,,,,1.37,0.72,0
300.0,360.0,:cluster_11942000227_11942000230_6173706992_13_0,:cluster_11942000227_11942000230_6173706992_13,1,5.87,6.33,0,0.2,6.78,33.61,32.28,-4.83,5.52,5.1,0.42,-4.43,1
300.0,360.0,:cluster_11942000227_11942000230_6173706992_15_0,:cluster_11942000227_11942000230_6173706992_15,0,7.23,6.43,0,0.0,7.23,,,,,,-0.87,-2.75,0
300.0,360.0,:cluster_11942000227_11942000230_6173706992_16_0,:cluster_11942000227_11942000230_6173706992_16,0,27.78,16.92,0,0.0,27.78,,,,,,-0.88,-1.01,0
300.0,360.0,:cluster_11942000227_11942000230_6173706992_21_0,:cluster_11942000227_11942000230_6173706992_21,0,11.11,9.8,0,0.0,11.11,31.77,30.53,0.82,3.69,3.11,0.84,-0.96,0
300.0,360.0,:cluster_11942000227_11942000230_6173706992_22_0,:cluster_11942000227_11942000230_6173706992_22,0,11.3,7.11,0,0.0,11.3,62.53,39.99,-6.19,30.45,12.08,0.89,0.14,0
300.0,360.0,:cluster_11942000227_11942000230_6173706992_25_0,:cluster_11942000227_11942000230_6173706992_25,0,7.65,7.04,0,0.34,7.65,,,,,,1.18,0.02,0
300.0,360.0,:cluster_11942000227_11942000230_6173706992_8_0,:cluster_11942000227_11942000230_6173706992_8,0,7.65,4.12,0,0.0,7.65,,,,,,-1.53,-4.0,3
300.0,360.0,:cluster_11942000232_664472748_0_0,:cluster_11942000232_664472748_0,0,6.31,5.33,0,0.0,6.31,20.08,9.9,-10.2,6.26,5.5,2.13,1.02,0
300.0,360.0,:cluster_11942000232_664472748_13_0,:cluster_11942000232_664472748_13,0,11.11,10.76,0,0.0,11.11,44.09,43.5,-1.11,4.53,4.41,0.02,-1.87,0
300.0,360.0,:cluster_11942000232_664472748_2_0,:cluster_11942000232_664472748_2,0,6.92,4.36,0,0.0,6.92,11.57,6.97,-6.13,2.96,2.18,0.98,0.45,0
300.0,360.0,:cluster_11942000232_664472748_5_0,:cluster_11942000232_664472748_5,0,22.22,17.57,0,0.0,22.22,68.89,35.39,-0.11,4.7,2.57,-0.01,-1.78,0
300.0,360.0,:cluster_11944729366_664471711_0_0,:cluster_11944729366_664471711_0,1,10.66,11.85,0,0.01,11.11,128.09,124.91,-0.35,11.57,11.48,0.02,-0.78,0
300.0,360.0,:cluster_11944729366_664471711_2_0,:cluster_11944729366_664471711_2,1,0.0,3.38,1,0.89,4.66,18.98,0.1,-10.5,0.17,0.16,-0.15,-5.0,2
300.0,360.0,:cluster_11944729366_664471711_4_0,:cluster_11944729366_664471711_4,0,22.69,10.8,0,0.0,22.69,46.43,8.31,-3.66,6.04,1.06,1.16,-0.81,0
300.0,360.0,:cluster_11944729366_664471711_5_0,:cluster_11944729366_664471711_5,0,27.78,17.33,0,0.0,27.78,195.89,195.89,3.87,11.3,11.3,0.34,0.34,0
300.0,360.0,:cluster_11944729366_664471711_8_0,:cluster_11944729366_664471711_8,0,4.66,5.11,0,0.0,4.66,33.55,30.86,-10.41,6.85,6.04,-0.39,-0.75,0
300.0,360.0,:cluster_13298740740_664446558_1_0,:cluster_13298740740_664446558_1,0,6.52,5.88,0,0.0,6.52,71.93,5.54,-7.06,21.32,1.19,0.69,-5.0,1
300.0,360.0,:cluster_13298740740_664446558_2_0,:cluster_13298740740_664446558_2,0,11.11,6.68,0,0.0,11.11,,,,,,1.4,-0.57,0
300.0,360.0,:cluster_13298740740_664446558_4_0,:cluster_13298740740_664446558_4,0,22.22,13.72,0,0.0,22.22,67.5,4.43,-6.76,24.92,1.05,0.96,-0.75,0
300.0,360.0,:cluster_13298747733_13298747737_663825864_1_0,:cluster_13298747733_13298747737_663825864_1,0,8.82,9.21,0,0.0,8.82,48.28,10.23,-5.16,11.96,1.19,0.51,-4.0,1
300.0,360.0,:cluster_13298747733_13298747737_663825864_4_0,:cluster_13298747733_13298747737_663825864_4,0,11.11,10.51,0,0.0,11.11,77.2,69.28,-5.05,15.78,6.68,1.02,-0.6,0
300.0,360.0,:cluster_13298747733_13298747737_663825864_4_1,:cluster_13298747733_13298747737_663825864_4,0,11.11,10.23,0,0.0,11.11,,,,,,-0.02,-1.26,0
300.0,360.0,:cluster_13298747747_13298747748_13298747749_13298747755_#2more_0_0,:cluster_13298747747_13298747748_13298747749_13298747755_#2more_0,0,9.42,5.6,0,0.0,9.42,9.72,7.56,-2.19,2.29,2.1,1.31,0.83,0
300.0,360.0,:cluster_13298747747_13298747748_13298747749_13298747755_#2more_10_0,:cluster_13298747747_13298747748_13298747749_13298747755_#2more_10,2,4.83,12.11,0,0.13,12.71,46.24,4.09,-3.68,11.04,1.1,0.7,-3.39,1
300.0,360.0,:cluster_13298747747_13298747748_13298747749_13298747755_#2more_4_0,:cluster_13298747747_13298747748_13298747749_13298747755_#2more_4,0,19.45,8.79,0,0.0,19.45,36.48,15.45,5.04,9.87,1.76,1.07,0.54,0
300.0,360.0,:cluster_13298747747_13298747748_13298747749_13298747755_#2more_5_0,:cluster_13298747747_13298747748_13298747749_13298747755_#2more_5,0,8.23,5.25,0,0.0,8.23,,,,,,0.78,-1.14,0
300.0,360.0,:cluster_13298747750_13298747754_7007141699_1_0,:cluster_13298747750_13298747754_7007141699_1,0,6.5,5.69,0,0.0,6.5,39.51,5.73,-4.53,15.6,1.13,1.16,0.74,0
300.0,360.0,:cluster_13298747751_6469124180_4_0,:cluster_13298747751_6469124180_4,0,11.11,5.46,0,0.0,11.11,16.2,3.15,1.39,5.06,1.13,1.14,-0.29,0
300.0,360.0,:cluster_13300645520_13300645530_663844204_2_0,:cluster_13300645520_13300645530_663844204_2,0,11.11,6.55,0,0.0,11.11,,,,,,1.57,0.76,0
300.0,360.0,:cluster_13300645520_13300645530_663844204_3_0,:cluster_13300645520_13300645530_663844204_3,1,2.49,2.49,0,0.06,7.77,,,,,,2.59,2.59,0
300.0,360.0,:cluster_13300645520_13300645530_663844204_4_0,:cluster_13300645520_13300645530_663844204_4,0,27.78,17.49,0,0.0,27.78,113.87,113.01,-3.75,8.42,8.41,1.17,0.16,0
300.0,360.0,:cluster_13300645520_13300645530_663844204_5_0,:cluster_13300645520_13300645530_663844204_5,0,7.61,7.74,0,0.0,7.61,32.2,30.46,-3.19,4.24,3.94,-0.19,-4.0,2
300.0,360.0,:cluster_13908994425_13908994429_13908994430_4_0,:cluster_13908994425_13908994429_13908994430_4,0,27.78,17.2,0,0.0,27.78,71.84,45.7,0.94,5.3,3.39,0.79,-0.52,0
300.0,360.0,:cluster_5424222000_664446587_11_0,:cluster_5424222000_664446587_11,0,6.19,6.33,0,0.0,6.19,,,,,,-0.26,-1.39,0
300.0,360.0,:cluster_5424222000_664446587_3_0,:cluster_5424222000_664446587_3,0,27.78,17.62,0,0.0,27.78,114.92,51.82,4.2,6.7,2.94,-0.13,-1.06,0
300.0,360.0,:cluster_5424222000_664446587_5_0,:cluster_5424222000_664446587_5,0,6.19,6.1,0,0.0,6.19,,,,,,-2.42,-5.0,1
300.0,360.0,:cluster_5424222000_664446587_6_0,:cluster_5424222000_664446587_6,0,8.5,8.87,0,0.0,8.5,55.91,49.34,-8.74,7.64,7.03,2.01,1.9,0
300.0,360.0,:cluster_5424222009_664446539_2_0,:cluster_5424222009_664446539_2,0,8.61,8.83,0,0.0,8.61,13.59,11.68,-2.02,1.83,1.63,0.66,-3.51,1
300.0,360.0,:cluster_663842376_663944135_0_0,:cluster_663842376_663944135_0,0,27.78,17.26,0,0.0,27.78,,,,,,0.22,-0.93,0
300.0,360.0,:cluster_663842376_663944135_1_0,:cluster_663842376_663944135_1,0,6.77,5.97,0,0.0,6.77,8.43,0.1,-6.89,2.66,0.08,-2.59,-5.0,5
300.0,360.0,:cluster_663842376_663944135_3_0,:cluster_663842376_663944135_3,1,7.31,10.96,0,0.18,9.92,45.09,23.5,-2.4,5.45,3.15,1.43,0.25,0
300.0,360.0,:cluster_663842376_663944135_4_0,:cluster_663842376_663944135_4,0,27.78,17.92,0,0.0,27.78,92.93,89.17,-0.79,5.49,5.27,0.69,-1.21,0
300.0,360.0,:cluster_663842376_663944135_6_0,:cluster_663842376_663944135_6,0,6.77,6.92,0,0.0,6.77,31.47,9.53,-7.6,8.22,7.18,1.42,0.13,0
300.0,360.0,:cluster_663943516_664446119_1_0,:cluster_663943516_664446119_1,0,7.06,6.81,0,0.0,7.06,19.04,15.66,6.76,2.82,2.3,-0.41,-1.28,0
300.0,360.0,:cluster_663943516_664446119_4_0,:cluster_663943516_664446119_4,0,11.11,12.31,0,0.0,11.11,38.68,18.4,5.09,3.46,1.74,0.05,-2.78,0
300.0,360.0,:cluster_664446535_8507351665_8507351666_1_0,:cluster_664446535_8507351665_8507351666_1,0,6.57,3.85,0,0.0,6.57,15.34,11.15,2.89,5.81,2.9,0.88,0.67,0
300.0,360.0,:cluster_664446535_8507351665_8507351666_2_0,:cluster_664446535_8507351665_8507351666_2,0,13.89,6.36,0,0.0,13.89,12.46,7.39,-4.12,2.82,2.53,1.35,0.72,0
300.0,360.0,:cluster_664446535_8507351665_8507351666_3_0,:cluster_664446535_8507351665_8507351666_3,0,11.11,11.49,0,0.0,11.11,54.25,12.0,6.17,5.46,1.27,0.08,-1.95,0
300.0,360.0,:cluster_664446535_8507351665_8507351666_4_0,:cluster_664446535_8507351665_8507351666_4,1,4.72,4.72,0,0.43,6.48,31.26,27.69,-7.31,15.26,11.61,1.58,1.16,0
360.0,420.0,-101757273#0_0,-101757273#0,1,10.47,17.36,0,0.08,22.22,39.71,12.52,-3.65,3.24,1.02,-2.01,-5.0,10
360.0,420.0,-101757273#1_0,-101757273#1,0,22.22,17.84,0,0.0,22.22,74.83,74.83,5.91,4.19,4.19,0.02,-1.81,0
360.0,420.0,-101757273#2_0,-101757273#2,0,22.22,18.0,0,0.0,22.22,,,,,,-0.57,-1.98,0
360.0,420.0,-101757306#0_0,-101757306#0,0,13.89,13.93,0,0.0,13.89,179.93,173.13,5.03,14.71,12.43,-0.56,-4.0,7
360.0,420.0,-101757306#1_0,-101757306#1,0,13.89,12.79,0,0.0,13.89,183.35,182.15,0.13,20.41,14.39,-0.06,-4.0,6
360.0,420.0,-101943152_0,-101943152,1,7.57,13.53,0,0.05,13.89,,,,,,0.07,-5.0,3
360.0,420.0,-101966381_0,-101966381,0,2.78,2.93,0,0.0,2.78,,,,,,-0.01,-1.93,0
360.0,420.0,-101966385#0_0,-101966385#0,0,13.89,12.78,0,0.0,13.89,10.41,3.16,-1.66,1.31,0.32,-0.9,-4.0,6
360.0,420.0,-101966385#2_0,-101966385#2,0,13.89,13.24,0,0.0,13.89,93.42,92.65,-0.49,8.96,7.26,-2.31,-5.0,10
360.0,420.0,-101966385#3_0,-101966385#3,0,13.89,11.78,0,0.0,13.89,93.9,93.9,-0.6,8.88,8.88,0.29,-0.3,0
360.0,420.0,-101966385#4_0,-101966385#4,0,13.89,12.72,0,0.0,13.89,,,,,,1.64,-0.91,0
360.0,420.0,-101966397#0_0,-101966397#0,1,11.18,11.18,0,0.02,13.89,,,,,,1.56,0.47,0
360.0,420.0,-101966424#0_0,-101966424#0,1,11.73,11.73,0,0.03,13.89,,,,,,1.28,0.26,0
360.0,420.0,-101966424#1_0,-101966424#1,0,13.89,10.41,0,0.0,13.89,,,,,,-1.7,-5.0,3
360.0,420.0,-101966424#2_0,-101966424#2,0,13.89,11.57,0,0.0,13.89,,,,,,1.24,-1.62,0
360.0,420.0,-101966430#0_0,-101966430#0,0,13.89,14.3,0,0.0,13.89,62.52,24.71,0.41,8.07,1.89,-0.62,-5.0,10
360.0,420.0,-101966430#1_0,-101966430#1,0,13.89,13.76,0,0.0,13.89,88.83,87.19,-4.78,13.08,10.52,-0.18,-5.0,3
360.0,420.0,-101966443#0_0,-101966443#0,0,22.22,16.79,0,0.0,22.22,20.89,0.13,1.56,3.51,0.34,-1.32,-5.0,56
360.0,420.0,-101966443#10_0,-101966443#10,0,22.22,17.29,0,0.0,22.22,45.97,15.02,-0.37,3.08,1.07,0.02,-1.22,0
360.0,420.0,-101966443#11_0,-101966443#11,0,22.22,17.99,0,0.0,22.22,53.59,14.92,0.11,3.37,1.06,0.01,-2.38,0
360.0,420.0,-101966443#12_0,-101966443#12,0,22.22,17.82,0,0.0,22.22,32.29,15.05,1.32,1.98,1.16,-0.22,-1.43,0
360.0,420.0,-101966443#13_0,-101966443#13,1,14.62,17.87,0,0.06,22.22,43.66,12.85,-1.95,3.48,1.07,1.26,-0.93,0
360.0,420.0,-101966443#1_0,-101966443#1,1,11.18,14.6,0,0.08,22.22,45.38,10.29,0.52,4.24,1.07,1.37,-1.13,0
360.0,420.0,-101966443#2_0,-101966443#2,1,7.52,16.41,0,0.17,22.22,34.21,9.26,0.44,3.91,1.12,-3.15,-5.0,48
360.0,420.0,-101966443#3_0,-101966443#3,0,22.22,17.73,0,0.0,22.22,41.86,14.7,2.75,3.51,1.08,0.51,-4.09,1
360.0,420.0,-101966443#4_0,-101966443#4,0,22.22,17.83,0,0.0,22.22,52.8,10.77,2.1,4.07,0.99,-1.08,-5.0,25
360.0,420.0,-101966443#5_0,-101966443#5,1,13.55,17.99,0,0.08,22.22,51.29,12.24,-0.32,4.43,1.12,0.61,-2.26,0
360.0,420.0,-101966443#6_0,-101966443#6,0,22.22,17.92,0,0.0,22.22,44.96,15.14,1.92,2.95,1.06,0.03,-2.79,0
360.0,420.0,-101966443#7_0,-101966443#7,1,13.96,17.97,0,0.04,22.22,54.26,15.14,0.97,4.24,1.07,0.43,-2.44,0
360.0,420.0,-101966443#8_0,-101966443#8,0,22.22,17.94,0,0.0,22.22,54.03,15.55,-1.25,4.12,1.13,0.08,-2.4,0
360.0,420.0,-101966443#9_0,-101966443#9,0,22.22,17.92,0,0.0,22.22,57.87,15.02,-3.96,6.17,1.09,0.51,-1.0,0
360.0,420.0,-101966453#0_0,-101966453#0,5,0.0,9.85,5,0.3,13.89,2.57,0.0,-1.27,1.51,0.5,-0.08,-4.49,6
360.0,420.0,-101966453#2_0,-101966453#2,0,13.89,6.16,0,0.0,13.89,,,,,,-0.68,-1.35,0
360.0,420.0,-101966457_0,-101966457,0,13.89,12.84,0,0.0,13.89,16.26,0.0,-2.19,2.94,0.05,-0.2,-4.0,10
360.0,420.0,-101966461_0,-101966461,6,0.93,12.24,1,0.24,13.89,2.79,0.0,-0.59,2.25,0.2,-0.02,-4.0,6
360.0,420.0,-101966481_0,-101966481,0,13.89,13.5,0,0.0,13.89,,,,,,1.1,-0.17,0
360.0,420.0,-101966488#0_0,-101966488#0,0,13.89,12.88,0,0.0,13.89,54.67,0.11,-9.9,19.04,0.13,-0.26,-4.97,5
360.0,420.0,-101966488#1_0,-101966488#1,1,8.02,13.66,0,0.05,13.89,13.97,0.0,-1.07,2.68,0.52,-0.43,-5.0,20
360.0,420.0,-101966488#2_0,-101966488#2,0,13.89,14.61,0,0.0,13.89,47.69,17.72,6.16,4.49,2.0,0.49,-5.0,5
360.0,420.0,-101966492_0,-101966492,0,13.89,13.86,0,0.0,13.89,36.66,19.08,0.69,3.07,1.59,-1.5,-5.0,3
360.0,420.0,-101966494_0,-101966494,0,13.89,13.0,0,0.0,13.89,,,,,,-0.23,-5.0,7
360.0,420.0,-101966508_0,-101966508,0,13.89,14.98,0,0.0,13.89,14.48,10.99,-4.34,2.01,0.88,-0.62,-5.0,4
360.0,420.0,-101972876#0_0,-101972876#0,0,13.89,15.56,0,0.0,13.89,27.4,26.54,1.43,2.22,1.9,0.04,-4.88,2
360.0,420.0,-101972876#2_0,-101972876#2,0,13.89,12.72,0,0.0,13.89,,,,,,1.63,0.91,0
360.0,420.0,-101972883#2_0,-101972883#2,0,13.89,13.62,0,0.0,13.89,15.94,15.53,-1.66,1.35,1.3,0.34,-0.69,0
360.0,420.0,-101972883#3_0,-101972883#3,0,13.89,9.46,0,0.0,13.89,,,,,,-0.53,-4.0,2
360.0,420.0,-101972883#4_0,-101972883#4,0,13.89,10.1,0,0.0,13.89,,,,,,-0.74,-4.0,2
360.0,420.0,-101972892#0_0,-101972892#0,0,13.89,11.83,0,0.0,13.89,,,,,,1.14,-0.94,0
360.0,420.0,-101972892#1_0,-101972892#1,0,13.89,11.69,0,0.0,13.89,63.72,36.3,-3.68,7.69,3.79,1.29,-0.36,0
360.0,420.0,-101972898#0_0,-101972898#0,0,13.89,13.85,0,0.0,13.89,17.3,14.55,1.62,2.01,1.39,-1.27,-5.0,8
360.0,420.0,-101972898#1_0,-101972898#1,0,13.89,10.54,0,0.0,13.89,22.05,9.98,1.99,2.36,1.18,0.3,-4.0,1
360.0,420.0,-101972898#2_0,-101972898#2,0,13.89,7.95,0,0.0,13.89,106.09,103.27,-2.26,16.58,13.69,0.99,0.14,0
360.0,420.0,-101972898#3_0,-101972898#3,0,13.89,14.1,0,0.0,13.89,,,,,,1.25,-1.12,0
360.0,420.0,-101972912#0_0,-101972912#0,3,10.61,13.96,0,0.11,13.89,18.78,8.1,0.88,1.95,1.05,-0.52,-5.0,29
360.0,420.0,-101972912#1_0,-101972912#1,0,13.89,11.23,0,0.0,13.89,21.31,7.0,-2.52,3.19,1.17,1.47,0.25,0
360.0,420.0,-101972940_0,-101972940,0,13.89,13.79,0,0.0,13.89,,,,,,0.7,-0.41,0
360.0,420.0,-101972944_0,-101972944,0,13.89,14.2,0,0.0,13.89,,,,,,0.05,-5.0,5
360.0,420.0,-101972954#1_0,-101972954#1,0,13.89,14.93,0,0.0,13.89,,,,,,0.82,-1.32,0
360.0,420.0,-101972954#4_0,-101972954#4,0,13.89,13.89,0,0.0,13.89,21.28,15.4,3.26,2.82,1.73,-0.27,-5.0,5
360.0,420.0,-101972955#0_0,-101972955#0,0,13.89,13.32,0,0.0,13.89,8.9,0.01,0.09,2.2,0.5,-0.39,-5.0,12
360.0,420.0,-101972955#1_0,-101972955#1,0,13.89,9.39,0,0.0,13.89,46.59,42.59,-0.08,6.44,4.54,-0.68,-4.0,2
360.0,420.0,-101972955#3_0,-101972955#3,1,7.46,10.91,0,0.08,13.89,60.47,31.35,1.81,6.65,2.96,-0.77,-4.0,5
360.0,420.0,-101972956_0,-101972956,0,13.89,10.8,0,0.0,13.89,82.97,2.24,-4.09,12.11,0.48,0.08,-5.0,5
360.0,420.0,-101972960#0_0,-101972960#0,0,13.89,13.98,0,0.0,13.89,26.25,11.79,0.69,2.71,1.08,-0.15,-5.0,7
360.0,420.0,-101972960#1_0,-101972960#1,1,9.84,12.56,0,0.12,13.89,21.14,9.52,-1.87,2.47,1.13,0.82,-1.09,0
360.0,420.0,-101972960#2_0,-101972960#2,0,13.89,11.7,0,0.0,13.89,,,,,,1.38,0.46,0
360.0,420.0,-102688627#0_0,-102688627#0,0,11.11,12.56,0,0.0,11.11,63.42,28.2,0.98,6.29,2.42,-0.33,-5.0,11
360.0,420.0,-102688627#1_0,-102688627#1,0,11.11,12.54,0,0.0,11.11,37.97,11.17,0.88,3.56,1.25,-0.18,-3.83,2
360.0,420.0,-102688627#2_0,-102688627#2,0,11.11,12.47,0,0.0,11.11,37.46,13.44,3.16,3.27,1.34,-0.14,-2.55,0
360.0,420.0,-102688627#3_0,-102688627#3,2,10.63,12.56,0,0.1,11.11,51.78,11.69,0.55,4.6,1.38,0.17,-2.41,0
360.0,420.0,-102688627#4_0,-102688627#4,0,11.11,12.48,0,0.0,11.11,33.81,9.65,0.62,3.16,1.06,-0.35,-4.0,3
360.0,420.0,-102688627#5_0,-102688627#5,0,11.11,12.64,0,0.0,11.11,46.03,11.62,0.26,4.28,1.09,-0.05,-2.41,0
360.0,420.0,-102688629#2_0,-102688629#2,1,0.0,11.4,1,0.1,11.11,47.54,10.3,-4.52,14.61,1.36,-0.2,-4.0,10
360.0,420.0,-102688629#3_0,-102688629#3,0,11.11,11.59,0,0.0,11.11,33.69,30.15,4.6,3.22,2.98,0.14,-0.53,0
360.0,420.0,-102688629#4_0,-102688629#4,0,11.11,11.29,0,0.0,11.11,46.01,35.04,8.08,4.35,3.33,0.56,-0.63,0
360.0,420.0,-102688629#5_0,-102688629#5,0,11.11,10.33,0,0.0,11.11,73.76,63.87,6.28,9.44,6.38,0.88,-1.01,0
360.0,420.0,-102688629#6_0,-102688629#6,0,11.11,11.32,0,0.0,11.11,96.37,74.88,3.95,76.01,7.11,-0.57,-4.0,4
360.0,420.0,-102961717#0_0,-102961717#0,0,13.89,14.35,0,0.0,13.89,,,,,,-0.69,-3.64,5
360.0,420.0,-102961717#1_0,-102961717#1,0,13.89,14.05,0,0.0,13.89,,,,,,-0.28,-1.28,0
360.0,420.0,-102961717#2_0,-102961717#2,0,13.89,14.08,0,0.0,13.89,,,,,,-0.0,-0.37,0
360.0,420.0,-102961785_0,-102961785,0,13.89,13.81,0,0.0,13.89,81.05,57.74,-2.5,6.49,4.22,-0.41,-4.0,3
360.0,420.0,-103050318_0,-103050318,1,11.45,11.45,0,0.02,13.89,,,,,,1.27,0.35,0
360.0,420.0,-103050330#0_0,-103050330#0,0,13.89,14.22,0,0.0,13.89,125.23,109.24,3.81,15.27,11.32,0.06,-4.0,2
360.0,420.0,-103050330#1_0,-103050330#1,0,13.89,8.98,0,0.0,13.89,103.31,97.45,-7.64,16.44,15.75,1.08,-0.52,0
360.0,420.0,-103050330#4_0,-103050330#4,0,13.89,9.07,0,0.0,13.89,,,,,,1.3,0.86,0
360.0,420.0,-103050337_0,-103050337,1,0.0,16.44,1,0.02,13.89,77.17,0.87,5.85,12.84,0.13,-0.84,-5.0,30
360.0,420.0,-103082310#0_0,-103082310#0,0,13.89,11.29,0,0.0,13.89,60.7,52.07,-0.55,8.48,6.69,-2.61,-5.0,9
360.0,420.0,-103082310#1_0,-103082310#1,0,13.89,12.6,0,0.0,13.89,40.63,8.17,-1.12,4.54,1.0,1.12,-0.22,0
360.0,420.0,-103082316_0,-103082316,7,0.0,10.69,7,0.33,13.89,7.29,0.0,-1.1,1.52,0.51,-0.07,-4.91,7
360.0,420.0,-103082325#0_0,-103082325#0,0,13.89,14.26,0,0.0,13.89,,,,,,-0.9,-4.5,2
360.0,420.0,-103082326#1_0,-103082326#1,1,6.1,6.1,0,0.05,13.89,,,,,,0.92,-0.61,0
360.0,420.0,-103212679_0,-103212679,1,5.34,5.34,0,0.07,13.89,,,,,,1.87,0.62,0
360.0,420.0,-103212684#0_0,-103212684#0,0,13.89,15.54,0,0.0,13.89,,,,,,-0.99,-5.0,1
360.0,420.0,-103212684#2_0,-103212684#2,0,13.89,12.56,0,0.0,13.89,97.51,90.72,2.51,11.55,9.49,-0.64,-4.0,2
360.0,420.0,-103212688#1_0,-103212688#1,0,2.78,2.38,0,0.0,2.78,,,,,,0.37,-0.23,0
360.0,420.0,-103212689_0,-103212689,0,13.89,12.09,0,0.0,13.89,,,,,,0.54,-5.0,2
360.0,420.0,-103230484#0_0,-103230484#0,0,13.89,14.68,0,0.0,13.89,107.96,98.7,3.95,7.64,7.08,-1.54,-5.0,4
360.0,420.0,-103230526#1_0,-103230526#1,0,2.78,3.44,0,0.0,2.78,68.47,68.4,0.06,26.06,24.51,-0.68,-4.0,1
360.0,420.0,-103230587#1_0,-103230587#1,1,13.37,13.89,0,0.02,13.89,,,,,,0.37,-1.02,0
360.0,420.0,-103230607#1_0,-103230607#1,0,13.89,13.82,0,0.0,13.89,,,,,,-2.04,-4.0,4
360.0,420.0,-103230607#2_0,-103230607#2,0,13.89,13.89,0,0.0,13.89,,,,,,-0.01,-0.73,0
360.0,420.0,-103230607#4_0,-103230607#4,0,13.89,12.63,0,0.0,13.89,49.1,46.64,1.02,4.92,3.78,0.38,-5.0,3
360.0,420.0,-104043544#2_0,-104043544#2,1,10.5,16.19,0,0.07,22.22,,,,,,-3.39,-5.0,2
360.0,420.0,-104043544#4_0,-104043544#4,0,22.22,17.99,0,0.0,22.22,38.63,36.85,1.02,2.22,2.05,0.13,-1.33,0
360.0,420.0,-104043544#5_0,-104043544#5,0,22.22,17.67,0,0.0,22.22,39.09,39.03,-0.19,2.27,2.25,0.05,-1.03,0
360.0,420.0,-104043544#6_0,-104043544#6,0,22.22,15.82,0,0.0,22.22,38.36,38.36,-2.04,2.43,2.43,2.82,2.75,0
360.0,420.0,-104043544#7_0,-104043544#7,0,22.22,13.54,0,0.0,22.22,67.5,27.44,-5.52,6.25,2.61,0.13,-5.0,3
360.0,420.0,-104043544#8_0,-104043544#8,0,22.22,8.87,0,0.0,22.22,43.42,10.76,-6.25,6.31,2.25,0.93,-0.31,0
360.0,420.0,-1087118361#0_0,-1087118361#0,1,2.17,8.07,0,0.43,27.78,5.94,0.59,-0.52,1.61,0.55,-0.34,-5.0,9
360.0,420.0,-1087118361#11_0,-1087118361#11,3,0.0,13.12,3,0.24,27.78,16.76,0.0,-1.04,6.87,0.53,-0.24,-5.0,7
360.0,420.0,-1087118361#12_0,-1087118361#12,0,27.78,9.53,0,0.0,27.78,45.3,27.73,2.53,5.97,3.27,0.97,-0.88,0
360.0,420.0,-1087118361#1_0,-1087118361#1,2,3.42,11.18,0,0.19,27.78,5.78,1.35,0.57,1.23,0.79,-0.28,-4.76,4
360.0,420.0,-1087118361#2_0,-1087118361#2,0,27.78,15.15,0,0.0,27.78,15.63,0.05,1.37,3.41,0.51,-0.16,-5.0,17
360.0,420.0,-1087118361#3_0,-1087118361#3,0,27.78,6.38,0,0.0,27.78,,,,,,-2.57,-2.57,0
360.0,420.0,-1087118361#4_0,-1087118361#4,0,27.78,11.56,0,0.3,27.78,2.48,0.0,0.53,1.51,0.53,-0.38,-4.0,6
360.0,420.0,-1087118361#5_0,-1087118361#5,1,10.13,13.45,0,0.12,27.78,17.24,5.88,2.45,2.74,0.81,-0.06,-5.0,10
360.0,420.0,-1087118361#6_0,-1087118361#6,0,27.78,9.03,0,0.0,27.78,61.19,61.19,3.86,6.77,6.77,2.04,2.04,0
360.0,420.0,-1087118361#8_0,-1087118361#8,1,0.43,11.6,0,0.09,27.78,4.31,0.0,-0.22,2.55,0.58,-0.09,-5.0,10
360.0,420.0,-1087118361#9_0,-1087118361#9,0,27.78,8.75,0,0.0,27.78,5.5,0.0,-0.09,3.62,0.52,-0.06,-5.0,5
360.0,420.0,-1124382853#2_0,-1124382853#2,0,27.78,17.98,0,0.0,27.78,64.73,28.62,7.21,3.98,2.15,-1.11,-5.0,15
360.0,420.0,-1124382853#3_0,-1124382853#3,1,13.27,17.94,0,0.06,27.78,94.88,45.77,-2.24,7.0,5.22,1.18,-1.9,0
360.0,420.0,-1124382853#5_0,-1124382853#5,0,27.78,14.16,0,0.0,27.78,137.48,137.48,-2.61,9.71,9.71,2.54,2.02,0
360.0,420.0,-1173917946_0,-1173917946,0,2.78,2.94,0,0.0,2.78,,,,,,0.02,-1.34,0
360.0,420.0,-1178005978#0_0,-1178005978#0,1,14.1,15.32,0,0.02,13.89,39.05,0.0,0.42,4.22,0.33,-0.29,-5.0,19
360.0,420.0,-1178006786_0,-1178006786,0,13.89,13.3,0,0.0,13.89,,,,,,1.24,-0.49,0
360.0,420.0,-1178014356_0,-1178014356,0,13.89,13.78,0,0.0,13.89,22.07,14.14,-2.69,2.39,2.09,0.6,-5.0,3
360.0,420.0,-1178026570_0,-1178026570,0,2.78,2.65,0,0.0,2.78,,,,,,0.0,-1.07,0
360.0,420.0,-1198952554#0_0,-1198952554#0,1,0.0,10.44,1,0.03,11.11,80.41,68.22,-3.18,51.61,6.56,-0.9,-4.0,4
360.0,420.0,-1198952554#2_0,-1198952554#2,0,11.11,10.84,0,0.0,11.11,58.32,57.13,-1.45,5.64,5.32,-0.79,-3.05,2
360.0,420.0,-1198952554#3_0,-1198952554#3,0,11.11,11.23,0,0.0,11.11,62.78,57.75,3.25,5.71,5.28,-0.05,-1.23,0
360.0,420.0,-1198952554#6_0,-1198952554#6,1,9.88,10.5,0,0.01,11.11,,,,,,0.79,-1.22,0
360.0,420.0,-1198952555#0_0,-1198952555#0,0,11.11,12.55,0,0.0,11.11,39.71,31.12,-2.92,4.81,2.51,0.3,-0.63,0
360.0,420.0,-1198952555#1_0,-1198952555#1,0,11.11,12.15,0,0.0,11.11,87.49,31.69,1.98,7.34,2.63,0.03,-1.33,0
360.0,420.0,-1198952555#2_0,-1198952555#2,0,11.11,12.55,0,0.0,11.11,32.06,31.48,0.07,2.67,2.56,-0.04,-1.17,0
360.0,420.0,-1198952555#3_0,-1198952555#3,1,11.39,12.53,0,0.1,11.11,33.58,32.58,0.44,2.74,2.6,0.6,-0.89,0
360.0,420.0,-1199457538#0_0,-1199457538#0,0,13.89,13.18,0,0.0,13.89,,,,,,0.68,0.1,0
360.0,420.0,-1199457538#1_0,-1199457538#1,0,13.89,13.16,0,0.0,13.89,,,,,,0.49,-1.01,0
360.0,420.0,-1199457538#2_0,-1199457538#2,0,13.89,10.42,0,0.0,13.89,,,,,,1.1,0.04,0
360.0,420.0,-1199696698_0,-1199696698,0,13.89,9.18,0,0.0,13.89,8.22,5.3,-4.1,1.26,0.58,-2.14,-4.0,2
360.0,420.0,-1309211043_0,-1309211043,0,13.89,8.0,0,0.0,13.89,,,,,,0.84,0.46,0
360.0,420.0,-1342408879_0,-1342408879,0,13.89,6.66,0,0.0,13.89,,,,,,1.13,-0.34,0
360.0,420.0,-1434292703#1_0,-1434292703#1,0,13.89,13.28,0,0.0,13.89,55.03,41.28,0.53,6.01,3.41,-0.44,-4.35,7
360.0,420.0,-1485642374_0,-1485642374,0,2.78,2.81,0,0.0,2.78,,,,,,-0.02,-2.8,0
360.0,420.0,-52097266#1_0,-52097266#1,0,11.11,11.8,0,0.0,11.11,,,,,,-0.02,-4.4,2
360.0,420.0,-52097653#0_0,-52097653#0,0,11.11,11.7,0,0.0,11.11,,,,,,-0.49,-5.0,3
360.0,420.0,-52152298#1_0,-52152298#1,0,22.22,15.76,0,0.0,22.22,,,,,,-4.07,-5.0,5
360.0,420.0,-52152298#2_0,-52152298#2,0,22.22,15.03,0,0.0,22.22,,,,,,-0.03,-4.0,4
360.0,420.0,-52152311#0_0,-52152311#0,1,10.68,10.88,0,0.02,11.11,,,,,,-0.0,-0.99,0
360.0,420.0,-52152311#1_0,-52152311#1,0,11.11,10.61,0,0.0,11.11,,,,,,0.73,-0.32,0
360.0,420.0,-52152313#0_0,-52152313#0,0,13.89,11.21,0,0.0,13.89,24.57,9.15,0.35,3.46,1.28,-0.53,-5.0,3
360.0,420.0,-52152313#1_0,-52152313#1,0,13.89,11.25,0,0.0,13.89,12.66,7.85,-0.49,1.32,1.22,0.35,-2.49,0
360.0,420.0,-52152314#0_0,-52152314#0,0,13.89,13.34,0,0.0,13.89,166.18,163.74,0.06,15.46,12.27,-1.17,-4.0,4
360.0,420.0,-52152314#1_0,-52152314#1,0,13.89,13.39,0,0.0,13.89,170.81,170.12,1.49,13.02,12.91,0.31,-1.21,0
360.0,420.0,-52152323#0_0,-52152323#0,0,11.11,12.4,0,0.0,11.11,35.15,31.44,2.21,3.85,2.72,-0.8,-4.9,4
360.0,420.0,-52152323#2_0,-52152323#2,0,11.11,12.42,0,0.0,11.11,103.26,61.64,-3.4,12.0,5.07,-0.09,-1.76,0
360.0,420.0,-52152323#3_0,-52152323#3,0,11.11,12.46,0,0.0,11.11,81.2,76.75,4.51,6.64,6.35,-0.02,-1.11,0
360.0,420.0,-52152323#4_0,-52152323#4,0,11.11,12.5,0,0.0,11.11,91.09,89.94,4.81,7.35,7.2,0.2,-1.07,0
360.0,420.0,-52152323#5_0,-52152323#5,0,11.11,12.28,0,0.0,11.11,98.92,97.0,4.26,8.22,8.17,0.66,-1.6,0
360.0,420.0,-52152323#6_0,-52152323#6,0,11.11,12.4,0,0.0,11.11,25.21,22.74,3.55,2.06,1.88,0.04,-0.76,0
360.0,420.0,-52152323#7_0,-52152323#7,0,11.11,12.5,0,0.0,11.11,125.59,125.59,4.33,10.25,10.25,0.04,-1.23,0
360.0,420.0,-52152369#1_0,-52152369#1,0,13.89,13.27,0,0.0,13.89,56.02,20.98,-1.59,8.35,1.85,0.59,-5.0,2
360.0,420.0,-52155579#1_0,-52155579#1,0,11.11,9.38,0,0.0,11.11,,,,,,-2.9,-2.9,0
360.0,420.0,-52155737#0_0,-52155737#0,0,13.89,8.3,0,0.0,13.89,,,,,,-3.87,-4.0,3
360.0,420.0,-52155737#1_0,-52155737#1,0,13.89,10.13,0,0.0,13.89,,,,,,0.38,-2.99,0
360.0,420.0,-52155750#0_0,-52155750#0,4,1.47,15.21,2,0.44,13.89,28.71,0.0,-0.87,4.08,0.5,-1.76,-5.0,32
360.0,420.0,-52155750#1_0,-52155750#1,0,13.89,15.4,0,0.0,13.89,45.24,13.89,4.11,3.44,1.07,-0.2,-5.0,2
360.0,420.0,-52155750#2_0,-52155750#2,3,11.37,15.26,0,0.06,13.89,40.37,8.84,-0.36,3.47,1.09,0.62,-5.0,4
360.0,420.0,-52155752#0_0,-52155752#0,1,12.04,13.31,0,0.01,13.89,162.03,162.03,-3.05,13.46,13.46,-0.0,-1.86,0
360.0,420.0,-52155752#1_0,-52155752#1,0,13.89,13.17,0,0.0,13.89,,,,,,0.63,-4.0,1
360.0,420.0,-562694503#1_0,-562694503#1,1,10.87,10.87,0,0.02,13.89,,,,,,0.91,-1.09,0
360.0,420.0,-563518385#0_0,-563518385#0,0,11.11,11.56,0,0.0,11.11,,,,,,-0.08,-1.23,0
360.0,420.0,-689627819_0,-689627819,0,13.89,3.07,0,0.0,13.89,3.4,3.4,-0.93,1.11,1.11,0.62,0.62,0
360.0,420.0,-771670219_0,-771670219,0,13.89,11.97,0,0.0,13.89,,,,,,0.58,-3.93,1
360.0,420.0,101757273#0_0,101757273#0,0,22.22,13.67,0,0.0,22.22,,,,,,1.2,0.0,0
360.0,420.0,101757273#1_0,101757273#1,0,22.22,16.58,0,0.0,22.22,,,,,,0.43,-0.81,0
360.0,420.0,101757273#2_0,101757273#2,0,22.22,14.41,0,0.0,22.22,,,,,,-3.09,-4.0,8
360.0,420.0,101757273#4_0,101757273#4,0,22.22,18.0,0,0.0,22.22,,,,,,-0.37,-1.44,0
360.0,420.0,101757273#5_0,101757273#5,1,10.47,17.97,0,0.04,22.22,,,,,,-2.24,-5.0,3
360.0,420.0,101757288#0_0,101757288#0,1,7.59,7.59,0,0.02,13.89,,,,,,0.63,-0.99,0
360.0,420.0,101757312#0_0,101757312#0,0,13.89,15.69,0,0.0,13.89,114.14,112.65,-2.05,7.42,7.29,-0.19,-4.39,1
360.0,420.0,101757312#1_0,101757312#1,0,13.89,6.35,0,0.0,13.89,23.94,0.1,-15.11,,,-0.64,-5.0,4
360.0,420.0,101943132_0,101943132,0,13.89,14.21,0,0.0,13.89,,,,,,-1.5,-5.0,9
360.0,420.0,101966385#2_0,101966385#2,0,13.89,14.32,0,0.0,13.89,,,,,,0.29,0.0,0
360.0,420.0,101966385#3_0,101966385#3,0,13.89,14.41,0,0.0,13.89,,,,,,-0.25,-0.25,0
360.0,420.0,101966385#4_0,101966385#4,0,13.89,13.77,0,0.0,13.89,,,,,,-2.41,-4.0,5
360.0,420.0,101966393#0_0,101966393#0,0,13.89,13.87,0,0.0,13.89,72.09,67.26,1.03,5.34,5.05,0.08,-2.21,0
360.0,420.0,101966393#1_0,101966393#1,0,13.89,13.89,0,0.0,13.89,65.7,64.84,1.01,4.84,4.78,0.07,-1.21,0
360.0,420.0,101966393#2_0,101966393#2,0,13.89,13.84,0,0.0,13.89,71.97,0.1,-9.32,69.67,13.85,-0.94,-4.0,7
360.0,420.0,101966424#1_0,101966424#1,0,13.89,13.45,0,0.0,13.89,72.06,55.54,-5.7,14.72,5.4,1.48,-0.47,0
360.0,420.0,101966424#2_0,101966424#2,0,13.89,14.09,0,0.0,13.89,39.71,1.67,-6.31,35.43,0.33,-1.12,-5.0,12
360.0,420.0,101966427_0,101966427,1,9.2,9.2,0,0.04,13.89,,,,,,0.92,-0.19,0
360.0,420.0,101966430#1_0,101966430#1,0,13.89,12.88,0,0.0,13.89,,,,,,0.99,0.45,0
360.0,420.0,101966430#2_0,101966430#2,0,13.89,12.9,0,0.0,13.89,,,,,,-0.03,-0.75,0
360.0,420.0,101966430#3_0,101966430#3,1,12.28,12.85,0,0.03,13.89,,,,,,-0.18,-0.88,0
360.0,420.0,101966443#0_0,101966443#0,0,22.22,14.92,0,0.0,22.22,23.45,14.23,-3.72,2.32,2.16,1.68,0.22,0
360.0,420.0,101966443#10_0,101966443#10,0,22.22,16.7,0,0.0,22.22,68.14,15.78,1.22,4.18,1.11,0.2,-0.44,0
360.0,420.0,101966443#11_0,101966443#11,1,16.3,16.7,0,0.12,22.22,65.03,15.13,4.91,4.03,1.09,0.02,-0.84,0
360.0,420.0,101966443#12_0,101966443#12,0,22.22,15.12,0,0.0,22.22,,,,,,1.1,0.63,0
360.0,420.0,101966443#13_0,101966443#13,0,22.22,16.52,0,0.01,22.22,,,,,,-1.45,-4.0,5
360.0,420.0,101966443#1_0,101966443#1,0,22.22,16.72,0,0.0,22.22,22.53,20.81,2.93,1.78,1.71,-1.85,-4.81,3
360.0,420.0,101966443#2_0,101966443#2,0,22.22,12.6,0,0.0,22.22,28.04,25.71,-3.18,2.44,2.41,1.39,-0.24,0
360.0,420.0,101966443#3_0,101966443#3,0,22.22,15.65,0,0.0,22.22,173.98,173.98,8.92,12.5,12.5,1.37,0.81,0
360.0,420.0,101966443#5_0,101966443#5,0,22.22,11.64,0,0.0,22.22,52.26,20.2,-1.99,5.73,2.53,1.23,-0.23,0
360.0,420.0,101966443#6_0,101966443#6,0,22.22,16.36,0,0.0,22.22,46.87,26.62,-2.29,4.79,1.65,1.19,-0.68,0
360.0,420.0,101966443#7_0,101966443#7,0,22.22,16.9,0,0.0,22.22,43.0,19.51,2.92,3.12,1.32,-0.79,-5.0,11
360.0,420.0,101966443#8_0,101966443#8,0,22.22,16.26,0,0.0,22.22,17.76,17.41,0.63,1.26,1.24,0.13,-0.66,0
360.0,420.0,101966443#9_0,101966443#9,0,22.22,16.56,0,0.0,22.22,42.95,16.56,0.47,2.74,1.17,-1.47,-4.0,5
360.0,420.0,101966453#0_0,101966453#0,0,13.89,14.16,0,0.0,13.89,,,,,,1.1,-0.18,0
360.0,420.0,101966453#1_0,101966453#1,1,13.53,14.21,0,0.02,13.89,,,,,,-0.06,-1.4,0
360.0,420.0,101966488#0_0,101966488#0,0,13.89,13.7,0,0.0,13.89,40.68,34.8,3.39,3.72,2.75,-1.57,-4.0,3
360.0,420.0,101966492_0,101966492,0,13.89,13.54,0,0.0,13.89,,,,,,0.25,-5.0,2
360.0,420.0,101966494_0,101966494,0,13.89,12.7,0,0.0,13.89,53.87,0.1,1.39,13.57,0.66,-0.86,-5.0,7
360.0,420.0,101966510#0_0,101966510#0,2,10.27,14.69,0,0.11,22.22,50.22,9.19,-3.85,5.2,1.07,1.44,-0.72,0
360.0,420.0,101966510#1_0,101966510#1,0,22.22,17.79,0,0.0,22.22,53.43,18.78,-0.95,3.45,1.17,0.99,-0.98,0
360.0,420.0,101966510#2_0,101966510#2,0,22.22,17.99,0,0.0,22.22,67.73,18.98,0.57,4.19,1.11,-0.13,-4.0,4
360.0,420.0,101966510#3_0,101966510#3,0,22.22,17.85,0,0.0,22.22,62.69,17.95,0.94,3.93,1.11,0.08,-2.0,0
360.0,420.0,101966510#4_0,101966510#4,3,11.93,17.98,0,0.06,22.22,44.28,9.35,3.2,3.1,1.09,-0.93,-5.0,41
360.0,420.0,101972883#0_0,101972883#0,0,13.89,13.89,0,0.0,13.89,,,,,,-0.03,-1.23,0
360.0,420.0,101972883#1_0,101972883#1,0,13.89,13.7,0,0.0,13.89,136.29,136.29,1.35,15.92,15.92,0.74,-0.52,0
360.0,420.0,101972883#2_0,101972883#2,0,13.89,14.52,0,0.0,13.89,,,,,,0.68,-0.5,0
360.0,420.0,101972883#3_0,101972883#3,0,13.89,12.06,0,0.0,13.89,36.69,12.49,-1.94,7.47,4.34,-1.91,-5.0,7
360.0,420.0,101972883#4_0,101972883#4,0,13.89,12.82,0,0.0,13.89,36.82,19.93,1.84,5.31,2.05,-0.59,-5.0,6
360.0,420.0,101972892#0_0,101972892#0,0,13.89,12.01,0,0.0,13.89,25.74,1.67,0.83,3.37,0.75,-0.37,-5.0,11
360.0,420.0,101972892#1_0,101972892#1,2,7.6,13.74,0,0.13,13.89,22.39,9.53,1.7,2.54,1.11,-1.61,-5.0,18
360.0,420.0,101972898#0_0,101972898#0,0,13.89,11.83,0,0.0,13.89,38.74,35.02,-0.23,4.44,3.32,-0.05,-5.0,6
360.0,420.0,101972898#1_0,101972898#1,1,6.38,10.67,0,0.1,13.89,56.58,25.58,-1.75,7.04,2.89,1.15,-0.45,0
360.0,420.0,101972898#2_0,101972898#2,1,13.7,14.2,0,0.08,13.89,30.87,17.54,2.92,2.34,1.43,0.12,-4.0,3
360.0,420.0,101972898#3_0,101972898#3,1,7.37,14.16,0,0.07,13.89,14.53,0.0,0.92,2.17,0.5,-0.5,-5.0,19
360.0,420.0,101972912#0_0,101972912#0,6,0.0,14.75,6,0.29,13.89,10.33,0.0,1.51,2.65,0.51,-0.1,-4.36,20
360.0,420.0,101972912#1_0,101972912#1,2,0.0,9.15,2,0.62,13.89,24.52,0.0,-2.06,8.9,0.52,-0.14,-4.0,6
360.0,420.0,101972924#0_0,101972924#0,3,9.17,17.89,0,0.15,22.22,43.31,7.92,1.25,3.62,1.04,0.59,-5.0,12
360.0,420.0,101972924#2_0,101972924#2,4,1.48,17.53,3,0.41,22.22,20.3,0.0,4.41,2.15,0.57,-1.19,-5.0,33
360.0,420.0,101972924#3_0,101972924#3,14,0.0,8.05,14,0.63,22.22,1.69,0.0,0.02,1.46,0.53,-0.05,-5.0,12
360.0,420.0,101972924#5_0,101972924#5,15,0.09,4.74,13,0.6,22.22,0.95,0.0,-0.19,1.63,0.51,-0.02,-4.0,2
360.0,420.0,101972952#0_0,101972952#0,1,11.4,11.4,0,0.13,13.89,25.48,23.97,6.34,2.34,2.1,0.89,0.0,0
360.0,420.0,101972952#1_0,101972952#1,0,13.89,13.84,0,0.0,13.89,91.71,91.4,0.03,15.24,12.73,-2.47,-4.0,4
360.0,420.0,101972954#0_0,101972954#0,0,13.89,11.3,0,0.0,13.89,,,,,,1.01,0.13,0
360.0,420.0,101972954#1_0,101972954#1,0,13.89,13.85,0,0.0,13.89,,,,,,0.3,-0.58,0
360.0,420.0,101972954#2_0,101972954#2,0,13.89,13.72,0,0.0,13.89,117.78,115.91,-2.55,8.68,8.58,0.56,-0.44,0
360.0,420.0,101972954#4_0,101972954#4,1,13.67,13.83,0,0.08,13.89,25.65,25.65,-5.59,7.12,7.12,1.07,-1.09,0
360.0,420.0,101972955#0_0,101972955#0,0,13.89,9.98,0,0.0,13.89,47.66,15.32,-1.79,6.77,1.89,0.16,-5.0,7
360.0,420.0,101972955#1_0,101972955#1,0,13.89,10.75,0,0.0,13.89,,,,,,-2.17,-5.0,6
360.0,420.0,101972960#0_0,101972960#0,0,13.89,13.88,0,0.0,13.89,43.64,8.49,1.15,4.14,1.0,0.88,-1.58,0
360.0,420.0,101972960#1_0,101972960#1,0,13.89,13.6,0,0.0,13.89,41.5,11.58,2.61,3.72,1.15,-1.33,-4.0,16
360.0,420.0,101972960#2_0,101972960#2,0,13.89,13.87,0,0.0,13.89,,,,,,-0.84,-5.0,3
360.0,420.0,101972962_0,101972962,1,13.39,13.41,0,0.01,13.89,,,,,,-0.0,-2.32,0
360.0,420.0,102027267#1_0,102027267#1,0,11.11,11.61,0,0.0,11.11,,,,,,-0.02,-1.21,0
360.0,420.0,102027267#2_0,102027267#2,0,11.11,11.6,0,0.0,11.11,,,,,,0.02,-0.93,0
360.0,420.0,102027267#3_0,102027267#3,0,11.11,11.63,0,0.0,11.11,141.74,141.74,-3.55,19.62,19.62,0.38,-1.13,0
360.0,420.0,102027267#4_0,102027267#4,0,11.11,11.59,0,0.0,11.11,,,,,,-0.01,-1.89,0
360.0,420.0,102027267#5_0,102027267#5,0,11.11,11.29,0,0.0,11.11,,,,,,0.15,-1.67,0
360.0,420.0,102027267#6_0,102027267#6,0,11.11,11.55,0,0.0,11.11,,,,,,-0.82,-3.25,3
360.0,420.0,102688627#0_0,102688627#0,2,9.69,12.51,0,0.04,11.11,67.7,10.78,0.99,6.53,1.13,0.28,-2.58,0
360.0,420.0,102688627#1_0,102688627#1,1,11.92,12.46,0,0.11,11.11,91.62,55.31,3.79,8.06,4.53,-0.01,-1.74,0
360.0,420.0,102688627#2_0,102688627#2,0,11.11,12.23,0,0.0,11.11,96.61,58.13,5.78,9.01,5.0,0.12,-2.69,0
360.0,420.0,102688627#3_0,102688627#3,0,11.11,12.49,0,0.0,11.11,85.18,43.91,8.35,7.9,3.58,-0.12,-4.99,1
360.0,420.0,102688627#4_0,102688627#4,0,11.11,13.06,0,0.0,11.11,43.53,21.93,9.76,4.1,1.78,0.35,-2.12,0
360.0,420.0,102688627#5_0,102688627#5,7,0.02,9.31,6,0.66,11.11,7.2,0.0,-3.22,0.87,0.5,-0.22,-5.0,11
360.0,420.0,102688628#0_0,102688628#0,0,22.22,17.82,0,0.0,22.22,44.74,15.9,10.88,3.08,1.25,-0.12,-2.12,0
360.0,420.0,102688628#1_0,102688628#1,0,22.22,15.11,0,0.0,22.22,9.66,0.0,2.38,2.1,0.53,-1.07,-5.0,25
360.0,420.0,102688628#2_0,102688628#2,4,0.45,4.97,1,0.49,22.22,2.04,0.0,-0.09,1.52,0.53,-0.02,-3.65,2
360.0,420.0,102688628#3_0,102688628#3,10,0.37,5.66,3,0.6,22.22,4.37,0.0,-0.81,1.88,0.5,0.01,-4.18,5
360.0,420.0,102688628#4_0,102688628#4,0,22.22,18.0,0,0.0,22.22,75.79,38.86,7.54,6.87,3.94,1.06,-1.56,0
360.0,420.0,102688628#5_0,102688628#5,1,1.0,17.61,0,0.04,22.22,15.96,0.0,-1.07,6.93,1.18,-0.06,-5.0,12
360.0,420.0,102688629#2_0,102688629#2,0,11.11,11.61,0,0.0,11.11,24.93,11.9,4.33,2.69,1.25,-1.04,-4.0,6
360.0,420.0,102688629#3_0,102688629#3,0,11.11,9.94,0,0.0,11.11,38.05,12.55,2.35,4.63,1.31,0.65,-0.39,0
360.0,420.0,102688629#4_0,102688629#4,0,11.11,9.42,0,0.0,11.11,25.65,12.34,4.05,2.74,1.31,-0.05,-0.59,0
360.0,420.0,102688629#5_0,102688629#5,0,11.11,9.9,0,0.0,11.11,9.73,0.0,0.17,3.35,1.16,0.19,-4.06,3
360.0,420.0,102688629#6_0,102688629#6,2,0.0,9.12,2,0.21,11.11,17.46,0.0,-1.35,2.29,0.53,-0.14,-4.8,13
360.0,420.0,102688631#1_0,102688631#1,1,8.89,11.44,0,0.04,11.11,50.53,11.96,-0.5,4.97,1.14,0.26,-2.38,0
360.0,420.0,102688631#2_0,102688631#2,0,11.11,12.23,0,0.0,11.11,70.19,12.33,0.01,6.91,1.15,-0.06,-1.79,0
360.0,420.0,102688631#3_0,102688631#3,1,10.52,12.3,0,0.1,11.11,53.17,12.05,0.7,4.95,1.1,-0.01,-0.97,0
360.0,420.0,102688631#4_0,102688631#4,0,11.11,11.81,0,0.0,11.11,77.84,11.69,0.36,7.26,1.07,-0.01,-0.81,0
360.0,420.0,102688631#5_0,102688631#5,0,11.11,12.8,0,0.0,11.11,66.67,8.85,-1.15,6.63,1.04,-0.64,-5.0,10
360.0,420.0,102690982#1_0,102690982#1,0,11.11,11.8,0,0.0,11.11,34.08,12.31,-0.86,3.47,1.27,0.41,-1.36,0
360.0,420.0,102690982#2_0,102690982#2,0,11.11,12.05,0,0.0,11.11,57.64,11.53,0.39,5.67,1.08,-0.01,-2.41,0
360.0,420.0,102690982#3_0,102690982#3,2,7.89,10.93,0,0.11,11.11,55.15,9.68,1.25,5.63,1.04,-0.42,-5.0,14
360.0,420.0,102690982#4_0,102690982#4,0,11.11,10.98,0,0.0,11.11,53.42,10.2,0.39,5.37,1.2,-0.39,-5.0,12
360.0,420.0,102690983#0_0,102690983#0,0,22.22,16.28,0,0.0,22.22,63.98,21.8,-2.63,6.11,1.39,1.27,-0.08,0
360.0,420.0,102690983#2_0,102690983#2,0,22.22,17.8,0,0.0,22.22,74.54,18.77,2.38,5.24,1.25,-0.02,-1.98,0
360.0,420.0,102690983#3_0,102690983#3,0,22.22,17.72,0,0.0,22.22,58.43,16.0,3.93,4.86,1.11,0.48,-1.96,0
360.0,420.0,102690983#4_0,102690983#4,1,16.33,17.9,0,0.09,22.22,26.83,0.09,1.26,4.53,0.5,-1.46,-5.0,42
360.0,420.0,102690992#0_0,102690992#0,0,11.11,12.08,0,0.0,11.11,111.51,61.92,0.64,10.63,5.16,0.95,-0.82,0
360.0,420.0,102690992#1_0,102690992#1,1,11.84,12.5,0,0.03,11.11,115.91,19.48,4.19,10.34,1.66,-0.02,-1.89,0
360.0,420.0,102690992#2_0,102690992#2,2,0.01,11.83,2,0.05,11.11,39.64,0.01,-0.37,4.57,0.37,-0.59,-5.0,11
360.0,420.0,102690997#1_0,102690997#1,1,9.48,11.27,0,0.16,13.89,14.02,12.11,-2.49,1.66,1.65,1.47,-0.12,0
360.0,420.0,102690997#3_0,102690997#3,0,13.89,13.73,0,0.0,13.89,48.97,47.27,-1.31,3.66,3.53,0.18,-0.76,0
360.0,420.0,102690997#4_0,102690997#4,0,13.89,15.22,0,0.0,13.89,51.73,51.73,-0.95,3.86,3.86,0.23,0.0,0
360.0,420.0,102690997#5_0,102690997#5,0,13.89,14.86,0,0.0,13.89,98.48,53.42,8.57,7.34,3.87,-0.12,-1.81,0
360.0,420.0,102690997#6_0,102690997#6,0,13.89,15.06,0,0.0,13.89,54.46,2.86,8.13,4.62,0.38,-1.44,-5.0,14
360.0,420.0,102691001#0_0,102691001#0,0,11.11,11.7,0,0.0,11.11,62.06,44.25,4.19,6.37,4.81,-0.14,-2.06,0
360.0,420.0,102691001#1_0,102691001#1,3,0.0,10.17,3,0.19,11.11,15.06,0.0,-1.04,9.02,0.5,-0.13,-5.0,10
360.0,420.0,102784452#3_0,102784452#3,0,27.78,15.15,0,0.0,27.78,106.09,104.13,-0.97,11.69,7.92,1.62,0.02,0
360.0,420.0,102784452#4_0,102784452#4,0,27.78,17.96,0,0.0,27.78,65.05,8.79,-0.33,5.61,1.2,-0.56,-5.0,8
360.0,420.0,102784452#5_0,102784452#5,0,27.78,17.76,0,0.0,27.78,78.71,78.67,-0.09,6.44,6.04,1.09,-0.45,0
360.0,420.0,102784452#6_0,102784452#6,0,27.78,17.81,0,0.0,27.78,89.85,77.2,3.84,8.4,5.68,-2.2,-5.0,3
360.0,420.0,102784452#8_0,102784452#8,1,16.76,17.62,0,0.04,27.78,68.11,66.54,6.77,3.96,3.96,-0.92,-1.71,0
360.0,420.0,102961695_0,102961695,0,13.89,13.07,0,0.0,13.89,,,,,,1.1,-0.26,0
360.0,420.0,102961698#1_0,102961698#1,1,0.0,13.8,1,0.07,13.89,49.45,14.44,-1.59,11.22,1.56,-0.34,-4.0,20
360.0,420.0,102961698#2_0,102961698#2,0,13.89,14.29,0,0.0,13.89,,,,,,0.81,-0.65,0
360.0,420.0,102961698#3_0,102961698#3,0,13.89,13.9,0,0.0,13.89,,,,,,0.17,-0.58,0
360.0,420.0,102961698#4_0,102961698#4,0,13.89,13.76,0,0.0,13.89,,,,,,0.1,-0.32,0
360.0,420.0,102961698#5_0,102961698#5,0,13.89,13.83,0,0.0,13.89,198.17,184.7,13.46,14.72,13.79,-0.12,-0.94,0
360.0,420.0,102961698#6_0,102961698#6,0,13.89,13.9,0,0.0,13.89,144.08,116.94,13.55,10.59,8.42,0.07,-0.39,0
360.0,420.0,102961698#7_0,102961698#7,6,3.45,13.71,1,0.12,13.89,6.33,0.0,-0.73,1.63,0.55,0.02,-5.0,5
360.0,420.0,102961717#0_0,102961717#0,1,14.17,14.17,0,0.03,13.89,,,,,,1.09,-0.24,0
360.0,420.0,102961724#0_0,102961724#0,0,13.89,10.85,0,0.0,13.89,64.89,64.89,-5.85,5.98,5.98,0.01,0.01,0
360.0,420.0,102961724#1_0,102961724#1,0,13.89,11.18,0,0.0,13.89,74.46,73.08,-5.3,6.85,6.54,-1.34,-4.61,2
360.0,420.0,103050326_0,103050326,0,13.89,12.51,0,0.0,13.89,88.47,88.47,5.4,14.12,14.12,-0.62,-3.92,3
360.0,420.0,103050330#0_0,103050330#0,0,13.89,14.39,0,0.0,13.89,69.05,67.97,0.83,5.14,4.72,0.61,-1.97,0
360.0,420.0,103050330#1_0,103050330#1,1,13.21,16.34,0,0.16,13.89,101.45,62.26,10.58,7.34,3.81,-1.39,-4.0,3
360.0,420.0,103050330#2_0,103050330#2,0,13.89,16.42,0,0.0,13.89,73.27,43.64,12.18,5.29,2.66,-0.02,-1.09,0
360.0,420.0,103050330#3_0,103050330#3,0,13.89,14.66,0,0.0,13.89,53.46,40.91,10.05,5.73,4.18,-2.9,-5.0,12
360.0,420.0,103050330#4_0,103050330#4,0,13.89,9.54,0,0.0,13.89,,,,,,-0.96,-3.57,2
360.0,420.0,103050337_0,103050337,2,11.26,13.05,0,0.06,13.89,33.53,28.11,-3.43,3.89,3.68,0.89,-1.75,0
360.0,420.0,103082294_0,103082294,1,0.12,9.58,0,0.1,13.89,11.85,0.0,-3.17,24.67,0.51,-0.18,-5.0,5
360.0,420.0,103082313#1_0,103082313#1,0,2.78,1.98,0,0.0,2.78,0.55,0.15,0.82,0.75,0.51,-0.82,-2.07,0
360.0,420.0,103082314#0_0,103082314#0,0,11.11,9.29,0,0.0,11.11,,,,,,0.11,0.11,0
360.0,420.0,103082314#1_0,103082314#1,0,11.11,12.33,0,0.0,11.11,,,,,,0.21,-1.37,0
360.0,420.0,103082314#3_0,103082314#3,1,9.95,11.94,0,0.06,11.11,,,,,,-0.35,-3.98,1
360.0,420.0,103082314#4_0,103082314#4,0,11.11,9.58,0,0.0,11.11,,,,,,-0.01,-2.36,0
360.0,420.0,103082317#0_0,103082317#0,0,11.11,11.23,0,0.0,11.11,,,,,,0.17,-1.14,0
360.0,420.0,103082325#1_0,103082325#1,0,13.89,8.62,0,0.0,13.89,,,,,,1.02,0.6,0
360.0,420.0,103082325#2_0,103082325#2,0,13.89,12.21,0,0.0,13.89,,,,,,0.97,0.68,0
360.0,420.0,103082325#3_0,103082325#3,1,12.56,12.56,0,0.02,13.89,,,,,,0.02,-0.56,0
360.0,420.0,103082326#0_0,103082326#0,0,13.89,13.59,0,0.0,13.89,67.08,29.93,6.24,6.65,2.39,-0.21,-4.59,7
360.0,420.0,103082326#1_0,103082326#1,0,13.89,13.31,0,0.0,13.89,,,,,,-1.93,-4.0,4
360.0,420.0,103212679_0,103212679,0,13.89,9.57,0,0.0,13.89,,,,,,-0.67,-5.0,2
360.0,420.0,103212688#2_0,103212688#2,0,2.78,3.15,0,0.0,2.78,,,,,,0.02,-1.79,0
360.0,420.0,103212689_0,103212689,0,13.89,10.45,0,0.0,13.89,90.68,90.68,5.97,14.36,14.36,0.37,-5.0,1
360.0,420.0,103212690_0,103212690,0,2.78,2.55,0,0.0,2.78,60.72,27.28,-13.34,26.48,13.65,0.02,-0.9,0
360.0,420.0,103212697_0,103212697,0,2.78,3.1,0,0.0,2.78,80.15,33.98,-9.66,32.58,14.02,0.05,-1.85,0
360.0,420.0,103230484#0_0,103230484#0,1,11.7,13.15,0,0.03,13.89,129.82,107.49,-4.28,17.78,9.95,0.35,-5.0,9
360.0,420.0,103230516#0_1,103230516#0,0,11.11,12.07,0,0.0,11.11,99.65,97.63,0.25,10.13,9.12,-0.09,-5.0,4
360.0,420.0,103230526#1_0,103230526#1,0,2.78,3.36,0,0.0,2.78,,,,,,0.07,-0.81,0
360.0,420.0,103230552#0_0,103230552#0,0,13.89,10.25,0,0.0,13.89,,,,,,1.47,-0.65,0
360.0,420.0,103230557#0_0,103230557#0,0,22.22,17.03,0,0.0,22.22,75.02,25.57,-0.94,6.07,2.72,1.34,-0.29,0
360.0,420.0,103230557#1_0,103230557#1,1,13.39,17.83,0,0.04,22.22,55.15,34.46,2.0,3.35,2.08,-0.53,-4.95,5
360.0,420.0,103230557#2_0,103230557#2,0,22.22,18.0,0,0.0,22.22,46.82,21.96,2.75,2.76,1.43,0.01,-1.48,0
360.0,420.0,103230557#4_0,103230557#4,0,22.22,17.38,0,0.0,22.22,35.63,19.53,3.94,2.16,1.34,-0.31,-0.83,0
360.0,420.0,103230557#5_0,103230557#5,0,22.22,16.99,0,0.0,22.22,25.76,17.5,3.1,1.66,1.21,-0.37,-3.76,1
360.0,420.0,103230557#6_0,103230557#6,0,22.22,16.18,0,0.0,22.22,20.06,16.34,6.71,1.46,1.23,-0.38,-2.75,0
360.0,420.0,103230557#7_0,103230557#7,0,22.22,10.68,0,0.09,22.22,2.48,0.1,-1.2,1.23,0.61,-1.47,-4.35,16
360.0,420.0,103230568_0,103230568,0,2.78,2.82,0,0.0,2.78,68.7,68.2,0.01,27.9,24.48,-0.01,-1.18,0
360.0,420.0,103230607#0_0,103230607#0,0,13.89,14.83,0,0.0,13.89,,,,,,0.44,-4.0,2
360.0,420.0,103230607#1_0,103230607#1,0,13.89,9.73,0,0.0,13.89,,,,,,0.97,-0.45,0
360.0,420.0,103230607#2_0,103230607#2,0,13.89,13.45,0,0.0,13.89,,,,,,0.94,0.52,0
360.0,420.0,103230607#3_0,103230607#3,0,13.89,13.42,0,0.0,13.89,33.63,21.68,0.45,3.93,2.14,-1.05,-4.65,6
360.0,420.0,103230607#4_0,103230607#4,0,13.89,14.49,0,0.0,13.89,10.64,8.95,-1.08,1.28,1.18,0.05,-4.0,5
360.0,420.0,103230607#5_0,103230607#5,0,13.89,13.57,0,0.0,13.89,,,,,,-0.45,-4.0,3
360.0,420.0,104043544#0_0,104043544#0,1,16.35,16.7,0,0.02,22.22,,,,,,-0.06,-1.03,0
360.0,420.0,104043544#2_0,104043544#2,0,22.22,15.2,0,0.0,22.22,,,,,,1.33,0.6,0
360.0,420.0,104043544#4_0,104043544#4,0,22.22,17.81,0,0.0,22.22,,,,,,0.17,-1.92,0
360.0,420.0,104043544#5_0,104043544#5,0,22.22,17.66,0,0.0,22.22,124.77,124.77,5.4,8.74,8.74,1.01,-0.87,0
360.0,420.0,104043544#6_0,104043544#6,0,22.22,16.99,0,0.0,22.22,112.27,112.27,9.38,6.95,6.95,1.02,0.18,0
360.0,420.0,104043544#7_0,104043544#7,0,22.22,17.6,0,0.0,22.22,70.12,44.06,11.96,4.17,2.56,0.85,-0.77,0
360.0,420.0,104043544#8_0,104043544#8,1,0.0,13.89,1,0.09,22.22,64.63,34.65,-4.91,56.92,4.97,-1.0,-5.0,12
360.0,420.0,1087118361#0_0,1087118361#0,0,27.78,7.95,0,0.0,27.78,,,,,,1.4,0.84,0
360.0,420.0,1087118361#11_0,1087118361#11,0,27.78,14.92,0,0.0,27.78,8.3,6.9,-1.03,1.05,0.58,-0.92,-5.0,4
360.0,420.0,1087118361#12_0,1087118361#12,0,27.78,11.79,0,0.0,27.78,,,,,,-2.65,-4.0,2
360.0,420.0,1087118361#1_0,1087118361#1,0,27.78,14.68,0,0.0,27.78,,,,,,2.34,1.8,0
360.0,420.0,1087118361#2_0,1087118361#2,0,27.78,17.65,0,0.0,27.78,73.84,0.05,-3.31,29.86,7.97,-0.51,-5.0,7
360.0,420.0,1087118361#4_0,1087118361#4,0,27.78,8.31,0,0.0,27.78,57.93,45.15,-3.99,7.06,5.64,0.83,0.49,0
360.0,420.0,1087118361#5_0,1087118361#5,0,27.78,16.7,0,0.0,27.78,46.47,23.39,3.44,5.42,2.01,1.05,-2.3,0
360.0,420.0,1087118361#6_0,1087118361#6,0,27.78,7.72,0,0.0,27.78,2.61,2.61,-1.55,0.63,0.63,-1.76,-3.52,1
360.0,420.0,1087118361#8_0,1087118361#8,0,27.78,12.81,0,0.0,27.78,8.49,0.0,1.55,2.76,0.58,-0.31,-5.0,9
360.0,420.0,1087118361#9_0,1087118361#9,2,0.0,8.21,2,0.41,27.78,11.59,0.0,-1.34,1.65,0.52,-0.24,-4.0,7
360.0,420.0,1087118362#0_0,1087118362#0,0,11.11,11.71,0,0.0,11.11,24.81,10.99,-0.7,2.53,1.14,0.07,-1.73,0
360.0,420.0,1087118362#10_0,1087118362#10,0,11.11,11.51,0,0.0,11.11,62.73,34.02,3.19,5.93,3.22,-0.6,-4.58,1
360.0,420.0,1087118362#11_0,1087118362#11,7,1.42,11.85,6,0.16,11.11,17.12,0.0,0.95,3.88,0.5,-0.16,-5.0,16
360.0,420.0,1087118362#1_0,1087118362#1,0,11.11,11.88,0,0.0,11.11,70.18,11.32,1.45,6.54,1.09,0.08,-2.09,0
360.0,420.0,1087118362#2_0,1087118362#2,0,11.11,11.71,0,0.0,11.11,38.54,11.45,0.72,3.58,1.12,-0.13,-1.91,0
360.0,420.0,1087118362#3_0,1087118362#3,0,11.11,11.15,0,0.0,11.11,40.87,10.3,-0.15,4.09,1.46,-0.96,-2.3,0
360.0,420.0,1087118362#5_0,1087118362#5,0,11.11,11.79,0,0.0,11.11,74.24,57.18,-0.75,7.81,5.39,0.46,-1.46,0
360.0,420.0,1087118362#6_0,1087118362#6,0,11.11,11.36,0,0.0,11.11,68.76,59.67,0.21,6.48,5.25,-0.32,-3.77,1
360.0,420.0,1087118362#7_0,1087118362#7,0,11.11,11.89,0,0.0,11.11,61.12,11.34,-0.01,5.8,1.05,-0.03,-1.77,0
360.0,420.0,1087118362#8_0,1087118362#8,0,11.11,11.86,0,0.0,11.11,67.64,11.99,0.64,6.38,1.11,-0.06,-2.05,0
360.0,420.0,1087118362#9_0,1087118362#9,3,10.28,11.56,0,0.12,11.11,80.22,12.53,2.98,7.52,1.15,-0.05,-2.05,0
360.0,420.0,1124089270_0,1124089270,0,27.78,18.0,0,0.0,27.78,,,,,,-0.22,-5.0,1
360.0,420.0,1124089270_1,1124089270,0,27.78,16.58,0,0.0,27.78,97.07,70.95,-5.0,9.33,8.09,0.58,-0.44,0
360.0,420.0,1124089271_0,1124089271,1,2.96,17.76,0,0.04,27.78,59.17,0.56,-1.21,4.4,0.19,0.17,-5.0,5
360.0,420.0,1124089271_1,1124089271,1,11.03,16.65,0,0.02,27.78,43.93,5.27,4.81,3.71,0.33,0.02,-4.0,14
360.0,420.0,1124089272#1_0,1124089272#1,1,17.42,17.83,0,0.02,27.78,90.32,39.94,0.72,6.77,2.97,0.5,-0.92,0
360.0,420.0,1124089272#1_1,1124089272#1,0,27.78,13.81,0,0.0,27.78,19.04,14.97,0.61,1.41,1.09,0.15,-0.49,0
360.0,420.0,1124089273_0,1124089273,1,12.4,17.65,0,0.04,27.78,53.86,14.43,-2.52,4.16,1.52,1.07,-1.67,0
360.0,420.0,1124089273_1,1124089273,1,11.45,17.95,0,0.06,27.78,43.21,10.77,-3.21,3.6,1.08,1.34,-1.03,0
360.0,420.0,1124089274_0,1124089274,3,13.66,17.97,0,0.11,27.78,50.97,15.79,3.94,3.19,1.22,-0.22,-5.0,6
360.0,420.0,1124089274_1,1124089274,0,27.78,18.0,0,0.0,27.78,55.09,14.91,0.16,3.39,1.1,-0.07,-5.0,3
360.0,420.0,1124089275#0_0,1124089275#0,0,27.78,16.45,0,0.0,27.78,27.86,4.82,0.33,3.29,1.12,-2.43,-5.0,39
360.0,420.0,1124089275#0_1,1124089275#0,0,27.78,18.0,0,0.0,27.78,87.2,11.85,1.1,5.32,1.05,-0.68,-5.0,7
360.0,420.0,1124089275#1_0,1124089275#1,0,27.78,16.69,0,0.0,27.78,,,,,,0.12,-0.7,0
360.0,420.0,1124089275#1_1,1124089275#1,0,27.78,17.97,0,0.0,27.78,82.07,20.48,0.18,4.71,1.16,-0.09,-3.83,3
360.0,420.0,1124089275#2_0,1124089275#2,1,16.28,16.28,0,0.03,27.78,,,,,,-0.28,-0.28,0
360.0,420.0,1124089275#2_1,1124089275#2,1,17.24,17.99,0,0.01,27.78,77.85,19.88,0.28,4.75,1.11,0.14,-2.26,0
360.0,420.0,1124102297_0,1124102297,1,7.7,7.7,0,0.03,27.78,,,,,,0.85,0.09,0
360.0,420.0,1124102298_0,1124102298,0,27.78,17.58,0,0.0,27.78,46.28,40.38,5.15,3.97,2.71,-2.37,-5.0,5
360.0,420.0,1124102303_0,1124102303,0,11.11,8.88,0,0.0,11.11,27.85,2.28,-7.44,17.22,2.07,-0.29,-5.0,3
360.0,420.0,1124105437#0_0,1124105437#0,0,27.78,18.0,0,0.0,27.78,,,,,,-0.06,-1.51,0
360.0,420.0,1124379127#0_0,1124379127#0,0,16.67,16.37,0,0.0,16.67,148.63,148.37,0.4,9.33,9.27,-0.06,-1.92,0
360.0,420.0,1124379127#0_1,1124379127#0,0,16.67,16.68,0,0.0,16.67,112.48,110.88,6.8,8.04,7.81,-0.07,-4.0,3
360.0,420.0,1124379127#1_0,1124379127#1,0,16.67,16.39,0,0.0,16.67,,,,,,-0.05,-2.18,0
360.0,420.0,1124379127#1_1,1124379127#1,0,16.67,16.69,0,0.0,16.67,96.62,93.52,3.0,6.39,6.23,-0.07,-0.83,0
360.0,420.0,1124379127#2_0,1124379127#2,0,16.67,16.32,0,0.0,16.67,136.68,127.48,7.35,8.62,8.03,-0.08,-2.19,0
360.0,420.0,1124379127#2_1,1124379127#2,0,16.67,16.7,0,0.0,16.67,133.33,123.57,-9.9,20.93,17.69,0.93,-0.87,0
360.0,420.0,1124379127#3_0,1124379127#3,0,16.67,16.43,0,0.0,16.67,,,,,,0.04,-2.46,0
360.0,420.0,1124379127#3_1,1124379127#3,0,16.67,16.67,0,0.0,16.67,153.86,150.82,4.68,11.79,11.34,-0.03,-1.02,0
360.0,420.0,1124382852_0,1124382852,1,13.67,17.98,0,0.01,27.78,99.57,36.21,-0.34,7.84,2.67,0.66,-1.47,0
360.0,420.0,1124382853#0_0,1124382853#0,0,27.78,18.0,0,0.0,27.78,,,,,,-0.09,-1.77,0
360.0,420.0,1124382853#1_0,1124382853#1,0,27.78,17.89,0,0.0,27.78,,,,,,0.11,-1.9,0
360.0,420.0,1124382853#2_0,1124382853#2,0,27.78,17.98,0,0.0,27.78,78.04,52.0,-5.4,6.59,6.25,0.73,-1.48,0
360.0,420.0,1124382853#3_0,1124382853#3,0,27.78,17.94,0,0.0,27.78,,,,,,-0.8,-5.0,6
360.0,420.0,1124382853#5_0,1124382853#5,1,8.23,13.71,0,0.08,27.78,68.32,50.93,-6.66,9.26,6.03,-2.25,-5.0,6
360.0,420.0,1126633510#0_0,1126633510#0,2,9.7,12.31,0,0.03,11.11,33.67,6.02,-0.51,3.52,1.03,0.32,-2.4,0
360.0,420.0,1126633510#1_0,1126633510#1,2,10.19,12.17,0,0.04,11.11,27.18,10.14,0.43,2.57,1.03,-0.13,-3.26,2
360.0,420.0,1126633510#1_1,1126633510#1,0,11.11,11.01,0,0.0,11.11,61.73,55.25,1.33,5.87,5.02,-0.01,-2.17,0
360.0,420.0,1126633510#2_0,1126633510#2,0,11.11,10.33,0,0.0,11.11,63.8,59.72,-5.28,7.72,5.78,-1.85,-4.59,3
360.0,420.0,1126641020#0_0,1126641020#0,0,27.78,17.99,0,0.0,27.78,86.96,17.48,-0.23,6.37,1.28,0.32,-1.77,0
360.0,420.0,1126641020#1_0,1126641020#1,1,11.88,18.0,0,0.03,27.78,83.76,15.98,1.3,5.63,1.14,-0.3,-5.0,7
360.0,420.0,1126641021_0,1126641021,3,15.12,17.99,0,0.05,27.78,76.7,12.86,-2.06,5.96,1.65,0.49,-3.76,3
360.0,420.0,1128043713#0_1,1128043713#0,0,11.11,11.5,0,0.0,11.11,,,,,,0.26,0.0,0
360.0,420.0,1128043713#1_0,1128043713#1,0,11.11,10.41,0,0.0,11.11,,,,,,-0.03,-1.92,0
360.0,420.0,1128043713#1_1,1128043713#1,1,11.46,11.51,0,0.04,11.11,,,,,,0.04,-0.72,0
360.0,420.0,1128043713#2_0,1128043713#2,0,11.11,10.01,0,0.0,11.11,,,,,,-0.14,-1.78,0
360.0,420.0,1128043714#1_0,1128043714#1,0,11.11,11.67,0,0.0,11.11,19.57,6.32,-1.22,2.03,1.0,0.87,-1.48,0
360.0,420.0,1128043714#2_0,1128043714#2,0,11.11,12.22,0,0.0,11.11,27.09,12.3,-0.21,2.46,1.03,0.01,-1.34,0
360.0,420.0,1128043714#3_0,1128043714#3,0,11.11,12.22,0,0.0,11.11,51.42,13.64,3.12,4.59,1.12,-0.09,-3.43,1
360.0,420.0,1128043714#4_0,1128043714#4,1,0.0,12.24,1,0.07,11.11,13.56,0.0,2.19,2.64,1.04,-0.15,-4.0,6
360.0,420.0,1128043714#5_0,1128043714#5,5,0.0,8.45,5,0.64,11.11,13.71,0.0,-1.39,4.25,0.5,-0.04,-5.0,9
360.0,420.0,1130603776#0_0,1130603776#0,0,16.67,16.34,0,0.0,16.67,91.41,88.96,-5.22,8.57,8.28,0.56,-1.3,0
360.0,420.0,1130603776#0_1,1130603776#0,3,14.17,17.95,0,0.05,16.67,61.84,18.55,0.4,4.3,1.24,0.22,-4.01,3
360.0,420.0,1130603776#1_0,1130603776#1,0,16.67,16.11,0,0.0,16.67,,,,,,-0.33,-1.46,0
360.0,420.0,1130603776#1_1,1130603776#1,0,16.67,17.76,0,0.0,16.67,75.09,35.35,4.72,4.75,2.37,0.02,-1.42,0
360.0,420.0,1130603776#2_0,1130603776#2,0,16.67,16.37,0,0.0,16.67,54.22,13.79,-0.39,38.91,1.71,-0.15,-5.0,4
360.0,420.0,1130603776#2_1,1130603776#2,0,16.67,17.5,0,0.0,16.67,44.51,17.87,6.21,3.41,1.69,-0.72,-5.0,10
360.0,420.0,1132238886_0,1132238886,0,27.78,14.22,0,0.0,27.78,18.54,10.43,0.43,1.58,1.12,0.04,-4.0,4
360.0,420.0,1132632802#0_0,1132632802#0,0,27.78,14.25,0,0.0,27.78,,,,,,1.69,0.45,0
360.0,420.0,1132632802#1_0,1132632802#1,0,27.78,14.64,0,0.0,27.78,,,,,,0.29,0.29,0
360.0,420.0,1132632803_0,1132632803,1,10.04,10.57,0,0.07,27.78,34.76,10.06,-0.2,4.05,1.1,0.22,-5.0,2
360.0,420.0,1173597755#0_0,1173597755#0,0,11.11,11.54,0,0.0,11.11,,,,,,-0.12,-4.0,5
360.0,420.0,1173597755#1_0,1173597755#1,0,11.11,11.47,0,0.0,11.11,,,,,,-0.17,-5.0,4
360.0,420.0,1173597755#2_0,1173597755#2,0,11.11,8.19,0,0.0,11.11,,,,,,1.35,0.62,0
360.0,420.0,1173597755#3_0,1173597755#3,0,11.11,11.57,0,0.0,11.11,,,,,,0.55,-1.52,0
360.0,420.0,1173597755#6_0,1173597755#6,0,11.11,11.95,0,0.0,11.11,31.75,16.22,1.0,3.57,1.6,-0.18,-2.66,0
360.0,420.0,1173597755#8_0,1173597755#8,0,11.11,10.45,0,0.0,11.11,,,,,,-0.16,-1.04,0
360.0,420.0,1173597755#9_0,1173597755#9,0,11.11,10.32,0,0.0,11.11,,,,,,-0.08,-0.78,0
360.0,420.0,1178018200#0_0,1178018200#0,0,2.78,2.77,0,0.0,2.78,,,,,,0.16,-1.3,0
360.0,420.0,1178041322_0,1178041322,0,2.78,2.83,0,0.0,2.78,118.57,67.84,-9.29,50.98,24.4,0.0,-1.9,0
360.0,420.0,1192799363#0_0,1192799363#0,0,16.67,17.56,0,0.0,16.67,158.37,158.37,4.2,9.02,9.02,0.1,-0.83,0
360.0,420.0,1192799363#0_1,1192799363#0,0,16.67,17.83,0,0.0,16.67,,,,,,-0.0,-1.66,0
360.0,420.0,1192799363#1_0,1192799363#1,0,16.67,17.53,0,0.0,16.67,80.75,19.7,-0.03,4.92,1.43,-0.02,-1.35,0
360.0,420.0,1192799363#1_1,1192799363#1,0,16.67,17.89,0,0.0,16.67,,,,,,0.22,-2.44,0
360.0,420.0,1192799363#2_0,1192799363#2,0,16.67,17.31,0,0.02,16.67,109.3,37.06,5.03,7.7,2.76,-0.27,-5.0,4
360.0,420.0,1192799363#2_1,1192799363#2,0,16.67,17.83,0,0.0,16.67,113.16,100.57,2.51,6.59,5.91,-0.02,-1.94,0
360.0,420.0,1192799363#3_0,1192799363#3,0,16.67,17.94,0,0.0,16.67,,,,,,0.12,-2.4,0
360.0,420.0,1192799363#3_1,1192799363#3,0,16.67,17.81,0,0.0,16.67,57.29,29.84,3.42,3.89,2.27,-0.1,-4.0,6
360.0,420.0,1192799363#4_0,1192799363#4,1,13.29,14.27,0,0.06,16.67,96.07,96.07,1.14,7.23,7.23,-0.2,-1.58,0
360.0,420.0,1192799363#4_1,1192799363#4,0,16.67,17.87,0,0.0,16.67,80.15,28.63,3.74,4.94,1.84,-0.0,-1.95,0
360.0,420.0,1192799363#5_0,1192799363#5,1,12.16,12.16,0,0.04,16.67,,,,,,1.3,1.3,0
360.0,420.0,1192799363#5_1,1192799363#5,1,12.67,17.87,0,0.03,16.67,80.75,19.09,2.71,6.53,1.47,0.16,-1.96,0
360.0,420.0,1192799364_0,1192799364,0,16.67,13.88,0,0.0,16.67,,,,,,-0.09,-0.75,0
360.0,420.0,1192799364_1,1192799364,0,16.67,14.79,0,0.0,16.67,,,,,,1.47,0.72,0
360.0,420.0,1192799365_0,1192799365,0,11.11,11.23,0,0.0,11.11,,,,,,-1.15,-4.0,2
360.0,420.0,1192799366_0,1192799366,0,16.67,13.89,0,0.0,16.67,,,,,,0.4,-1.26,0
360.0,420.0,1192799366_1,1192799366,0,16.67,17.74,0,0.0,16.67,,,,,,0.35,-2.04,0
360.0,420.0,1192800521_0,1192800521,0,16.67,16.42,0,0.0,16.67,189.0,188.5,2.51,11.83,11.64,-1.49,-5.0,9
360.0,420.0,1192800521_1,1192800521,0,16.67,16.7,0,0.0,16.67,,,,,,-0.01,-1.44,0
360.0,420.0,1196271501#0_0,1196271501#0,1,10.37,10.37,0,0.06,11.11,135.63,135.63,-0.84,13.08,13.08,-1.41,-4.32,1
360.0,420.0,1196271501#2_0,1196271501#2,1,11.21,12.36,0,0.11,11.11,38.93,12.84,-1.63,4.49,1.33,0.16,-5.0,15
360.0,420.0,1196283316_0,1196283316,0,22.22,17.97,0,0.0,22.22,37.26,11.29,-0.41,2.46,0.97,0.62,-2.31,0
360.0,420.0,1198952554#5_0,1198952554#5,0,11.11,10.78,0,0.0,11.11,,,,,,-0.26,-1.13,0
360.0,420.0,1198952554#6_0,1198952554#6,0,11.11,11.43,0,0.0,11.11,,,,,,-0.15,-5.0,2
360.0,420.0,1198952555#0_0,1198952555#0,1,7.36,11.23,0,0.14,11.11,39.21,17.76,-1.97,4.49,2.02,1.31,-0.4,0
360.0,420.0,1198952555#1_0,1198952555#1,0,11.11,12.46,0,0.0,11.11,42.46,19.84,-0.11,4.06,1.68,0.23,-1.43,0
360.0,420.0,1198952555#2_0,1198952555#2,0,11.11,12.57,0,0.0,11.11,50.97,12.28,0.53,4.91,1.19,-0.01,-2.19,0
360.0,420.0,1198952555#3_0,1198952555#3,0,11.11,12.45,0,0.0,11.11,48.27,8.29,-0.21,5.42,1.05,-0.83,-5.0,17
360.0,420.0,1199457538#2_0,1199457538#2,0,13.89,13.11,0,0.0,13.89,77.89,77.89,-5.16,14.82,14.82,-0.94,-5.0,5
360.0,420.0,1199457540#0_0,1199457540#0,0,22.22,16.2,0,0.0,22.22,13.87,0.97,2.94,1.67,0.77,-0.73,-3.42,5
360.0,420.0,1199457540#1_0,1199457540#1,1,5.17,15.49,0,0.05,22.22,6.42,0.33,0.05,1.78,0.73,-0.01,-5.0,23
360.0,420.0,1199457540#2_0,1199457540#2,1,0.21,8.31,0,0.76,22.22,32.25,6.26,-4.29,12.37,1.13,-0.43,-4.19,9
360.0,420.0,1251129390#0_1,1251129390#0,1,10.9,12.55,0,0.04,11.11,83.09,30.62,3.24,8.08,2.81,-0.21,-5.0,3
360.0,420.0,1251129390#1_1,1251129390#1,6,3.42,12.52,0,0.14,11.11,3.32,0.0,0.84,1.95,0.53,-0.13,-5.0,11
360.0,420.0,1251129390#2_0,1251129390#2,0,11.11,10.97,0,0.0,11.11,29.02,28.44,1.19,2.68,2.59,0.29,-0.86,0
360.0,420.0,1251129390#2_1,1251129390#2,0,11.11,9.64,0,0.0,11.11,39.18,36.56,-3.48,4.99,4.68,0.03,-3.77,1
360.0,420.0,1251129390#3_0,1251129390#3,0,11.11,12.03,0,0.0,11.11,31.77,8.58,-0.2,3.08,1.01,0.27,-5.0,2
360.0,420.0,1251129390#3_1,1251129390#3,0,11.11,11.92,0,0.0,11.11,68.72,11.76,0.32,7.32,1.67,0.35,-2.45,0
360.0,420.0,1251129391_0,1251129391,0,11.11,12.89,0,0.0,11.11,48.92,6.28,0.81,5.07,0.84,0.05,-2.41,0
360.0,420.0,1251129391_1,1251129391,0,11.11,11.15,0,0.0,11.11,,,,,,-0.04,-1.33,0
360.0,420.0,1277600332#0_0,1277600332#0,1,10.46,11.85,0,0.04,11.11,68.42,11.34,-1.67,7.59,1.4,0.09,-4.73,3
360.0,420.0,1287656128#1_0,1287656128#1,0,22.22,17.96,0,0.0,22.22,39.93,20.33,2.7,3.19,1.7,-0.96,-4.91,12
360.0,420.0,1288011209_0,1288011209,5,1.97,12.9,4,0.15,11.11,24.46,0.0,-0.93,2.82,0.51,-0.4,-5.0,24
360.0,420.0,1288011209_1,1288011209,0,11.11,11.24,0,0.0,11.11,,,,,,-0.15,-1.86,0
360.0,420.0,1309209159#0_0,1309209159#0,1,2.43,2.7,0,0.03,2.78,,,,,,-0.06,-1.14,0
360.0,420.0,1312946259#3_0,1312946259#3,3,1.09,11.59,0,0.13,11.11,31.03,0.02,1.61,12.29,0.54,-0.71,-4.11,14
360.0,420.0,1312946259#4_0,1312946259#4,1,0.0,10.66,1,0.07,11.11,55.95,7.07,-1.2,19.76,1.22,-0.44,-5.0,7
360.0,420.0,1312946260_0,1312946260,0,11.11,2.48,0,0.0,11.11,21.83,0.0,-1.03,2.09,1.2,0.06,-0.63,0
360.0,420.0,1342408879_0,1342408879,0,13.89,9.5,0,0.0,13.89,,,,,,-3.66,-4.0,3
360.0,420.0,135461188#0_0,135461188#0,0,11.11,11.0,0,0.0,11.11,,,,,,0.1,-1.2,0
360.0,420.0,135461188#1_0,135461188#1,0,11.11,10.55,0,0.0,11.11,9.07,8.64,-1.2,0.96,0.87,-0.65,-1.74,0
360.0,420.0,135461188#2_0,135461188#2,0,11.11,10.58,0,0.0,11.11,9.26,7.85,0.41,1.22,1.04,-1.33,-3.86,3
360.0,420.0,1387728842#0_0,1387728842#0,1,10.73,11.66,0,0.05,11.11,55.84,35.31,-0.84,6.3,3.29,0.32,-1.49,0
360.0,420.0,1387728842#1_0,1387728842#1,0,11.11,11.72,0,0.0,11.11,64.19,50.85,-0.7,6.86,5.24,-0.03,-1.38,0
360.0,420.0,1388181076#0_0,1388181076#0,2,10.64,17.79,0,0.07,22.22,32.77,7.68,-0.88,2.67,1.0,1.09,-3.94,1
360.0,420.0,1388181076#1_0,1388181076#1,0,22.22,17.83,0,0.0,22.22,41.74,13.49,3.74,2.59,1.03,-0.3,-5.0,1
360.0,420.0,1388181076#2_0,1388181076#2,0,22.22,17.57,0,0.0,22.22,48.83,12.96,7.46,3.75,1.11,-1.32,-4.0,3
360.0,420.0,1388181076#3_0,1388181076#3,0,22.22,18.0,0,0.0,22.22,35.01,13.15,6.02,2.88,1.12,0.68,-2.29,0
360.0,420.0,1388181076#4_0,1388181076#4,2,0.0,15.21,2,0.1,22.22,13.53,0.0,-0.8,3.35,0.51,-0.66,-5.0,29
360.0,420.0,1388965579_0,1388965579,0,27.78,13.83,0,0.0,27.78,27.46,9.32,1.18,3.15,1.12,-1.82,-5.0,16
360.0,420.0,1389216080#0_0,1389216080#0,1,0.0,10.39,1,0.17,11.11,100.67,71.17,-3.76,36.31,7.25,-0.58,-5.0,7
360.0,420.0,1389216080#2_0,1389216080#2,0,11.11,10.78,0,0.0,11.11,45.53,0.18,-7.23,14.9,1.73,-0.4,-4.99,6
360.0,420.0,1419352711#0_0,1419352711#0,1,12.18,12.41,0,0.04,11.11,,,,,,0.14,-0.36,0
360.0,420.0,1419352711#1_0,1419352711#1,0,11.11,10.29,0,0.0,11.11,112.54,107.73,-1.52,11.59,10.76,0.1,-1.09,0
360.0,420.0,1419352712_0,1419352712,0,11.11,12.51,0,0.0,11.11,140.5,6.42,-2.91,13.4,1.06,-0.14,-4.0,2
360.0,420.0,1434291944#0_0,1434291944#0,1,15.07,17.96,0,0.01,22.22,29.6,7.61,-0.89,2.71,0.96,0.68,-1.8,0
360.0,420.0,1434291944#1_0,1434291944#1,2,13.64,17.9,0,0.11,22.22,21.33,14.36,0.35,1.5,1.04,-0.07,-3.06,1
360.0,420.0,1434291944#2_0,1434291944#2,2,13.54,17.87,0,0.11,22.22,78.11,14.92,7.91,5.48,1.11,-0.07,-2.23,0
360.0,420.0,1434292703#1_0,1434292703#1,0,13.89,13.78,0,0.0,13.89,26.83,24.19,-5.28,3.65,3.61,0.83,-4.34,2
360.0,420.0,1435087429_0,1435087429,1,10.57,10.57,0,0.02,11.11,31.55,2.61,0.28,2.91,0.87,-0.23,-2.99,0
360.0,420.0,1435087430#1_0,1435087430#1,0,11.11,9.57,0,0.0,11.11,,,,,,0.2,-1.2,0
360.0,420.0,1476448641#0_0,1476448641#0,1,17.37,17.98,0,0.02,22.22,102.73,34.83,-0.89,8.56,2.48,0.92,-2.08,0
360.0,420.0,1530047253#0_0,1530047253#0,0,16.67,16.23,0,0.0,16.67,,,,,,-0.11,-1.39,0
360.0,420.0,1530047253#0_1,1530047253#0,0,16.67,16.49,0,0.0,16.67,,,,,,-0.98,-4.0,4
360.0,420.0,1530047253#1_0,1530047253#1,1,15.91,16.22,0,0.02,16.67,,,,,,-0.05,-1.9,0
360.0,420.0,1530047253#1_1,1530047253#1,0,16.67,13.68,0,0.0,16.67,,,,,,0.33,-1.29,0
360.0,420.0,1546903355_0,1546903355,1,10.99,13.11,0,0.02,11.11,71.91,17.5,0.17,6.86,1.74,0.26,-2.12,0
360.0,420.0,50219794#0_0,50219794#0,0,11.11,11.11,0,0.0,11.11,,,,,,0.0,0.0,0
360.0,420.0,50219794#10_0,50219794#10,0,11.11,13.06,0,0.0,11.11,63.75,41.53,0.29,6.21,4.08,0.05,-2.12,0
360.0,420.0,50219794#10_1,50219794#10,0,11.11,10.94,0,0.0,11.11,,,,,,-0.11,-0.88,0
360.0,420.0,50219794#11_0,50219794#11,1,10.45,13.08,0,0.05,11.11,43.27,27.72,-0.76,4.16,2.64,-0.09,-1.66,0
360.0,420.0,50219794#11_1,50219794#11,0,11.11,10.84,0,0.0,11.11,,,,,,-0.04,-0.39,0
360.0,420.0,50219794#1_0,50219794#1,0,11.11,10.99,0,0.0,11.11,,,,,,-0.01,-1.9,0
360.0,420.0,50219794#2_0,50219794#2,0,11.11,11.09,0,0.0,11.11,128.59,53.69,9.86,11.91,4.93,0.01,-1.98,0
360.0,420.0,50219794#3_0,50219794#3,0,11.11,11.03,0,0.0,11.11,42.96,41.0,2.62,4.06,3.76,-0.27,-1.35,0
360.0,420.0,50219794#4_0,50219794#4,0,11.11,13.08,0,0.0,11.11,51.93,0.06,-2.2,25.36,0.55,-0.28,-4.0,13
360.0,420.0,50219794#7_0,50219794#7,0,11.11,12.43,0,0.0,11.11,49.25,9.13,-1.56,5.53,1.02,0.83,-1.51,0
360.0,420.0,50219794#8_0,50219794#8,0,11.11,12.78,0,0.0,11.11,59.7,20.12,-1.02,6.12,1.84,0.12,-2.04,0
360.0,420.0,50219794#9_0,50219794#9,0,11.11,13.11,0,0.01,11.11,67.56,25.76,-0.95,6.98,2.53,0.04,-1.42,0
360.0,420.0,50219794#9_1,50219794#9,0,11.11,10.83,0,0.0,11.11,,,,,,0.79,-0.71,0
360.0,420.0,52085869#0_0,52085869#0,1,11.11,11.11,0,0.03,11.11,,,,,,0.34,-0.81,0
360.0,420.0,52087627#0_0,52087627#0,1,10.13,11.22,0,0.02,11.11,88.3,51.29,7.07,8.12,4.73,0.08,-1.21,0
360.0,420.0,52087627#2_0,52087627#2,0,11.11,11.04,0,0.12,11.11,43.87,0.0,-5.34,7.14,0.52,-0.09,-4.0,6
360.0,420.0,52097266#0_0,52097266#0,1,9.46,10.35,0,0.03,11.11,59.68,49.7,1.88,6.22,5.26,-0.11,-4.0,2
360.0,420.0,52097266#4_0,52097266#4,0,11.11,10.97,0,0.0,11.11,,,,,,0.47,0.47,0
360.0,420.0,52097266#6_0,52097266#6,1,11.89,11.96,0,0.04,11.11,,,,,,-0.45,-4.0,2
360.0,420.0,52097653#0_0,52097653#0,1,11.69,11.74,0,0.01,11.11,,,,,,0.69,-1.83,0
360.0,420.0,52097653#1_0,52097653#1,0,11.11,12.0,0,0.0,11.11,26.59,9.69,-1.14,3.69,1.38,0.56,-3.83,1
360.0,420.0,52097653#2_0,52097653#2,0,11.11,12.02,0,0.0,11.11,57.33,13.76,-0.42,7.52,4.32,-0.3,-4.0,10
360.0,420.0,52152219#0_0,52152219#0,0,11.11,10.24,0,0.0,11.11,,,,,,-0.78,-1.91,0
360.0,420.0,52152219#1_0,52152219#1,0,11.11,10.54,0,0.0,11.11,82.06,40.71,8.2,8.29,5.22,-0.35,-3.85,2
360.0,420.0,52152298#1_0,52152298#1,0,22.22,9.3,0,0.0,22.22,,,,,,1.6,0.81,0
360.0,420.0,52152298#2_0,52152298#2,0,22.22,8.14,0,0.0,22.22,,,,,,0.93,-0.62,0
360.0,420.0,52152302#1_0,52152302#1,0,22.22,17.99,0,0.0,22.22,64.29,23.94,-2.33,5.33,2.71,0.85,-2.15,0
360.0,420.0,52152302#2_0,52152302#2,0,22.22,17.81,0,0.0,22.22,66.92,41.01,1.37,4.51,2.71,0.09,-1.62,0
360.0,420.0,52152302#3_0,52152302#3,1,13.38,17.95,0,0.03,22.22,42.48,2.86,3.63,3.57,1.04,-1.28,-5.0,30
360.0,420.0,52152309_0,52152309,1,12.68,13.84,0,0.01,22.22,,,,,,0.22,-3.9,4
360.0,420.0,52152313#1_0,52152313#1,1,9.56,15.18,0,0.01,13.89,,,,,,-0.46,-4.8,2
360.0,420.0,52152314#0_0,52152314#0,0,13.89,13.25,0,0.0,13.89,,,,,,1.03,-0.13,0
360.0,420.0,52152314#1_0,52152314#1,0,13.89,15.84,0,0.0,13.89,124.36,122.68,7.59,8.15,7.98,-0.74,-5.0,7
360.0,420.0,52152323#0_0,52152323#0,0,11.11,10.63,0,0.0,11.11,60.43,37.87,-1.19,7.24,3.71,0.95,-1.72,0
360.0,420.0,52152323#2_0,52152323#2,0,11.11,10.93,0,0.0,11.11,60.12,35.0,-0.02,6.14,3.32,0.0,-2.07,0
360.0,420.0,52152323#3_0,52152323#3,0,11.11,10.91,0,0.0,11.11,33.01,31.65,1.07,3.13,3.01,0.11,-0.77,0
360.0,420.0,52152323#4_0,52152323#4,0,11.11,10.59,0,0.0,11.11,,,,,,0.07,-1.76,0
360.0,420.0,52152323#5_0,52152323#5,0,11.11,10.78,0,0.0,11.11,,,,,,-0.11,-3.95,1
360.0,420.0,52152323#6_0,52152323#6,0,11.11,10.31,0,0.0,11.11,,,,,,0.27,-1.12,0
360.0,420.0,52152323#7_0,52152323#7,1,9.6,12.08,0,0.01,11.11,,,,,,-0.01,-1.54,0
360.0,420.0,52152345#0_0,52152345#0,0,27.78,17.91,0,0.0,27.78,65.23,15.24,1.56,4.66,1.06,-0.01,-3.47,1
360.0,420.0,52152345#1_0,52152345#1,1,16.11,17.03,0,0.08,27.78,65.1,15.69,3.57,4.73,1.09,-0.42,-5.0,4
360.0,420.0,52152346#0_0,52152346#0,0,27.78,17.91,0,0.0,27.78,,,,,,0.25,-1.18,0
360.0,420.0,52152346#1_0,52152346#1,0,27.78,13.81,0,0.0,27.78,,,,,,0.01,-0.77,0
360.0,420.0,52152366#0_0,52152366#0,0,11.11,13.72,0,0.0,11.11,,,,,,-0.44,-4.88,2
360.0,420.0,52152366#0_1,52152366#0,0,11.11,11.86,0,0.0,11.11,12.01,8.48,-0.57,1.17,1.06,0.54,-2.35,0
360.0,420.0,52152366#1_1,52152366#1,2,10.95,11.47,0,0.16,11.11,13.06,13.02,-0.06,1.17,1.14,0.03,-1.15,0
360.0,420.0,52152366#3_0,52152366#3,0,11.11,9.16,0,0.0,11.11,129.63,120.82,-2.36,14.76,13.43,-0.12,-2.22,0
360.0,420.0,52152366#3_1,52152366#3,0,11.11,12.15,0,0.0,11.11,,,,,,0.03,-1.4,0
360.0,420.0,52152366#4_0,52152366#4,0,11.11,11.37,0,0.0,11.11,,,,,,-0.07,-2.1,0
360.0,420.0,52152366#5_0,52152366#5,0,11.11,11.35,0,0.0,11.11,,,,,,-0.03,-2.06,0
360.0,420.0,52152369#0_0,52152369#0,0,13.89,10.84,0,0.0,13.89,66.85,11.84,3.09,7.94,1.27,-0.08,-5.0,4
360.0,420.0,52152369#1_0,52152369#1,0,13.89,15.57,0,0.0,13.89,9.26,3.9,-0.71,0.89,0.42,-1.12,-5.0,7
360.0,420.0,52152374#0_0,52152374#0,0,11.11,11.1,0,0.0,11.11,,,,,,-0.05,-1.47,0
360.0,420.0,52152374#1_0,52152374#1,0,11.11,10.92,0,0.0,11.11,,,,,,0.14,-1.49,0
360.0,420.0,52152374#2_0,52152374#2,0,11.11,11.08,0,0.0,11.11,,,,,,-0.02,-2.46,0
360.0,420.0,52152374#3_0,52152374#3,0,11.11,10.55,0,0.0,11.11,,,,,,-0.17,-0.47,0
360.0,420.0,52155433#0_0,52155433#0,0,16.67,13.82,0,0.0,16.67,,,,,,0.68,-0.73,0
360.0,420.0,52155433#1_0,52155433#1,0,16.67,13.84,0,0.0,16.67,,,,,,0.02,-0.9,0
360.0,420.0,52155433#1_1,52155433#1,0,16.67,10.83,0,0.0,16.67,,,,,,1.18,-0.71,0
360.0,420.0,52155579#1_0,52155579#1,0,11.11,11.31,0,0.0,11.11,,,,,,0.01,-1.93,0
360.0,420.0,52155579#2_0,52155579#2,0,11.11,11.3,0,0.0,11.11,,,,,,-1.84,-3.64,3
360.0,420.0,52155735#0_0,52155735#0,0,22.22,17.3,0,0.0,22.22,72.85,13.18,4.1,6.35,1.19,1.37,-1.35,0
360.0,420.0,52155735#1_0,52155735#1,0,22.22,17.48,0,0.0,22.22,38.07,9.72,0.81,3.64,1.14,0.73,-2.89,0
360.0,420.0,52155737#0_0,52155737#0,0,13.89,10.23,0,0.0,13.89,32.42,30.52,0.82,3.94,2.99,0.72,-3.38,1
360.0,420.0,52155745#1_0,52155745#1,0,22.22,17.93,0,0.0,22.22,37.85,15.67,1.62,2.86,1.1,0.23,-2.75,0
360.0,420.0,52155745#2_0,52155745#2,0,22.22,17.87,0,0.0,22.22,20.37,10.24,1.68,2.21,1.12,-2.33,-5.0,32
360.0,420.0,52155750#2_0,52155750#2,1,0.0,13.16,1,0.02,13.89,34.7,0.1,-8.15,13.48,3.51,-0.2,-5.0,5
360.0,420.0,52155752#0_0,52155752#0,2,14.73,15.6,0,0.04,13.89,26.84,16.97,-2.78,2.49,2.08,0.79,-2.38,0
360.0,420.0,52155752#1_0,52155752#1,0,13.89,13.98,0,0.0,13.89,,,,,,0.02,-1.79,0
360.0,420.0,562694504_0,562694504,0,27.78,13.74,0,0.0,27.78,,,,,,1.23,-0.59,0
360.0,420.0,562694505#1_0,562694505#1,0,27.78,17.44,0,0.0,27.78,23.15,11.26,3.65,1.74,0.99,-3.09,-5.0,5
360.0,420.0,689627819_0,689627819,2,4.07,12.03,1,0.16,13.89,39.18,3.9,-1.67,10.69,1.21,-0.42,-5.0,17
360.0,420.0,696897744#1_0,696897744#1,0,11.11,9.98,0,0.0,11.11,44.52,41.84,1.89,4.79,4.41,-0.04,-2.2,0
360.0,420.0,696897744#2_0,696897744#2,1,11.42,11.42,0,0.03,11.11,57.13,43.92,-0.25,6.02,4.52,0.05,-4.34,4
360.0,420.0,749310218#2_0,749310218#2,2,0.13,12.51,1,0.28,27.78,13.69,0.2,-0.62,2.73,0.5,-0.61,-5.0,18
360.0,420.0,749341589#0_0,749341589#0,0,11.11,12.6,0,0.0,11.11,70.0,30.18,0.36,6.01,2.44,0.25,-0.8,0
360.0,420.0,749341589#1_0,749341589#1,3,5.75,12.61,1,0.09,11.11,55.09,5.78,0.87,14.16,1.03,-1.15,-4.0,11
360.0,420.0,771670219_0,771670219,0,13.89,13.2,0,0.0,13.89,48.08,0.1,-12.97,6.98,0.09,-0.46,-4.0,5
360.0,420.0,:10279701147_0_0,:10279701147_0,0,27.78,16.42,0,0.0,27.78,,,,,,-0.55,-0.55,0
360.0,420.0,:10279701147_0_1,:10279701147_0,1,17.99,17.99,0,0.21,27.78,96.47,20.58,0.08,5.56,1.19,0.04,-1.74,0
360.0,420.0,:10279701147_2_0,:10279701147_2,0,5.97,5.68,0,0.0,5.97,,,,,,-1.33,-3.17,1
360.0,420.0,:10279701147_3_0,:10279701147_3,0,6.44,5.59,0,0.0,6.44,,,,,,0.36,-0.42,0
360.0,420.0,:10279701149_0_0,:10279701149_0,0,4.56,3.95,0,0.0,4.56,,,,,,-0.93,-3.8,1
360.0,420.0,:10279761593_4_0,:10279761593_4,0,27.78,17.6,0,0.0,27.78,,,,,,0.01,0.01,0
360.0,420.0,:10281958924_0_0,:10281958924_0,0,16.67,16.4,0,0.0,16.67,,,,,,2.17,2.17,0
360.0,420.0,:10281958924_0_1,:10281958924_0,0,16.67,17.28,0,0.0,16.67,74.32,35.47,1.66,4.83,2.35,-0.14,-0.6,0
360.0,420.0,:10281958927_0_0,:10281958927_0,0,16.67,16.43,0,0.0,16.67,,,,,,0.59,0.35,0
360.0,420.0,:10281958927_0_1,:10281958927_0,1,15.74,16.4,0,0.21,16.67,105.73,104.03,6.85,6.99,6.8,0.5,-0.25,0
360.0,420.0,:10281958927_2_0,:10281958927_2,0,6.13,5.59,0,0.0,6.13,,,,,,-1.06,-2.44,0
360.0,420.0,:10281958928_0_0,:10281958928_0,0,16.67,15.76,0,0.0,16.67,,,,,,0.28,-0.99,0
360.0,420.0,:10281958928_0_1,:10281958928_0,0,16.67,16.28,0,0.0,16.67,,,,,,-0.02,-0.09,0
360.0,420.0,:10281958928_3_0,:10281958928_3,0,6.41,5.03,0,0.0,6.41,99.8,99.8,-11.5,19.87,19.87,-0.4,-1.59,0
360.0,420.0,:10281958930_0_0,:10281958930_0,0,16.67,15.88,0,0.0,16.67,,,,,,0.74,-0.35,0
360.0,420.0,:10281958930_0_1,:10281958930_0,0,16.67,16.41,0,0.0,16.67,,,,,,0.9,0.68,0
360.0,420.0,:10281958931_0_0,:10281958931_0,0,16.67,15.48,0,0.0,16.67,,,,,,-0.82,-1.66,0
360.0,420.0,:10281958931_0_1,:10281958931_0,0,16.67,16.51,0,0.0,16.67,,,,,,-0.09,-0.89,0
360.0,420.0,:10281958933_0_0,:10281958933_0,0,16.67,16.35,0,0.0,16.67,,,,,,1.56,1.56,0
360.0,420.0,:10281958933_0_1,:10281958933_0,0,16.67,13.67,0,0.0,16.67,,,,,,-0.0,-2.27,0
360.0,420.0,:10281958933_2_0,:10281958933_2,0,6.01,6.44,0,0.0,6.01,,,,,,-1.69,-4.0,1
360.0,420.0,:10560867452_0_0,:10560867452_0,0,8.63,8.71,0,0.0,8.63,64.62,11.09,-1.91,8.01,1.27,-2.96,-5.0,3
360.0,420.0,:10560867452_1_0,:10560867452_1,0,11.11,10.47,0,0.0,11.11,57.76,57.76,-2.71,5.52,5.52,-0.34,-1.72,0
360.0,420.0,:10560867456_0_0,:10560867456_0,0,11.11,12.26,0,0.0,11.11,41.46,12.79,0.42,3.87,1.19,0.65,-0.55,0
360.0,420.0,:10680197981_2_0,:10680197981_2,0,13.89,14.27,0,0.0,13.89,,,,,,0.44,0.06,0
360.0,420.0,:10680197991_2_0,:10680197991_2,0,13.89,14.38,0,0.0,13.89,,,,,,0.99,0.99,0
360.0,420.0,:10904702998_0_0,:10904702998_0,0,11.11,9.13,0,0.0,11.11,,,,,,0.6,-0.18,0
360.0,420.0,:10907705738_0_0,:10907705738_0,0,11.11,11.57,0,0.0,11.11,56.4,12.08,0.05,5.32,1.11,0.2,-1.44,0
360.0,420.0,:10907806554_4_0,:10907806554_4,0,7.78,6.89,0,0.0,7.78,,,,,,1.32,-0.08,0
360.0,420.0,:10907806554_7_0,:10907806554_7,0,13.89,12.71,0,0.0,13.89,,,,,,-0.17,-0.76,0
360.0,420.0,:10943277968_0_0,:10943277968_0,0,22.22,15.8,0,0.0,22.22,43.54,12.11,3.61,3.33,1.02,1.3,-1.03,0
360.0,420.0,:10943277968_7_0,:10943277968_7,0,22.22,16.37,0,0.0,22.22,28.11,26.68,4.29,1.89,1.77,1.73,0.69,0
360.0,420.0,:10943433498_0_0,:10943433498_0,0,16.67,16.23,0,0.0,16.67,,,,,,1.31,1.31,0
360.0,420.0,:10943433498_0_1,:10943433498_0,0,16.67,17.51,0,0.0,16.67,62.59,33.69,8.72,3.91,2.28,-0.1,-1.62,0
360.0,420.0,:10943433498_3_0,:10943433498_3,1,6.55,6.55,0,0.57,6.33,24.98,10.75,-11.19,10.15,4.31,0.89,-2.95,0
360.0,420.0,:10943435169_2_0,:10943435169_2,0,6.68,6.43,0,0.0,6.68,,,,,,-1.93,-4.15,1
360.0,420.0,:10943435169_3_0,:10943435169_3,0,11.11,11.85,0,0.0,11.11,74.84,58.65,-0.02,7.16,4.95,-0.01,-1.4,0
360.0,420.0,:10943490813_0_0,:10943490813_0,0,13.89,15.12,0,0.0,13.89,51.25,51.25,-1.09,3.87,3.87,-0.09,-0.82,0
360.0,420.0,:10943490816_0_0,:10943490816_0,1,11.51,12.38,0,0.15,13.89,,,,,,1.03,0.52,0
360.0,420.0,:10943490945_4_0,:10943490945_4,0,11.11,11.11,0,0.0,11.11,57.09,56.93,0.82,5.16,5.12,0.33,0.17,0
360.0,420.0,:10943490952_7_0,:10943490952_7,0,13.2,12.84,0,0.0,13.2,35.74,8.9,2.3,3.06,0.95,-0.89,-3.93,2
360.0,420.0,:10943498141_7_0,:10943498141_7,0,8.1,8.04,0,0.0,8.1,,,,,,0.16,-2.01,0
360.0,420.0,:10943498141_9_0,:10943498141_9,0,3.65,3.82,0,0.0,3.65,,,,,,-0.48,-1.19,0
360.0,420.0,:10943498145_1_0,:10943498145_1,0,6.05,5.58,0,0.0,6.05,10.91,9.29,-2.67,2.13,1.67,-0.48,-1.7,0
360.0,420.0,:10943525385_5_0,:10943525385_5,0,11.11,10.39,0,0.0,11.11,,,,,,0.14,-1.47,0
360.0,420.0,:10943736751_0_0,:10943736751_0,0,16.67,17.37,0,0.0,16.67,87.51,18.45,0.81,5.18,1.35,-0.08,-0.49,0
360.0,420.0,:10943736751_0_1,:10943736751_0,0,16.67,16.65,0,0.0,16.67,,,,,,-0.91,-2.31,0
360.0,420.0,:11125046588_4_0,:11125046588_4,0,11.11,12.53,0,0.0,11.11,60.32,31.41,0.34,5.1,2.51,-0.03,-1.21,0
360.0,420.0,:11125046588_6_0,:11125046588_6,0,11.11,12.48,0,0.0,11.11,41.93,19.39,-0.3,4.11,1.61,-0.18,-2.02,0
360.0,420.0,:11126932584_0_0,:11126932584_0,0,6.28,6.29,0,0.0,6.28,11.5,11.08,0.12,1.94,1.76,0.92,0.61,0
360.0,420.0,:11126932584_3_0,:11126932584_3,0,22.22,14.6,0,0.0,22.22,13.84,10.24,5.84,1.39,1.26,-2.63,-4.68,7
360.0,420.0,:11282869379_0_0,:11282869379_0,0,11.11,10.82,0,0.0,11.11,34.83,34.81,0.15,3.49,3.34,0.06,-1.7,0
360.0,420.0,:11282869379_6_0,:11282869379_6,0,11.11,12.33,0,0.0,11.11,73.66,72.5,4.25,6.03,5.88,0.44,-2.17,0
360.0,420.0,:11282915069_0_0,:11282915069_0,0,13.89,11.2,0,0.0,13.89,,,,,,-4.42,-5.0,2
360.0,420.0,:11499274561_0_0,:11499274561_0,0,6.51,5.1,0,0.0,6.51,,,,,,1.0,-0.02,0
360.0,420.0,:11499274561_4_0,:11499274561_4,0,13.89,13.72,0,0.0,13.89,,,,,,-0.01,-0.03,0
360.0,420.0,:1174832475_2_0,:1174832475_2,0,22.22,17.32,0,0.0,22.22,69.86,39.98,4.32,4.57,2.64,-0.3,-1.86,0
360.0,420.0,:1174832527_7_0,:1174832527_7,1,9.44,17.39,0,0.21,22.22,48.02,13.21,1.97,2.83,1.01,0.88,-0.89,0
360.0,420.0,:1174832527_8_0,:1174832527_8,0,6.05,6.65,0,0.0,6.05,,,,,,-1.25,-3.99,1
360.0,420.0,:1174832534_0_0,:1174832534_0,0,22.22,17.91,0,0.0,22.22,71.28,70.31,4.52,4.09,4.03,-0.44,-1.88,0
360.0,420.0,:1174832534_6_0,:1174832534_6,0,22.22,14.22,0,0.0,22.22,,,,,,1.14,0.57,0
360.0,420.0,:1174832699_0_0,:1174832699_0,0,11.11,10.09,0,0.0,11.11,20.92,12.69,0.12,2.15,1.26,0.07,-1.36,0
360.0,420.0,:1174832699_10_0,:1174832699_10,0,3.65,3.89,0,0.0,3.65,13.41,9.07,-5.32,7.23,4.06,0.75,-2.02,0
360.0,420.0,:1174832699_2_0,:1174832699_2,0,3.65,3.92,0,0.0,3.65,8.71,0.1,-6.15,5.15,0.44,-1.88,-4.0,3
360.0,420.0,:1174832699_4_0,:1174832699_4,0,8.11,7.16,0,0.0,8.11,81.46,77.42,4.42,12.24,11.34,0.16,-0.64,0
360.0,420.0,:1174832699_7_0,:1174832699_7,0,11.11,11.32,0,0.0,11.11,30.05,25.52,6.07,2.79,2.38,-0.12,-1.1,0
360.0,420.0,:1174832713_0_0,:1174832713_0,0,11.11,9.91,0,0.0,11.11,17.42,0.01,3.78,2.75,1.2,-0.34,-2.69,0
360.0,420.0,:1174832713_7_0,:1174832713_7,0,11.11,10.53,0,0.0,11.11,54.05,37.81,7.93,5.74,3.66,0.71,-0.73,0
360.0,420.0,:1174832716_3_0,:1174832716_3,0,22.22,17.46,0,0.0,22.22,67.71,43.84,-0.4,4.57,2.92,-0.14,-1.69,0
360.0,420.0,:1174832811_0_0,:1174832811_0,0,11.11,11.27,0,0.0,11.11,63.67,51.55,0.64,6.44,5.37,0.57,-0.67,0
360.0,420.0,:1174832885_4_0,:1174832885_4,0,13.89,14.97,0,0.0,13.89,86.79,51.43,9.23,6.42,3.7,0.25,-0.18,0
360.0,420.0,:1174832895_7_0,:1174832895_7,0,11.11,11.01,0,0.0,11.11,48.96,47.56,6.13,4.45,4.32,0.11,0.0,0
360.0,420.0,:1174832997_0_0,:1174832997_0,0,22.22,17.79,0,0.0,22.22,44.84,17.81,2.52,2.61,1.08,-0.29,-2.22,0
360.0,420.0,:1174832997_2_0,:1174832997_2,0,5.93,5.34,0,0.0,5.93,25.84,12.12,-13.77,8.43,7.22,2.14,1.09,0
360.0,420.0,:1174833066_3_0,:1174833066_3,0,11.11,10.84,0,0.0,11.11,214.35,211.64,10.53,20.39,19.53,0.39,-0.72,0
360.0,420.0,:1174833090_0_0,:1174833090_0,0,22.22,17.85,0,0.0,22.22,,,,,,1.03,0.2,0
360.0,420.0,:1174833090_6_0,:1174833090_6,0,22.22,16.41,0,0.0,22.22,,,,,,0.32,-0.06,0
360.0,420.0,:1174833124_0_0,:1174833124_0,0,3.65,3.71,0,0.0,3.65,,,,,,-2.39,-4.0,1
360.0,420.0,:1174833147_5_0,:1174833147_5,0,13.89,9.75,0,0.0,13.89,185.77,185.66,-0.4,20.58,19.05,1.4,0.95,0
360.0,420.0,:1176977453_1_0,:1176977453_1,0,8.25,5.34,0,0.0,8.25,,,,,,-3.66,-3.66,1
360.0,420.0,:1176977453_6_0,:1176977453_6,0,6.36,5.95,0,0.0,6.36,,,,,,-0.21,-0.86,0
360.0,420.0,:1176977453_9_0,:1176977453_9,0,8.25,7.62,0,0.0,8.25,,,,,,1.52,0.55,0
360.0,420.0,:1176977542_0_0,:1176977542_0,0,6.35,7.13,0,0.0,6.35,22.98,22.9,-0.26,3.41,3.24,-1.28,-4.03,1
360.0,420.0,:1176977542_10_0,:1176977542_10,0,8.58,8.35,0,0.0,8.58,85.66,83.97,7.56,10.35,10.24,0.46,-0.31,0
360.0,420.0,:1176977542_5_0,:1176977542_5,0,13.89,13.85,0,0.0,13.89,,,,,,0.34,-0.12,0
360.0,420.0,:1176977542_9_0,:1176977542_9,0,13.89,9.04,0,0.0,13.89,1.39,1.39,-4.85,0.15,0.15,1.0,0.8,0
360.0,420.0,:1176978389_1_0,:1176978389_1,0,8.34,8.51,0,0.0,8.34,51.44,51.22,1.13,6.36,6.09,0.79,-0.83,0
360.0,420.0,:1176978389_4_0,:1176978389_4,0,13.89,12.33,0,0.0,13.89,,,,,,1.11,0.64,0
360.0,420.0,:1176978389_9_0,:1176978389_9,0,3.65,3.73,0,0.0,3.65,,,,,,-1.03,-1.68,0
360.0,420.0,:1176978438_0_0,:1176978438_0,0,6.09,5.72,0,0.0,6.09,,,,,,-1.7,-3.59,1
360.0,420.0,:1176978438_2_0,:1176978438_2,0,11.11,12.73,0,0.0,11.11,53.33,23.03,-1.62,5.68,2.25,-0.39,-1.49,0
360.0,420.0,:1177160369_3_0,:1177160369_3,0,22.22,16.9,0,0.0,22.22,32.51,10.89,3.53,2.51,1.12,0.06,-4.0,1
360.0,420.0,:1177160399_0_0,:1177160399_0,0,6.68,6.92,0,0.0,6.68,16.76,8.81,-3.49,2.51,1.28,0.06,-1.28,0
360.0,420.0,:1177160399_3_0,:1177160399_3,1,12.31,12.31,0,0.14,11.11,61.71,18.83,-0.24,6.04,1.81,-0.09,-1.74,0
360.0,420.0,:1177160403_1_0,:1177160403_1,0,6.47,7.28,0,0.0,6.47,26.48,9.69,-2.87,4.21,1.48,0.04,-3.24,1
360.0,420.0,:1177160471_0_0,:1177160471_0,0,13.89,15.62,0,0.0,13.89,40.8,11.15,4.91,3.18,1.08,-1.03,-3.74,2
360.0,420.0,:1177160471_1_0,:1177160471_1,0,7.86,6.11,0,0.0,7.86,,,,,,-5.0,-5.0,1
360.0,420.0,:1177160471_4_0,:1177160471_4,0,8.17,8.14,0,0.0,8.17,20.33,19.94,0.19,2.85,2.49,0.75,-2.07,0
360.0,420.0,:1177160471_9_0,:1177160471_9,0,7.86,7.59,0,0.0,7.86,,,,,,0.75,-0.7,0
360.0,420.0,:1177160524_10_0,:1177160524_10,0,13.89,10.45,0,0.0,13.89,,,,,,2.1,1.59,0
360.0,420.0,:1177160524_11_0,:1177160524_11,0,3.65,3.21,0,0.0,3.65,63.29,55.86,-9.56,21.59,17.38,-1.03,-1.82,0
360.0,420.0,:1177160524_6_0,:1177160524_6,0,13.89,11.13,0,0.0,13.89,59.19,56.53,-5.48,5.43,5.26,0.29,-0.58,0
360.0,420.0,:1177160524_8_0,:1177160524_8,0,3.65,4.12,0,0.0,3.65,84.37,53.11,-8.94,22.2,12.88,-2.34,-2.65,0
360.0,420.0,:1177160556_0_0,:1177160556_0,0,16.67,13.71,0,0.0,16.67,,,,,,0.01,-0.31,0
360.0,420.0,:1177160556_0_1,:1177160556_0,0,16.67,17.88,0,0.0,16.67,,,,,,0.15,-0.65,0
360.0,420.0,:1177160566_4_0,:1177160566_4,0,22.22,5.3,0,0.0,22.22,4.0,1.42,1.26,1.54,0.76,-0.16,-3.83,2
360.0,420.0,:1177160571_7_0,:1177160571_7,0,22.22,17.97,0,0.0,22.22,31.65,14.39,0.8,2.02,1.06,0.22,-0.94,0
360.0,420.0,:1177160573_0_0,:1177160573_0,0,11.11,12.62,0,0.0,11.11,68.05,45.8,0.23,6.37,3.63,0.48,-2.28,0
360.0,420.0,:1177160573_1_0,:1177160573_1,0,7.56,7.23,0,0.0,7.56,85.08,84.7,0.75,11.83,11.72,-3.06,-4.68,2
360.0,420.0,:1177160573_6_0,:1177160573_6,0,8.03,6.6,0,0.0,8.03,,,,,,-1.21,-3.33,1
360.0,420.0,:1177160573_7_0,:1177160573_7,0,11.11,12.51,0,0.0,11.11,89.92,56.76,2.84,8.09,4.74,0.25,-2.18,0
360.0,420.0,:1177160573_9_0,:1177160573_9,0,7.56,7.13,0,0.0,7.56,46.59,7.61,-1.94,6.76,1.1,-0.19,-1.88,0
360.0,420.0,:1177160598_0_0,:1177160598_0,0,13.89,11.16,0,0.0,13.89,112.28,110.48,-3.36,13.99,13.11,1.32,0.61,0
360.0,420.0,:1177160598_7_0,:1177160598_7,0,13.89,15.96,0,0.0,13.89,99.93,64.82,8.01,7.31,4.06,0.49,-1.03,0
360.0,420.0,:1177160599_1_0,:1177160599_1,1,7.87,7.87,0,0.23,18.05,,,,,,1.52,1.52,0
360.0,420.0,:1177160599_3_0,:1177160599_3,0,9.6,11.09,0,0.0,9.6,44.96,32.66,-5.47,5.08,3.95,-0.89,-3.45,2
360.0,420.0,:1177160599_7_0,:1177160599_7,0,18.05,10.2,0,0.0,18.05,33.61,7.16,-4.11,4.8,1.24,1.42,-1.62,0
360.0,420.0,:1177160675_0_0,:1177160675_0,0,13.89,14.54,0,0.0,13.89,,,,,,0.44,0.44,0
360.0,420.0,:1177160675_6_0,:1177160675_6,0,13.89,12.95,0,0.0,13.89,93.68,93.68,0.45,8.46,8.46,1.43,1.01,0
360.0,420.0,:1177160684_6_0,:1177160684_6,1,6.02,10.72,0,0.03,11.32,45.19,9.65,-2.53,5.73,1.09,1.65,0.48,0
360.0,420.0,:1177160684_7_0,:1177160684_7,0,10.18,10.42,0,0.0,10.18,22.69,21.54,-2.1,2.22,2.09,-1.5,-5.0,2
360.0,420.0,:1177160687_0_0,:1177160687_0,0,11.11,12.39,0,0.0,11.11,44.72,13.52,3.22,3.92,1.31,-0.01,-1.62,0
360.0,420.0,:1177160687_6_0,:1177160687_6,0,7.9,8.1,0,0.0,7.9,75.31,72.02,7.0,10.1,9.07,-0.93,-3.59,1
360.0,420.0,:1177160687_7_0,:1177160687_7,1,10.69,12.13,0,0.14,11.11,89.47,51.62,7.93,8.11,4.34,-0.11,-1.2,0
360.0,420.0,:1177160691_0_0,:1177160691_0,0,22.22,17.89,0,0.0,22.22,56.32,15.46,0.38,3.99,1.12,0.24,-1.72,0
360.0,420.0,:1177160691_4_0,:1177160691_4,1,8.17,8.17,0,0.14,8.1,44.22,17.73,-9.13,12.74,5.2,1.2,-1.64,0
360.0,420.0,:1177160691_6_0,:1177160691_6,0,6.62,5.57,0,0.0,6.62,67.14,66.72,0.03,12.71,12.16,-1.35,-4.99,2
360.0,420.0,:1177160691_7_0,:1177160691_7,0,22.22,16.58,0,0.0,22.22,52.93,18.35,0.76,3.81,1.26,0.11,-0.81,0
360.0,420.0,:1177160694_0_0,:1177160694_0,0,13.89,14.27,0,0.0,13.89,76.95,49.61,-2.84,9.63,5.21,1.78,0.56,0
360.0,420.0,:1177160694_6_0,:1177160694_6,0,13.89,11.41,0,0.0,13.89,,,,,,0.09,-1.56,0
360.0,420.0,:1177160716_0_0,:1177160716_0,0,11.11,11.74,0,0.0,11.11,98.78,12.57,3.35,9.24,1.21,0.07,-2.02,0
360.0,420.0,:1177160765_4_0,:1177160765_4,0,11.11,12.63,0,0.0,11.11,36.3,11.43,0.68,3.2,1.08,-0.05,-2.04,0
360.0,420.0,:1177160765_6_0,:1177160765_6,0,11.11,11.48,0,0.0,11.11,16.26,4.39,9.23,1.66,1.0,-1.71,-5.0,5
360.0,420.0,:1177160773_0_0,:1177160773_0,0,22.22,17.6,0,0.0,22.22,61.18,19.99,0.06,3.72,1.23,-0.28,-1.84,0
360.0,420.0,:1177160779_3_0,:1177160779_3,0,13.89,11.52,0,0.0,13.89,,,,,,1.1,1.0,0
360.0,420.0,:1177160779_6_0,:1177160779_6,0,6.59,6.74,0,0.0,6.59,,,,,,-2.38,-4.0,1
360.0,420.0,:1177160807_0_0,:1177160807_0,0,11.11,12.24,0,0.0,11.11,67.15,31.75,1.79,5.68,2.6,0.27,-0.91,0
360.0,420.0,:1177160807_4_0,:1177160807_4,0,8.92,5.81,0,0.0,8.92,22.76,6.13,-9.08,7.75,6.32,1.45,0.92,0
360.0,420.0,:1177160807_7_0,:1177160807_7,0,11.11,12.27,0,0.0,11.11,42.01,20.76,-0.61,4.13,1.79,0.6,-1.38,0
360.0,420.0,:1177160864_0_0,:1177160864_0,1,3.41,10.49,0,0.24,22.22,19.17,2.95,-2.61,5.02,0.78,0.58,-3.93,3
360.0,420.0,:1177160864_2_0,:1177160864_2,0,8.8,5.49,0,0.0,8.8,23.91,5.43,-4.95,6.72,3.75,1.83,1.54,0
360.0,420.0,:1177160866_0_0,:1177160866_0,0,6.46,4.07,0,0.0,6.46,57.51,46.98,-10.62,21.95,16.48,1.63,0.49,0
360.0,420.0,:1177160866_3_0,:1177160866_3,0,22.22,17.16,0,0.0,22.22,62.87,17.76,3.01,4.29,1.22,-0.03,-2.08,0
360.0,420.0,:1177160923_3_0,:1177160923_3,0,13.89,13.17,0,0.0,13.89,,,,,,0.26,-0.78,0
360.0,420.0,:1177160923_7_0,:1177160923_7,0,8.27,8.3,0,0.0,8.27,,,,,,1.66,1.15,0
360.0,420.0,:1177160978_4_0,:1177160978_4,0,13.89,13.52,0,0.0,13.89,110.39,110.39,13.11,8.16,8.16,-0.74,-0.74,0
360.0,420.0,:1177161018_0_0,:1177161018_0,0,13.89,13.4,0,0.0,13.89,,,,,,-0.08,-1.52,0
360.0,420.0,:1177161022_2_0,:1177161022_2,0,22.22,17.94,0,0.0,22.22,60.66,28.63,8.94,4.39,2.49,1.32,-0.08,0
360.0,420.0,:1177161047_6_0,:1177161047_6,0,6.52,7.14,0,0.0,6.52,,,,,,-1.63,-4.28,1
360.0,420.0,:1177161049_7_0,:1177161049_7,0,22.22,17.82,0,0.0,22.22,65.26,18.1,11.31,4.53,1.32,0.36,-0.5,0
360.0,420.0,:1177161074_2_0,:1177161074_2,0,6.54,6.62,0,0.0,6.54,,,,,,-1.39,-3.81,1
360.0,420.0,:1177161074_3_0,:1177161074_3,0,22.22,17.44,0,0.0,22.22,67.81,18.25,1.42,4.24,1.18,-0.06,-1.18,0
360.0,420.0,:1177161076_4_0,:1177161076_4,0,13.89,13.28,0,0.0,13.89,,,,,,-1.09,-2.02,0
360.0,420.0,:1177161154_0_0,:1177161154_0,0,7.23,6.86,0,0.0,7.23,7.86,5.14,-3.58,1.22,0.93,1.03,-0.17,0
360.0,420.0,:1177161154_12_0,:1177161154_12,1,5.91,5.91,0,0.21,5.65,56.63,56.63,5.68,9.57,9.57,-5.0,-5.0,1
360.0,420.0,:1177161154_13_0,:1177161154_13,0,11.11,12.13,0,0.0,11.11,63.96,43.82,7.25,5.89,3.61,-0.05,-1.88,0
360.0,420.0,:1177161154_1_0,:1177161154_1,0,13.89,6.21,0,0.0,13.89,65.42,53.78,3.38,28.75,9.92,1.45,0.47,0
360.0,420.0,:1177161154_2_0,:1177161154_2,0,8.3,9.17,0,0.0,8.3,65.15,55.09,3.68,8.45,6.0,1.34,-0.37,0
360.0,420.0,:1177161154_4_0,:1177161154_4,0,6.86,6.91,0,0.0,6.86,25.3,24.48,-2.91,3.68,3.54,-1.66,-3.87,2
360.0,420.0,:1177161154_5_0,:1177161154_5,1,10.14,12.51,0,0.16,11.11,64.01,13.52,-0.69,6.18,1.35,0.72,-0.65,0
360.0,420.0,:1177161157_3_0,:1177161157_3,0,22.22,16.08,0,0.0,22.22,48.43,17.24,-2.55,3.57,1.3,1.41,0.57,0
360.0,420.0,:1177161205_4_0,:1177161205_4,0,13.89,13.75,0,0.0,13.89,,,,,,-0.02,-0.02,0
360.0,420.0,:1177161219_0_0,:1177161219_0,0,6.16,4.05,0,0.0,6.16,28.1,13.58,-10.68,12.06,9.46,1.35,1.05,0
360.0,420.0,:1177161219_1_0,:1177161219_1,0,22.22,9.54,0,0.0,22.22,47.25,3.67,-5.15,10.09,1.1,1.24,-2.32,0
360.0,420.0,:1177161219_2_0,:1177161219_2,0,27.78,15.58,0,0.0,27.78,109.24,109.24,-0.96,7.65,7.65,1.4,0.86,0
360.0,420.0,:1177161371_12_0,:1177161371_12,0,5.89,6.93,0,0.0,5.89,36.67,30.55,5.7,6.49,5.27,0.42,-1.67,0
360.0,420.0,:1177161371_13_0,:1177161371_13,0,13.89,7.85,0,0.0,13.89,,,,,,0.98,0.47,0
360.0,420.0,:1177161371_9_0,:1177161371_9,0,13.89,14.28,0,0.0,13.89,,,,,,-0.14,-0.58,0
360.0,420.0,:1177161432_0_0,:1177161432_0,0,11.11,11.82,0,0.0,11.11,41.0,11.32,0.4,3.87,1.1,-0.17,-3.19,1
360.0,420.0,:1177161468_0_0,:1177161468_0,0,6.9,6.21,0,0.0,6.9,,,,,,-1.27,-4.69,1
360.0,420.0,:1177161468_1_0,:1177161468_1,0,13.89,13.83,0,0.0,13.89,24.78,21.19,8.04,2.02,1.83,-0.24,-2.05,0
360.0,420.0,:1177161468_6_0,:1177161468_6,0,6.52,5.49,0,0.0,6.52,17.8,8.44,-6.83,5.21,2.88,1.27,-0.24,0
360.0,420.0,:1177161474_3_0,:1177161474_3,0,11.11,11.25,0,0.0,11.11,,,,,,0.16,0.16,0
360.0,420.0,:1177161483_0_0,:1177161483_0,1,13.7,17.98,0,0.13,22.22,44.61,15.46,1.17,2.86,1.13,-0.04,-2.29,0
360.0,420.0,:1177161483_4_0,:1177161483_4,0,22.22,13.23,0,0.0,22.22,54.6,29.43,0.56,4.56,2.29,1.38,1.03,0
360.0,420.0,:1177161483_6_0,:1177161483_6,0,10.2,9.5,0,0.0,10.2,26.25,8.04,-8.49,7.55,1.18,1.51,0.52,0
360.0,420.0,:1177161483_7_0,:1177161483_7,0,22.22,6.85,0,0.0,22.22,75.28,56.46,3.2,30.44,8.24,1.65,0.9,0
360.0,420.0,:1177161483_8_0,:1177161483_8,0,6.55,5.46,0,0.0,6.55,39.34,28.34,-10.86,7.98,5.62,0.12,-1.42,0
360.0,420.0,:1177161504_0_0,:1177161504_0,0,22.22,14.34,0,0.0,22.22,,,,,,0.34,-0.56,0
360.0,420.0,:1177161504_6_0,:1177161504_6,0,22.22,17.88,0,0.0,22.22,43.74,15.19,-0.38,2.92,1.1,0.17,-1.23,0
360.0,420.0,:1177161508_0_0,:1177161508_0,0,6.0,5.32,0,0.0,6.0,100.69,98.88,-7.65,19.84,19.46,0.93,-0.03,0
360.0,420.0,:1177161508_1_0,:1177161508_1,0,9.08,8.94,0,0.0,9.08,143.87,138.48,5.6,18.18,15.6,1.24,-0.13,0
360.0,420.0,:1177161508_4_0,:1177161508_4,0,11.11,12.52,0,0.0,11.11,33.68,13.69,2.44,2.96,1.37,0.01,-1.51,0
360.0,420.0,:1177161508_6_0,:1177161508_6,0,11.11,12.33,0,0.0,11.11,102.32,58.53,2.26,9.22,5.01,-0.11,-2.3,0
360.0,420.0,:1177161509_1_0,:1177161509_1,0,13.89,13.58,0,0.0,13.89,177.91,177.91,13.58,13.1,13.1,0.38,0.38,0
360.0,420.0,:1177161547_7_0,:1177161547_7,0,22.22,17.8,0,0.0,22.22,49.87,14.8,3.24,3.41,1.07,0.35,-0.2,0
360.0,420.0,:1177161549_0_0,:1177161549_0,0,13.89,8.63,0,0.0,13.89,77.62,75.34,-9.44,9.77,9.74,1.99,1.02,0
360.0,420.0,:1177161549_1_0,:1177161549_1,0,7.63,7.16,0,0.0,7.63,16.17,4.78,-6.1,4.59,1.13,1.14,-0.96,0
360.0,420.0,:1177161549_3_0,:1177161549_3,0,6.93,6.74,0,0.0,6.93,45.65,42.32,-6.63,6.94,6.41,0.37,-0.64,0
360.0,420.0,:1177161549_7_0,:1177161549_7,0,22.22,17.89,0,0.0,22.22,59.1,19.64,8.64,3.52,1.15,0.24,-0.58,0
360.0,420.0,:1177161553_4_0,:1177161553_4,0,13.89,12.81,0,0.0,13.89,,,,,,0.17,0.15,0
360.0,420.0,:1177161573_13_0,:1177161573_13,0,13.89,13.91,0,0.0,13.89,,,,,,-0.12,-1.27,0
360.0,420.0,:1177161573_1_0,:1177161573_1,0,13.89,9.31,0,0.0,13.89,61.73,24.78,-3.89,8.13,3.3,1.69,0.61,0
360.0,420.0,:1177161573_4_0,:1177161573_4,0,7.97,7.42,0,0.0,7.97,,,,,,-1.65,-4.0,1
360.0,420.0,:1177161573_5_0,:1177161573_5,0,13.89,13.23,0,0.0,13.89,,,,,,0.01,-2.25,0
360.0,420.0,:1177161612_3_0,:1177161612_3,0,6.51,6.34,0,0.0,6.51,,,,,,-2.01,-4.0,1
360.0,420.0,:1177161612_4_0,:1177161612_4,0,22.22,16.58,0,0.0,22.22,68.96,16.15,0.19,4.31,1.14,-0.1,-0.97,0
360.0,420.0,:1177161612_6_0,:1177161612_6,0,22.22,17.76,0,0.0,22.22,44.04,15.18,-0.15,2.95,1.09,0.0,-1.89,0
360.0,420.0,:1177161612_9_0,:1177161612_9,0,3.65,3.31,0,0.0,3.65,36.49,33.03,-13.74,11.39,10.72,-1.38,-3.22,1
360.0,420.0,:1177161631_1_0,:1177161631_1,1,11.15,17.99,0,0.22,22.22,64.84,16.48,3.22,4.54,1.14,0.31,-2.37,0
360.0,420.0,:1177161631_3_0,:1177161631_3,0,6.84,7.56,0,0.0,6.84,29.25,16.2,-0.45,4.2,2.39,0.39,-1.2,0
360.0,420.0,:1177161631_4_0,:1177161631_4,0,13.89,9.01,0,0.0,13.89,,,,,,1.19,0.89,0
360.0,420.0,:1177161634_3_0,:1177161634_3,0,11.11,13.11,0,0.0,11.11,50.24,17.91,-1.54,5.26,1.76,-0.12,-1.99,0
360.0,420.0,:1177161645_4_0,:1177161645_4,0,22.22,16.36,0,0.0,22.22,49.5,15.58,1.65,3.16,1.14,-0.36,-1.13,0
360.0,420.0,:1177161645_5_0,:1177161645_5,0,22.22,17.19,0,0.0,22.22,45.08,15.33,-0.03,2.97,1.15,-0.49,-1.6,0
360.0,420.0,:1177161675_0_0,:1177161675_0,0,13.89,14.45,0,0.0,13.89,47.44,13.55,1.84,3.67,1.09,0.21,-1.07,0
360.0,420.0,:1177161675_1_0,:1177161675_1,0,7.93,6.12,0,0.0,7.93,,,,,,-5.0,-5.0,1
360.0,420.0,:1177161675_9_0,:1177161675_9,0,7.93,8.68,0,0.0,7.93,,,,,,1.71,1.31,0
360.0,420.0,:1177161698_0_0,:1177161698_0,0,6.25,6.22,0,0.0,6.25,87.16,81.15,-7.66,15.45,15.18,-0.43,-5.0,1
360.0,420.0,:1177161698_10_0,:1177161698_10,0,7.79,7.12,0,0.0,7.79,,,,,,1.02,0.35,0
360.0,420.0,:1177161698_6_0,:1177161698_6,0,13.89,16.6,0,0.0,13.89,82.16,54.29,10.63,5.78,3.27,0.1,-0.72,0
360.0,420.0,:1177161698_7_0,:1177161698_7,0,7.79,5.07,0,0.0,7.79,,,,,,-4.0,-4.0,1
360.0,420.0,:1177161703_3_0,:1177161703_3,0,11.11,11.61,0,0.0,11.11,72.25,38.39,3.1,6.74,3.77,0.28,-1.6,0
360.0,420.0,:1177211334_0_0,:1177211334_0,0,13.89,12.96,0,0.0,13.89,,,,,,1.2,0.08,0
360.0,420.0,:1177211334_1_0,:1177211334_1,0,8.02,7.04,0,0.0,8.02,29.24,28.34,-3.35,4.45,4.28,-1.1,-4.0,1
360.0,420.0,:1177211334_3_0,:1177211334_3,1,5.5,6.55,0,0.22,6.54,47.23,11.41,-5.95,8.0,2.07,-0.48,-5.0,2
360.0,420.0,:1177211334_6_0,:1177211334_6,0,6.28,6.07,0,0.0,6.28,56.6,40.79,-6.5,10.14,6.71,-0.99,-4.42,2
360.0,420.0,:1177211334_9_0,:1177211334_9,0,8.02,8.02,0,0.0,8.02,32.96,32.06,-3.71,4.23,4.22,0.98,0.91,0
360.0,420.0,:1177211361_2_0,:1177211361_2,0,3.65,2.54,0,0.0,3.65,,,,,,0.17,0.04,0
360.0,420.0,:1177211432_0_0,:1177211432_0,0,16.67,17.71,0,0.0,16.67,,,,,,0.86,0.29,0
360.0,420.0,:1177211432_0_1,:1177211432_0,0,16.67,17.14,0,0.0,16.67,50.98,44.33,2.98,3.36,3.17,0.12,-0.36,0
360.0,420.0,:1177211432_2_0,:1177211432_2,0,6.02,6.24,0,0.0,6.02,30.98,30.83,-0.43,4.97,4.95,-2.01,-4.0,2
360.0,420.0,:1177211462_4_0,:1177211462_4,0,8.01,8.42,0,0.0,8.01,,,,,,-2.05,-5.0,1
360.0,420.0,:1177211464_0_0,:1177211464_0,0,11.11,11.93,0,0.0,11.11,22.8,11.85,-0.36,2.05,1.02,0.17,-0.9,0
360.0,420.0,:1177211468_0_0,:1177211468_0,0,13.89,12.74,0,0.0,13.89,24.08,11.37,-0.66,2.41,1.13,0.9,-1.59,0
360.0,420.0,:1177211468_6_0,:1177211468_6,0,13.89,13.81,0,0.0,13.89,39.75,11.35,2.95,3.25,1.09,0.52,-2.19,0
360.0,420.0,:1177211474_1_0,:1177211474_1,0,7.75,7.92,0,0.0,7.75,27.58,4.27,-3.66,3.67,0.85,0.71,-0.11,0
360.0,420.0,:1177211474_4_0,:1177211474_4,0,13.89,12.72,0,0.0,13.89,50.85,30.22,2.53,4.46,2.57,1.64,0.8,0
360.0,420.0,:1177211474_6_0,:1177211474_6,0,13.89,9.56,0,0.0,13.89,33.76,31.68,3.68,3.74,3.31,1.07,0.91,0
360.0,420.0,:1177211489_4_0,:1177211489_4,0,13.89,13.88,0,0.0,13.89,,,,,,0.67,0.12,0
360.0,420.0,:1177211539_0_1,:1177211539_0,1,10.99,11.71,0,0.22,11.11,69.05,52.66,6.96,6.67,4.79,0.56,-0.28,0
360.0,420.0,:1177211571_1_0,:1177211571_1,0,8.02,7.67,0,0.0,8.02,29.68,5.0,-4.13,7.51,1.14,1.39,0.59,0
360.0,420.0,:1177211571_2_0,:1177211571_2,0,3.65,2.88,0,0.0,3.65,,,,,,-0.25,-1.38,0
360.0,420.0,:1177211571_4_0,:1177211571_4,0,13.89,14.11,0,0.0,13.89,30.13,11.23,1.25,3.14,1.05,0.35,-2.11,0
360.0,420.0,:1177211571_6_0,:1177211571_6,0,13.89,12.72,0,0.0,13.89,68.29,44.52,2.51,5.95,3.63,1.15,0.49,0
360.0,420.0,:1177211571_9_0,:1177211571_9,0,3.65,3.42,0,0.0,3.65,,,,,,-1.43,-2.15,0
360.0,420.0,:1177211573_5_0,:1177211573_5,0,11.11,12.07,0,0.0,11.11,,,,,,0.37,-0.98,0
360.0,420.0,:1177211687_6_0,:1177211687_6,0,13.89,12.12,0,0.0,13.89,,,,,,0.82,0.47,0
360.0,420.0,:1177211724_6_0,:1177211724_6,0,6.61,6.53,0,0.0,6.61,44.01,34.92,-0.39,7.01,5.35,-1.28,-5.0,2
360.0,420.0,:1177211724_7_0,:1177211724_7,0,22.22,15.15,0,0.0,22.22,13.37,5.8,7.05,1.4,1.04,-2.9,-5.0,10
360.0,420.0,:1177211769_0_0,:1177211769_0,0,13.89,12.12,0,0.0,13.89,,,,,,0.42,0.19,0
360.0,420.0,:1177211769_4_0,:1177211769_4,1,7.64,8.79,0,0.14,8.98,21.25,9.05,-2.14,2.88,1.16,0.92,-1.98,0
360.0,420.0,:1177211769_6_0,:1177211769_6,0,7.64,9.36,0,0.0,7.64,40.45,26.83,-0.09,5.68,3.14,-1.36,-5.0,8
360.0,420.0,:1177211769_7_0,:1177211769_7,0,13.89,11.64,0,0.0,13.89,,,,,,1.08,0.92,0
360.0,420.0,:1177211785_0_0,:1177211785_0,0,27.78,10.28,0,0.0,27.78,6.87,3.49,1.94,1.67,1.04,-0.02,-3.85,2
360.0,420.0,:1177211785_6_0,:1177211785_6,0,27.78,10.19,0,0.0,27.78,6.8,2.1,1.69,1.77,0.97,0.18,-2.81,0
360.0,420.0,:1177211896_0_0,:1177211896_0,0,7.27,7.49,0,0.0,7.27,19.37,17.33,-3.81,2.93,2.64,0.72,-1.83,0
360.0,420.0,:1177211896_10_0,:1177211896_10,0,8.65,7.8,0,0.0,8.65,56.55,44.76,-1.43,9.07,6.34,1.26,-1.03,0
360.0,420.0,:1177211896_7_0,:1177211896_7,0,8.65,6.54,0,0.0,8.65,55.07,45.24,-2.85,11.41,9.43,-3.94,-5.0,2
360.0,420.0,:1177211991_7_0,:1177211991_7,0,2.78,2.78,0,0.0,2.78,,,,,,-0.0,-1.58,0
360.0,420.0,:1177212006_7_0,:1177212006_7,0,8.02,7.75,0,0.0,8.02,94.21,92.86,-1.74,14.38,12.33,1.28,0.79,0
360.0,420.0,:1177212025_11_0,:1177212025_11,0,3.65,3.68,0,0.0,3.65,,,,,,-0.17,-2.35,0
360.0,420.0,:1177212025_4_0,:1177212025_4,0,22.22,17.02,0,0.0,22.22,85.23,62.11,12.29,5.17,3.65,0.47,-0.2,0
360.0,420.0,:1177212025_6_0,:1177212025_6,1,12.18,14.45,0,0.19,22.22,36.63,35.93,-3.64,2.66,2.61,1.24,0.6,0
360.0,420.0,:1177212025_8_0,:1177212025_8,0,3.65,3.84,0,0.0,3.65,,,,,,-4.39,-4.39,1
360.0,420.0,:1177212028_1_0,:1177212028_1,0,8.2,6.11,0,0.0,8.2,,,,,,-3.35,-3.35,1
360.0,420.0,:1177212028_3_0,:1177212028_3,0,6.46,7.05,0,0.0,6.46,48.14,23.67,1.15,7.06,3.36,-0.18,-0.61,0
360.0,420.0,:1177212028_9_0,:1177212028_9,0,8.2,7.62,0,0.0,8.2,,,,,,1.0,0.65,0
360.0,420.0,:1177212032_0_0,:1177212032_0,0,13.89,14.82,0,0.0,13.89,,,,,,-0.43,-1.18,0
360.0,420.0,:1177212032_11_0,:1177212032_11,0,3.65,2.03,0,0.0,3.65,8.99,7.26,-4.41,7.47,5.27,1.35,1.06,0
360.0,420.0,:1177212032_6_0,:1177212032_6,0,7.93,8.14,0,0.0,7.93,,,,,,-1.32,-3.14,1
360.0,420.0,:1177212032_7_0,:1177212032_7,0,13.89,11.77,0,0.0,13.89,14.33,13.98,-1.29,1.23,1.2,0.52,0.31,0
360.0,420.0,:1177212032_8_0,:1177212032_8,0,3.65,2.7,0,0.0,3.65,40.11,0.1,-7.1,70.6,0.42,-1.57,-4.0,2
360.0,420.0,:1177212077_0_0,:1177212077_0,0,22.22,16.11,0,0.0,22.22,58.86,39.46,10.85,3.76,2.45,-0.17,-2.28,0
360.0,420.0,:1177212077_6_0,:1177212077_6,0,22.22,9.82,0,0.0,22.22,58.93,23.42,-6.12,6.41,2.59,1.36,0.61,0
360.0,420.0,:1177212096_0_0,:1177212096_0,0,11.11,12.04,0,0.0,11.11,7.02,3.95,1.8,1.39,0.84,-0.4,-4.67,5
360.0,420.0,:1177212155_0_0,:1177212155_0,0,6.22,6.06,0,0.0,6.22,,,,,,-0.51,-1.82,0
360.0,420.0,:1177212155_1_0,:1177212155_1,0,13.89,10.68,0,0.0,13.89,,,,,,2.18,1.22,0
360.0,420.0,:1177212155_4_0,:1177212155_4,0,13.89,13.7,0,0.0,13.89,,,,,,0.11,-0.19,0
360.0,420.0,:1177212157_0_0,:1177212157_0,0,27.78,9.59,0,0.0,27.78,59.7,49.25,-0.81,6.7,5.38,1.11,0.54,0
360.0,420.0,:1177212157_2_0,:1177212157_2,0,27.78,13.56,0,0.0,27.78,15.59,3.63,2.88,2.86,0.96,-0.79,-4.31,5
360.0,420.0,:1177212157_4_0,:1177212157_4,0,6.76,4.65,0,0.0,6.76,66.78,66.36,-2.06,15.27,14.46,1.18,1.04,0
360.0,420.0,:1177212157_5_0,:1177212157_5,1,2.3,4.44,0,0.21,7.19,1.81,0.0,0.22,3.65,0.54,0.11,-3.47,1
360.0,420.0,:11843639551_0_0,:11843639551_0,0,11.11,10.86,0,0.0,11.11,27.72,27.55,0.88,2.59,2.57,-0.43,-0.65,0
360.0,420.0,:11843639551_2_0,:11843639551_2,0,5.79,5.88,0,0.0,5.79,52.61,46.35,-8.15,9.39,8.05,-1.17,-4.68,2
360.0,420.0,:11843639551_3_0,:11843639551_3,0,8.92,8.72,0,0.0,8.92,26.85,3.64,-2.42,4.13,1.04,1.04,-1.11,0
360.0,420.0,:1186025287_3_0,:1186025287_3,0,13.89,12.35,0,0.0,13.89,46.13,46.13,-2.7,3.84,3.84,0.43,-0.43,0
360.0,420.0,:1186025292_10_0,:1186025292_10,0,8.03,7.06,0,0.0,8.03,,,,,,1.07,0.46,0
360.0,420.0,:1186025292_4_0,:1186025292_4,0,8.03,5.32,0,0.0,8.03,,,,,,-3.95,-4.0,2
360.0,420.0,:1186025303_3_0,:1186025303_3,0,22.22,17.56,0,0.0,22.22,50.72,13.4,6.3,3.73,1.12,-1.03,-4.0,1
360.0,420.0,:1186025305_4_0,:1186025305_4,0,11.11,12.45,0,0.0,11.11,32.35,32.35,0.45,2.6,2.6,0.15,-0.16,0
360.0,420.0,:1186025305_5_0,:1186025305_5,0,11.11,12.38,0,0.0,11.11,54.15,11.71,0.89,5.28,1.17,-0.09,-1.77,0
360.0,420.0,:1186025318_1_0,:1186025318_1,0,13.89,14.59,0,0.0,13.89,93.63,52.57,6.5,6.9,3.92,0.01,-1.85,0
360.0,420.0,:1186025330_0_0,:1186025330_0,0,6.16,2.53,0,0.0,6.16,45.88,0.1,-7.21,260.02,25.82,-1.68,-5.0,2
360.0,420.0,:1186025330_2_0,:1186025330_2,0,22.22,17.77,0,0.0,22.22,38.52,12.93,6.57,2.96,1.14,0.46,-1.17,0
360.0,420.0,:1186025330_3_0,:1186025330_3,0,6.05,6.15,0,0.0,6.05,,,,,,-1.6,-4.0,1
360.0,420.0,:1186025330_4_0,:1186025330_4,0,6.16,5.92,0,0.0,6.16,29.15,15.54,-13.16,12.72,8.4,1.43,-0.47,0
360.0,420.0,:1186025346_3_0,:1186025346_3,0,22.22,17.68,0,0.0,22.22,28.96,13.26,10.81,1.91,1.01,0.18,-4.69,1
360.0,420.0,:1186025349_4_0,:1186025349_4,0,11.11,9.71,0,0.0,11.11,35.29,12.71,2.83,3.78,1.31,0.19,-1.39,0
360.0,420.0,:1186025349_5_0,:1186025349_5,0,11.11,11.26,0,0.0,11.11,40.49,31.52,7.3,3.79,3.1,-0.05,-0.79,0
360.0,420.0,:1187083424_1_0,:1187083424_1,0,12.3,12.74,0,0.0,12.3,,,,,,-3.34,-3.34,1
360.0,420.0,:1187083424_2_0,:1187083424_2,0,10.93,11.88,0,0.0,10.93,93.6,93.6,0.09,8.73,8.73,-0.7,-5.0,1
360.0,420.0,:1187083489_0_0,:1187083489_0,0,11.11,10.83,0,0.0,11.11,10.12,10.08,-0.65,1.03,0.99,0.73,0.2,0
360.0,420.0,:1189036468_3_0,:1189036468_3,0,22.22,16.09,0,0.0,22.22,27.93,12.77,11.02,2.04,1.28,-1.4,-5.0,2
360.0,420.0,:1189036484_6_0,:1189036484_6,0,22.22,17.18,0,0.0,22.22,,,,,,0.22,0.22,0
360.0,420.0,:1189036489_4_0,:1189036489_4,0,13.89,13.49,0,0.0,13.89,,,,,,-1.58,-4.0,1
360.0,420.0,:1189036513_4_0,:1189036513_4,0,13.89,10.15,0,0.0,13.89,,,,,,0.84,0.84,0
360.0,420.0,:1189036513_5_0,:1189036513_5,0,13.89,13.47,0,0.0,13.89,,,,,,-0.38,-0.76,0
360.0,420.0,:1189036518_4_0,:1189036518_4,0,13.89,13.46,0,0.0,13.89,,,,,,-0.25,-0.25,0
360.0,420.0,:1189036526_3_0,:1189036526_3,0,11.11,11.72,0,0.0,11.11,43.56,12.31,0.25,4.07,1.29,0.09,-0.41,0
360.0,420.0,:1189036541_0_0,:1189036541_0,0,11.11,10.57,0,0.0,11.11,,,,,,-0.09,-0.88,0
360.0,420.0,:1189036584_5_0,:1189036584_5,0,3.65,3.87,0,0.0,3.65,,,,,,-0.23,-0.86,0
360.0,420.0,:1189036611_0_0,:1189036611_0,0,11.11,11.0,0,0.0,11.11,,,,,,-0.15,-0.45,0
360.0,420.0,:1189036615_2_0,:1189036615_2,0,22.22,5.26,0,0.22,22.22,2.66,0.55,0.52,1.53,0.7,0.07,-2.13,0
360.0,420.0,:1189036617_3_0,:1189036617_3,0,11.11,10.87,0,0.0,11.11,41.13,41.11,-0.11,3.97,3.78,0.53,-0.93,0
360.0,420.0,:1189036625_0_0,:1189036625_0,0,11.11,11.19,0,0.0,11.11,,,,,,0.1,-0.6,0
360.0,420.0,:1189036694_3_0,:1189036694_3,0,11.11,12.16,0,0.0,11.11,46.37,13.27,2.17,4.19,1.14,-0.18,-0.95,0
360.0,420.0,:1189036717_0_1,:1189036717_0,0,16.67,17.92,0,0.0,16.67,69.88,23.71,3.34,4.41,1.82,-0.79,-3.26,1
360.0,420.0,:1189036717_3_0,:1189036717_3,0,6.04,6.05,0,0.0,6.04,81.31,80.04,-4.74,13.88,13.23,-1.6,-2.47,0
360.0,420.0,:1189036737_4_0,:1189036737_4,0,22.22,15.83,0,0.0,22.22,,,,,,1.42,1.42,0
360.0,420.0,:1189036737_5_0,:1189036737_5,0,22.22,17.31,0,0.0,22.22,49.95,14.87,-0.33,3.21,1.08,0.1,-1.18,0
360.0,420.0,:1189036777_0_0,:1189036777_0,1,9.86,17.87,0,0.22,22.22,29.39,12.13,4.85,2.2,1.09,-0.45,-4.69,3
360.0,420.0,:1189036777_6_0,:1189036777_6,0,22.22,13.46,0,0.0,22.22,178.44,178.44,8.85,13.25,13.25,1.19,0.65,0
360.0,420.0,:1189036795_0_0,:1189036795_0,0,16.67,13.34,0,0.0,16.67,,,,,,-0.24,-0.24,0
360.0,420.0,:1189036795_3_0,:1189036795_3,0,6.51,6.71,0,0.0,6.51,,,,,,0.22,-1.32,0
360.0,420.0,:1189036797_6_0,:1189036797_6,0,13.89,11.16,0,0.0,13.89,69.02,67.51,-5.65,6.39,6.05,-0.36,-1.34,0
360.0,420.0,:1189036799_2_0,:1189036799_2,0,22.22,17.3,0,0.0,22.22,33.25,18.99,4.76,2.02,1.29,0.06,-0.17,0
360.0,420.0,:1189036817_0_0,:1189036817_0,0,16.67,17.59,0,0.0,16.67,34.97,34.43,-2.45,2.56,2.53,0.28,0.15,0
360.0,420.0,:1189036817_0_1,:1189036817_0,0,16.67,16.95,0,0.0,16.67,,,,,,-1.41,-1.41,0
360.0,420.0,:1189036844_3_0,:1189036844_3,0,22.22,16.89,0,0.0,22.22,27.05,17.67,6.91,1.75,1.34,-0.24,-2.93,0
360.0,420.0,:1189036857_1_0,:1189036857_1,0,22.22,17.98,0,0.0,22.22,64.26,15.0,1.65,4.17,1.08,0.09,-2.43,0
360.0,420.0,:1189036857_2_0,:1189036857_2,0,22.22,16.58,0,0.0,22.22,32.96,25.38,3.17,2.01,1.58,0.35,-0.64,0
360.0,420.0,:1189036859_3_0,:1189036859_3,0,11.11,11.68,0,0.0,11.11,63.08,11.69,0.29,5.8,1.22,-0.15,-1.03,0
360.0,420.0,:1189036870_3_0,:1189036870_3,1,8.12,12.7,0,0.13,11.11,69.04,40.23,1.51,6.99,4.04,-0.22,-0.65,0
360.0,420.0,:1189036870_3_1,:1189036870_3,0,11.11,10.87,0,0.0,11.11,,,,,,-0.01,-0.08,0
360.0,420.0,:1189036917_3_0,:1189036917_3,0,22.22,17.68,0,0.0,22.22,55.62,41.39,0.09,3.53,2.73,1.03,-0.41,0
360.0,420.0,:1189036932_0_0,:1189036932_0,0,7.5,7.78,0,0.0,7.5,,,,,,-1.45,-4.0,1
360.0,420.0,:1189036932_11_0,:1189036932_11,0,3.66,3.62,0,0.0,3.66,,,,,,-0.41,-0.43,0
360.0,420.0,:1189036932_5_0,:1189036932_5,0,3.66,3.84,0,0.0,3.66,,,,,,-2.94,-2.94,0
360.0,420.0,:1189036937_1_0,:1189036937_1,0,22.22,17.94,0,0.0,22.22,54.46,15.62,-1.96,4.56,1.22,0.44,-1.06,0
360.0,420.0,:1189036937_2_0,:1189036937_2,0,22.22,16.31,0,0.0,22.22,17.28,17.28,0.26,1.23,1.23,0.51,0.11,0
360.0,420.0,:1189868548_2_0,:1189868548_2,0,27.78,17.48,0,0.0,27.78,34.74,13.79,5.48,2.33,1.27,-1.78,-4.0,8
360.0,420.0,:1189868548_2_1,:1189868548_2,0,27.78,17.82,0,0.0,27.78,102.71,15.36,0.9,6.57,1.12,-0.32,-3.67,1
360.0,420.0,:1189868548_4_0,:1189868548_4,0,10.64,10.86,0,0.0,10.64,,,,,,-3.05,-5.0,1
360.0,420.0,:1189868561_0_0,:1189868561_0,0,11.11,11.84,0,0.0,11.11,68.75,60.91,-0.11,6.43,5.14,0.09,-2.21,0
360.0,420.0,:1189868581_6_0,:1189868581_6,0,6.49,7.0,0,0.0,6.49,,,,,,0.85,0.73,0
360.0,420.0,:1189868590_6_0,:1189868590_6,0,13.89,16.35,0,0.0,13.89,77.27,71.67,14.54,5.34,4.63,-0.17,-1.35,0
360.0,420.0,:1189868591_1_0,:1189868591_1,0,8.02,6.5,0,0.0,8.02,,,,,,1.23,-1.17,0
360.0,420.0,:1189868598_0_0,:1189868598_0,0,22.22,18.0,0,0.0,22.22,27.05,14.6,5.05,1.8,1.11,-0.04,-2.49,0
360.0,420.0,:1190100058_0_0,:1190100058_0,0,6.88,6.79,0,0.0,6.88,52.68,32.13,-3.99,9.07,4.93,-0.74,-3.84,1
360.0,420.0,:1190100058_14_0,:1190100058_14,0,8.32,7.4,0,0.0,8.32,43.57,38.95,-6.22,6.75,6.54,0.36,-1.99,0
360.0,420.0,:1190100058_9_0,:1190100058_9,0,27.78,17.11,0,0.0,27.78,,,,,,-0.24,-0.24,0
360.0,420.0,:1190100061_0_0,:1190100061_0,0,22.22,17.93,0,0.0,22.22,53.14,17.0,1.71,3.28,1.17,0.17,-1.56,0
360.0,420.0,:1190100064_0_0,:1190100064_0,0,11.11,12.5,0,0.21,11.11,72.71,29.92,1.36,6.1,2.39,-0.31,-1.87,0
360.0,420.0,:1190100093_0_0,:1190100093_0,0,13.89,13.27,0,0.0,13.89,66.86,66.86,0.8,5.04,5.04,-0.88,-1.82,0
360.0,420.0,:1190100107_2_0,:1190100107_2,0,11.11,12.4,0,0.0,11.11,135.93,61.4,3.04,12.05,5.39,-0.13,-1.23,0
360.0,420.0,:1190100120_1_0,:1190100120_1,0,19.45,12.48,0,0.0,19.45,,,,,,-4.31,-4.31,1
360.0,420.0,:1190100138_3_0,:1190100138_3,0,11.11,11.47,0,0.0,11.11,,,,,,-0.04,-1.64,0
360.0,420.0,:1190100178_0_0,:1190100178_0,0,11.11,10.52,0,0.0,11.11,,,,,,-0.39,-1.44,0
360.0,420.0,:1190100178_6_0,:1190100178_6,0,11.11,11.9,0,0.0,11.11,94.75,94.75,4.51,7.96,7.96,0.42,-0.21,0
360.0,420.0,:1190100185_0_0,:1190100185_0,0,27.78,14.5,0,0.0,27.78,,,,,,0.49,0.49,0
360.0,420.0,:1190100199_0_0,:1190100199_0,0,11.11,12.61,0,0.0,11.11,52.9,12.36,-0.23,5.18,1.1,0.22,-1.03,0
360.0,420.0,:1190100244_3_0,:1190100244_3,0,11.11,11.11,0,0.0,11.11,,,,,,0.21,0.21,0
360.0,420.0,:1190100298_1_0,:1190100298_1,0,13.89,13.36,0,0.0,13.89,,,,,,0.22,0.22,0
360.0,420.0,:1190100298_8_0,:1190100298_8,0,13.89,13.04,0,0.0,13.89,169.29,169.29,1.66,12.98,12.98,0.41,0.41,0
360.0,420.0,:1190100324_4_0,:1190100324_4,1,11.04,11.04,0,0.28,11.11,31.21,31.18,0.47,3.07,2.99,0.04,-1.07,0
360.0,420.0,:1190100324_5_0,:1190100324_5,0,11.11,11.86,0,0.0,11.11,88.01,88.01,3.86,7.42,7.42,-0.6,-1.28,0
360.0,420.0,:1190100352_0_0,:1190100352_0,0,27.78,17.36,0,0.0,27.78,82.19,82.19,-1.39,4.98,4.98,0.59,-0.14,0
360.0,420.0,:1190100352_6_0,:1190100352_6,0,27.78,17.45,0,0.0,27.78,,,,,,-0.1,-0.61,0
360.0,420.0,:1190100379_1_0,:1190100379_1,0,11.11,10.68,0,0.0,11.11,,,,,,0.11,-0.23,0
360.0,420.0,:1190100407_0_0,:1190100407_0,0,11.11,12.11,0,0.0,11.11,78.98,11.95,0.47,7.26,1.13,0.02,-0.78,0
360.0,420.0,:1190100439_1_0,:1190100439_1,0,13.89,10.34,0,0.0,13.89,14.72,14.51,-0.45,1.44,1.4,-0.95,-1.71,0
360.0,420.0,:1190100487_1_0,:1190100487_1,0,11.11,10.99,0,0.0,11.11,,,,,,0.01,-0.95,0
360.0,420.0,:1190100495_3_0,:1190100495_3,0,11.11,11.55,0,0.0,11.11,,,,,,-0.45,-1.64,0
360.0,420.0,:1190100498_2_0,:1190100498_2,1,11.28,11.51,0,0.21,11.11,61.12,13.75,-0.05,5.97,1.23,-0.21,-1.86,0
360.0,420.0,:1190100514_0_0,:1190100514_0,0,11.11,9.98,0,0.0,11.11,,,,,,-0.29,-0.66,0
360.0,420.0,:1190100514_7_0,:1190100514_7,0,11.11,12.22,0,0.0,11.11,61.56,29.84,4.33,5.05,2.48,-0.14,-0.27,0
360.0,420.0,:1190128192_0_0,:1190128192_0,0,22.22,17.28,0,0.0,22.22,44.4,14.54,6.11,2.99,1.12,0.27,-1.62,0
360.0,420.0,:1190128206_13_0,:1190128206_13,0,13.89,7.79,0,0.0,13.89,,,,,,1.11,0.62,0
360.0,420.0,:1190128206_1_0,:1190128206_1,0,13.89,12.54,0,0.0,13.89,,,,,,0.33,0.16,0
360.0,420.0,:1190128206_5_0,:1190128206_5,0,13.89,10.66,0,0.0,13.89,52.6,24.16,1.58,8.38,3.06,1.42,0.79,0
360.0,420.0,:1190128211_0_0,:1190128211_0,0,7.81,8.79,0,0.0,7.81,24.68,23.71,2.83,2.82,2.7,-0.82,-1.79,0
360.0,420.0,:1190128211_12_0,:1190128211_12,0,5.95,5.4,0,0.0,5.95,,,,,,-0.75,-1.8,0
360.0,420.0,:1190128211_13_0,:1190128211_13,0,13.89,10.62,0,0.0,13.89,,,,,,2.12,0.55,0
360.0,420.0,:1190128211_5_0,:1190128211_5,0,13.89,10.46,0,0.0,13.89,45.65,43.74,1.01,5.79,4.18,1.45,0.7,0
360.0,420.0,:1190128222_10_0,:1190128222_10,0,7.97,7.55,0,0.0,7.97,37.11,35.24,-3.75,5.23,5.06,1.26,0.48,0
360.0,420.0,:1190128222_3_0,:1190128222_3,0,6.66,6.68,0,0.0,6.66,126.7,123.41,6.58,19.23,18.62,-1.34,-3.9,1
360.0,420.0,:1190128222_7_0,:1190128222_7,0,7.97,5.66,0,0.0,7.97,33.41,33.41,-4.01,5.9,5.9,-4.0,-4.0,1
360.0,420.0,:1190128225_6_0,:1190128225_6,0,11.11,9.22,0,0.0,11.11,,,,,,0.25,-0.6,0
360.0,420.0,:1190128241_0_0,:1190128241_0,0,13.89,14.18,0,0.0,13.89,20.09,13.92,2.17,1.56,1.1,-0.17,-1.18,0
360.0,420.0,:1190128241_10_0,:1190128241_10,0,3.65,3.69,0,0.0,3.65,,,,,,-2.18,-4.0,1
360.0,420.0,:1190128241_4_0,:1190128241_4,0,7.73,6.7,0,0.0,7.73,22.89,2.83,-4.52,7.48,1.05,1.06,-0.24,0
360.0,420.0,:1190128257_13_0,:1190128257_13,0,13.89,10.34,0,0.0,13.89,58.47,48.26,0.29,7.5,5.39,1.61,0.64,0
360.0,420.0,:1190128257_14_0,:1190128257_14,0,8.59,8.85,0,0.0,8.59,61.4,60.78,-0.01,7.68,6.87,1.34,0.75,0
360.0,420.0,:1190128257_4_0,:1190128257_4,0,6.24,5.87,0,0.0,6.24,27.24,23.17,-8.47,4.92,4.48,-0.25,-1.05,0
360.0,420.0,:1190128270_6_0,:1190128270_6,0,11.11,9.22,0,0.0,11.11,,,,,,-0.84,-1.54,0
360.0,420.0,:1190128289_0_0,:1190128289_0,0,13.89,13.17,0,0.0,13.89,23.26,9.52,-1.67,2.72,1.22,1.4,0.18,0
360.0,420.0,:1190128289_7_0,:1190128289_7,0,13.89,12.46,0,0.28,13.89,10.21,0.45,1.47,1.44,0.63,-0.52,-4.0,6
360.0,420.0,:1190128318_0_0,:1190128318_0,0,11.11,9.53,0,0.0,11.11,,,,,,-1.62,-1.62,0
360.0,420.0,:1190128318_0_1,:1190128318_0,0,11.11,11.31,0,0.0,11.11,,,,,,-0.19,-0.99,0
360.0,420.0,:1190128320_10_0,:1190128320_10,0,7.64,7.99,0,0.0,7.64,40.27,33.54,4.4,5.76,4.91,0.6,-0.82,0
360.0,420.0,:1190128320_4_0,:1190128320_4,0,7.64,6.43,0,0.0,7.64,45.89,33.58,2.49,7.48,5.97,-3.69,-4.0,3
360.0,420.0,:1190128334_1_0,:1190128334_1,0,3.65,3.48,0,0.0,3.65,,,,,,0.42,-0.46,0
360.0,420.0,:1190128345_6_0,:1190128345_6,0,11.11,11.69,0,0.0,11.11,,,,,,-0.48,-0.98,0
360.0,420.0,:1191714317_0_0,:1191714317_0,0,2.78,3.0,0,0.0,2.78,,,,,,-0.09,-1.55,0
360.0,420.0,:1191714336_4_0,:1191714336_4,0,22.22,17.13,0,0.0,22.22,119.09,116.96,7.8,7.82,7.53,0.47,-1.06,0
360.0,420.0,:1191714336_6_0,:1191714336_6,0,22.22,17.79,0,0.0,22.22,39.03,38.97,-0.61,2.28,2.19,1.26,0.46,0
360.0,420.0,:1191714356_0_0,:1191714356_0,0,13.89,10.28,0,0.0,13.89,,,,,,1.1,0.73,0
360.0,420.0,:1191714373_0_0,:1191714373_0,0,22.22,17.86,0,0.0,22.22,,,,,,1.04,1.04,0
360.0,420.0,:1191714373_4_0,:1191714373_4,0,9.65,6.09,0,0.0,9.65,107.72,100.45,-5.84,26.76,18.48,1.18,-0.07,0
360.0,420.0,:1191714373_7_0,:1191714373_7,0,22.22,17.81,0,0.0,22.22,39.39,39.39,-0.47,2.31,2.31,0.68,0.04,0
360.0,420.0,:1191863693_1_0,:1191863693_1,0,3.65,3.48,0,0.0,3.65,102.97,101.04,-7.22,31.58,31.27,-0.27,-1.29,0
360.0,420.0,:1191863693_4_0,:1191863693_4,0,6.05,6.33,0,0.0,6.05,101.21,98.27,-5.49,19.09,17.12,-1.4,-4.81,1
360.0,420.0,:1191863749_2_0,:1191863749_2,0,6.49,6.32,0,0.0,6.49,28.87,27.86,0.94,4.68,4.61,-0.86,-2.23,0
360.0,420.0,:1191863749_3_0,:1191863749_3,0,19.45,10.86,0,0.0,19.45,,,,,,1.97,1.43,0
360.0,420.0,:1191863749_4_0,:1191863749_4,1,6.31,10.39,0,0.23,22.22,,,,,,1.26,0.53,0
360.0,420.0,:1191863749_5_0,:1191863749_5,0,7.05,6.92,0,0.0,7.05,6.46,5.06,-1.78,1.33,1.21,1.2,-0.53,0
360.0,420.0,:1191863774_3_0,:1191863774_3,0,11.11,9.17,0,0.0,11.11,118.57,117.59,-1.91,13.0,12.94,0.41,-0.01,0
360.0,420.0,:1191863802_12_0,:1191863802_12,0,7.4,6.68,0,0.0,7.4,,,,,,-2.09,-3.94,1
360.0,420.0,:1191863802_13_0,:1191863802_13,0,22.22,16.76,0,0.0,22.22,,,,,,1.73,1.33,0
360.0,420.0,:1191863802_15_0,:1191863802_15,0,3.65,3.89,0,0.0,3.65,,,,,,-2.58,-2.58,0
360.0,420.0,:1191863802_19_0,:1191863802_19,0,3.65,3.56,0,0.0,3.65,,,,,,-1.06,-4.0,1
360.0,420.0,:1191863830_6_0,:1191863830_6,0,2.78,2.67,0,0.0,2.78,68.39,68.14,-0.05,28.41,25.74,-0.03,-0.86,0
360.0,420.0,:1191863830_8_0,:1191863830_8,0,2.78,3.26,0,0.0,2.78,,,,,,-0.12,-1.82,0
360.0,420.0,:1191863854_19_0,:1191863854_19,0,3.65,3.13,0,0.0,3.65,,,,,,-1.1,-2.85,0
360.0,420.0,:1191863867_2_0,:1191863867_2,0,6.49,7.05,0,0.0,6.49,,,,,,-2.84,-4.77,3
360.0,420.0,:1191863867_3_1,:1191863867_3,0,11.11,11.55,0,0.0,11.11,12.64,12.44,-0.13,1.15,1.08,-0.22,-1.4,0
360.0,420.0,:1191863915_4_0,:1191863915_4,0,13.89,12.8,0,0.0,13.89,,,,,,1.78,1.24,0
360.0,420.0,:1191864018_0_0,:1191864018_0,0,16.67,13.52,0,0.0,16.67,,,,,,0.25,0.25,0
360.0,420.0,:1191864018_0_1,:1191864018_0,0,16.67,12.28,0,0.0,16.67,,,,,,2.31,0.93,0
360.0,420.0,:13298747730_1_0,:13298747730_1,0,11.11,9.35,0,0.0,11.11,,,,,,2.34,2.34,0
360.0,420.0,:13300645526_0_0,:13300645526_0,0,27.78,8.84,0,0.0,27.78,,,,,,1.78,1.78,0
360.0,420.0,:13300645526_2_0,:13300645526_2,0,27.78,9.87,0,0.11,27.78,3.98,1.48,0.1,1.32,0.93,-0.44,-3.83,1
360.0,420.0,:13300645527_0_0,:13300645527_0,0,27.78,7.66,0,0.0,27.78,59.5,33.06,-3.95,8.16,4.9,0.82,0.51,0
360.0,420.0,:13300645527_1_0,:13300645527_1,3,0.16,9.59,2,0.62,27.78,26.99,0.0,-2.4,24.91,0.51,-0.16,-5.0,8
360.0,420.0,:13300645529_0_0,:13300645529_0,0,27.78,14.91,0,0.0,27.78,15.28,0.67,-2.43,3.73,0.26,-1.62,-5.0,16
360.0,420.0,:13300645529_1_0,:13300645529_1,0,27.78,11.17,0,0.0,27.78,34.24,8.05,1.35,4.14,1.01,1.27,-1.58,0
360.0,420.0,:13619904153_0_0,:13619904153_0,0,11.11,11.15,0,0.0,11.11,62.34,32.55,4.28,5.89,3.23,-0.16,-0.75,0
360.0,420.0,:13619904153_1_0,:13619904153_1,0,6.07,6.08,0,0.0,6.07,,,,,,-2.28,-4.44,1
360.0,420.0,:13974625517_3_0,:13974625517_3,0,27.78,17.21,0,0.0,27.78,,,,,,-0.42,-0.51,0
360.0,420.0,:13974625520_1_0,:13974625520_1,0,19.45,10.35,0,0.0,19.45,,,,,,0.35,-1.09,0
360.0,420.0,:13974625520_2_0,:13974625520_2,0,13.58,9.28,0,0.0,13.58,79.5,71.45,-10.82,12.75,12.31,1.09,0.42,0
360.0,420.0,:13977163698_2_0,:13977163698_2,1,3.51,3.51,0,0.33,6.04,,,,,,0.57,-0.36,0
360.0,420.0,:5424221999_0_0,:5424221999_0,0,27.78,17.74,0,0.0,27.78,50.83,15.92,3.16,3.61,1.15,-0.15,-2.81,0
360.0,420.0,:5424222002_0_0,:5424222002_0,0,27.78,15.68,0,0.0,27.78,,,,,,1.65,0.91,0
360.0,420.0,:6173584950_0_0,:6173584950_0,0,11.11,11.33,0,0.0,11.11,,,,,,-0.0,-0.16,0
360.0,420.0,:6311588102_0_0,:6311588102_0,0,27.78,17.32,0,0.0,27.78,78.58,17.48,0.38,5.24,1.26,0.11,-0.86,0
360.0,420.0,:6469564795_1_0,:6469564795_1,0,7.86,7.47,0,0.0,7.86,30.42,0.1,-4.56,7.27,3.54,-1.52,-4.0,4
360.0,420.0,:6469564795_4_0,:6469564795_4,0,8.23,6.03,0,0.0,8.23,6.3,4.09,-1.58,1.4,1.27,1.1,0.32,0
360.0,420.0,:6469564795_6_0,:6469564795_6,0,6.78,7.11,0,0.0,6.78,46.71,46.52,-0.26,7.05,6.55,-0.84,-4.83,1
360.0,420.0,:6469564795_9_0,:6469564795_9,0,7.86,7.86,0,0.0,7.86,33.47,5.0,-4.26,6.49,3.38,1.15,-0.2,0
360.0,420.0,:6469974905_3_0,:6469974905_3,0,11.11,12.8,0,0.0,11.11,70.3,11.85,0.46,6.65,1.13,0.23,-1.57,0
360.0,420.0,:6544715978_0_0,:6544715978_0,0,11.11,9.46,0,0.0,11.11,43.1,42.85,-0.86,4.62,4.58,0.16,-0.2,0
360.0,420.0,:6544715978_2_0,:6544715978_2,0,6.02,6.06,0,0.0,6.02,,,,,,-0.42,-2.55,0
360.0,420.0,:6544715979_3_0,:6544715979_3,0,11.11,10.31,0,0.0,11.11,,,,,,-0.8,-1.77,0
360.0,420.0,:663804415_3_0,:663804415_3,0,11.11,12.88,0,0.0,11.11,59.56,46.14,-0.15,5.83,4.22,0.02,-1.04,0
360.0,420.0,:663804415_3_1,:663804415_3,0,11.11,10.74,0,0.0,11.11,,,,,,0.38,0.38,0
360.0,420.0,:663825914_0_0,:663825914_0,0,27.78,17.84,0,0.0,27.78,78.01,77.84,0.85,5.8,5.77,0.27,-0.39,0
360.0,420.0,:663825934_1_0,:663825934_1,0,11.11,9.99,0,0.0,11.11,62.23,33.35,-2.29,7.76,3.44,1.27,0.51,0
360.0,420.0,:663825934_6_0,:663825934_6,0,11.11,9.9,0,0.0,11.11,59.04,9.34,-2.72,7.79,1.26,1.28,-0.12,0
360.0,420.0,:663825934_7_0,:663825934_7,0,7.03,7.82,0,0.0,7.03,108.78,11.73,-4.04,14.83,1.55,0.18,-2.39,0
360.0,420.0,:663826061_2_0,:663826061_2,1,11.28,11.28,0,0.18,11.11,,,,,,0.37,0.26,0
360.0,420.0,:663842386_2_0,:663842386_2,0,6.3,6.8,0,0.0,6.3,,,,,,-1.64,-3.77,1
360.0,420.0,:663842386_3_0,:663842386_3,0,11.11,12.1,0,0.0,11.11,47.77,13.36,4.14,4.2,1.1,0.02,-1.31,0
360.0,420.0,:663940642_3_0,:663940642_3,0,8.31,7.72,0,0.0,8.31,,,,,,-1.46,-4.0,1
360.0,420.0,:663943263_5_0,:663943263_5,0,3.65,3.81,0,0.0,3.65,,,,,,-1.18,-3.45,1
360.0,420.0,:663943275_7_0,:663943275_7,0,11.11,10.84,0,0.0,11.11,78.6,11.36,0.18,7.65,1.1,-0.2,-2.81,0
360.0,420.0,:663943276_2_0,:663943276_2,0,11.11,10.47,0,0.0,11.11,39.17,14.0,-1.11,4.24,1.55,1.76,0.52,0
360.0,420.0,:663943276_3_0,:663943276_3,0,6.77,6.45,0,0.0,6.77,103.48,103.29,-0.63,18.22,18.02,-0.44,-4.25,1
360.0,420.0,:664446124_0_0,:664446124_0,0,8.21,7.7,0,0.0,8.21,,,,,,-1.08,-3.17,1
360.0,420.0,:664446125_0_0,:664446125_0,1,9.97,10.46,0,0.24,11.11,51.47,51.24,-0.84,5.34,5.19,0.19,-0.76,0
360.0,420.0,:664446125_1_0,:664446125_1,0,11.11,11.66,0,0.0,11.11,76.85,75.67,4.62,7.58,7.35,0.52,-1.85,0
360.0,420.0,:664446129_0_0,:664446129_0,0,11.11,9.87,0,0.0,11.11,39.53,39.53,9.43,4.0,4.0,1.33,1.33,0
360.0,420.0,:664446129_1_0,:664446129_1,0,5.61,6.0,0,0.0,5.61,28.11,7.77,0.66,5.19,1.48,-0.32,-4.0,1
360.0,420.0,:664446531_2_0,:664446531_2,0,6.92,7.33,0,0.0,6.92,,,,,,-1.25,-5.0,1
360.0,420.0,:664446531_3_0,:664446531_3,0,22.22,16.96,0,0.0,22.22,53.45,33.04,2.34,3.18,2.01,-0.23,-1.61,0
360.0,420.0,:664446557_2_0,:664446557_2,0,11.11,9.18,0,0.0,11.11,52.85,50.92,-2.13,6.73,5.83,1.18,-0.66,0
360.0,420.0,:664446557_4_0,:664446557_4,0,6.73,5.72,0,0.0,6.73,55.44,52.32,-5.83,10.31,9.14,-0.09,-1.41,0
360.0,420.0,:664446557_5_0,:664446557_5,0,22.22,11.16,0,0.0,22.22,26.78,4.13,-3.51,5.47,1.28,0.9,-4.0,2
360.0,420.0,:664446571_2_0,:664446571_2,0,6.3,6.55,0,0.0,6.3,,,,,,-1.67,-4.0,1
360.0,420.0,:664446588_1_0,:664446588_1,0,11.11,11.36,0,0.0,11.11,,,,,,0.07,0.07,0
360.0,420.0,:664446590_0_0,:664446590_0,0,27.78,17.86,0,0.0,27.78,95.26,71.77,0.9,6.35,4.18,0.17,-1.55,0
360.0,420.0,:664446590_1_0,:664446590_1,0,6.28,5.9,0,0.0,6.28,,,,,,-1.05,-2.68,0
360.0,420.0,:664446590_2_0,:664446590_2,0,6.02,3.95,0,0.0,6.02,23.97,12.99,-10.99,10.05,8.67,1.58,1.34,0
360.0,420.0,:664446593_1_0,:664446593_1,0,8.06,7.68,0,0.0,8.06,,,,,,-1.58,-4.0,1
360.0,420.0,:664446594_1_0,:664446594_1,0,7.62,6.65,0,0.0,7.62,56.24,8.33,-1.18,10.16,1.25,-0.14,-0.79,0
360.0,420.0,:664446594_6_0,:664446594_6,0,11.11,11.79,0,0.0,11.11,,,,,,0.01,-0.53,0
360.0,420.0,:664446599_3_0,:664446599_3,0,6.95,6.7,0,0.0,6.95,168.31,166.88,1.33,25.95,24.92,0.83,0.0,0
360.0,420.0,:664446599_6_0,:664446599_6,0,6.29,6.07,0,0.0,6.29,,,,,,-0.17,-0.82,0
360.0,420.0,:664446599_7_0,:664446599_7,0,11.11,11.91,0,0.0,11.11,36.11,35.09,-2.15,4.38,4.21,-0.48,-1.32,0
360.0,420.0,:664447004_1_0,:664447004_1,0,7.98,8.89,0,0.0,7.98,,,,,,0.58,-1.94,0
360.0,420.0,:664447004_3_0,:664447004_3,0,6.48,6.3,0,0.0,6.48,,,,,,-1.98,-5.0,1
360.0,420.0,:664447004_4_0,:664447004_4,0,11.11,10.36,0,0.0,11.11,,,,,,0.14,-1.43,0
360.0,420.0,:664447004_6_0,:664447004_6,0,11.11,12.23,0,0.0,11.11,48.95,21.59,2.09,4.01,1.77,0.08,0.03,0
360.0,420.0,:664447208_4_0,:664447208_4,0,7.86,7.53,0,0.0,7.86,,,,,,1.21,-1.94,0
360.0,420.0,:664447208_5_0,:664447208_5,0,3.65,3.51,0,0.0,3.65,,,,,,0.16,-0.27,0
360.0,420.0,:664447219_0_0,:664447219_0,0,11.11,10.59,0,0.0,11.11,,,,,,-0.14,-1.05,0
360.0,420.0,:664472662_0_0,:664472662_0,0,7.19,6.41,0,0.0,7.19,59.04,9.4,-3.45,9.46,1.48,-1.01,-4.13,2
360.0,420.0,:664472662_1_0,:664472662_1,0,27.78,17.15,0,0.0,27.78,78.04,77.53,-1.91,7.38,7.19,0.3,-1.62,0
360.0,420.0,:664472699_0_0,:664472699_0,0,6.58,4.44,0,0.0,6.58,15.43,4.11,-5.86,6.65,1.31,1.12,0.05,0
360.0,420.0,:664472699_2_0,:664472699_2,0,22.22,16.25,0,0.0,22.22,4.98,0.91,0.69,1.41,0.78,-0.09,-3.48,1
360.0,420.0,:664472703_10_0,:664472703_10,0,11.11,9.36,0,0.0,11.11,,,,,,-0.23,-0.87,0
360.0,420.0,:664472703_7_0,:664472703_7,0,11.11,9.77,0,0.0,11.11,,,,,,2.57,2.21,0
360.0,420.0,:664472707_3_0,:664472707_3,0,3.65,3.53,0,0.0,3.65,,,,,,-0.68,-1.64,0
360.0,420.0,:664472708_0_0,:664472708_0,0,7.06,7.38,0,0.0,7.06,,,,,,-1.51,-4.0,1
360.0,420.0,:664472749_0_0,:664472749_0,0,11.11,12.14,0,0.0,11.11,51.42,12.34,0.36,4.91,1.12,0.04,-1.13,0
360.0,420.0,:664472751_1_0,:664472751_1,0,7.8,8.71,0,0.0,7.8,33.97,14.38,-3.42,4.91,1.65,0.53,-2.3,0
360.0,420.0,:664472751_2_0,:664472751_2,0,11.11,12.05,0,0.0,11.11,41.37,31.0,-1.7,4.14,2.57,0.19,-0.38,0
360.0,420.0,:664472776_3_0,:664472776_3,0,6.02,6.69,0,0.0,6.02,13.28,12.05,-2.27,2.06,1.85,-1.36,-5.0,2
360.0,420.0,:664472776_6_0,:664472776_6,0,8.34,5.47,0,0.0,8.34,,,,,,1.06,-1.16,0
360.0,420.0,:7371768928_1_0,:7371768928_1,0,11.11,10.52,0,0.0,11.11,,,,,,-1.27,-1.27,0
360.0,420.0,:cluster_10279701138_664472033_0_0,:cluster_10279701138_664472033_0,0,11.11,10.21,0,0.0,11.11,,,,,,0.42,-0.52,0
360.0,420.0,:cluster_10279701138_664472033_15_0,:cluster_10279701138_664472033_15,0,7.46,7.22,0,0.0,7.46,61.34,56.59,-9.6,8.83,8.26,-0.09,-0.82,0
360.0,420.0,:cluster_10279701138_664472033_3_0,:cluster_10279701138_664472033_3,0,7.46,6.93,0,0.0,7.46,51.74,51.74,-9.48,7.46,7.46,1.8,1.8,0
360.0,420.0,:cluster_10279701141_664472702_0_0,:cluster_10279701141_664472702_0,0,11.11,11.89,0,0.0,11.11,42.05,10.35,1.46,4.39,1.17,-0.24,-2.01,0
360.0,420.0,:cluster_10279701141_664472702_0_1,:cluster_10279701141_664472702_0,0,11.11,11.27,0,0.0,11.11,,,,,,0.24,-1.02,0
360.0,420.0,:cluster_10279701141_664472702_10_0,:cluster_10279701141_664472702_10,0,10.16,10.07,0,0.0,10.16,43.44,7.96,-4.4,5.81,1.1,1.32,-1.38,0
360.0,420.0,:cluster_10279701141_664472702_5_0,:cluster_10279701141_664472702_5,0,27.78,17.8,0,0.0,27.78,89.88,40.07,-0.4,6.3,2.98,0.12,-0.66,0
360.0,420.0,:cluster_10279701141_664472702_5_1,:cluster_10279701141_664472702_5,0,27.78,13.68,0,0.0,27.78,24.39,14.79,0.14,1.82,1.08,0.03,-0.95,0
360.0,420.0,:cluster_10279701142_664471710_0_0,:cluster_10279701142_664471710_0,0,11.11,11.89,0,0.0,11.11,50.05,12.02,0.41,4.62,1.1,-0.08,-1.29,0
360.0,420.0,:cluster_10279701142_664471710_10_0,:cluster_10279701142_664471710_10,0,27.78,17.96,0,0.0,27.78,54.86,23.7,0.6,3.41,1.47,0.04,-4.5,1
360.0,420.0,:cluster_10279701142_664471710_10_1,:cluster_10279701142_664471710_10,1,16.76,17.96,0,0.09,27.78,49.23,14.84,-0.25,3.02,1.09,0.3,-1.41,0
360.0,420.0,:cluster_10279701142_664471710_1_0,:cluster_10279701142_664471710_1,0,11.11,11.43,0,0.0,11.11,51.01,4.98,0.73,5.19,0.64,-0.01,-3.09,1
360.0,420.0,:cluster_10279701142_664471710_1_1,:cluster_10279701142_664471710_1,0,11.11,11.15,0,0.0,11.11,181.78,181.76,-0.63,19.95,19.58,0.09,-1.94,0
360.0,420.0,:cluster_10279701142_664471710_4_0,:cluster_10279701142_664471710_4,1,0.0,0.0,1,0.13,8.04,31.62,0.06,-16.39,,,0.0,0.0,0
360.0,420.0,:cluster_10279761592_11942000229_11942000233_663943274_0_0,:cluster_10279761592_11942000229_11942000233_663943274_0,1,9.26,10.0,0,0.1,9.3,56.75,21.99,-6.34,6.63,3.03,1.06,-1.09,0
360.0,420.0,:cluster_10279761592_11942000229_11942000233_663943274_12_0,:cluster_10279761592_11942000229_11942000233_663943274_12,0,6.41,6.25,0,0.0,6.41,,,,,,0.42,-0.13,0
360.0,420.0,:cluster_10279761592_11942000229_11942000233_663943274_13_0,:cluster_10279761592_11942000229_11942000233_663943274_13,0,5.31,5.59,0,0.0,5.31,,,,,,-0.1,-0.8,0
360.0,420.0,:cluster_10279761592_11942000229_11942000233_663943274_1_0,:cluster_10279761592_11942000229_11942000233_663943274_1,1,10.27,10.81,0,0.09,11.11,,,,,,0.52,-0.49,0
360.0,420.0,:cluster_10279761592_11942000229_11942000233_663943274_2_0,:cluster_10279761592_11942000229_11942000233_663943274_2,0,6.41,5.77,0,0.0,6.41,,,,,,-3.05,-3.05,1
360.0,420.0,:cluster_10279761592_11942000229_11942000233_663943274_3_0,:cluster_10279761592_11942000229_11942000233_663943274_3,0,5.31,5.68,0,0.0,5.31,,,,,,-1.18,-4.0,1
360.0,420.0,:cluster_10279761592_11942000229_11942000233_663943274_4_0,:cluster_10279761592_11942000229_11942000233_663943274_4,0,9.55,9.13,0,0.0,9.55,81.42,46.28,-2.7,9.75,6.45,0.67,-0.12,0
360.0,420.0,:cluster_10279761592_11942000229_11942000233_663943274_9_0,:cluster_10279761592_11942000229_11942000233_663943274_9,0,11.11,10.25,0,0.0,11.11,31.98,4.79,-2.49,4.12,1.79,1.7,-0.1,0
360.0,420.0,:cluster_10281958922_663940594_1_1,:cluster_10281958922_663940594_1,0,13.89,14.68,0,0.0,13.89,74.27,30.43,3.09,5.37,2.27,-2.76,-5.0,6
360.0,420.0,:cluster_10281958922_663940594_4_0,:cluster_10281958922_663940594_4,0,10.62,10.44,0,0.0,10.62,33.81,9.28,-4.05,4.1,1.32,1.44,-1.31,0
360.0,420.0,:cluster_10281958922_663940594_5_0,:cluster_10281958922_663940594_5,0,11.11,11.14,0,0.0,11.11,43.36,7.55,-3.06,8.04,1.08,1.43,-1.46,0
360.0,420.0,:cluster_10281958922_663940594_7_1,:cluster_10281958922_663940594_7,0,22.23,17.37,0,0.0,22.23,33.35,18.47,2.03,1.99,1.17,-0.78,-3.33,1
360.0,420.0,:cluster_10281958925_10281958926_6508834064_6508834065_#1more_0_0,:cluster_10281958925_10281958926_6508834064_6508834065_#1more_0,1,7.49,7.49,0,0.0,15.28,112.98,112.98,7.49,15.07,15.07,0.48,0.48,0
360.0,420.0,:cluster_10281958925_10281958926_6508834064_6508834065_#1more_10_0,:cluster_10281958925_10281958926_6508834064_6508834065_#1more_10,0,15.23,13.94,0,0.0,15.23,42.55,19.76,-5.63,7.06,2.23,1.47,0.49,0
360.0,420.0,:cluster_10281958925_10281958926_6508834064_6508834065_#1more_11_0,:cluster_10281958925_10281958926_6508834064_6508834065_#1more_11,0,22.22,13.89,0,0.0,22.22,47.96,18.45,-4.65,7.54,4.23,1.67,0.91,0
360.0,420.0,:cluster_10281958925_10281958926_6508834064_6508834065_#1more_12_0,:cluster_10281958925_10281958926_6508834064_6508834065_#1more_12,0,9.05,8.52,0,0.0,9.05,,,,,,1.19,-0.39,0
360.0,420.0,:cluster_10281958925_10281958926_6508834064_6508834065_#1more_16_0,:cluster_10281958925_10281958926_6508834064_6508834065_#1more_16,0,9.86,9.37,0,0.0,9.86,37.78,23.86,-3.09,4.92,2.76,1.34,-1.08,0
360.0,420.0,:cluster_10281958925_10281958926_6508834064_6508834065_#1more_1_0,:cluster_10281958925_10281958926_6508834064_6508834065_#1more_1,0,16.67,16.12,0,0.0,16.67,,,,,,0.04,-0.71,0
360.0,420.0,:cluster_10281958925_10281958926_6508834064_6508834065_#1more_1_1,:cluster_10281958925_10281958926_6508834064_6508834065_#1more_1,0,16.67,17.67,0,0.0,16.67,91.89,86.65,9.28,5.25,5.03,0.04,-0.88,0
360.0,420.0,:cluster_10281958925_10281958926_6508834064_6508834065_#1more_5_0,:cluster_10281958925_10281958926_6508834064_6508834065_#1more_5,0,10.57,9.57,0,0.0,10.57,19.45,15.65,-2.53,2.59,2.48,1.36,0.46,0
360.0,420.0,:cluster_10281958925_10281958926_6508834064_6508834065_#1more_6_0,:cluster_10281958925_10281958926_6508834064_6508834065_#1more_6,0,16.67,16.43,0,0.0,16.67,150.44,150.08,0.29,9.53,9.42,0.15,-1.22,0
360.0,420.0,:cluster_10281958925_10281958926_6508834064_6508834065_#1more_6_1,:cluster_10281958925_10281958926_6508834064_6508834065_#1more_6,0,16.67,16.49,0,0.0,16.67,,,,,,-0.02,-1.73,0
360.0,420.0,:cluster_10281958925_10281958926_6508834064_6508834065_#1more_8_0,:cluster_10281958925_10281958926_6508834064_6508834065_#1more_8,1,4.06,8.67,0,0.24,9.86,35.33,1.97,-2.2,5.24,0.49,-3.2,-4.82,12
360.0,420.0,:cluster_10281958932_663804338_0_0,:cluster_10281958932_663804338_0,0,16.67,13.76,0,0.0,16.67,,,,,,-0.1,-1.05,0
360.0,420.0,:cluster_10281958932_663804338_0_1,:cluster_10281958932_663804338_0,0,16.67,16.25,0,0.0,16.67,,,,,,1.76,0.94,0
360.0,420.0,:cluster_10281958932_663804338_3_0,:cluster_10281958932_663804338_3,0,10.63,9.24,0,0.0,10.63,,,,,,1.11,-0.5,0
360.0,420.0,:cluster_10281958932_663804338_4_0,:cluster_10281958932_663804338_4,0,16.67,16.06,0,0.0,16.67,,,,,,-0.46,-0.73,0
360.0,420.0,:cluster_10281958932_663804338_4_1,:cluster_10281958932_663804338_4,0,16.67,16.57,0,0.0,16.67,,,,,,-0.01,-0.28,0
360.0,420.0,:cluster_10281958932_663804338_7_0,:cluster_10281958932_663804338_7,0,10.76,10.52,0,0.0,10.76,,,,,,1.31,0.48,0
360.0,420.0,:cluster_10281958935_12287656430_12287656431_663940647_14_0,:cluster_10281958935_12287656430_12287656431_663940647_14,0,8.34,8.11,0,0.0,8.34,,,,,,0.62,-0.93,0
360.0,420.0,:cluster_10281965682_663944134_1_0,:cluster_10281965682_663944134_1,0,11.11,12.0,0,0.0,11.11,,,,,,-0.3,-0.42,0
360.0,420.0,:cluster_10281965682_663944134_2_0,:cluster_10281965682_663944134_2,0,5.39,4.67,0,0.0,5.39,2.12,0.44,-5.02,0.48,0.17,-2.32,-3.87,1
360.0,420.0,:cluster_10281965682_663944134_3_0,:cluster_10281965682_663944134_3,0,8.61,9.44,0,0.0,8.61,61.18,11.18,-5.47,7.83,1.37,0.61,-4.01,1
360.0,420.0,:cluster_10281965682_663944134_4_0,:cluster_10281965682_663944134_4,0,11.11,8.74,0,0.0,11.11,,,,,,1.19,0.54,0
360.0,420.0,:cluster_10281965682_663944134_6_0,:cluster_10281965682_663944134_6,0,27.78,17.74,0,0.0,27.78,59.89,34.0,2.96,3.72,2.54,-0.18,-1.12,0
360.0,420.0,:cluster_10281965682_663944134_8_0,:cluster_10281965682_663944134_8,0,5.39,4.33,0,0.0,5.39,6.45,3.28,-6.15,1.64,1.07,1.16,0.79,0
360.0,420.0,:cluster_10560867453_663943486_1_0,:cluster_10560867453_663943486_1,1,8.03,8.35,0,0.16,19.45,71.07,69.83,-2.63,9.3,9.0,1.52,0.69,0
360.0,420.0,:cluster_10560867453_663943486_2_0,:cluster_10560867453_663943486_2,0,11.11,11.02,0,0.0,11.11,92.37,87.54,-3.78,11.28,9.63,1.4,0.84,0
360.0,420.0,:cluster_10560867453_663943486_6_0,:cluster_10560867453_663943486_6,0,8.58,8.61,0,0.0,8.58,52.43,10.98,-1.45,6.55,1.28,-0.58,-4.0,1
360.0,420.0,:cluster_10917990606_663844223_15_0,:cluster_10917990606_663844223_15,0,27.78,6.5,0,0.0,27.78,91.61,82.63,-0.15,28.77,12.72,2.16,0.94,0
360.0,420.0,:cluster_10917990606_663844223_18_0,:cluster_10917990606_663844223_18,0,7.54,6.35,0,0.0,7.54,68.29,28.17,-0.6,11.54,4.44,0.97,0.05,0
360.0,420.0,:cluster_10917990606_663844223_1_0,:cluster_10917990606_663844223_1,0,8.47,8.89,0,0.0,8.47,86.11,50.15,4.98,10.57,6.42,-2.39,-5.0,1
360.0,420.0,:cluster_10917990606_663844223_3_0,:cluster_10917990606_663844223_3,0,7.54,6.43,0,0.0,7.54,92.84,91.62,5.66,16.69,14.64,-3.53,-3.99,2
360.0,420.0,:cluster_10917990606_663844223_5_0,:cluster_10917990606_663844223_5,0,5.75,6.16,0,0.0,5.75,27.5,6.89,-4.04,5.03,1.3,-0.76,-4.0,1
360.0,420.0,:cluster_10917990606_663844223_6_0,:cluster_10917990606_663844223_6,0,27.78,10.97,0,0.0,27.78,34.91,5.62,-0.06,7.83,1.09,1.48,0.71,0
360.0,420.0,:cluster_10943433501_10943433503_0_0,:cluster_10943433501_10943433503_0,0,22.22,17.9,0,0.0,22.22,48.08,15.63,2.33,3.68,1.17,0.57,-2.25,0
360.0,420.0,:cluster_10943433501_10943433503_10_0,:cluster_10943433501_10943433503_10,0,9.43,8.97,0,0.0,9.43,9.59,2.63,-1.59,3.66,1.63,1.12,-0.73,0
360.0,420.0,:cluster_10943433501_10943433503_13_0,:cluster_10943433501_10943433503_13,0,15.48,16.09,0,0.0,15.48,,,,,,-0.35,-2.24,0
360.0,420.0,:cluster_10943433501_10943433503_17_0,:cluster_10943433501_10943433503_17,0,10.03,11.21,0,0.0,10.03,82.06,27.51,-4.19,11.22,3.96,1.03,-1.34,0
360.0,420.0,:cluster_10943433501_10943433503_2_0,:cluster_10943433501_10943433503_2,0,10.03,7.19,0,0.0,10.03,107.91,107.91,-9.73,29.37,29.37,-0.9,-4.0,1
360.0,420.0,:cluster_10943433501_10943433503_5_0,:cluster_10943433501_10943433503_5,0,15.73,7.23,0,0.0,15.73,79.97,62.9,-5.92,25.82,13.46,1.11,0.45,0
360.0,420.0,:cluster_10943484228_1190100465_9_0,:cluster_10943484228_1190100465_9,1,10.76,10.76,0,0.08,13.89,79.5,46.28,-1.66,8.24,4.3,1.63,1.02,0
360.0,420.0,:cluster_10943717330_6470135655_4_0,:cluster_10943717330_6470135655_4,0,11.11,11.02,0,0.0,11.11,59.93,36.47,-0.06,6.09,3.47,-0.13,-1.76,0
360.0,420.0,:cluster_10943717330_6470135655_9_0,:cluster_10943717330_6470135655_9,0,11.11,12.47,0,0.0,11.11,113.67,44.77,-2.56,13.61,3.64,-0.03,-1.67,0
360.0,420.0,:cluster_11126932580_1189036622_5_0,:cluster_11126932580_1189036622_5,0,22.22,17.55,0,0.0,22.22,35.06,19.94,2.79,2.12,1.33,-0.11,-0.85,0
360.0,420.0,:cluster_11158897098_664472732_4_0,:cluster_11158897098_664472732_4,0,27.78,16.19,0,0.0,27.78,,,,,,0.83,0.2,0
360.0,420.0,:cluster_11158897098_664472732_4_1,:cluster_11158897098_664472732_4,0,27.78,16.37,0,0.0,27.78,103.91,101.94,6.69,7.62,7.37,0.21,-0.28,0
360.0,420.0,:cluster_11158897098_664472732_9_0,:cluster_11158897098_664472732_9,0,7.18,7.76,0,0.0,7.18,47.67,11.53,-6.51,7.06,1.49,0.82,-0.68,0
360.0,420.0,:cluster_11158897100_11158897101_11158897102_664471748_#1more_0_0,:cluster_11158897100_11158897101_11158897102_664471748_#1more_0,0,13.85,14.16,0,0.0,13.85,64.89,17.16,-3.33,11.23,1.68,1.61,-2.25,0
360.0,420.0,:cluster_11158897100_11158897101_11158897102_664471748_#1more_13_0,:cluster_11158897100_11158897101_11158897102_664471748_#1more_13,1,16.82,17.06,0,0.07,27.78,110.98,47.49,-0.12,10.17,2.82,0.7,-5.0,1
360.0,420.0,:cluster_11158897100_11158897101_11158897102_664471748_#1more_13_1,:cluster_11158897100_11158897101_11158897102_664471748_#1more_13,0,27.78,5.28,0,0.0,27.78,90.14,77.94,-11.85,44.66,14.77,-2.99,-5.0,3
360.0,420.0,:cluster_11158897100_11158897101_11158897102_664471748_#1more_15_0,:cluster_11158897100_11158897101_11158897102_664471748_#1more_15,1,0.0,5.94,1,0.52,6.07,29.91,0.1,-11.42,6.78,0.08,-0.34,-4.0,6
360.0,420.0,:cluster_11158897100_11158897101_11158897102_664471748_#1more_17_0,:cluster_11158897100_11158897101_11158897102_664471748_#1more_17,0,11.11,9.83,0,0.0,11.11,,,,,,2.95,2.9,0
360.0,420.0,:cluster_11158897100_11158897101_11158897102_664471748_#1more_20_0,:cluster_11158897100_11158897101_11158897102_664471748_#1more_20,0,6.07,3.03,0,0.0,6.07,22.52,12.08,-13.94,11.14,10.53,1.46,1.09,0
360.0,420.0,:cluster_11158897100_11158897101_11158897102_664471748_#1more_3_0,:cluster_11158897100_11158897101_11158897102_664471748_#1more_3,0,11.11,9.37,0,0.0,11.11,,,,,,-3.23,-4.97,1
360.0,420.0,:cluster_11158897100_11158897101_11158897102_664471748_#1more_7_0,:cluster_11158897100_11158897101_11158897102_664471748_#1more_7,0,18.05,10.05,0,0.0,18.05,92.93,91.09,1.9,10.39,9.06,1.14,0.7,0
360.0,420.0,:cluster_11502623494_11502623496_1186025300_13298747739_5_0,:cluster_11502623494_11502623496_1186025300_13298747739_5,0,11.11,10.55,0,0.0,11.11,131.06,98.11,-7.33,22.21,15.5,1.12,-1.98,0
360.0,420.0,:cluster_11502623497_1177160337_4_0,:cluster_11502623497_1177160337_4,1,2.93,5.0,0,0.27,11.11,60.23,4.27,1.44,21.22,1.28,1.36,-0.16,0
360.0,420.0,:cluster_1174832725_13298747729_13298747740_5_0,:cluster_1174832725_13298747729_13298747740_5,0,11.11,11.43,0,0.0,11.11,,,,,,0.68,-0.66,0
360.0,420.0,:cluster_1176977581_1176977943_13_0,:cluster_1176977581_1176977943_13,0,11.11,10.86,0,0.0,11.11,,,,,,-0.16,-0.8,0
360.0,420.0,:cluster_1177160373_664472773_0_0,:cluster_1177160373_664472773_0,0,6.49,6.19,0,0.0,6.49,92.62,91.8,-4.36,15.3,15.17,0.15,-2.08,0
360.0,420.0,:cluster_1177160373_664472773_13_0,:cluster_1177160373_664472773_13,0,13.89,14.08,0,0.0,13.89,,,,,,-0.17,-2.21,0
360.0,420.0,:cluster_1177160373_664472773_16_0,:cluster_1177160373_664472773_16,0,8.14,7.46,0,0.0,8.14,158.57,156.75,7.37,21.52,21.49,-0.29,-0.38,0
360.0,420.0,:cluster_1177160373_664472773_1_0,:cluster_1177160373_664472773_1,0,13.89,11.05,0,0.0,13.89,91.45,31.99,-0.62,10.21,3.79,1.56,0.68,0
360.0,420.0,:cluster_1177160373_664472773_2_0,:cluster_1177160373_664472773_2,0,10.62,10.39,0,0.0,10.62,,,,,,1.64,0.38,0
360.0,420.0,:cluster_1177160373_664472773_6_0,:cluster_1177160373_664472773_6,0,8.14,7.56,0,0.0,8.14,164.12,164.12,7.56,21.7,21.7,1.8,1.8,0
360.0,420.0,:cluster_1177160434_1177161050_1_0,:cluster_1177160434_1177161050_1,1,2.78,11.99,0,0.08,13.89,,,,,,1.63,-1.84,0
360.0,420.0,:cluster_1177160434_1177161050_3_0,:cluster_1177160434_1177161050_3,0,7.08,6.15,0,0.0,7.08,85.95,83.17,5.6,14.71,14.19,-1.87,-4.05,1
360.0,420.0,:cluster_1177160434_1177161050_4_0,:cluster_1177160434_1177161050_4,0,27.78,17.84,0,0.0,27.78,75.27,73.31,6.91,4.36,4.15,0.15,-1.91,0
360.0,420.0,:cluster_1177160434_1177161050_5_0,:cluster_1177160434_1177161050_5,0,11.79,12.87,0,0.0,11.79,76.54,76.33,0.22,6.05,5.93,-0.32,-1.77,0
360.0,420.0,:cluster_1177161169_664472775_0_0,:cluster_1177161169_664472775_0,0,8.76,8.43,0,0.0,8.76,59.33,29.57,-5.55,13.22,8.35,0.69,-3.25,1
360.0,420.0,:cluster_1177161169_664472775_1_0,:cluster_1177161169_664472775_1,1,6.87,10.47,0,0.29,18.05,25.83,3.15,-4.95,7.46,1.04,1.18,-2.1,0
360.0,420.0,:cluster_1177161169_664472775_3_0,:cluster_1177161169_664472775_3,0,6.61,6.7,0,0.0,6.61,11.27,10.4,-1.37,1.73,1.62,-0.91,-5.0,1
360.0,420.0,:cluster_1177161169_664472775_4_0,:cluster_1177161169_664472775_4,0,11.11,11.58,0,0.0,11.11,61.52,57.13,-0.43,5.84,5.59,0.16,-0.96,0
360.0,420.0,:cluster_1177161169_664472775_5_0,:cluster_1177161169_664472775_5,0,9.34,9.46,0,0.0,9.34,50.67,47.39,-3.13,5.58,5.16,-0.84,-3.94,1
360.0,420.0,:cluster_1177161441_1190128246_4_0,:cluster_1177161441_1190128246_4,0,22.22,17.89,0,0.0,22.22,72.2,19.27,0.1,5.24,1.27,0.81,-1.12,0
360.0,420.0,:cluster_1177211304_1177211692_4_0,:cluster_1177211304_1177211692_4,0,3.65,3.02,0,0.0,3.65,,,,,,-0.3,-0.65,0
360.0,420.0,:cluster_1177211304_1177211692_6_0,:cluster_1177211304_1177211692_6,0,22.22,5.59,0,0.0,22.22,8.97,2.65,1.71,3.1,0.9,0.33,-2.78,0
360.0,420.0,:cluster_1177211336_1191714436_0_0,:cluster_1177211336_1191714436_0,0,6.82,6.49,0,0.0,6.82,55.13,53.23,4.56,9.18,8.81,-1.06,-1.7,0
360.0,420.0,:cluster_1177211336_1191714436_12_0,:cluster_1177211336_1191714436_12,0,7.32,6.42,0,0.0,7.32,,,,,,-0.45,-1.52,0
360.0,420.0,:cluster_1177211336_1191714436_14_0,:cluster_1177211336_1191714436_14,0,8.26,7.77,0,0.0,8.26,,,,,,0.65,-0.96,0
360.0,420.0,:cluster_1177211336_1191714436_5_0,:cluster_1177211336_1191714436_5,0,13.89,8.77,0,0.0,13.89,37.41,34.36,-3.09,5.19,4.63,1.43,0.98,0
360.0,420.0,:cluster_1177211353_1177211711_13_0,:cluster_1177211353_1177211711_13,1,17.1,17.48,0,0.07,22.22,32.76,31.11,5.74,1.94,1.82,-0.47,-2.46,0
360.0,420.0,:cluster_1177211353_1177211711_5_0,:cluster_1177211353_1177211711_5,0,22.22,16.99,0,0.0,22.22,,,,,,0.9,-0.0,0
360.0,420.0,:cluster_1177211367_9189383185_10_0,:cluster_1177211367_9189383185_10,0,9.79,7.1,0,0.0,9.79,104.49,91.44,2.62,15.89,12.95,-1.1,-4.0,2
360.0,420.0,:cluster_1177211367_9189383185_18_0,:cluster_1177211367_9189383185_18,0,9.79,8.86,0,0.0,9.79,100.23,92.42,3.65,12.33,10.5,1.19,0.71,0
360.0,420.0,:cluster_1177211394_1177211683_5_0,:cluster_1177211394_1177211683_5,0,6.17,6.54,0,0.0,6.17,119.97,119.65,-0.98,20.0,18.31,-1.84,-3.82,1
360.0,420.0,:cluster_1177211394_1177211683_6_0,:cluster_1177211394_1177211683_6,0,22.22,17.3,0,0.0,22.22,43.6,13.39,8.08,3.37,1.13,0.29,-4.66,3
360.0,420.0,:cluster_1177211428_1177211911_10_0,:cluster_1177211428_1177211911_10,0,12.5,12.54,0,0.0,12.5,,,,,,1.44,-0.75,0
360.0,420.0,:cluster_1177211698_663826189_4_0,:cluster_1177211698_663826189_4,0,7.36,7.31,0,0.0,7.36,64.85,62.39,-4.89,9.09,8.53,-1.54,-4.04,2
360.0,420.0,:cluster_1177211698_663826189_5_0,:cluster_1177211698_663826189_5,0,11.11,10.31,0,0.0,11.11,92.42,86.08,-1.1,9.12,8.47,0.03,-0.84,0
360.0,420.0,:cluster_1177211698_663826189_9_0,:cluster_1177211698_663826189_9,0,12.5,6.74,0,0.0,12.5,15.74,3.91,-3.31,4.71,1.06,1.06,-0.16,0
360.0,420.0,:cluster_1177211838_13300645525_13300645528_0_0,:cluster_1177211838_13300645525_13300645528_0,0,6.14,6.23,0,0.0,6.14,21.78,2.59,-2.91,4.48,0.94,0.04,-3.77,1
360.0,420.0,:cluster_1177211838_13300645525_13300645528_12_0,:cluster_1177211838_13300645525_13300645528_12,0,8.86,9.13,0,0.0,8.86,11.81,2.34,-2.49,3.26,1.16,1.08,-3.53,1
360.0,420.0,:cluster_1177211838_13300645525_13300645528_1_0,:cluster_1177211838_13300645525_13300645528_1,0,27.78,6.63,0,0.0,27.78,18.93,13.04,3.76,5.45,1.96,1.91,0.84,0
360.0,420.0,:cluster_1177211838_13300645525_13300645528_4_0,:cluster_1177211838_13300645525_13300645528_4,0,27.78,8.01,0,0.0,27.78,30.17,5.45,0.45,6.69,1.05,0.94,-2.05,0
360.0,420.0,:cluster_1177211838_13300645525_13300645528_5_0,:cluster_1177211838_13300645525_13300645528_5,0,8.86,7.81,0,0.0,8.86,3.8,0.0,-1.55,4.71,0.5,0.3,-4.12,1
360.0,420.0,:cluster_1177211838_13300645525_13300645528_8_0,:cluster_1177211838_13300645525_13300645528_8,0,7.21,7.42,0,0.0,7.21,20.23,13.95,0.68,3.29,1.88,-0.63,-3.07,1
360.0,420.0,:cluster_1177211838_13300645525_13300645528_9_0,:cluster_1177211838_13300645525_13300645528_9,0,7.81,8.56,0,0.0,7.81,42.33,22.24,-3.91,6.4,2.98,0.19,-2.13,0
360.0,420.0,:cluster_1177212073_13300645524_664471560_10_0,:cluster_1177212073_13300645524_664471560_10,0,27.78,12.07,0,0.0,27.78,14.23,2.27,4.87,3.4,0.79,-0.75,-4.1,3
360.0,420.0,:cluster_1177212073_13300645524_664471560_15_0,:cluster_1177212073_13300645524_664471560_15,0,9.95,2.75,0,0.0,9.95,4.79,0.02,-2.89,1.7,0.6,0.27,-0.33,0
360.0,420.0,:cluster_1177212073_13300645524_664471560_17_0,:cluster_1177212073_13300645524_664471560_17,0,8.8,6.25,0,0.0,8.8,49.23,6.94,-4.73,18.36,2.73,1.68,0.95,0
360.0,420.0,:cluster_1177212073_13300645524_664471560_1_0,:cluster_1177212073_13300645524_664471560_1,0,27.78,6.92,0,0.0,27.78,,,,,,0.96,0.48,0
360.0,420.0,:cluster_1177212073_13300645524_664471560_23_0,:cluster_1177212073_13300645524_664471560_23,0,9.95,6.55,0,0.0,9.95,7.55,0.86,0.2,2.54,0.71,0.45,-2.14,0
360.0,420.0,:cluster_1177212073_13300645524_664471560_2_0,:cluster_1177212073_13300645524_664471560_2,0,8.8,4.23,0,0.0,8.8,19.76,0.01,-3.87,17.36,0.5,-0.18,-3.46,1
360.0,420.0,:cluster_1177212073_13300645524_664471560_5_0,:cluster_1177212073_13300645524_664471560_5,1,6.49,7.39,0,0.26,7.19,17.48,5.48,0.03,3.65,1.06,0.72,-4.56,2
360.0,420.0,:cluster_1186025344_13298747727_13298747728_13298747738_#3more_10_0,:cluster_1186025344_13298747727_13298747728_13298747738_#3more_10,0,11.11,6.5,0,0.0,11.11,6.13,4.26,-1.05,1.28,1.04,1.1,-0.95,0
360.0,420.0,:cluster_1186025344_13298747727_13298747728_13298747738_#3more_19_0,:cluster_1186025344_13298747727_13298747728_13298747738_#3more_19,0,11.11,11.86,0,0.0,11.11,45.83,9.73,1.17,8.04,1.04,0.76,-2.1,0
360.0,420.0,:cluster_1186025344_13298747727_13298747728_13298747738_#3more_8_0,:cluster_1186025344_13298747727_13298747728_13298747738_#3more_8,0,11.11,10.07,0,0.0,11.11,14.38,4.66,-0.4,1.75,1.25,0.99,-0.75,0
360.0,420.0,:cluster_1189036471_1189036770_12_0,:cluster_1189036471_1189036770_12,0,10.83,10.94,0,0.0,10.83,,,,,,-0.56,-4.0,1
360.0,420.0,:cluster_1189036471_1189036770_15_0,:cluster_1189036471_1189036770_15,0,3.65,3.94,0,0.0,3.65,17.94,17.94,-3.54,4.56,4.56,-3.74,-4.78,2
360.0,420.0,:cluster_1189036471_1189036770_19_0,:cluster_1189036471_1189036770_19,0,3.65,3.65,0,0.0,3.65,21.55,20.26,-4.91,6.06,5.85,-0.27,-1.15,0
360.0,420.0,:cluster_1189036471_1189036770_5_0,:cluster_1189036471_1189036770_5,0,13.89,13.69,0,0.0,13.89,,,,,,0.68,-0.52,0
360.0,420.0,:cluster_1189036595_13298747741_3_0,:cluster_1189036595_13298747741_3,1,11.05,11.05,0,0.28,11.11,,,,,,1.03,-0.89,0
360.0,420.0,:cluster_1190128285_13300645523_13300645535_11_0,:cluster_1190128285_13300645523_13300645535_11,0,4.08,3.56,0,0.0,4.08,10.83,7.12,-7.8,4.36,3.98,2.36,1.88,0
360.0,420.0,:cluster_1190128285_13300645523_13300645535_1_0,:cluster_1190128285_13300645523_13300645535_1,0,27.78,11.76,0,0.0,27.78,,,,,,1.06,0.66,0
360.0,420.0,:cluster_1190128285_13300645523_13300645535_2_0,:cluster_1190128285_13300645523_13300645535_2,0,4.08,3.1,0,0.0,4.08,11.01,0.11,-10.2,60.27,4.88,-1.86,-5.0,2
360.0,420.0,:cluster_1190128285_13300645523_13300645535_3_0,:cluster_1190128285_13300645523_13300645535_3,0,27.78,10.66,0,0.0,27.78,42.32,25.8,4.65,4.44,2.42,1.46,0.66,0
360.0,420.0,:cluster_1191714258_1191714350_10_0,:cluster_1191714258_1191714350_10,0,8.0,7.07,0,0.0,8.0,,,,,,-0.17,-0.93,0
360.0,420.0,:cluster_1191714258_1191714350_12_0,:cluster_1191714258_1191714350_12,0,6.51,6.44,0,0.0,6.51,96.29,93.67,4.98,15.65,15.36,-2.05,-5.0,1
360.0,420.0,:cluster_1191714258_1191714350_5_0,:cluster_1191714258_1191714350_5,0,13.89,14.72,0,0.0,13.89,,,,,,1.34,0.45,0
360.0,420.0,:cluster_1191863963_1191864049_10_0,:cluster_1191863963_1191864049_10,0,7.95,8.11,0,0.0,7.95,128.19,127.05,-4.11,20.16,19.59,1.07,-0.76,0
360.0,420.0,:cluster_1191863963_1191864049_8_0,:cluster_1191863963_1191864049_8,0,11.43,10.79,0,0.0,11.43,,,,,,1.33,0.69,0
360.0,420.0,:cluster_11942000227_11942000230_6173706992_10_0,:cluster_11942000227_11942000230_6173706992_10,0,8.12,8.17,0,0.02,8.12,115.04,110.47,-6.04,15.25,14.25,0.64,-1.13,0
360.0,420.0,:cluster_11942000227_11942000230_6173706992_13_0,:cluster_11942000227_11942000230_6173706992_13,0,6.78,7.41,0,0.0,6.78,39.75,37.96,-6.61,6.76,6.34,-0.21,-0.87,0
360.0,420.0,:cluster_11942000227_11942000230_6173706992_15_0,:cluster_11942000227_11942000230_6173706992_15,0,7.23,7.91,0,0.0,7.23,,,,,,-1.02,-5.0,1
360.0,420.0,:cluster_11942000227_11942000230_6173706992_16_0,:cluster_11942000227_11942000230_6173706992_16,0,27.78,16.77,0,0.0,27.78,,,,,,-1.32,-1.5,0
360.0,420.0,:cluster_11942000227_11942000230_6173706992_21_0,:cluster_11942000227_11942000230_6173706992_21,0,11.11,7.85,0,0.0,11.11,43.52,22.28,-5.52,13.72,7.75,1.04,0.5,0
360.0,420.0,:cluster_11942000227_11942000230_6173706992_22_0,:cluster_11942000227_11942000230_6173706992_22,0,11.3,8.11,0,0.0,11.3,37.65,21.08,-5.81,8.57,5.99,1.15,0.49,0
360.0,420.0,:cluster_11942000227_11942000230_6173706992_7_0,:cluster_11942000227_11942000230_6173706992_7,0,27.78,16.24,0,0.0,27.78,138.55,138.29,-1.32,8.71,8.55,2.07,1.3,0
360.0,420.0,:cluster_11942000232_664472748_13_0,:cluster_11942000232_664472748_13,0,11.11,11.89,0,0.0,11.11,18.45,18.05,1.42,1.57,1.52,0.21,-1.42,0
360.0,420.0,:cluster_11942000232_664472748_5_0,:cluster_11942000232_664472748_5,0,22.22,17.39,0,0.0,22.22,43.18,42.9,1.01,2.49,2.48,-0.07,-0.63,0
360.0,420.0,:cluster_11944729366_664471711_0_0,:cluster_11944729366_664471711_0,0,11.11,10.77,0,0.0,11.11,77.71,30.23,0.83,7.25,2.87,-0.12,-0.48,0
360.0,420.0,:cluster_11944729366_664471711_10_0,:cluster_11944729366_664471711_10,0,7.7,7.64,0,0.0,7.7,34.99,34.82,-0.01,4.98,4.63,0.36,-1.99,0
360.0,420.0,:cluster_11944729366_664471711_2_0,:cluster_11944729366_664471711_2,0,4.66,2.75,0,0.0,4.66,9.72,0.09,-9.16,1.14,1.14,0.01,0.0,0
360.0,420.0,:cluster_11944729366_664471711_4_0,:cluster_11944729366_664471711_4,0,22.69,12.35,0,0.0,22.69,37.36,6.94,-4.3,6.14,1.05,1.48,-0.24,0
360.0,420.0,:cluster_11944729366_664471711_5_0,:cluster_11944729366_664471711_5,0,27.78,16.41,0,0.0,27.78,,,,,,-0.09,-0.09,0
360.0,420.0,:cluster_11944729366_664471711_5_1,:cluster_11944729366_664471711_5,0,27.78,16.9,0,0.0,27.78,56.16,21.1,-0.22,3.33,1.27,-0.07,-1.1,0
360.0,420.0,:cluster_11944729366_664471711_7_0,:cluster_11944729366_664471711_7,0,7.7,7.89,0,0.0,7.7,36.05,35.34,0.62,5.58,4.66,-1.36,-4.99,3
360.0,420.0,:cluster_11944729366_664471711_8_0,:cluster_11944729366_664471711_8,0,4.66,3.93,0,0.14,4.66,8.87,4.01,-6.18,3.2,1.4,1.12,-1.88,0
360.0,420.0,:cluster_13298740740_664446558_1_0,:cluster_13298740740_664446558_1,0,6.52,6.19,0,0.0,6.52,63.91,55.29,-8.7,20.64,12.03,0.8,-3.25,1
360.0,420.0,:cluster_13298740740_664446558_4_0,:cluster_13298740740_664446558_4,0,22.22,8.11,0,0.0,22.22,50.09,5.36,-4.16,16.62,1.05,1.52,0.55,0
360.0,420.0,:cluster_13298740740_664446558_5_0,:cluster_13298740740_664446558_5,0,6.86,4.09,0,0.0,6.86,,,,,,0.94,0.59,0
360.0,420.0,:cluster_13298747733_13298747737_663825864_1_0,:cluster_13298747733_13298747737_663825864_1,0,8.82,9.02,0,0.0,8.82,33.12,18.2,-3.39,4.67,2.26,-0.86,-4.0,1
360.0,420.0,:cluster_13298747733_13298747737_663825864_4_0,:cluster_13298747733_13298747737_663825864_4,0,11.11,7.67,0,0.0,11.11,56.27,5.96,-4.21,15.57,1.04,1.49,-0.38,0
360.0,420.0,:cluster_13298747747_13298747748_13298747749_13298747755_#2more_0_0,:cluster_13298747747_13298747748_13298747749_13298747755_#2more_0,0,9.42,6.31,0,0.0,9.42,78.96,8.44,-5.29,17.79,2.81,1.38,0.48,0
360.0,420.0,:cluster_13298747747_13298747748_13298747749_13298747755_#2more_10_0,:cluster_13298747747_13298747748_13298747749_13298747755_#2more_10,1,1.72,10.25,0,0.01,12.71,29.1,5.16,-2.87,4.18,1.03,1.31,-0.01,0
360.0,420.0,:cluster_13298747747_13298747748_13298747749_13298747755_#2more_11_0,:cluster_13298747747_13298747748_13298747749_13298747755_#2more_11,0,11.11,8.89,0,0.0,11.11,74.85,60.67,0.8,13.47,7.62,0.97,0.49,0
360.0,420.0,:cluster_13298747747_13298747748_13298747749_13298747755_#2more_1_0,:cluster_13298747747_13298747748_13298747749_13298747755_#2more_1,0,16.66,9.7,0,0.0,16.66,70.78,50.03,-9.76,13.69,9.06,1.95,0.62,0
360.0,420.0,:cluster_13298747747_13298747748_13298747749_13298747755_#2more_2_0,:cluster_13298747747_13298747748_13298747749_13298747755_#2more_2,0,11.11,10.56,0,0.0,11.11,129.26,126.62,10.32,12.54,11.99,1.39,0.98,0
360.0,420.0,:cluster_13298747747_13298747748_13298747749_13298747755_#2more_4_0,:cluster_13298747747_13298747748_13298747749_13298747755_#2more_4,0,19.45,11.29,0,0.0,19.45,28.49,5.12,0.34,4.94,0.93,1.35,-5.0,1
360.0,420.0,:cluster_13298747750_13298747754_7007141699_1_0,:cluster_13298747750_13298747754_7007141699_1,0,6.5,6.83,0,0.0,6.5,23.12,4.56,-3.49,7.13,1.04,0.57,-4.52,2
360.0,420.0,:cluster_13298747750_13298747754_7007141699_3_0,:cluster_13298747750_13298747754_7007141699_3,0,9.93,5.45,0,0.0,9.93,85.0,77.49,-7.49,27.67,16.76,1.83,0.62,0
360.0,420.0,:cluster_13298747751_6469124180_11_0,:cluster_13298747751_6469124180_11,0,3.65,3.08,0,0.0,3.65,,,,,,-1.19,-3.56,1
360.0,420.0,:cluster_13298747751_6469124180_4_0,:cluster_13298747751_6469124180_4,0,11.11,9.56,0,0.0,11.11,17.01,4.8,1.67,4.4,1.14,1.34,0.51,0
360.0,420.0,:cluster_13298747751_6469124180_6_0,:cluster_13298747751_6469124180_6,0,11.11,10.05,0,0.0,11.11,85.01,69.04,4.32,21.99,6.87,1.09,-1.11,0
360.0,420.0,:cluster_13300645520_13300645530_663844204_3_0,:cluster_13300645520_13300645530_663844204_3,0,7.77,6.55,0,0.0,7.77,,,,,,1.62,0.74,0
360.0,420.0,:cluster_13300645520_13300645530_663844204_4_0,:cluster_13300645520_13300645530_663844204_4,1,3.57,7.22,0,0.05,27.78,8.72,7.75,-1.82,1.34,1.3,1.01,-0.47,0
360.0,420.0,:cluster_13300645520_13300645530_663844204_5_0,:cluster_13300645520_13300645530_663844204_5,1,5.88,8.13,0,0.15,7.61,12.85,4.13,-1.5,1.95,1.03,1.02,-1.21,0
360.0,420.0,:cluster_13908994425_13908994429_13908994430_1_0,:cluster_13908994425_13908994429_13908994430_1,0,27.78,15.89,0,0.0,27.78,,,,,,1.21,0.6,0
360.0,420.0,:cluster_13908994425_13908994429_13908994430_4_0,:cluster_13908994425_13908994429_13908994430_4,0,27.78,9.33,0,0.0,27.78,7.92,4.52,-0.51,1.22,1.01,0.66,-2.17,0
360.0,420.0,:cluster_13977163696_13977163697_664447214_1_0,:cluster_13977163696_13977163697_664447214_1,1,9.17,9.25,0,0.15,9.67,84.28,82.87,6.1,9.15,9.04,-0.92,-1.68,0
360.0,420.0,:cluster_5424222000_664446587_11_0,:cluster_5424222000_664446587_11,0,6.19,7.01,0,0.0,6.19,,,,,,0.96,-0.26,0
360.0,420.0,:cluster_5424222000_664446587_3_0,:cluster_5424222000_664446587_3,0,27.78,14.77,0,0.0,27.78,35.89,16.24,4.63,2.63,1.19,-0.06,-1.61,0
360.0,420.0,:cluster_5424222000_664446587_5_0,:cluster_5424222000_664446587_5,0,6.19,7.05,0,0.0,6.19,,,,,,-3.97,-5.0,1
360.0,420.0,:cluster_5424222000_664446587_6_0,:cluster_5424222000_664446587_6,0,8.5,7.6,0,0.0,8.5,,,,,,1.17,0.61,0
360.0,420.0,:cluster_5424222009_664446539_1_0,:cluster_5424222009_664446539_1,0,6.65,5.48,0,0.0,6.65,14.7,14.7,-4.04,2.68,2.68,-1.11,-1.11,0
360.0,420.0,:cluster_5424222009_664446539_2_0,:cluster_5424222009_664446539_2,0,8.61,8.53,0,0.0,8.61,38.29,12.57,-5.31,5.48,2.39,0.39,-3.52,1
360.0,420.0,:cluster_5424222009_664446539_5_0,:cluster_5424222009_664446539_5,0,6.65,5.38,0,0.0,6.65,18.99,17.32,-5.95,3.59,3.22,-0.26,-0.31,0
360.0,420.0,:cluster_663842376_663944135_0_0,:cluster_663842376_663944135_0,0,27.78,13.76,0,0.0,27.78,,,,,,0.35,0.04,0
360.0,420.0,:cluster_663842376_663944135_3_0,:cluster_663842376_663944135_3,0,9.92,9.79,0,0.0,9.92,,,,,,1.21,-0.64,0
360.0,420.0,:cluster_663842376_663944135_4_0,:cluster_663842376_663944135_4,0,27.78,17.62,0,0.0,27.78,72.72,15.61,0.96,5.0,1.14,-0.13,-1.35,0
360.0,420.0,:cluster_663943516_664446119_1_0,:cluster_663943516_664446119_1,0,7.06,6.57,0,0.0,7.06,34.18,30.97,6.49,5.26,4.88,-0.47,-0.96,0
360.0,420.0,:cluster_663943516_664446119_4_0,:cluster_663943516_664446119_4,0,11.11,11.17,0,0.0,11.11,37.51,29.32,10.98,3.41,2.67,0.08,-0.96,0
360.0,420.0,:cluster_664446535_8507351665_8507351666_1_0,:cluster_664446535_8507351665_8507351666_1,0,6.57,5.11,0,0.0,6.57,63.95,57.86,-5.98,18.01,13.59,1.52,0.74,0
360.0,420.0,:cluster_664446535_8507351665_8507351666_2_0,:cluster_664446535_8507351665_8507351666_2,0,13.89,6.83,0,0.0,13.89,8.26,5.88,-2.33,1.62,1.59,1.55,-0.37,0
360.0,420.0,:cluster_664446535_8507351665_8507351666_3_0,:cluster_664446535_8507351665_8507351666_3,0,11.11,10.14,0,0.0,11.11,151.32,79.7,-7.62,39.05,7.86,1.51,0.69,0
360.0,420.0,:cluster_664446535_8507351665_8507351666_4_0,:cluster_664446535_8507351665_8507351666_4,0,6.48,5.41,0,0.0,6.48,,,,,,1.37,1.37,0
420.0,480.0,-101757273#0_0,-101757273#0,0,22.22,8.47,0,0.0,22.22,,,,,,-2.57,-4.0,2
420.0,480.0,-101757273#3_0,-101757273#3,0,22.22,17.77,0,0.0,22.22,,,,,,-2.88,-5.0,4
420.0,480.0,-101757273#4_0,-101757273#4,0,22.22,17.51,0,0.0,22.22,,,,,,1.29,0.24,0
420.0,480.0,-101757273#5_0,-101757273#5,0,22.22,12.54,0,0.0,22.22,,,,,,1.81,0.12,0
420.0,480.0,-101757288#1_0,-101757288#1,0,13.89,13.86,0,0.0,13.89,,,,,,0.67,-0.91,0
420.0,480.0,-101757306#0_0,-101757306#0,0,13.89,14.74,0,0.0,13.89,,,,,,-0.45,-5.0,3
420.0,480.0,-101757306#1_0,-101757306#1,0,13.89,13.29,0,0.0,13.89,,,,,,-0.08,-5.0,3
420.0,480.0,-101943152_0,-101943152,1,11.29,12.25,0,0.04,13.89,60.35,49.51,-2.39,7.7,5.1,0.34,-4.0,5
420.0,480.0,-101966381_0,-101966381,1,2.13,2.58,0,0.04,2.78,96.13,68.4,-7.1,43.83,30.47,-0.02,-1.13,0
420.0,480.0,-101966385#0_0,-101966385#0,1,0.0,13.83,1,0.08,13.89,11.16,0.1,-5.56,1.72,0.1,-1.27,-5.0,7
420.0,480.0,-101966385#2_0,-101966385#2,0,13.89,11.62,0,0.0,13.89,,,,,,-1.71,-3.82,3
420.0,480.0,-101966393#0_0,-101966393#0,0,13.89,14.11,0,0.0,13.89,,,,,,-0.63,-4.0,4
420.0,480.0,-101966393#1_0,-101966393#1,0,13.89,10.86,0,0.0,13.89,,,,,,1.4,-0.05,0
420.0,480.0,-101966397#0_0,-101966397#0,0,13.89,15.76,0,0.0,13.89,,,,,,0.22,-2.23,0
420.0,480.0,-101966397#1_0,-101966397#1,0,13.89,15.62,0,0.0,13.89,,,,,,0.29,-1.42,0
420.0,480.0,-101966424#0_0,-101966424#0,1,7.58,11.83,0,0.03,13.89,,,,,,0.38,-1.71,0
420.0,480.0,-101966424#1_0,-101966424#1,0,13.89,14.62,0,0.0,13.89,,,,,,0.9,0.9,0
420.0,480.0,-101966424#2_0,-101966424#2,0,13.89,12.78,0,0.0,13.89,,,,,,1.32,0.34,0
420.0,480.0,-101966430#1_0,-101966430#1,1,15.74,15.74,0,0.03,13.89,121.62,115.51,1.23,9.62,9.13,-0.97,-5.0,3
420.0,480.0,-101966430#2_0,-101966430#2,0,13.89,15.74,0,0.0,13.89,118.23,117.2,-1.97,8.68,8.55,0.9,-1.56,0
420.0,480.0,-101966443#0_0,-101966443#0,1,7.18,17.42,0,0.04,22.22,28.67,0.1,0.84,3.38,0.31,-1.39,-5.0,56
420.0,480.0,-101966443#10_0,-101966443#10,0,22.22,17.98,0,0.0,22.22,66.34,19.91,4.57,4.58,1.89,-0.47,-2.28,0
420.0,480.0,-101966443#11_0,-101966443#11,0,22.22,17.87,0,0.0,22.22,87.58,42.01,4.89,5.77,2.61,-0.05,-1.88,0
420.0,480.0,-101966443#12_0,-101966443#12,1,16.69,17.31,0,0.76,22.22,72.47,72.47,6.86,4.28,4.28,-0.06,-2.03,0
420.0,480.0,-101966443#13_0,-101966443#13,1,11.48,17.36,0,0.03,22.22,58.46,14.93,-4.3,5.83,1.32,1.28,-1.48,0
420.0,480.0,-101966443#1_0,-101966443#1,0,22.22,14.79,0,0.0,22.22,41.98,12.27,-0.58,3.88,1.08,1.38,-0.93,0
420.0,480.0,-101966443#2_0,-101966443#2,1,12.22,14.64,0,0.1,22.22,29.56,9.06,0.01,3.47,1.05,-2.45,-5.0,40
420.0,480.0,-101966443#3_0,-101966443#3,0,22.22,17.68,0,0.0,22.22,36.84,13.1,4.47,2.48,1.08,-0.46,-2.91,0
420.0,480.0,-101966443#4_0,-101966443#4,1,9.57,18.0,0,0.06,22.22,53.21,15.5,2.21,3.9,1.09,0.51,-2.17,0
420.0,480.0,-101966443#5_0,-101966443#5,0,22.22,17.83,0,0.0,22.22,51.26,15.34,-1.86,3.89,1.1,0.93,-1.76,0
420.0,480.0,-101966443#6_0,-101966443#6,0,22.22,17.99,0,0.0,22.22,57.67,24.01,1.94,4.22,1.47,-0.91,-5.0,17
420.0,480.0,-101966443#7_0,-101966443#7,0,22.22,17.89,0,0.0,22.22,64.01,20.58,0.51,5.36,1.37,0.76,-1.3,0
420.0,480.0,-101966443#8_0,-101966443#8,0,22.22,17.85,0,0.0,22.22,70.39,16.68,1.73,4.89,1.44,0.53,-1.82,0
420.0,480.0,-101966443#9_0,-101966443#9,0,22.22,17.89,0,0.0,22.22,69.28,15.17,1.94,4.96,1.47,0.43,-1.91,0
420.0,480.0,-101966453#0_0,-101966453#0,0,13.89,9.36,0,0.0,13.89,1.64,0.0,-1.0,2.7,0.67,0.11,-4.0,2
420.0,480.0,-101966453#1_0,-101966453#1,0,13.89,14.63,0,0.0,13.89,,,,,,0.64,-1.25,0
420.0,480.0,-101966453#2_0,-101966453#2,0,13.89,6.59,0,0.0,13.89,,,,,,1.47,1.47,0
420.0,480.0,-101966461_0,-101966461,11,0.28,12.75,10,0.39,13.89,2.0,0.0,0.32,1.93,0.51,-0.06,-5.0,12
420.0,480.0,-101966488#1_0,-101966488#1,0,13.89,11.91,0,0.0,13.89,24.94,9.5,1.13,3.47,1.01,-1.11,-5.0,5
420.0,480.0,-101966488#2_0,-101966488#2,0,13.89,11.95,0,0.0,13.89,12.53,10.95,-0.74,1.2,1.1,1.05,-1.47,0
420.0,480.0,-101966492_0,-101966492,0,13.89,15.21,0,0.0,13.89,,,,,,1.66,-1.57,0
420.0,480.0,-101966494_0,-101966494,0,13.89,13.91,0,0.0,13.89,129.29,126.64,-2.77,13.5,9.19,-1.27,-4.0,4
420.0,480.0,-101966506#0_0,-101966506#0,0,13.89,13.64,0,0.0,13.89,61.43,10.27,1.64,5.78,0.9,-1.21,-4.0,7
420.0,480.0,-101966506#1_0,-101966506#1,0,13.89,13.79,0,0.0,13.89,147.82,147.82,9.41,15.71,15.71,0.63,-1.1,0
420.0,480.0,-101966508_0,-101966508,0,13.89,13.64,0,0.0,13.89,,,,,,0.21,-5.0,6
420.0,480.0,-101972876#2_0,-101972876#2,1,8.8,8.8,0,0.08,13.89,,,,,,1.08,0.45,0
420.0,480.0,-101972892#0_0,-101972892#0,0,13.89,13.27,0,0.0,13.89,,,,,,-0.13,-5.0,3
420.0,480.0,-101972892#1_0,-101972892#1,0,13.89,10.68,0,0.0,13.89,82.58,14.46,0.25,10.74,2.3,1.22,-0.78,0
420.0,480.0,-101972898#3_0,-101972898#3,0,13.89,12.31,0,0.0,13.89,,,,,,0.68,-5.0,1
420.0,480.0,-101972912#0_0,-101972912#0,0,13.89,15.41,0,0.0,13.89,21.94,9.76,0.95,2.39,1.14,-0.82,-5.0,30
420.0,480.0,-101972912#1_0,-101972912#1,0,13.89,9.6,0,0.0,13.89,33.2,11.67,-3.05,4.32,1.53,1.09,-0.34,0
420.0,480.0,-101972944_0,-101972944,0,13.89,13.22,0,0.0,13.89,,,,,,0.09,-4.0,4
420.0,480.0,-101972955#0_0,-101972955#0,1,0.0,12.89,1,0.07,13.89,10.77,0.0,-2.34,3.28,0.03,-0.45,-5.0,14
420.0,480.0,-101972955#1_0,-101972955#1,0,13.89,9.94,0,0.0,13.89,48.22,37.48,-0.91,6.87,4.14,-1.02,-4.29,2
420.0,480.0,-101972955#3_0,-101972955#3,0,13.89,5.81,0,0.0,13.89,89.4,89.4,-1.08,15.39,15.39,-3.31,-3.31,1
420.0,480.0,-101972960#0_0,-101972960#0,0,13.89,15.13,0,0.0,13.89,29.05,13.85,1.79,2.4,1.14,0.1,-5.0,6
420.0,480.0,-101972960#1_0,-101972960#1,0,13.89,12.38,0,0.0,13.89,29.48,14.37,-1.56,3.12,1.26,1.4,-1.53,0
420.0,480.0,-101972960#2_0,-101972960#2,1,6.32,6.32,0,0.04,13.89,68.58,42.69,-4.02,18.0,7.15,1.35,0.73,0
420.0,480.0,-102688627#0_0,-102688627#0,0,11.11,11.63,0,0.0,11.11,19.05,9.98,0.11,2.29,1.24,-0.54,-5.0,10
420.0,480.0,-102688627#1_0,-102688627#1,0,11.11,11.67,0,0.0,11.11,24.64,15.04,0.57,2.24,1.3,-0.03,-2.14,0
420.0,480.0,-102688627#2_0,-102688627#2,0,11.11,11.52,0,0.0,11.11,42.64,15.0,0.84,4.12,1.3,0.04,-1.49,0
420.0,480.0,-102688627#3_0,-102688627#3,2,10.05,11.49,0,0.1,11.11,36.32,11.37,0.18,3.57,1.09,0.07,-2.74,0
420.0,480.0,-102688627#4_0,-102688627#4,0,11.11,11.34,0,0.0,11.11,33.46,11.37,1.78,3.56,1.14,-0.2,-5.0,2
420.0,480.0,-102688627#5_0,-102688627#5,1,6.83,11.34,0,0.1,11.11,49.75,12.21,0.99,5.78,1.11,0.06,-2.78,0
420.0,480.0,-102688629#2_0,-102688629#2,1,0.05,10.14,1,0.08,11.11,97.96,35.7,-3.15,139.85,10.24,-0.16,-5.0,4
420.0,480.0,-102688629#3_0,-102688629#3,0,11.11,10.07,0,0.0,11.11,102.59,102.57,-0.17,10.38,10.19,0.57,0.38,0
420.0,480.0,-102688629#4_0,-102688629#4,0,11.11,9.73,0,0.0,11.11,101.99,101.99,-0.46,10.49,10.49,0.9,0.9,0
420.0,480.0,-102688629#5_0,-102688629#5,0,11.11,7.06,0,0.0,11.11,100.47,100.16,-0.73,16.58,14.27,0.97,0.23,0
420.0,480.0,-102688629#6_0,-102688629#6,0,11.11,9.93,0,0.0,11.11,103.2,97.07,3.84,30.38,10.6,-1.03,-5.0,3
420.0,480.0,-102961717#3_0,-102961717#3,0,13.89,13.41,0,0.0,13.89,,,,,,-1.02,-4.0,5
420.0,480.0,-102961717#4_0,-102961717#4,0,13.89,12.3,0,0.0,13.89,140.34,140.34,-8.49,27.15,27.15,-0.39,-4.0,2
420.0,480.0,-102961724#0_0,-102961724#0,0,13.89,13.49,0,0.0,13.89,,,,,,-1.87,-5.0,3
420.0,480.0,-102961724#1_0,-102961724#1,0,13.89,12.12,0,0.0,13.89,113.98,98.23,7.89,15.27,8.61,1.68,-0.75,0
420.0,480.0,-103050318_0,-103050318,0,13.89,15.25,0,0.0,13.89,65.99,11.85,-0.18,6.37,1.09,0.22,-4.0,3
420.0,480.0,-103050330#0_0,-103050330#0,0,13.89,14.45,0,0.0,13.89,66.25,52.94,-2.66,7.55,4.54,-1.81,-4.0,6
420.0,480.0,-103050330#1_0,-103050330#1,0,13.89,14.52,0,0.0,13.89,74.27,50.22,2.55,8.22,6.79,0.62,-0.38,0
420.0,480.0,-103050330#2_0,-103050330#2,0,13.89,14.32,0,0.0,13.89,168.75,165.26,14.13,11.94,11.85,-0.53,-0.76,0
420.0,480.0,-103050330#3_0,-103050330#3,0,13.89,14.5,0,0.0,13.89,193.88,193.88,14.5,13.37,13.37,0.3,-0.74,0
420.0,480.0,-103050330#4_0,-103050330#4,0,13.89,8.35,0,0.0,13.89,,,,,,1.13,-1.36,0
420.0,480.0,-103050337_0,-103050337,1,3.32,14.44,0,0.02,13.89,57.8,1.82,2.06,7.1,0.89,-0.22,-4.47,14
420.0,480.0,-103082309_0,-103082309,1,2.62,2.65,0,0.05,2.78,93.25,73.21,-5.2,39.98,29.36,-0.0,-1.14,0
420.0,480.0,-103082310#0_0,-103082310#0,0,13.89,10.2,0,0.0,13.89,53.45,16.5,-1.16,6.45,1.62,-3.96,-5.0,8
420.0,480.0,-103082310#1_0,-103082310#1,0,13.89,15.04,0,0.0,13.89,67.59,24.46,2.51,6.76,1.72,0.96,-1.71,0
420.0,480.0,-103082314#0_0,-103082314#0,0,11.11,9.44,0,0.0,11.11,1.94,1.94,-2.69,0.46,0.46,-2.8,-4.22,2
420.0,480.0,-103082314#1_0,-103082314#1,0,11.11,12.23,0,0.0,11.11,,,,,,-0.04,-1.62,0
420.0,480.0,-103082314#3_0,-103082314#3,0,11.11,10.86,0,0.0,11.11,157.77,154.75,-2.42,19.34,14.67,1.47,-1.27,0
420.0,480.0,-103082316_0,-103082316,7,0.0,0.0,7,0.33,13.89,4.06,0.0,-0.68,,,0.0,0.0,0
420.0,480.0,-103082326#0_0,-103082326#0,0,13.89,13.29,0,0.0,13.89,,,,,,-1.3,-4.0,4
420.0,480.0,-103082326#1_0,-103082326#1,0,13.89,11.62,0,0.0,13.89,,,,,,1.38,0.98,0
420.0,480.0,-103212679_0,-103212679,0,13.89,11.15,0,0.0,13.89,33.5,23.87,1.26,3.5,2.99,0.64,-5.0,2
420.0,480.0,-103230484#2_0,-103230484#2,1,12.22,12.82,0,0.02,13.89,75.06,69.12,-3.52,7.73,6.52,-0.28,-5.0,1
420.0,480.0,-103230510_0,-103230510,0,13.89,12.85,0,0.0,13.89,,,,,,0.23,-2.15,0
420.0,480.0,-103230574_0,-103230574,0,2.78,3.08,0,0.0,2.78,9.84,8.56,-0.11,4.19,3.23,-0.11,-4.62,2
420.0,480.0,-103230587#0_0,-103230587#0,0,13.89,13.86,0,0.0,13.89,77.87,76.08,-1.42,6.97,5.52,-0.54,-4.0,4
420.0,480.0,-103230587#1_0,-103230587#1,0,13.89,13.79,0,0.0,13.89,159.33,146.55,2.71,12.48,11.65,0.23,-1.64,0
420.0,480.0,-103230607#3_0,-103230607#3,0,13.89,13.56,0,0.0,13.89,,,,,,-2.29,-4.0,3
420.0,480.0,-103230607#4_0,-103230607#4,1,14.79,15.18,0,0.04,13.89,,,,,,0.34,-4.0,2
420.0,480.0,-104043544#2_0,-104043544#2,0,22.22,13.93,0,0.0,22.22,20.48,18.29,8.61,1.57,1.52,-2.69,-5.0,5
420.0,480.0,-104043544#4_0,-104043544#4,0,22.22,13.81,0,0.0,22.22,,,,,,0.75,-2.71,0
420.0,480.0,-104043544#5_0,-104043544#5,0,22.22,13.77,0,0.1,22.22,7.51,6.91,2.82,1.18,1.17,-2.41,-4.0,8
420.0,480.0,-104043544#6_0,-104043544#6,0,22.22,15.4,0,0.0,22.22,14.69,14.0,2.37,1.12,1.12,0.24,-2.55,0
420.0,480.0,-104043544#7_0,-104043544#7,0,22.22,14.63,0,0.0,22.22,14.5,13.55,-1.2,1.1,1.05,1.36,0.66,0
420.0,480.0,-104043544#8_0,-104043544#8,0,22.22,10.5,0,0.0,22.22,53.87,9.31,0.26,7.46,1.18,1.08,-1.11,0
420.0,480.0,-1087118361#0_0,-1087118361#0,0,27.78,11.81,0,0.0,27.78,10.89,4.13,-0.51,1.66,1.17,-0.86,-5.0,3
420.0,480.0,-1087118361#11_0,-1087118361#11,0,27.78,13.9,0,0.0,27.78,15.23,0.0,-1.84,6.93,1.1,0.22,-1.27,0
420.0,480.0,-1087118361#1_0,-1087118361#1,0,27.78,17.76,0,0.0,27.78,21.19,3.29,3.59,1.73,1.1,-0.83,-3.92,4
420.0,480.0,-1087118361#2_0,-1087118361#2,0,27.78,17.92,0,0.0,27.78,24.39,9.69,-2.46,2.21,1.01,1.36,-0.24,0
420.0,480.0,-1087118361#4_0,-1087118361#4,0,27.78,12.75,0,0.0,27.78,3.06,0.0,0.44,1.72,0.52,-0.05,-5.0,1
420.0,480.0,-1087118361#5_0,-1087118361#5,0,27.78,16.62,0,0.0,27.78,10.71,0.01,1.62,2.93,0.52,-0.36,-4.0,9
420.0,480.0,-1087118361#6_0,-1087118361#6,0,27.78,13.9,0,0.0,27.78,54.91,54.91,7.14,3.95,3.95,0.0,0.0,0
420.0,480.0,-1087118361#8_0,-1087118361#8,1,4.95,16.53,0,0.12,27.78,12.99,0.0,-1.12,4.88,0.51,-0.11,-4.0,9
420.0,480.0,-1087118361#9_0,-1087118361#9,0,27.78,16.7,0,0.0,27.78,14.57,4.44,3.17,2.43,0.97,0.22,-2.43,0
420.0,480.0,-1124382853#2_0,-1124382853#2,2,14.17,17.96,0,0.04,27.78,21.06,18.58,1.74,1.38,1.25,-0.67,-5.0,6
420.0,480.0,-1124382853#3_0,-1124382853#3,1,9.06,16.58,0,0.03,27.78,44.41,12.45,-3.54,5.3,1.71,1.28,-0.66,0
420.0,480.0,-1124382853#5_0,-1124382853#5,0,27.78,13.0,0,0.0,27.78,,,,,,-2.89,-4.0,4
420.0,480.0,-1173917946_0,-1173917946,0,2.78,2.6,0,0.0,2.78,,,,,,0.0,-0.77,0
420.0,480.0,-1178005978#0_0,-1178005978#0,0,13.89,14.55,0,0.0,13.89,,,,,,0.24,-0.18,0
420.0,480.0,-1178014356_0,-1178014356,0,13.89,14.55,0,0.0,13.89,,,,,,0.56,-5.0,3
420.0,480.0,-1178018200#0_0,-1178018200#0,1,2.25,3.16,0,0.18,2.78,70.67,4.64,-1.89,27.44,2.38,0.04,-1.93,0
420.0,480.0,-1180590647_0,-1180590647,0,13.89,13.64,0,0.0,13.89,143.72,139.41,-4.99,18.64,13.8,-0.86,-4.0,3
420.0,480.0,-1198952554#0_0,-1198952554#0,3,4.66,12.41,0,0.11,11.11,25.5,0.0,-2.63,5.02,0.5,-0.19,-5.0,10
420.0,480.0,-1198952554#2_0,-1198952554#2,0,11.11,11.11,0,0.0,11.11,64.82,31.73,2.87,8.22,3.17,0.56,-2.95,0
420.0,480.0,-1198952554#3_0,-1198952554#3,0,11.11,10.71,0,0.0,11.11,155.68,137.96,10.09,15.47,13.57,-0.08,-1.89,0
420.0,480.0,-1198952554#4_0,-1198952554#4,0,11.11,10.55,0,0.0,11.11,88.64,87.11,0.49,8.67,8.39,-0.01,-1.21,0
420.0,480.0,-1198952554#5_0,-1198952554#5,1,10.23,10.81,0,0.14,11.11,,,,,,0.09,-1.34,0
420.0,480.0,-1198952554#6_0,-1198952554#6,0,11.11,10.76,0,0.0,11.11,,,,,,0.04,-1.83,0
420.0,480.0,-1198952555#0_0,-1198952555#0,0,11.11,11.61,0,0.0,11.11,64.01,15.33,5.05,5.69,1.32,0.29,-1.41,0
420.0,480.0,-1198952555#1_0,-1198952555#1,0,11.11,11.61,0,0.0,11.11,87.77,15.38,6.52,7.77,1.32,0.24,-0.49,0
420.0,480.0,-1198952555#2_0,-1198952555#2,2,9.93,11.96,0,0.07,11.11,31.46,16.0,0.55,2.99,1.38,-0.04,-2.27,0
420.0,480.0,-1198952555#3_0,-1198952555#3,0,11.11,11.88,0,0.0,11.11,34.29,19.63,-0.18,3.58,1.65,0.58,-1.67,0
420.0,480.0,-1199457538#0_0,-1199457538#0,0,13.89,8.99,0,0.0,13.89,,,,,,1.32,1.03,0
420.0,480.0,-1199457538#1_0,-1199457538#1,0,13.89,9.73,0,0.0,13.89,,,,,,1.21,0.83,0
420.0,480.0,-1199457538#2_0,-1199457538#2,0,13.89,11.01,0,0.0,13.89,,,,,,-0.3,-5.0,1
420.0,480.0,-1199688354_0,-1199688354,0,13.89,9.71,0,0.0,13.89,,,,,,0.5,-4.0,2
420.0,480.0,-1434292703#0_0,-1434292703#0,0,13.89,12.42,0,0.0,13.89,,,,,,-2.97,-5.0,3
420.0,480.0,-1434292703#1_0,-1434292703#1,0,13.89,13.04,0,0.0,13.89,20.01,11.05,2.77,2.14,1.24,-0.23,-5.0,4
420.0,480.0,-1435087429_0,-1435087429,0,11.11,11.55,0,0.0,11.11,,,,,,0.14,-3.85,3
420.0,480.0,-1485642374_0,-1485642374,0,2.78,2.59,0,0.0,2.78,76.8,74.13,-0.2,38.71,29.87,-0.06,-4.69,1
420.0,480.0,-52097266#0_0,-52097266#0,0,11.11,10.61,0,0.0,11.11,,,,,,-0.46,-3.67,2
420.0,480.0,-52097266#2_0,-52097266#2,0,11.11,9.84,0,0.0,11.11,,,,,,-1.14,-5.0,1
420.0,480.0,-52097266#3_0,-52097266#3,0,11.11,9.68,0,0.0,11.11,,,,,,0.63,-0.69,0
420.0,480.0,-52097653#0_0,-52097653#0,0,11.11,10.99,0,0.0,11.11,,,,,,-0.55,-4.0,4
420.0,480.0,-52097653#1_0,-52097653#1,0,11.11,9.17,0,0.0,11.11,,,,,,1.33,1.06,0
420.0,480.0,-52152298#1_0,-52152298#1,0,22.22,13.64,0,0.0,22.22,22.06,13.92,7.55,2.2,1.86,-0.72,-5.0,4
420.0,480.0,-52152298#2_0,-52152298#2,0,22.22,11.12,0,0.0,22.22,36.71,10.98,-2.13,4.81,1.55,0.66,-4.0,3
420.0,480.0,-52152311#0_0,-52152311#0,0,11.11,10.87,0,0.0,11.11,,,,,,0.03,-0.72,0
420.0,480.0,-52152311#1_0,-52152311#1,0,11.11,11.43,0,0.0,11.11,,,,,,0.89,-1.87,0
420.0,480.0,-52152313#0_0,-52152313#0,1,8.74,15.14,0,0.03,13.89,130.12,100.22,-6.05,33.69,13.72,-1.49,-5.0,12
420.0,480.0,-52152313#1_0,-52152313#1,1,13.29,15.15,0,0.01,13.89,97.24,56.97,-0.5,8.52,6.08,0.71,-1.63,0
420.0,480.0,-52152314#0_0,-52152314#0,0,13.89,13.68,0,0.0,13.89,84.14,82.13,0.27,7.94,6.94,-0.88,-4.79,5
420.0,480.0,-52152314#1_0,-52152314#1,0,13.89,13.75,0,0.0,13.89,137.18,87.57,1.35,11.67,7.33,0.59,-2.02,0
420.0,480.0,-52152323#6_0,-52152323#6,0,11.11,11.01,0,0.0,11.11,,,,,,-1.16,-3.88,1
420.0,480.0,-52152369#0_0,-52152369#0,0,13.89,10.57,0,0.0,13.89,,,,,,0.15,-4.0,2
420.0,480.0,-52152369#1_0,-52152369#1,0,13.89,12.31,0,0.0,13.89,,,,,,0.21,-5.0,2
420.0,480.0,-52155579#1_0,-52155579#1,1,11.52,11.7,0,0.03,11.11,,,,,,0.02,-0.99,0
420.0,480.0,-52155579#2_0,-52155579#2,0,11.11,10.6,0,0.0,11.11,,,,,,1.36,0.55,0
420.0,480.0,-52155744#1_0,-52155744#1,0,13.89,13.56,0,0.0,13.89,66.99,34.53,-4.61,5.84,2.55,-0.89,-4.0,3
420.0,480.0,-52155744#2_0,-52155744#2,0,13.89,13.69,0,0.0,13.89,102.2,101.31,-4.1,7.61,7.57,0.05,-0.85,0
420.0,480.0,-52155744#3_0,-52155744#3,0,13.89,13.61,0,0.0,13.89,,,,,,0.83,-0.73,0
420.0,480.0,-52155750#0_0,-52155750#0,6,0.01,6.0,6,0.72,13.89,6.32,0.0,-1.19,3.05,0.52,-0.06,-4.1,2
420.0,480.0,-52155750#1_0,-52155750#1,8,0.27,13.87,4,0.54,13.89,3.78,0.0,0.6,2.03,0.51,-0.29,-5.0,24
420.0,480.0,-52155750#2_0,-52155750#2,1,10.92,15.66,0,0.04,13.89,38.49,9.79,1.76,4.11,1.07,0.16,-5.0,12
420.0,480.0,-52155752#0_0,-52155752#0,0,13.89,13.16,0,0.0,13.89,75.88,0.14,-0.47,7.34,0.4,-1.14,-5.0,5
420.0,480.0,-52155752#1_0,-52155752#1,0,13.89,15.53,0,0.0,13.89,,,,,,-0.03,-4.8,2
420.0,480.0,-562694503#0_0,-562694503#0,0,13.89,14.28,0,0.0,13.89,64.09,3.84,1.77,5.52,0.54,-0.76,-5.0,11
420.0,480.0,-562694503#1_0,-562694503#1,1,14.38,14.9,0,0.02,13.89,80.06,29.3,-0.43,6.9,2.25,0.43,-4.0,2
420.0,480.0,-563518385#0_0,-563518385#0,0,11.11,11.52,0,0.0,11.11,,,,,,-0.23,-0.87,0
420.0,480.0,-563518385#1_0,-563518385#1,0,11.11,11.66,0,0.0,11.11,,,,,,-0.02,-1.13,0
420.0,480.0,-563518385#2_0,-563518385#2,0,11.11,11.6,0,0.0,11.11,,,,,,0.03,-0.67,0
420.0,480.0,-563518385#5_0,-563518385#5,1,11.28,11.42,0,0.01,11.11,,,,,,0.01,-1.16,0
420.0,480.0,-689627819_0,-689627819,1,7.72,13.55,0,0.05,13.89,,,,,,-0.09,-4.0,8
420.0,480.0,-689669925_0,-689669925,0,13.89,10.39,0,0.0,13.89,,,,,,-0.42,-5.0,1
420.0,480.0,-771670219_0,-771670219,1,11.1,13.41,0,0.08,13.89,,,,,,0.97,-5.0,1
420.0,480.0,101757273#0_0,101757273#0,0,22.22,14.75,0,0.0,22.22,,,,,,1.82,-1.31,0
420.0,480.0,101757273#1_0,101757273#1,0,22.22,15.28,0,0.0,22.22,,,,,,0.1,-0.38,0
420.0,480.0,101757273#2_0,101757273#2,0,22.22,15.72,0,0.0,22.22,,,,,,-0.23,-1.79,0
420.0,480.0,101757273#3_0,101757273#3,0,22.22,15.36,0,0.0,22.22,,,,,,-0.29,-0.85,0
420.0,480.0,101757273#4_0,101757273#4,0,22.22,15.74,0,0.0,22.22,,,,,,0.07,-2.02,0
420.0,480.0,101757273#5_0,101757273#5,0,22.22,15.54,0,0.0,22.22,,,,,,-3.22,-5.0,8
420.0,480.0,101757288#0_0,101757288#0,0,13.89,13.86,0,0.0,13.89,,,,,,0.56,-1.02,0
420.0,480.0,101757288#1_0,101757288#1,0,13.89,13.8,0,0.0,13.89,,,,,,-0.68,-4.0,9
420.0,480.0,101757302#0_0,101757302#0,0,13.89,9.78,0,0.0,13.89,88.79,84.33,-2.66,11.96,9.35,1.18,0.37,0
420.0,480.0,101757302#1_0,101757302#1,0,13.89,12.04,0,0.0,13.89,89.1,89.1,1.86,7.63,7.63,-0.24,-0.73,0
420.0,480.0,101757302#2_0,101757302#2,1,12.07,12.07,0,0.11,13.89,,,,,,-0.01,-0.01,0
420.0,480.0,101757312#0_0,101757312#0,0,13.89,14.87,0,0.0,13.89,27.57,13.4,1.08,3.3,1.6,-0.21,-5.0,6
420.0,480.0,101757312#1_0,101757312#1,0,13.89,7.71,0,0.0,13.89,10.02,0.16,-8.74,12.63,0.37,-1.96,-5.0,4
420.0,480.0,101757321_0,101757321,0,13.89,13.52,0,0.0,13.89,69.7,61.47,-5.2,6.29,5.95,-0.07,-4.0,3
420.0,480.0,101943132_0,101943132,0,13.89,13.83,0,0.0,13.89,,,,,,-1.04,-5.0,6
420.0,480.0,101943135_0,101943135,0,13.89,15.19,0,0.0,13.89,136.78,127.58,1.35,10.48,8.88,0.74,-2.22,0
420.0,480.0,101966393#0_0,101966393#0,1,11.13,13.11,0,0.02,13.89,,,,,,0.48,-1.78,0
420.0,480.0,101966393#1_0,101966393#1,0,13.89,12.85,0,0.0,13.89,,,,,,-0.14,-1.31,0
420.0,480.0,101966393#2_0,101966393#2,0,13.89,13.26,0,0.0,13.89,,,,,,-0.06,-1.9,0
420.0,480.0,101966396_0,101966396,1,13.81,13.81,0,0.03,13.89,103.92,63.32,-4.16,8.9,5.28,0.79,-0.77,0
420.0,480.0,101966397#1_0,101966397#1,0,13.89,12.95,0,0.0,13.89,98.59,87.95,4.21,9.54,7.82,-1.11,-4.0,3
420.0,480.0,101966424#1_0,101966424#1,0,13.89,13.89,0,0.0,13.89,45.16,37.21,-0.48,4.63,3.44,0.11,-1.36,0
420.0,480.0,101966424#2_0,101966424#2,0,13.89,14.36,0,0.02,13.89,52.43,0.1,-1.9,32.65,1.08,-1.38,-5.0,22
420.0,480.0,101966427_0,101966427,0,13.89,14.14,0,0.0,13.89,,,,,,-0.44,-4.0,4
420.0,480.0,101966430#0_0,101966430#0,1,11.99,12.5,0,0.04,13.89,97.77,84.66,-4.69,10.97,8.92,0.23,-4.0,4
420.0,480.0,101966430#1_0,101966430#1,0,13.89,14.66,0,0.0,13.89,,,,,,1.21,0.36,0
420.0,480.0,101966430#2_0,101966430#2,0,13.89,9.45,0,0.0,13.89,,,,,,1.24,0.71,0
420.0,480.0,101966430#3_0,101966430#3,0,13.89,12.99,0,0.0,13.89,111.4,108.96,1.63,8.9,8.56,-0.16,-3.93,2
420.0,480.0,101966443#0_0,101966443#0,0,22.22,12.62,0,0.0,22.22,,,,,,1.0,-0.22,0
420.0,480.0,101966443#10_0,101966443#10,0,22.22,17.86,0,0.0,22.22,56.17,17.79,2.36,3.73,1.12,0.28,-2.92,0
420.0,480.0,101966443#11_0,101966443#11,0,22.22,17.94,0,0.0,22.22,52.29,16.74,3.98,3.47,1.13,0.06,-5.0,2
420.0,480.0,101966443#12_0,101966443#12,0,22.22,16.99,0,0.0,22.22,41.62,16.94,2.17,2.69,1.29,-0.4,-2.04,0
420.0,480.0,101966443#13_0,101966443#13,2,3.92,17.65,1,0.06,22.22,24.95,0.1,0.71,3.94,0.5,-1.32,-5.0,32
420.0,480.0,101966443#1_0,101966443#1,0,22.22,13.29,0,0.0,22.22,,,,,,-0.62,-2.19,0
420.0,480.0,101966443#2_0,101966443#2,0,22.22,11.51,0,0.0,22.22,,,,,,0.71,0.12,0
420.0,480.0,101966443#3_0,101966443#3,0,22.22,13.52,0,0.0,22.22,,,,,,0.89,0.66,0
420.0,480.0,101966443#5_0,101966443#5,0,22.22,12.97,0,0.0,22.22,47.37,9.93,-3.25,5.5,1.22,1.86,-0.3,0
420.0,480.0,101966443#6_0,101966443#6,0,22.22,17.67,0,0.0,22.22,42.71,19.29,1.89,2.56,1.14,1.46,-1.26,0
420.0,480.0,101966443#7_0,101966443#7,0,22.22,18.0,0,0.0,22.22,35.87,19.54,3.81,2.05,1.12,-0.38,-4.0,4
420.0,480.0,101966443#8_0,101966443#8,0,22.22,17.28,0,0.0,22.22,44.41,19.32,-2.23,5.02,1.16,0.89,-1.43,0
420.0,480.0,101966443#9_0,101966443#9,0,22.22,17.35,0,0.0,22.22,54.74,19.14,-0.55,4.41,1.21,0.19,-5.0,1
420.0,480.0,101966453#0_0,101966453#0,0,13.89,13.89,0,0.0,13.89,,,,,,-1.9,-4.0,3
420.0,480.0,101966453#1_0,101966453#1,0,13.89,14.19,0,0.0,13.89,,,,,,-0.59,-4.0,2
420.0,480.0,101966453#2_0,101966453#2,0,13.89,8.06,0,0.0,13.89,,,,,,0.0,0.0,0
420.0,480.0,101966488#0_0,101966488#0,0,13.89,14.6,0,0.0,13.89,113.28,113.28,-5.3,20.03,20.03,-1.65,-5.0,4
420.0,480.0,101966488#1_0,101966488#1,0,13.89,13.89,0,0.0,13.89,,,,,,-0.07,-0.79,0
420.0,480.0,101966488#2_0,101966488#2,0,13.89,13.8,0,0.0,13.89,,,,,,-0.78,-4.0,6
420.0,480.0,101966492_0,101966492,0,13.89,11.3,0,0.0,13.89,,,,,,-0.44,-4.0,6
420.0,480.0,101966494_0,101966494,0,13.89,13.07,0,0.0,13.89,,,,,,-1.07,-4.0,4
420.0,480.0,101966506#1_0,101966506#1,0,13.89,13.89,0,0.0,13.89,,,,,,-1.39,-4.0,5
420.0,480.0,101966510#0_0,101966510#0,0,22.22,14.64,0,0.0,22.22,44.52,12.49,-3.59,4.19,1.26,1.57,0.48,0
420.0,480.0,101966510#1_0,101966510#1,1,16.65,17.99,0,0.11,22.22,42.78,15.34,0.39,2.67,1.07,0.77,-2.06,0
420.0,480.0,101966510#2_0,101966510#2,0,22.22,17.97,0,0.0,22.22,67.55,15.82,1.48,4.58,1.14,0.06,-1.59,0
420.0,480.0,101966510#3_0,101966510#3,0,22.22,17.97,0,0.0,22.22,40.41,15.51,0.87,2.46,1.11,-0.07,-1.22,0
420.0,480.0,101966510#4_0,101966510#4,0,22.22,17.97,0,0.0,22.22,32.21,0.44,2.56,2.45,0.12,-1.1,-5.0,25
420.0,480.0,101972889_0,101972889,0,2.78,2.77,0,0.0,2.78,,,,,,-0.02,-1.23,0
420.0,480.0,101972892#0_0,101972892#0,0,13.89,12.03,0,0.0,13.89,,,,,,1.35,0.5,0
420.0,480.0,101972892#1_0,101972892#1,2,8.31,14.83,0,0.17,13.89,14.76,0.1,1.3,1.78,1.0,-1.54,-5.0,25
420.0,480.0,101972898#0_0,101972898#0,0,13.89,11.77,0,0.0,13.89,22.02,10.31,0.36,2.51,1.34,0.36,-4.64,3
420.0,480.0,101972898#1_0,101972898#1,1,7.55,13.15,0,0.07,13.89,31.94,10.2,-2.95,4.2,1.15,1.34,-1.55,0
420.0,480.0,101972898#2_0,101972898#2,1,13.2,15.48,0,0.11,13.89,51.67,13.3,1.4,3.99,1.06,0.51,-2.05,0
420.0,480.0,101972898#3_0,101972898#3,1,9.06,15.33,0,0.03,13.89,14.46,0.0,1.17,4.08,0.5,-0.88,-5.0,31
420.0,480.0,101972912#0_0,101972912#0,6,0.0,11.94,6,0.27,13.89,2.87,0.0,0.17,1.87,0.51,-0.04,-5.0,10
420.0,480.0,101972912#1_0,101972912#1,2,0.0,6.34,2,0.65,13.89,27.05,0.0,-2.92,13.43,0.58,-0.05,-4.0,2
420.0,480.0,101972924#0_0,101972924#0,16,0.04,15.67,14,0.62,22.22,5.03,0.0,0.62,1.91,0.53,-0.23,-5.0,23
420.0,480.0,101972924#2_0,101972924#2,7,0.0,8.27,7,0.64,22.22,2.57,0.0,0.07,1.58,0.51,-0.08,-3.63,7
420.0,480.0,101972924#3_0,101972924#3,12,0.63,3.34,7,0.56,22.22,1.33,0.0,-0.04,1.8,0.58,0.01,-3.39,1
420.0,480.0,101972924#5_0,101972924#5,12,1.1,4.16,0,0.51,22.22,0.9,0.0,-0.18,1.58,0.51,0.01,-4.91,3
420.0,480.0,101972952#0_0,101972952#0,0,13.89,10.84,0,0.0,13.89,22.28,22.28,3.38,2.32,2.32,-2.22,-4.41,3
420.0,480.0,101972954#0_0,101972954#0,0,13.89,13.44,0,0.0,13.89,,,,,,1.51,-0.33,0
420.0,480.0,101972954#1_0,101972954#1,0,13.89,14.58,0,0.0,13.89,,,,,,-0.02,-2.01,0
420.0,480.0,101972954#2_0,101972954#2,0,13.89,14.56,0,0.0,13.89,,,,,,0.79,-2.2,0
420.0,480.0,101972954#4_0,101972954#4,0,13.89,14.35,0,0.0,13.89,33.96,14.49,-3.03,3.82,1.07,-1.47,-5.0,9
420.0,480.0,101972955#0_0,101972955#0,0,13.89,14.36,0,0.0,13.89,31.25,14.75,7.09,3.76,1.67,-1.28,-5.0,6
420.0,480.0,101972960#0_0,101972960#0,0,13.89,15.33,0,0.0,13.89,64.28,17.97,9.48,4.81,1.45,0.44,-5.0,1
420.0,480.0,101972960#1_0,101972960#1,2,0.03,15.88,2,0.36,13.89,11.31,0.0,3.41,1.57,0.2,-1.59,-5.0,12
420.0,480.0,101972960#2_0,101972960#2,0,13.89,12.27,0,0.0,13.89,71.1,71.1,-5.95,23.04,23.04,-1.67,-5.0,3
420.0,480.0,101972962_0,101972962,0,13.89,12.62,0,0.0,13.89,,,,,,-2.09,-5.0,3
420.0,480.0,102027267#0_0,102027267#0,0,11.11,11.66,0,0.0,11.11,,,,,,-0.2,-2.0,0
420.0,480.0,102027267#1_0,102027267#1,1,11.66,11.66,0,0.0,11.11,,,,,,0.17,-2.1,0
420.0,480.0,102027267#2_0,102027267#2,0,11.11,11.78,0,0.0,11.11,,,,,,-0.05,-2.36,0
420.0,480.0,102027267#3_0,102027267#3,0,11.11,11.8,0,0.0,11.11,,,,,,0.05,-1.8,0
420.0,480.0,102027267#4_0,102027267#4,0,11.11,11.76,0,0.0,11.11,240.56,192.5,2.2,22.8,16.74,-0.05,-1.86,0
420.0,480.0,102027267#5_0,102027267#5,0,11.11,11.24,0,0.0,11.11,202.88,200.88,-2.72,18.7,17.97,-0.01,-1.07,0
420.0,480.0,102027267#6_0,102027267#6,0,11.11,11.68,0,0.0,11.11,209.56,207.31,-0.35,19.65,17.9,-0.68,-5.0,2
420.0,480.0,102688627#0_0,102688627#0,2,9.11,11.1,0,0.04,11.11,18.67,9.34,1.25,1.87,1.0,0.12,-5.0,1
420.0,480.0,102688627#1_0,102688627#1,0,11.11,12.24,0,0.0,11.11,55.34,26.12,3.06,4.89,2.42,0.3,-3.52,2
420.0,480.0,102688627#2_0,102688627#2,0,11.11,12.19,0,0.0,11.11,82.7,51.39,5.88,7.38,4.28,0.02,-0.56,0
420.0,480.0,102688627#3_0,102688627#3,0,11.11,12.47,0,0.0,11.11,69.95,45.85,7.76,6.2,3.8,-0.0,-1.48,0
420.0,480.0,102688627#4_0,102688627#4,2,0.25,12.46,1,0.22,11.11,9.16,0.0,0.93,2.28,0.5,-0.27,-5.0,12
420.0,480.0,102688627#5_0,102688627#5,5,1.48,3.96,0,0.41,11.11,1.38,0.0,-0.5,3.64,0.91,0.03,-3.11,1
420.0,480.0,102688628#0_0,102688628#0,1,13.61,17.88,0,0.14,22.22,36.89,14.56,5.97,2.54,1.06,-0.27,-3.93,2
420.0,480.0,102688628#1_0,102688628#1,0,22.22,15.27,0,0.0,22.22,8.6,0.0,2.12,2.7,0.53,-0.99,-5.0,24
420.0,480.0,102688628#2_0,102688628#2,5,0.0,5.55,5,0.55,22.22,2.16,0.0,0.03,1.51,0.52,-0.11,-4.09,2
420.0,480.0,102688628#3_0,102688628#3,10,0.08,3.91,7,0.64,22.22,2.96,0.0,-0.65,1.4,0.5,-0.01,-4.0,3
420.0,480.0,102688628#4_0,102688628#4,0,22.22,10.67,0,0.0,22.22,68.33,57.63,4.69,7.44,5.4,1.08,-3.61,1
420.0,480.0,102688628#5_0,102688628#5,2,5.62,17.06,1,0.06,22.22,79.57,46.56,-6.7,26.42,3.2,-0.32,-5.0,6
420.0,480.0,102688629#2_0,102688629#2,0,11.11,10.78,0,0.0,11.11,36.66,11.32,0.49,3.65,1.1,-0.02,-1.49,0
420.0,480.0,102688629#3_0,102688629#3,0,11.11,10.95,0,0.0,11.11,41.01,10.2,2.96,4.0,1.02,-0.03,-2.59,0
420.0,480.0,102688629#4_0,102688629#4,0,11.11,10.34,0,0.0,11.11,14.39,7.35,0.33,10.18,1.15,-0.53,-3.75,2
420.0,480.0,102688629#5_0,102688629#5,1,0.0,9.2,1,0.25,11.11,32.72,0.0,-0.93,19.57,0.52,-0.32,-5.0,9
420.0,480.0,102688629#6_0,102688629#6,1,0.02,10.21,1,0.08,11.11,30.87,0.0,-2.0,29.42,1.43,0.17,-3.97,3
420.0,480.0,102688631#1_0,102688631#1,2,10.92,14.27,0,0.08,11.11,43.03,9.74,-0.57,4.19,1.05,0.49,-1.99,0
420.0,480.0,102688631#2_0,102688631#2,1,14.45,14.45,0,0.07,11.11,67.56,13.72,0.89,6.15,1.13,-0.08,-3.67,1
420.0,480.0,102688631#3_0,102688631#3,1,9.78,12.51,0,0.17,11.11,55.21,14.48,2.04,4.86,1.16,0.03,-1.96,0
420.0,480.0,102688631#4_0,102688631#4,0,11.11,12.25,0,0.0,11.11,58.57,14.84,1.77,5.2,1.24,0.07,-2.19,0
420.0,480.0,102688631#5_0,102688631#5,2,4.34,12.58,0,0.15,11.11,35.55,0.0,-1.69,4.86,0.5,-0.65,-5.0,20
420.0,480.0,102690982#1_0,102690982#1,3,10.22,13.16,0,0.22,11.11,31.39,11.47,-0.88,3.01,1.1,0.31,-2.3,0
420.0,480.0,102690982#2_0,102690982#2,0,11.11,13.02,0,0.0,11.11,52.34,22.36,-0.27,4.97,2.04,-0.0,-2.16,0
420.0,480.0,102690982#3_0,102690982#3,0,11.11,13.02,0,0.0,11.11,68.27,8.37,1.56,6.51,1.07,-0.46,-5.0,10
420.0,480.0,102690982#4_0,102690982#4,1,10.49,13.02,0,0.02,11.11,88.84,0.14,2.66,9.19,0.08,-0.28,-5.0,11
420.0,480.0,102690983#0_0,102690983#0,1,9.82,14.38,0,0.1,22.22,43.04,12.65,-5.62,6.73,1.04,1.31,0.47,0
420.0,480.0,102690983#2_0,102690983#2,0,22.22,16.94,0,0.0,22.22,56.43,17.84,1.78,4.28,1.06,1.33,0.35,0
420.0,480.0,102690983#3_0,102690983#3,0,22.22,17.99,0,0.0,22.22,37.89,18.09,3.14,2.52,1.01,-0.11,-3.23,1
420.0,480.0,102690983#4_0,102690983#4,0,22.22,17.36,0,0.0,22.22,27.34,0.1,-1.21,5.02,1.07,-2.06,-5.0,33
420.0,480.0,102690992#0_0,102690992#0,0,11.11,12.33,0,0.0,11.11,93.3,64.93,-0.15,10.71,5.33,0.71,-2.19,0
420.0,480.0,102690992#1_0,102690992#1,0,11.11,12.47,0,0.0,11.11,114.06,53.5,8.1,9.61,4.6,-0.0,-1.92,0
420.0,480.0,102690992#2_0,102690992#2,2,5.52,12.46,1,0.04,11.11,18.56,0.0,0.55,4.14,0.5,-0.13,-4.93,11
420.0,480.0,102690997#1_0,102690997#1,0,13.89,11.82,0,0.0,13.89,15.88,15.67,0.02,1.44,1.33,1.66,0.46,0
420.0,480.0,102690997#3_0,102690997#3,0,13.89,12.19,0,0.0,13.89,15.14,14.98,0.01,1.38,1.35,0.04,-1.57,0
420.0,480.0,102690997#4_0,102690997#4,0,13.89,11.91,0,0.0,13.89,15.46,15.46,-0.19,1.39,1.39,-0.05,-0.87,0
420.0,480.0,102690997#5_0,102690997#5,0,13.89,11.31,0,0.0,13.89,67.61,15.08,5.42,6.13,1.37,-0.2,-0.94,0
420.0,480.0,102690997#6_0,102690997#6,0,13.89,11.51,0,0.0,13.89,34.57,7.04,2.99,3.34,1.25,-0.68,-3.89,2
420.0,480.0,102691001#0_0,102691001#0,0,11.11,11.49,0,0.0,11.11,109.89,45.98,4.0,9.89,4.48,-0.06,-2.09,0
420.0,480.0,102691001#1_0,102691001#1,2,0.21,11.45,1,0.15,11.11,12.18,0.0,-0.77,3.79,0.14,-0.23,-5.0,12
420.0,480.0,102784452#3_0,102784452#3,0,27.78,13.81,0,0.0,27.78,103.14,93.0,-10.14,14.04,13.3,1.33,-0.19,0
420.0,480.0,102784452#4_0,102784452#4,0,27.78,17.69,0,0.0,27.78,101.33,51.3,-5.78,9.09,7.92,1.46,-1.01,0
420.0,480.0,102784452#5_0,102784452#5,0,27.78,17.96,0,0.0,27.78,,,,,,0.41,-1.92,0
420.0,480.0,102784452#6_0,102784452#6,0,27.78,17.9,0,0.0,27.78,123.54,121.55,7.8,6.94,6.79,-0.43,-1.8,0
420.0,480.0,102784452#8_0,102784452#8,0,27.78,17.99,0,0.0,27.78,75.39,52.76,7.48,4.31,3.09,0.67,-1.37,0
420.0,480.0,102961695_0,102961695,0,13.89,12.47,0,0.0,13.89,,,,,,-0.23,-1.78,0
420.0,480.0,102961698#1_0,102961698#1,1,11.68,14.62,0,0.04,13.89,22.21,0.03,-3.05,4.32,0.33,-0.32,-5.0,19
420.0,480.0,102961698#2_0,102961698#2,0,13.89,13.9,0,0.0,13.89,128.95,127.28,-1.9,11.12,10.42,0.48,-0.69,0
420.0,480.0,102961698#3_0,102961698#3,0,13.89,13.77,0,0.0,13.89,136.42,136.42,-1.01,11.08,11.08,-0.03,-0.81,0
420.0,480.0,102961698#4_0,102961698#4,0,13.89,13.86,0,0.0,13.89,138.5,138.38,-0.95,11.08,10.87,-0.12,-1.79,0
420.0,480.0,102961698#5_0,102961698#5,0,13.89,13.72,0,0.0,13.89,166.56,102.51,8.49,12.61,8.18,0.01,-1.07,0
420.0,480.0,102961698#6_0,102961698#6,0,13.89,13.87,0,0.0,13.89,127.53,92.23,9.01,9.69,7.24,-0.02,-0.96,0
420.0,480.0,102961698#7_0,102961698#7,8,0.0,13.89,8,0.18,13.89,8.72,0.0,0.58,2.26,0.52,-0.14,-4.9,12
420.0,480.0,102961717#0_0,102961717#0,0,13.89,15.89,0,0.0,13.89,158.86,158.86,3.81,10.57,10.57,0.08,-1.87,0
420.0,480.0,102961717#1_0,102961717#1,0,13.89,15.74,0,0.0,13.89,,,,,,-0.0,-1.44,0
420.0,480.0,102961717#2_0,102961717#2,0,13.89,15.45,0,0.0,13.89,59.1,15.71,5.08,3.98,1.06,-0.02,-2.25,0
420.0,480.0,102961717#3_0,102961717#3,0,13.89,15.62,0,0.0,13.89,44.13,17.66,5.02,3.26,1.14,0.27,-2.47,0
420.0,480.0,102961717#4_0,102961717#4,0,13.89,15.78,0,0.0,13.89,27.29,0.0,-1.54,13.21,0.5,-1.37,-5.0,22
420.0,480.0,102961724#0_0,102961724#0,0,13.89,14.96,0,0.0,13.89,,,,,,-0.32,-0.32,0
420.0,480.0,102961785_0,102961785,0,13.89,13.88,0,0.0,13.89,,,,,,0.69,-0.97,0
420.0,480.0,103050330#0_0,103050330#0,0,13.89,15.61,0,0.0,13.89,72.37,31.23,1.33,6.2,2.3,0.41,-2.39,0
420.0,480.0,103050330#1_0,103050330#1,0,13.89,13.84,0,0.0,13.89,75.63,32.46,3.11,6.04,2.48,-0.68,-4.03,2
420.0,480.0,103050330#2_0,103050330#2,0,13.89,14.12,0,0.0,13.89,74.51,33.64,-1.67,7.7,2.66,0.29,-2.02,0
420.0,480.0,103050330#3_0,103050330#3,0,13.89,13.52,0,0.0,13.89,57.33,16.1,0.79,6.08,1.56,-1.67,-5.0,15
420.0,480.0,103050330#4_0,103050330#4,0,13.89,11.96,0,0.0,13.89,62.17,5.67,-0.84,7.02,1.32,-1.37,-5.0,16
420.0,480.0,103050337_0,103050337,1,7.86,15.19,0,0.02,13.89,73.3,23.67,6.87,7.74,1.99,-0.57,-5.0,15
420.0,480.0,103082294_0,103082294,0,13.89,0.0,0,0.0,13.89,22.35,0.1,-11.65,,,-0.01,-0.23,0
420.0,480.0,103082310#0_0,103082310#0,1,9.41,9.41,0,0.14,13.89,113.54,112.83,-3.0,12.42,12.14,0.77,0.48,0
420.0,480.0,103082314#1_0,103082314#1,0,11.11,10.13,0,0.0,11.11,,,,,,0.01,-0.37,0
420.0,480.0,103082314#2_0,103082314#2,0,11.11,11.11,0,0.0,11.11,,,,,,-0.28,-0.56,0
420.0,480.0,103082314#3_0,103082314#3,0,11.11,11.41,0,0.0,11.11,,,,,,-1.3,-5.0,4
420.0,480.0,103082314#4_0,103082314#4,1,10.25,10.3,0,0.01,11.11,,,,,,0.04,-0.99,0
420.0,480.0,103082325#1_0,103082325#1,0,13.89,8.44,0,0.0,13.89,,,,,,0.85,-1.5,0
420.0,480.0,103082325#2_0,103082325#2,0,13.89,13.79,0,0.0,13.89,,,,,,1.74,1.58,0
420.0,480.0,103082325#3_0,103082325#3,0,13.89,13.78,0,0.0,13.89,,,,,,0.06,-2.04,0
420.0,480.0,103230484#0_0,103230484#0,0,13.89,9.78,0,0.0,13.89,134.1,130.79,-5.87,19.03,13.37,-4.32,-5.0,3
420.0,480.0,103230484#2_0,103230484#2,0,13.89,12.88,0,0.0,13.89,,,,,,-0.07,-2.42,0
420.0,480.0,103230510_0,103230510,0,13.89,12.84,0,0.0,13.89,,,,,,-0.56,-5.0,3
420.0,480.0,103230552#0_0,103230552#0,0,13.89,13.86,0,0.0,13.89,90.93,90.85,0.1,11.42,10.21,0.36,-0.96,0
420.0,480.0,103230557#0_0,103230557#0,0,22.22,13.9,0,0.0,22.22,165.27,164.91,-0.9,13.19,12.68,1.34,-0.55,0
420.0,480.0,103230557#1_0,103230557#1,0,22.22,17.47,0,0.0,22.22,,,,,,-0.24,-3.96,4
420.0,480.0,103230557#2_0,103230557#2,0,22.22,17.99,0,0.0,22.22,111.55,107.72,15.88,6.75,6.57,0.06,-1.54,0
420.0,480.0,103230557#4_0,103230557#4,0,22.22,17.93,0,0.0,22.22,,,,,,-0.14,-0.68,0
420.0,480.0,103230557#5_0,103230557#5,0,22.22,17.66,0,0.0,22.22,60.56,56.82,7.08,4.43,4.12,0.17,-0.5,0
420.0,480.0,103230557#6_0,103230557#6,1,17.17,17.17,0,0.22,22.22,49.83,49.83,6.87,3.6,3.6,-0.82,-1.43,0
420.0,480.0,103230557#7_0,103230557#7,0,22.22,10.53,0,0.0,22.22,14.03,0.5,-1.68,3.22,1.2,-3.27,-4.0,9
420.0,480.0,103230574_0,103230574,2,2.78,3.08,0,0.11,2.78,11.99,11.61,-0.11,5.24,4.51,0.03,-1.86,0
420.0,480.0,103230587#0_0,103230587#0,0,13.89,13.89,0,0.0,13.89,136.9,114.18,-3.67,14.92,10.62,0.52,-1.28,0
420.0,480.0,103230587#1_0,103230587#1,0,13.89,13.9,0,0.0,13.89,,,,,,0.0,-0.99,0
420.0,480.0,103230607#4_0,103230607#4,0,13.89,14.51,0,0.02,13.89,,,,,,0.95,-3.73,1
420.0,480.0,103230607#5_0,103230607#5,0,13.89,15.36,0,0.0,13.89,,,,,,-0.98,-4.0,5
420.0,480.0,104043544#0_0,104043544#0,0,22.22,16.68,0,0.0,22.22,81.82,62.86,10.56,5.01,3.92,-0.05,-0.67,0
420.0,480.0,104043544#2_0,104043544#2,0,22.22,16.61,0,0.0,22.22,119.31,119.31,-2.5,21.49,21.49,1.05,-0.95,0
420.0,480.0,104043544#4_0,104043544#4,0,22.22,16.68,0,0.0,22.22,119.36,119.36,16.68,7.16,7.16,0.42,-0.6,0
420.0,480.0,104043544#5_0,104043544#5,0,22.22,16.25,0,0.0,22.22,,,,,,1.19,0.0,0
420.0,480.0,104043544#6_0,104043544#6,0,22.22,16.54,0,0.0,22.22,,,,,,0.39,0.33,0
420.0,480.0,104043544#7_0,104043544#7,0,22.22,16.51,0,0.0,22.22,,,,,,0.19,-0.23,0
420.0,480.0,104043544#8_0,104043544#8,1,0.0,12.08,1,0.2,22.22,59.82,31.2,-8.51,,,-0.27,-4.0,7
420.0,480.0,1087118361#2_0,1087118361#2,1,0.0,18.0,1,0.03,27.78,70.45,58.49,0.32,13.34,3.7,-2.25,-5.0,7
420.0,480.0,1087118361#4_0,1087118361#4,0,27.78,10.46,0,0.0,27.78,,,,,,2.42,2.42,0
420.0,480.0,1087118361#5_0,1087118361#5,0,27.78,15.0,0,0.0,27.78,,,,,,1.48,0.49,0
420.0,480.0,1087118361#6_0,1087118361#6,0,27.78,8.9,0,0.0,27.78,44.4,44.4,-6.83,7.22,7.22,-2.5,-5.0,1
420.0,480.0,1087118361#9_0,1087118361#9,0,27.78,2.1,0,0.0,27.78,1.06,0.0,-0.67,2.61,1.56,0.1,-1.62,0
420.0,480.0,1087118362#0_0,1087118362#0,0,11.11,12.03,0,0.0,11.11,11.75,10.01,-0.66,1.08,1.01,0.48,-1.56,0
420.0,480.0,1087118362#10_0,1087118362#10,0,11.11,12.11,0,0.0,11.11,60.91,13.34,2.43,5.52,1.27,-0.26,-4.19,1
420.0,480.0,1087118362#11_0,1087118362#11,2,0.0,12.56,2,0.05,11.11,15.31,0.0,0.19,5.09,0.52,-0.04,-5.0,12
420.0,480.0,1087118362#1_0,1087118362#1,1,11.49,12.13,0,0.04,11.11,44.11,12.77,0.77,3.72,1.09,0.02,-1.38,0
420.0,480.0,1087118362#2_0,1087118362#2,0,11.11,12.21,0,0.0,11.11,42.9,13.1,0.9,3.59,1.09,0.07,-0.92,0
420.0,480.0,1087118362#3_0,1087118362#3,0,11.11,12.08,0,0.0,11.11,40.82,13.68,0.82,3.39,1.16,-1.56,-4.0,2
420.0,480.0,1087118362#5_0,1087118362#5,0,11.11,12.24,0,0.0,11.11,44.14,13.61,0.17,4.23,1.11,0.54,-1.19,0
420.0,480.0,1087118362#6_0,1087118362#6,0,11.11,12.04,0,0.0,11.11,41.57,13.73,0.47,3.6,1.17,0.12,-0.62,0
420.0,480.0,1087118362#7_0,1087118362#7,1,12.15,12.2,0,0.15,11.11,41.84,13.42,0.06,3.69,1.1,0.3,-1.89,0
420.0,480.0,1087118362#8_0,1087118362#8,1,12.13,12.44,0,0.07,11.11,85.47,47.41,2.11,7.59,3.91,0.1,-1.86,0
420.0,480.0,1087118362#9_0,1087118362#9,1,10.42,12.61,0,0.03,11.11,72.32,12.72,2.16,6.46,1.17,0.07,-1.65,0
420.0,480.0,1124089270_1,1124089270,0,27.78,13.72,0,0.0,27.78,164.11,117.29,10.85,15.57,8.55,0.78,-0.18,0
420.0,480.0,1124089271_0,1124089271,0,27.78,17.66,0,0.0,27.78,72.21,69.02,3.01,4.77,4.24,-0.3,-5.0,3
420.0,480.0,1124089271_1,1124089271,1,0.0,17.08,1,0.06,27.78,34.19,0.0,5.34,3.94,0.53,-0.19,-5.0,20
420.0,480.0,1124089272#1_0,1124089272#1,0,27.78,17.96,0,0.0,27.78,68.45,49.42,-0.71,4.29,2.8,0.73,-1.6,0
420.0,480.0,1124089273_0,1124089273,1,6.5,17.98,0,0.02,27.78,69.19,49.52,0.4,4.37,2.77,0.13,-2.18,0
420.0,480.0,1124089273_1,1124089273,0,27.78,16.31,0,0.0,27.78,52.97,49.27,-2.86,3.74,3.38,1.62,1.24,0
420.0,480.0,1124089274_0,1124089274,1,10.13,17.98,0,0.05,27.78,58.54,17.25,4.68,3.86,1.21,0.12,-2.17,0
420.0,480.0,1124089274_1,1124089274,0,27.78,17.9,0,0.0,27.78,85.05,57.28,-0.68,5.04,3.51,0.05,-1.44,0
420.0,480.0,1124089275#0_0,1124089275#0,0,27.78,17.97,0,0.09,27.78,25.4,2.64,0.71,9.25,0.94,-1.4,-5.0,34
420.0,480.0,1124089275#0_1,1124089275#0,0,27.78,17.65,0,0.0,27.78,189.51,189.41,-0.16,11.06,10.73,-0.43,-4.0,5
420.0,480.0,1124089275#1_0,1124089275#1,0,27.78,17.83,0,0.0,27.78,,,,,,0.14,-1.56,0
420.0,480.0,1124089275#1_1,1124089275#1,0,27.78,17.73,0,0.0,27.78,189.77,189.63,-0.09,10.92,10.71,1.04,-1.33,0
420.0,480.0,1124089275#2_0,1124089275#2,0,27.78,18.0,0,0.0,27.78,,,,,,-0.01,-2.23,0
420.0,480.0,1124089275#2_1,1124089275#2,3,13.95,17.98,0,0.05,27.78,81.83,20.82,-2.34,5.81,2.86,0.57,-2.0,0
420.0,480.0,1124102295#0_0,1124102295#0,0,27.78,13.86,0,0.0,27.78,,,,,,-0.02,-0.96,0
420.0,480.0,1124102296_0,1124102296,0,27.78,13.84,0,0.0,27.78,,,,,,0.05,-0.91,0
420.0,480.0,1124102297_0,1124102297,0,27.78,13.82,0,0.0,27.78,,,,,,0.9,-0.54,0
420.0,480.0,1124102303_0,1124102303,0,11.11,11.0,0,0.0,11.11,131.82,131.55,0.98,12.18,11.96,0.47,-1.03,0
420.0,480.0,1124379127#0_0,1124379127#0,0,16.67,15.79,0,-0.0,16.67,19.98,18.45,1.57,1.33,1.23,0.03,-2.55,0
420.0,480.0,1124379127#0_1,1124379127#0,0,16.67,16.7,0,0.0,16.67,66.64,36.49,5.0,4.3,2.42,-0.01,-2.11,0
420.0,480.0,1124379127#1_0,1124379127#1,1,13.62,13.85,0,0.03,16.67,,,,,,-0.02,-1.09,0
420.0,480.0,1124379127#1_1,1124379127#1,1,16.8,17.84,0,0.03,16.67,49.48,25.49,-0.39,6.86,1.74,-0.47,-5.0,10
420.0,480.0,1124379127#2_1,1124379127#2,0,16.67,16.42,0,0.0,16.67,,,,,,-0.06,-1.53,0
420.0,480.0,1124379127#3_1,1124379127#3,0,16.67,16.54,0,0.0,16.67,111.89,83.18,3.46,8.19,5.36,-0.2,-1.09,0
420.0,480.0,1124382852_0,1124382852,1,13.65,17.95,0,0.02,27.78,114.62,24.84,1.68,8.12,1.83,0.64,-2.23,0
420.0,480.0,1124382853#5_0,1124382853#5,0,27.78,10.11,0,0.0,27.78,130.42,65.74,-7.98,17.71,7.36,-1.03,-5.0,9
420.0,480.0,1126633510#0_0,1126633510#0,5,7.99,14.56,0,0.11,11.11,47.93,6.7,-0.71,5.4,1.15,0.34,-2.15,0
420.0,480.0,1126633510#1_0,1126633510#1,0,11.11,14.56,0,0.0,11.11,63.98,48.3,4.14,4.89,4.03,-0.08,-2.34,0
420.0,480.0,1126633510#1_1,1126633510#1,1,9.44,11.57,0,0.02,11.11,86.93,51.87,0.29,8.39,4.65,0.01,-2.03,0
420.0,480.0,1126633510#2_0,1126633510#2,0,11.11,11.26,0,0.0,11.11,,,,,,-1.07,-4.0,2
420.0,480.0,1126633511#0_0,1126633511#0,0,11.11,11.71,0,0.0,11.11,,,,,,0.09,-1.29,0
420.0,480.0,1126633511#1_0,1126633511#1,0,11.11,11.64,0,0.0,11.11,,,,,,0.18,-0.15,0
420.0,480.0,1126633511#2_0,1126633511#2,0,11.11,11.47,0,0.0,11.11,,,,,,0.71,-1.0,0
420.0,480.0,1126633511#3_0,1126633511#3,0,11.11,11.7,0,0.0,11.11,105.63,88.34,11.47,9.22,7.69,-0.07,-1.72,0
420.0,480.0,1126633511#4_0,1126633511#4,0,11.11,11.59,0,0.0,11.11,65.33,59.57,11.44,5.72,5.18,-0.18,-0.94,0
420.0,480.0,1126633511#5_0,1126633511#5,0,11.11,11.55,0,0.0,11.11,37.05,31.29,11.37,3.27,2.71,0.2,-0.63,0
420.0,480.0,1126633511#6_0,1126633511#6,0,11.11,11.29,0,0.0,11.11,16.02,0.0,-4.2,5.18,0.55,-0.33,-5.0,7
420.0,480.0,1126641020#0_0,1126641020#0,0,27.78,17.98,0,0.0,27.78,56.93,22.77,1.05,3.93,1.66,0.03,-2.39,0
420.0,480.0,1126641020#1_0,1126641020#1,1,13.38,18.0,0,0.04,27.78,51.24,0.01,1.6,11.15,0.57,-0.8,-5.0,18
420.0,480.0,1126641021_0,1126641021,2,12.5,17.99,0,0.04,27.78,56.14,15.53,0.6,4.06,1.12,0.02,-4.78,5
420.0,480.0,1128043713#0_1,1128043713#0,0,11.11,10.82,0,0.0,11.11,,,,,,-0.29,-1.72,0
420.0,480.0,1128043713#1_1,1128043713#1,1,10.25,11.55,0,0.03,11.11,,,,,,-0.47,-2.89,0
420.0,480.0,1128043714#1_0,1128043714#1,1,9.72,12.56,0,0.04,11.11,29.7,17.79,-0.51,3.02,1.42,0.84,-1.68,0
420.0,480.0,1128043714#2_0,1128043714#2,0,11.11,12.39,0,0.0,11.11,18.35,11.86,0.51,1.62,1.09,-0.05,-2.02,0
420.0,480.0,1128043714#3_0,1128043714#3,1,10.34,11.27,0,0.09,11.11,14.57,12.44,0.55,1.39,1.12,-0.83,-4.62,2
420.0,480.0,1128043714#4_0,1128043714#4,3,10.48,11.33,0,0.13,11.11,23.67,10.35,-0.67,5.92,1.08,0.01,-2.13,0
420.0,480.0,1128043714#5_0,1128043714#5,0,11.11,6.63,0,0.0,11.11,7.4,0.0,-1.07,11.49,0.5,0.1,-3.33,1
420.0,480.0,1130603776#0_0,1130603776#0,1,15.82,17.18,0,0.02,16.67,64.85,13.56,-1.09,5.14,1.37,0.41,-2.82,0
420.0,480.0,1130603776#0_1,1130603776#0,0,16.67,16.73,0,0.0,16.67,73.41,17.08,2.16,4.63,1.15,-0.17,-5.0,2
420.0,480.0,1130603776#1_0,1130603776#1,0,16.67,17.75,0,0.0,16.67,41.18,39.24,3.7,2.37,2.21,-0.05,-1.59,0
420.0,480.0,1130603776#1_1,1130603776#1,0,16.67,16.56,0,0.0,16.67,58.79,12.36,4.23,4.53,1.08,-0.8,-5.0,5
420.0,480.0,1130603776#2_0,1130603776#2,0,16.67,17.81,0,0.0,16.67,87.72,26.64,-0.51,8.71,1.62,-1.13,-5.0,10
420.0,480.0,1130603776#2_1,1130603776#2,0,16.67,16.55,0,0.0,16.67,81.69,20.87,1.04,6.59,1.86,-0.49,-4.0,6
420.0,480.0,1132238886_0,1132238886,0,27.78,17.97,0,0.0,27.78,23.2,8.07,-0.63,2.08,1.01,0.08,-5.0,8
420.0,480.0,1132632802#0_0,1132632802#0,0,27.78,14.67,0,0.0,27.78,112.86,72.33,-0.02,10.95,6.06,1.62,0.62,0
420.0,480.0,1132632802#1_0,1132632802#1,0,27.78,16.19,0,0.0,27.78,,,,,,-0.15,-4.4,1
420.0,480.0,1132632803_0,1132632803,0,27.78,13.47,0,0.0,27.78,41.35,20.81,0.44,4.18,2.01,0.42,-5.0,2
420.0,480.0,1173597755#0_0,1173597755#0,0,11.11,11.58,0,0.0,11.11,40.22,1.24,-0.46,12.6,0.65,-0.02,-4.15,9
420.0,480.0,1173597755#1_0,1173597755#1,0,11.11,11.95,0,0.0,11.11,12.46,5.94,1.6,1.44,1.2,0.02,-4.0,6
420.0,480.0,1173597755#2_0,1173597755#2,0,11.11,11.16,0,0.0,11.11,12.17,8.24,-0.79,1.3,1.1,0.43,-0.95,0
420.0,480.0,1173597755#3_0,1173597755#3,1,9.5,11.16,0,0.04,11.11,32.68,9.99,0.18,3.15,1.02,0.03,-2.29,0
420.0,480.0,1173597755#4_0,1173597755#4,2,10.92,11.2,0,0.14,11.11,10.16,8.82,0.03,1.16,0.99,-0.59,-4.0,6
420.0,480.0,1173597755#5_0,1173597755#5,0,11.11,10.07,0,0.0,11.11,10.73,10.41,0.28,1.08,1.04,0.55,-0.71,0
420.0,480.0,1173597755#6_0,1173597755#6,0,11.11,11.01,0,0.0,11.11,10.31,8.92,0.16,1.13,0.97,-0.02,-3.44,1
420.0,480.0,1173597755#9_0,1173597755#9,1,11.14,11.14,0,0.05,11.11,,,,,,0.01,-0.67,0
420.0,480.0,1178005978#0_0,1178005978#0,0,13.89,12.1,0,0.0,13.89,,,,,,0.17,-5.0,2
420.0,480.0,1178005978#1_0,1178005978#1,0,13.89,12.34,0,0.0,13.89,,,,,,0.84,-2.37,0
420.0,480.0,1178006786_0,1178006786,0,13.89,15.7,0,0.0,13.89,,,,,,-1.53,-5.0,4
420.0,480.0,1178018200#0_0,1178018200#0,0,2.78,3.01,0,0.0,2.78,172.63,160.21,2.58,68.74,53.29,0.02,-2.32,0
420.0,480.0,1178018200#1_0,1178018200#1,1,2.56,2.76,0,0.1,2.78,113.82,76.16,-6.23,45.74,31.42,-0.03,-0.88,0
420.0,480.0,1192799363#0_0,1192799363#0,1,12.94,17.22,0,0.05,16.67,162.23,93.2,-0.49,11.36,7.2,0.04,-1.71,0
420.0,480.0,1192799363#0_1,1192799363#0,0,16.67,16.05,0,0.0,16.67,,,,,,0.19,-0.7,0
420.0,480.0,1192799363#1_0,1192799363#1,1,12.66,17.33,0,0.03,16.67,171.16,133.52,11.02,11.39,7.83,-0.02,-1.98,0
420.0,480.0,1192799363#1_1,1192799363#1,0,16.67,13.88,0,0.0,16.67,,,,,,0.11,-0.78,0
420.0,480.0,1192799363#2_0,1192799363#2,0,16.67,17.39,0,0.0,16.67,120.63,29.7,8.7,20.97,2.21,-1.09,-5.0,18
420.0,480.0,1192799363#2_1,1192799363#2,1,13.79,13.8,0,0.02,16.67,102.14,100.35,2.96,7.47,7.28,-0.02,-0.9,0
420.0,480.0,1192799363#3_0,1192799363#3,0,16.67,14.58,0,0.0,16.67,,,,,,1.42,1.09,0
420.0,480.0,1192799363#3_1,1192799363#3,0,16.67,17.88,0,0.0,16.67,95.43,90.23,8.32,5.75,5.05,1.19,-1.68,0
420.0,480.0,1192799363#4_0,1192799363#4,0,16.67,13.74,0,0.0,16.67,145.0,95.46,-1.93,15.85,6.95,1.12,0.51,0
420.0,480.0,1192799363#4_1,1192799363#4,0,16.67,17.5,0,0.0,16.67,106.37,74.12,2.63,6.87,5.43,0.25,-4.0,1
420.0,480.0,1192799363#5_0,1192799363#5,0,16.67,16.46,0,0.0,16.67,150.38,150.38,-1.08,13.88,13.88,-1.52,-5.0,4
420.0,480.0,1192799363#5_1,1192799363#5,0,16.67,17.81,0,0.0,16.67,97.3,60.37,4.21,6.4,4.48,0.22,-1.5,0
420.0,480.0,1192799364_0,1192799364,0,16.67,13.88,0,0.0,16.67,,,,,,0.04,-1.05,0
420.0,480.0,1192799364_1,1192799364,0,16.67,13.75,0,0.0,16.67,37.5,35.25,3.27,3.05,2.7,1.35,-0.71,0
420.0,480.0,1192799365_0,1192799365,1,11.8,11.8,0,0.06,11.11,58.33,37.8,-12.64,109.81,4.2,-1.28,-5.0,3
420.0,480.0,1192799365_1,1192799365,0,11.11,10.41,0,0.0,11.11,,,,,,-0.05,-1.18,0
420.0,480.0,1192799366_0,1192799366,0,16.67,17.4,0,0.0,16.67,111.13,91.72,-2.69,10.24,7.07,0.29,-1.94,0
420.0,480.0,1192799366_1,1192799366,0,16.67,14.55,0,0.0,16.67,,,,,,0.7,-1.25,0
420.0,480.0,1192800521_1,1192800521,0,16.67,16.53,0,0.0,16.67,89.18,75.31,0.63,6.46,4.69,-1.37,-4.84,5
420.0,480.0,1196271501#0_0,1196271501#0,0,11.11,11.55,0,0.0,11.11,104.74,56.82,0.98,10.54,5.25,-0.3,-4.0,2
420.0,480.0,1196271501#1_0,1196271501#1,0,11.11,11.58,0,0.0,11.11,59.55,17.47,1.87,6.06,1.69,-0.01,-2.51,0
420.0,480.0,1196271501#2_0,1196271501#2,2,9.23,11.87,0,0.06,11.11,33.98,8.63,-0.68,3.92,1.08,-0.05,-5.0,17
420.0,480.0,1196283316_0,1196283316,0,22.22,17.96,0,0.0,22.22,57.71,13.22,-0.01,3.93,1.11,0.68,-1.81,0
420.0,480.0,1198952554#5_0,1198952554#5,0,11.11,11.38,0,0.0,11.11,,,,,,-0.18,-1.09,0
420.0,480.0,1198952554#6_0,1198952554#6,1,10.86,11.45,0,0.02,11.11,,,,,,-0.05,-1.11,0
420.0,480.0,1198952555#0_0,1198952555#0,0,11.11,9.9,0,0.0,11.11,12.62,12.33,-0.54,1.4,1.26,0.97,-1.37,0
420.0,480.0,1198952555#1_0,1198952555#1,0,11.11,10.86,0,0.0,11.11,12.09,11.78,0.26,1.22,1.16,0.24,-1.52,0
420.0,480.0,1198952555#2_0,1198952555#2,0,11.11,11.23,0,0.0,11.11,11.75,11.17,-0.01,1.21,1.08,-0.03,-2.24,0
420.0,480.0,1198952555#3_0,1198952555#3,0,11.11,11.16,0,0.0,11.11,9.01,5.55,0.9,1.2,1.02,-1.02,-5.0,8
420.0,480.0,1199457538#0_0,1199457538#0,0,13.89,8.14,0,0.0,13.89,,,,,,0.62,0.26,0
420.0,480.0,1199457538#1_0,1199457538#1,0,13.89,12.93,0,0.14,13.89,15.18,13.97,-1.11,1.37,1.31,1.14,-0.51,0
420.0,480.0,1199457538#2_0,1199457538#2,1,14.1,14.15,0,0.07,13.89,15.57,0.1,-11.99,3.38,3.38,-1.24,-4.0,9
420.0,480.0,1199457540#0_0,1199457540#0,0,22.22,16.35,0,0.0,22.22,53.82,16.15,10.18,3.66,1.21,1.74,0.68,0
420.0,480.0,1199457540#1_0,1199457540#1,1,2.65,17.62,0,0.04,22.22,7.0,0.0,1.2,3.39,0.52,-0.53,-5.0,26
420.0,480.0,1199457540#2_0,1199457540#2,1,6.42,6.42,0,0.34,22.22,44.33,0.0,-3.2,19.12,0.5,-0.04,-4.0,3
420.0,480.0,1199688354_0,1199688354,0,13.89,13.89,0,0.0,13.89,,,,,,-2.07,-3.99,4
420.0,480.0,1251129390#0_0,1251129390#0,0,11.11,11.37,0,0.0,11.11,,,,,,-0.21,-4.0,1
420.0,480.0,1251129390#0_1,1251129390#0,0,11.11,13.48,0,0.0,11.11,79.44,33.13,2.39,7.07,3.01,-0.21,-5.0,3
420.0,480.0,1251129390#1_0,1251129390#1,0,11.11,11.35,0,0.0,11.11,103.03,77.44,2.17,9.34,7.05,-0.03,-0.85,0
420.0,480.0,1251129390#1_1,1251129390#1,4,0.88,13.45,0,0.14,11.11,2.8,0.0,0.67,1.56,0.5,-0.13,-5.0,15
420.0,480.0,1251129390#2_0,1251129390#2,0,11.11,11.32,0,0.0,11.11,72.32,71.25,2.19,6.51,6.29,0.02,-0.85,0
420.0,480.0,1251129390#2_1,1251129390#2,0,11.11,8.98,0,0.0,11.11,,,,,,-0.01,-4.21,1
420.0,480.0,1251129390#3_0,1251129390#3,2,11.22,12.54,0,0.04,11.11,48.23,8.61,0.23,4.9,0.95,0.3,-2.68,0
420.0,480.0,1251129390#3_1,1251129390#3,0,11.11,12.28,0,0.0,11.11,51.34,12.86,-3.51,6.35,2.05,0.66,-1.82,0
420.0,480.0,1251129391_0,1251129391,0,11.11,12.27,0,0.0,11.11,77.92,15.61,4.26,7.47,1.33,-0.03,-1.37,0
420.0,480.0,1251129391_1,1251129391,0,11.11,11.86,0,0.0,11.11,,,,,,-0.0,-0.86,0
420.0,480.0,1275560130_0,1275560130,0,13.89,13.89,0,0.0,13.89,21.03,15.84,7.83,1.92,1.74,-2.6,-4.0,7
420.0,480.0,1275560131_0,1275560131,0,2.78,3.16,0,0.0,2.78,32.16,11.97,-2.53,11.46,3.84,-0.01,-1.8,0
420.0,480.0,1277600332#0_0,1277600332#0,1,10.28,11.31,0,0.04,11.11,96.04,28.12,-1.37,9.75,2.83,-0.74,-5.0,7
420.0,480.0,1277600332#1_0,1277600332#1,0,11.11,11.14,0,0.0,11.11,,,,,,-0.06,-1.07,0
420.0,480.0,1287656128#1_0,1287656128#1,1,5.38,17.95,0,0.04,22.22,58.57,9.08,2.63,5.25,1.07,-0.87,-5.0,43
420.0,480.0,1288011209_0,1288011209,0,11.11,11.95,0,0.0,11.11,34.4,0.0,-0.29,12.97,1.03,-0.25,-4.0,14
420.0,480.0,1288011209_1,1288011209,1,11.25,11.8,0,0.03,11.11,,,,,,0.04,-3.77,1
420.0,480.0,1309209159#0_0,1309209159#0,0,2.78,2.73,0,0.0,2.78,,,,,,0.0,-1.12,0
420.0,480.0,1309211043_0,1309211043,0,13.89,12.07,0,0.0,13.89,83.13,76.68,-6.07,9.57,6.37,-2.36,-4.0,3
420.0,480.0,1312946259#3_0,1312946259#3,1,4.51,11.65,0,0.04,11.11,29.05,0.0,-0.87,10.53,0.54,-0.18,-5.0,13
420.0,480.0,1312946259#4_0,1312946259#4,0,11.11,9.3,0,0.0,11.11,23.73,2.18,1.47,8.33,0.95,0.01,-4.53,9
420.0,480.0,1312946260_0,1312946260,2,0.0,11.13,2,0.09,11.11,32.72,0.0,-0.98,45.63,0.55,-0.43,-4.0,6
420.0,480.0,1342408879_0,1342408879,0,13.89,11.14,0,0.0,13.89,,,,,,-1.81,-5.0,1
420.0,480.0,135461188#0_0,135461188#0,0,11.11,11.84,0,0.0,11.11,,,,,,0.06,-1.59,0
420.0,480.0,135461188#1_0,135461188#1,0,11.11,11.33,0,0.0,11.11,,,,,,-0.46,-1.46,0
420.0,480.0,135461188#2_0,135461188#2,0,11.11,11.78,0,0.0,11.11,,,,,,-0.97,-5.0,2
420.0,480.0,1387728842#0_0,1387728842#0,0,11.11,12.16,0,0.0,11.11,120.11,35.13,-2.52,11.78,3.42,0.63,-1.05,0
420.0,480.0,1387728842#1_0,1387728842#1,1,11.46,11.95,0,0.02,11.11,80.7,21.33,2.8,7.27,1.79,-0.11,-1.73,0
420.0,480.0,1388181076#0_0,1388181076#0,1,12.81,16.26,0,0.03,22.22,39.49,8.29,-1.04,3.76,1.03,1.31,-0.74,0
420.0,480.0,1388181076#1_0,1388181076#1,0,22.22,17.97,0,0.0,22.22,20.56,11.33,1.9,1.58,1.03,-0.19,-4.05,2
420.0,480.0,1388181076#2_0,1388181076#2,1,9.29,16.88,0,0.14,22.22,33.84,7.69,-0.2,3.8,1.18,-1.62,-5.0,8
420.0,480.0,1388181076#3_0,1388181076#3,0,22.22,17.95,0,0.0,22.22,50.29,8.93,2.2,4.89,1.05,0.75,-1.09,0
420.0,480.0,1388181076#4_0,1388181076#4,0,22.22,17.67,0,0.0,22.22,44.53,0.0,-2.45,4.0,1.08,-0.27,-3.94,5
420.0,480.0,1388965579_0,1388965579,2,8.69,16.28,0,0.14,27.78,25.42,8.98,2.1,2.24,1.2,-2.1,-4.0,16
420.0,480.0,1389216080#0_0,1389216080#0,0,11.11,8.75,0,0.0,11.11,18.39,0.0,0.02,4.59,0.56,-0.1,-4.0,3
420.0,480.0,1389216080#2_0,1389216080#2,5,0.37,10.77,2,0.25,11.11,14.13,0.0,-1.74,5.39,0.5,-0.35,-4.94,18
420.0,480.0,1419352711#0_0,1419352711#0,0,11.11,12.51,0,0.0,11.11,,,,,,-0.01,-0.83,0
420.0,480.0,1419352711#1_0,1419352711#1,0,11.11,12.49,0,0.0,11.11,,,,,,-0.07,-1.26,0
420.0,480.0,1419352712_0,1419352712,1,10.31,10.58,0,0.02,11.11,75.85,38.95,-3.02,7.58,3.86,-0.43,-4.0,4
420.0,480.0,1434291944#0_0,1434291944#0,1,17.6,17.84,0,0.01,22.22,23.84,7.6,-0.28,1.63,1.03,0.65,-2.78,0
420.0,480.0,1434291944#1_0,1434291944#1,0,22.22,17.9,0,0.0,22.22,28.61,14.65,0.74,1.79,1.05,0.09,-1.51,0
420.0,480.0,1434291944#2_0,1434291944#2,0,22.22,17.95,0,0.0,22.22,36.88,14.74,3.16,2.45,1.07,0.03,-2.23,0
420.0,480.0,1434292703#0_0,1434292703#0,0,13.89,8.57,0,0.0,13.89,,,,,,1.72,-0.23,0
420.0,480.0,1434292703#1_0,1434292703#1,0,13.89,13.87,0,0.0,13.89,101.26,101.26,-5.87,18.9,18.9,-2.13,-5.0,3
420.0,480.0,1435087429_0,1435087429,0,11.11,12.32,0,0.0,11.11,34.29,8.34,1.23,3.97,1.45,-0.28,-5.0,11
420.0,480.0,1435087430#0_0,1435087430#0,0,11.11,10.26,0,0.0,11.11,,,,,,0.36,-1.05,0
420.0,480.0,1435087430#1_0,1435087430#1,0,11.11,10.2,0,0.0,11.11,122.5,121.17,0.74,12.41,12.24,-0.04,-0.79,0
420.0,480.0,1476448641#0_0,1476448641#0,1,7.37,17.88,0,0.02,22.22,72.52,0.13,-0.66,5.44,0.02,0.58,-5.0,9
420.0,480.0,1485642374_0,1485642374,1,2.22,2.59,0,0.03,2.78,,,,,,-0.04,-3.99,1
420.0,480.0,1502779184#1_1,1502779184#1,0,11.11,9.98,0,0.0,11.11,,,,,,-0.02,-1.97,0
420.0,480.0,1530047253#1_0,1530047253#1,0,16.67,15.84,0,0.0,16.67,,,,,,-0.15,-0.15,0
420.0,480.0,1546903355_0,1546903355,2,8.11,11.47,0,0.07,11.11,15.24,10.24,-0.18,1.54,1.02,0.27,-1.81,0
420.0,480.0,50219794#10_0,50219794#10,0,11.11,9.15,0,0.0,11.11,74.87,74.87,-0.26,8.86,8.86,0.1,-0.91,0
420.0,480.0,50219794#10_1,50219794#10,0,11.11,12.24,0,0.0,11.11,,,,,,0.14,-0.28,0
420.0,480.0,50219794#11_0,50219794#11,1,9.48,11.63,0,0.05,11.11,44.59,20.49,3.78,4.25,1.9,-0.15,-2.32,0
420.0,480.0,50219794#11_1,50219794#11,0,11.11,12.28,0,0.0,11.11,,,,,,0.18,-0.27,0
420.0,480.0,50219794#12_0,50219794#12,0,11.11,9.13,0,0.0,11.11,,,,,,-0.23,-1.75,0
420.0,480.0,50219794#13_0,50219794#13,0,11.11,12.68,0,0.0,11.11,,,,,,0.11,-2.39,0
420.0,480.0,50219794#13_1,50219794#13,0,11.11,10.34,0,0.0,11.11,,,,,,0.5,-0.67,0
420.0,480.0,50219794#14_0,50219794#14,0,11.11,12.43,0,0.0,11.11,,,,,,0.62,-0.21,0
420.0,480.0,50219794#14_1,50219794#14,0,11.11,10.39,0,0.0,11.11,,,,,,0.12,-0.87,0
420.0,480.0,50219794#15_0,50219794#15,0,11.11,12.62,0,0.0,11.11,116.26,115.06,-0.57,9.66,9.13,0.01,-1.6,0
420.0,480.0,50219794#15_1,50219794#15,0,11.11,10.36,0,0.0,11.11,,,,,,-0.03,-1.06,0
420.0,480.0,50219794#1_1,50219794#1,0,11.11,10.96,0,0.0,11.11,,,,,,0.79,-1.36,0
420.0,480.0,50219794#2_0,50219794#2,0,11.11,11.0,0,0.0,11.11,96.53,95.95,0.42,9.05,8.82,0.59,-1.28,0
420.0,480.0,50219794#2_1,50219794#2,0,11.11,10.42,0,0.0,11.11,,,,,,0.03,-1.12,0
420.0,480.0,50219794#3_0,50219794#3,0,11.11,10.75,0,0.0,11.11,95.61,95.39,0.09,9.12,8.9,0.05,-0.97,0
420.0,480.0,50219794#3_1,50219794#3,0,11.11,12.07,0,0.0,11.11,,,,,,0.03,-1.8,0
420.0,480.0,50219794#4_0,50219794#4,1,10.03,10.63,0,0.02,11.11,56.84,37.45,2.47,5.51,3.71,-0.05,-0.98,0
420.0,480.0,50219794#4_1,50219794#4,0,11.11,12.07,0,0.0,11.11,116.66,105.33,1.41,11.38,9.11,-0.33,-4.94,2
420.0,480.0,50219794#7_0,50219794#7,3,9.0,9.71,0,0.23,11.11,10.81,10.14,-0.49,1.21,1.1,0.42,-0.44,0
420.0,480.0,50219794#7_1,50219794#7,0,11.11,11.99,0,0.0,11.11,110.23,107.98,-1.37,9.49,9.12,0.38,-1.38,0
420.0,480.0,50219794#8_1,50219794#8,0,11.11,12.0,0,0.0,11.11,115.81,114.18,-2.85,11.11,9.51,-2.01,-3.91,2
420.0,480.0,50219794#9_1,50219794#9,0,11.11,12.15,0,0.0,11.11,,,,,,0.92,-0.85,0
420.0,480.0,52085869#0_0,52085869#0,0,11.11,11.16,0,0.0,11.11,44.57,41.97,-0.59,4.44,4.23,-0.11,-3.54,1
420.0,480.0,52085869#2_0,52085869#2,0,11.11,11.35,0,0.0,11.11,79.26,38.08,-0.3,7.77,3.62,-0.35,-5.0,3
420.0,480.0,52087627#0_0,52087627#0,3,9.15,10.99,0,0.03,11.11,97.04,17.74,1.86,10.76,1.68,0.11,-2.28,0
420.0,480.0,52087627#2_0,52087627#2,0,11.11,10.33,0,0.0,11.11,93.83,17.34,-9.8,11.95,1.71,-0.58,-5.0,5
420.0,480.0,52097266#0_0,52097266#0,0,11.11,10.58,0,0.0,11.11,48.46,47.89,-0.06,5.34,4.93,0.19,-5.0,2
420.0,480.0,52097266#6_0,52097266#6,0,11.11,12.09,0,0.0,11.11,,,,,,-1.67,-4.0,3
420.0,480.0,52097653#0_0,52097653#0,1,10.77,11.8,0,0.03,11.11,63.24,61.3,1.04,5.83,5.54,0.32,-2.3,0
420.0,480.0,52097653#1_0,52097653#1,0,11.11,11.25,0,0.0,11.11,136.98,64.32,-0.8,15.72,5.88,0.93,-0.55,0
420.0,480.0,52097653#2_0,52097653#2,3,6.26,12.12,1,0.05,11.11,81.51,12.78,0.71,14.3,1.67,-0.25,-5.0,9
420.0,480.0,52152219#0_0,52152219#0,0,11.11,12.13,0,0.0,11.11,53.93,22.4,0.66,5.41,2.17,-0.5,-3.94,1
420.0,480.0,52152219#1_0,52152219#1,0,11.11,14.53,0,0.0,11.11,134.67,130.24,1.57,12.72,9.64,-0.95,-5.0,3
420.0,480.0,52152298#2_0,52152298#2,0,22.22,9.71,0,0.0,22.22,,,,,,1.63,0.6,0
420.0,480.0,52152302#1_0,52152302#1,0,22.22,16.45,0,0.0,22.22,91.19,70.5,5.96,7.06,4.49,0.82,-0.53,0
420.0,480.0,52152302#2_0,52152302#2,0,22.22,16.58,0,0.0,22.22,86.78,58.19,8.68,6.09,3.63,0.1,-4.0,1
420.0,480.0,52152302#3_0,52152302#3,0,22.22,16.65,0,0.0,22.22,26.27,0.0,-0.19,3.43,0.55,-0.45,-5.0,34
420.0,480.0,52152309_0,52152309,0,22.22,17.91,0,0.0,22.22,15.03,0.29,-9.97,3.23,0.05,-0.34,-5.0,17
420.0,480.0,52152313#1_0,52152313#1,0,13.89,7.29,0,0.0,13.89,,,,,,-4.76,-5.0,2
420.0,480.0,52152323#0_0,52152323#0,0,11.11,12.23,0,0.0,11.11,,,,,,0.94,-0.81,0
420.0,480.0,52152323#2_0,52152323#2,1,10.18,12.16,0,0.06,11.11,,,,,,-0.11,-2.31,0
420.0,480.0,52152323#3_0,52152323#3,0,11.11,12.33,0,0.0,11.11,13.59,10.14,-2.7,1.45,1.05,-0.1,-1.67,0
420.0,480.0,52152323#4_0,52152323#4,0,11.11,12.1,0,0.0,11.11,23.18,23.18,-2.97,2.44,2.44,-0.05,-1.51,0
420.0,480.0,52152323#5_0,52152323#5,0,11.11,12.48,0,0.0,11.11,,,,,,-0.12,-2.43,0
420.0,480.0,52152323#6_0,52152323#6,0,11.11,9.73,0,0.0,11.11,,,,,,0.08,-1.06,0
420.0,480.0,52152323#7_0,52152323#7,1,9.1,10.41,0,0.01,11.11,,,,,,-0.02,-1.72,0
420.0,480.0,52152345#0_0,52152345#0,0,27.78,17.97,0,0.0,27.78,28.08,9.19,0.21,1.96,1.35,0.46,-2.24,0
420.0,480.0,52152345#1_0,52152345#1,1,15.7,17.89,0,0.04,27.78,57.62,17.59,1.39,4.11,1.28,-0.31,-4.51,4
420.0,480.0,52152346#0_0,52152346#0,0,27.78,17.14,0,0.0,27.78,22.95,0.0,1.78,3.71,0.52,-0.43,-5.0,21
420.0,480.0,52152346#1_0,52152346#1,0,27.78,13.89,0,0.02,27.78,13.36,6.33,-0.67,1.26,1.02,0.84,-1.19,0
420.0,480.0,52152346#2_0,52152346#2,3,11.63,13.87,0,0.16,27.78,15.0,12.5,0.51,1.16,1.03,-0.33,-3.59,2
420.0,480.0,52152366#0_1,52152366#0,0,11.11,11.57,0,0.0,11.11,,,,,,0.48,-0.89,0
420.0,480.0,52152366#1_1,52152366#1,0,11.11,11.93,0,0.0,11.11,13.24,13.24,-0.16,1.19,1.18,0.17,-0.59,0
420.0,480.0,52152366#2_1,52152366#2,0,11.11,11.39,0,0.0,11.11,,,,,,-0.24,-0.56,0
420.0,480.0,52152366#3_0,52152366#3,0,11.11,11.58,0,0.0,11.11,,,,,,0.07,-1.21,0
420.0,480.0,52152366#3_1,52152366#3,0,11.11,11.38,0,0.0,11.11,,,,,,-0.0,-0.46,0
420.0,480.0,52152366#4_0,52152366#4,0,11.11,11.56,0,0.0,11.11,,,,,,0.06,-0.47,0
420.0,480.0,52152369#1_0,52152369#1,1,12.74,12.74,0,0.04,13.89,,,,,,1.08,0.56,0
420.0,480.0,52155433#0_0,52155433#0,0,16.67,13.65,0,0.0,16.67,,,,,,0.59,-0.29,0
420.0,480.0,52155433#1_0,52155433#1,0,16.67,13.7,0,0.0,16.67,,,,,,-0.14,-0.76,0
420.0,480.0,52155433#1_1,52155433#1,0,16.67,10.35,0,0.0,16.67,45.49,43.44,1.55,5.63,4.2,1.28,-1.29,0
420.0,480.0,52155579#1_0,52155579#1,0,11.11,10.57,0,0.0,11.11,,,,,,0.25,-1.01,0
420.0,480.0,52155579#2_0,52155579#2,0,11.11,10.64,0,0.0,11.11,,,,,,0.05,-0.93,0
420.0,480.0,52155735#1_0,52155735#1,0,22.22,11.99,0,0.0,22.22,80.99,9.83,5.32,9.53,1.19,1.36,-0.29,0
420.0,480.0,52155737#1_0,52155737#1,0,13.89,10.16,0,0.0,13.89,,,,,,0.29,-3.42,1
420.0,480.0,52155744#1_0,52155744#1,0,13.89,13.94,0,0.0,13.89,,,,,,1.09,-0.71,0
420.0,480.0,52155744#2_0,52155744#2,0,13.89,14.22,0,0.0,13.89,,,,,,0.15,-1.09,0
420.0,480.0,52155744#3_0,52155744#3,0,13.89,14.32,0,0.0,13.89,,,,,,0.03,-1.11,0
420.0,480.0,52155745#1_0,52155745#1,0,22.22,17.75,0,0.0,22.22,53.53,20.91,-0.84,4.41,1.18,0.72,-1.87,0
420.0,480.0,52155745#2_0,52155745#2,1,17.05,17.53,0,0.05,22.22,21.42,10.3,3.42,1.72,1.21,-1.94,-5.0,20
420.0,480.0,52155750#0_0,52155750#0,0,13.89,11.59,0,0.0,13.89,61.24,3.79,3.64,10.88,1.12,-0.32,-5.0,4
420.0,480.0,52155750#1_0,52155750#1,0,13.89,15.69,0,0.0,13.89,127.19,112.19,11.85,9.15,7.15,0.65,-0.57,0
420.0,480.0,52155750#2_0,52155750#2,3,0.0,15.61,3,0.09,13.89,12.8,0.0,-0.56,2.57,0.5,-0.19,-4.0,9
420.0,480.0,52155752#0_0,52155752#0,1,12.48,15.69,0,0.01,13.89,59.69,10.93,0.3,4.93,1.89,0.61,-2.16,0
420.0,480.0,52155752#1_0,52155752#1,1,13.74,15.7,0,0.05,13.89,66.46,27.35,0.17,5.98,1.76,0.12,-4.0,5
420.0,480.0,562694504_0,562694504,0,27.78,17.67,0,0.0,27.78,42.09,16.87,0.64,4.28,1.16,0.61,-2.04,0
420.0,480.0,562694505#0_0,562694505#0,0,27.78,17.23,0,0.0,27.78,61.92,43.95,6.67,4.88,2.55,1.62,0.75,0
420.0,480.0,562694505#1_0,562694505#1,0,27.78,17.73,0,0.0,27.78,31.3,26.57,4.57,1.82,1.53,0.54,-1.19,0
420.0,480.0,562694505#2_0,562694505#2,0,27.78,17.63,0,0.0,27.78,48.04,20.48,5.91,2.88,1.37,-0.01,-1.77,0
420.0,480.0,563022376#1_0,563022376#1,0,11.11,10.86,0,0.0,11.11,53.31,51.41,1.16,5.23,4.9,-0.13,-1.88,0
420.0,480.0,563322829#2_0,563322829#2,0,11.11,11.0,0,0.0,11.11,157.28,157.02,-1.01,14.81,14.74,-0.02,-1.53,0
420.0,480.0,659403198_0,659403198,0,13.89,13.66,0,0.0,13.89,,,,,,0.8,-1.15,0
420.0,480.0,689627819_0,689627819,0,13.89,9.88,0,0.0,13.89,22.69,0.54,-4.53,10.21,0.5,-0.42,-4.0,4
420.0,480.0,696897744#0_0,696897744#0,0,11.11,11.11,0,0.0,11.11,,,,,,-0.14,-4.78,1
420.0,480.0,696897744#2_0,696897744#2,0,11.11,12.11,0,0.0,11.11,139.08,133.49,0.29,12.42,11.94,-0.22,-5.0,5
420.0,480.0,705716192_0,705716192,0,27.78,18.0,0,0.0,27.78,,,,,,-1.15,-5.0,5
420.0,480.0,749310218#2_0,749310218#2,0,27.78,15.08,0,0.0,27.78,29.07,0.0,-3.24,5.98,0.53,-0.38,-5.0,15
420.0,480.0,749341589#0_0,749341589#0,0,11.11,11.62,0,0.0,11.11,84.65,15.17,2.45,7.58,1.31,0.56,-1.83,0
420.0,480.0,749341589#1_0,749341589#1,0,11.11,11.94,0,0.0,11.11,29.52,0.0,-1.65,16.69,0.5,-0.47,-4.7,12
420.0,480.0,:10279701147_0_0,:10279701147_0,0,27.78,17.42,0,0.0,27.78,,,,,,-0.81,-0.81,0
420.0,480.0,:10279701147_0_1,:10279701147_0,0,27.78,17.52,0,0.0,27.78,,,,,,1.43,0.91,0
420.0,480.0,:10279701147_3_0,:10279701147_3,0,6.44,6.26,0,0.0,6.44,23.8,12.04,-7.02,4.1,2.35,0.65,-3.22,1
420.0,480.0,:10279701147_4_0,:10279701147_4,0,3.65,3.65,0,0.0,3.65,,,,,,-1.15,-3.13,1
420.0,480.0,:10279761590_4_0,:10279761590_4,0,27.78,13.8,0,0.0,27.78,,,,,,0.0,-0.61,0
420.0,480.0,:10279761591_0_0,:10279761591_0,0,27.78,13.72,0,0.0,27.78,,,,,,-0.28,-0.52,0
420.0,480.0,:10281958924_0_0,:10281958924_0,0,16.67,17.46,0,0.0,16.67,45.7,44.79,3.6,2.63,2.56,0.29,-1.15,0
420.0,480.0,:10281958924_0_1,:10281958924_0,0,16.67,16.59,0,0.0,16.67,42.53,17.03,1.59,2.8,1.17,-0.29,-2.4,0
420.0,480.0,:10281958927_0_0,:10281958927_0,0,16.67,13.75,0,0.0,16.67,,,,,,0.19,0.19,0
420.0,480.0,:10281958927_0_1,:10281958927_0,0,16.67,16.6,0,0.0,16.67,61.8,34.26,7.51,3.9,2.41,0.19,-1.65,0
420.0,480.0,:10281958927_3_0,:10281958927_3,0,6.04,5.15,0,0.0,6.04,108.24,100.04,-11.09,21.97,20.49,0.01,-0.49,0
420.0,480.0,:10281958928_0_1,:10281958928_0,0,16.67,16.3,0,0.0,16.67,,,,,,0.91,0.09,0
420.0,480.0,:10281958928_2_0,:10281958928_2,0,5.96,5.89,0,0.0,5.96,132.38,129.78,4.66,24.37,22.9,-1.32,-5.0,1
420.0,480.0,:10281958930_0_1,:10281958930_0,0,16.67,16.13,0,0.0,16.67,,,,,,0.44,0.04,0
420.0,480.0,:10281958931_0_1,:10281958931_0,0,16.67,16.5,0,0.0,16.67,101.15,81.78,2.42,6.84,4.96,1.48,1.03,0
420.0,480.0,:10560867452_0_0,:10560867452_0,0,8.63,9.41,0,0.0,8.63,66.57,22.39,-2.18,7.77,2.91,-3.26,-4.93,3
420.0,480.0,:10560867452_1_0,:10560867452_1,0,11.11,11.01,0,0.0,11.11,,,,,,-0.8,-0.9,0
420.0,480.0,:10560867456_0_0,:10560867456_0,0,11.11,11.72,0,0.0,11.11,38.87,17.67,1.61,3.57,1.51,-0.73,-1.77,0
420.0,480.0,:10680197981_1_0,:10680197981_1,0,13.89,15.54,0,0.0,13.89,,,,,,-0.2,-1.72,0
420.0,480.0,:10680197991_1_0,:10680197991_1,0,13.89,15.89,0,0.0,13.89,,,,,,-0.09,-1.93,0
420.0,480.0,:10680197995_0_0,:10680197995_0,0,13.89,15.89,0,0.0,13.89,65.07,17.59,9.13,4.23,1.21,0.24,-0.56,0
420.0,480.0,:10680197995_11_0,:10680197995_11,0,3.65,3.56,0,0.0,3.65,,,,,,-1.51,-1.77,0
420.0,480.0,:10904702998_0_0,:10904702998_0,0,11.11,11.45,0,0.0,11.11,,,,,,-0.51,-0.97,0
420.0,480.0,:10907705738_0_0,:10907705738_0,0,11.11,12.12,0,0.0,11.11,53.73,48.27,0.91,4.64,4.0,0.37,-1.1,0
420.0,480.0,:10907806554_0_0,:10907806554_0,0,13.89,15.11,0,0.0,13.89,120.72,120.38,-1.88,9.03,8.75,-0.37,-2.0,0
420.0,480.0,:10907806554_3_0,:10907806554_3,0,7.06,4.51,0,0.0,7.06,,,,,,0.64,0.0,0
420.0,480.0,:10907806554_7_0,:10907806554_7,1,14.72,15.58,0,0.14,13.89,,,,,,0.06,-1.72,0
420.0,480.0,:10943277968_0_0,:10943277968_0,1,11.66,16.17,0,0.18,22.22,39.94,13.62,3.03,3.09,1.09,1.17,-0.81,0
420.0,480.0,:10943277968_7_0,:10943277968_7,0,22.22,13.43,0,0.0,22.22,,,,,,0.81,0.42,0
420.0,480.0,:10943433498_0_0,:10943433498_0,0,16.67,16.86,0,0.0,16.67,36.88,36.05,3.19,2.2,2.14,-0.19,-2.17,0
420.0,480.0,:10943433498_0_1,:10943433498_0,0,16.67,16.55,0,0.0,16.67,89.47,54.26,-0.73,9.7,3.75,0.49,-1.71,0
420.0,480.0,:10943433498_2_0,:10943433498_2,0,5.99,5.27,0,0.0,5.99,,,,,,-1.55,-3.79,1
420.0,480.0,:10943435169_0_0,:10943435169_0,0,6.42,7.23,0,0.0,6.42,,,,,,0.54,-0.33,0
420.0,480.0,:10943435169_3_0,:10943435169_3,0,11.11,11.98,0,0.0,11.11,41.13,13.73,0.39,3.58,1.16,-0.03,-1.52,0
420.0,480.0,:10943490813_0_0,:10943490813_0,0,13.89,11.75,0,0.0,13.89,15.34,15.31,-0.17,1.42,1.41,-0.05,-1.01,0
420.0,480.0,:10943490816_0_0,:10943490816_0,0,13.89,12.12,0,0.0,13.89,15.52,15.43,0.06,1.46,1.43,-0.65,-2.0,0
420.0,480.0,:10943490945_0_0,:10943490945_0,1,4.89,5.76,0,0.2,6.71,73.12,38.52,-3.26,19.79,8.71,1.14,-2.04,0
420.0,480.0,:10943490945_4_0,:10943490945_4,0,11.11,10.73,0,0.0,11.11,35.97,34.63,3.28,3.43,3.23,0.38,-0.63,0
420.0,480.0,:10943490952_7_0,:10943490952_7,0,13.2,13.16,0,0.0,13.2,62.95,17.43,3.38,5.08,1.6,-1.24,-3.45,2
420.0,480.0,:10943498141_7_0,:10943498141_7,1,7.47,7.47,0,0.14,8.1,,,,,,1.13,0.17,0
420.0,480.0,:10943498145_1_0,:10943498145_1,0,6.05,6.42,0,0.0,6.05,,,,,,-1.17,-4.0,2
420.0,480.0,:10943525385_4_0,:10943525385_4,0,11.11,10.51,0,0.0,11.11,,,,,,-0.65,-1.5,0
420.0,480.0,:10943525385_5_0,:10943525385_5,0,11.11,11.46,0,0.0,11.11,,,,,,0.62,0.22,0
420.0,480.0,:10943736751_0_0,:10943736751_0,0,16.67,17.29,0,0.0,16.67,189.48,183.92,0.34,13.41,11.53,-0.24,-1.63,0
420.0,480.0,:10943736751_0_1,:10943736751_0,0,16.67,13.61,0,0.0,16.67,,,,,,-0.06,-0.54,0
420.0,480.0,:11125046588_4_0,:11125046588_4,0,11.11,11.15,0,0.0,11.11,44.63,15.49,2.43,4.02,1.41,-0.13,-1.05,0
420.0,480.0,:11125046588_6_0,:11125046588_6,0,11.11,10.92,0,0.0,11.11,11.67,11.25,-0.19,1.19,1.06,-0.1,-2.9,0
420.0,480.0,:11126932584_3_0,:11126932584_3,0,22.22,14.09,0,0.0,22.22,44.28,42.37,4.98,3.42,3.21,-2.24,-4.0,3
420.0,480.0,:11282869379_0_0,:11282869379_0,0,11.11,12.2,0,0.0,11.11,,,,,,0.28,-0.7,0
420.0,480.0,:11282915069_0_0,:11282915069_0,0,13.89,11.35,0,0.0,13.89,15.3,14.46,-1.16,4.21,3.04,-0.33,-5.0,2
420.0,480.0,:11462469753_3_0,:11462469753_3,0,11.11,11.25,0,0.0,11.11,51.17,48.35,11.21,4.56,4.3,-0.07,-1.2,0
420.0,480.0,:1174832475_0_0,:1174832475_0,0,6.83,7.02,0,0.0,6.83,13.92,4.36,-7.5,4.55,1.09,1.59,-2.18,0
420.0,480.0,:1174832475_2_0,:1174832475_2,0,22.22,16.52,0,0.0,22.22,69.48,57.34,7.56,4.76,3.47,0.64,0.35,0
420.0,480.0,:1174832475_3_0,:1174832475_3,0,5.89,5.66,0,0.0,5.89,129.78,123.37,-8.39,24.21,21.81,-1.24,-4.0,1
420.0,480.0,:1174832527_7_0,:1174832527_7,0,22.22,17.21,0,0.0,22.22,22.49,15.84,0.23,1.74,1.1,1.38,-0.59,0
420.0,480.0,:1174832534_6_0,:1174832534_6,0,22.22,15.74,0,0.0,22.22,,,,,,0.22,-1.53,0
420.0,480.0,:1174832699_0_0,:1174832699_0,0,11.11,10.92,0,0.0,11.11,39.07,11.34,1.37,3.87,1.08,0.01,-1.29,0
420.0,480.0,:1174832699_7_0,:1174832699_7,0,11.11,10.22,0,0.0,11.11,102.99,102.83,-0.46,10.57,10.06,-0.6,-2.08,0
420.0,480.0,:1174832713_0_0,:1174832713_0,0,11.11,10.59,0,0.0,11.11,13.96,0.01,2.21,2.95,0.58,-0.5,-4.11,3
420.0,480.0,:1174832713_7_0,:1174832713_7,0,11.11,9.27,0,0.0,11.11,101.39,101.07,-0.5,11.91,10.97,1.11,0.43,0
420.0,480.0,:1174832716_0_0,:1174832716_0,0,6.54,6.15,0,0.0,6.54,,,,,,0.56,-0.2,0
420.0,480.0,:1174832716_3_0,:1174832716_3,0,22.22,16.2,0,0.0,22.22,113.42,70.49,8.19,8.13,4.35,-0.02,-0.5,0
420.0,480.0,:1174832811_0_0,:1174832811_0,0,11.11,12.24,0,0.19,11.11,102.68,33.39,1.27,9.14,3.14,0.16,-1.24,0
420.0,480.0,:1174832816_1_0,:1174832816_1,0,11.11,10.78,0,0.0,11.11,58.67,58.67,3.0,5.61,5.61,-0.05,-1.91,0
420.0,480.0,:1174832834_0_0,:1174832834_0,0,8.93,8.3,0,0.0,8.93,79.84,75.75,8.13,9.82,9.32,0.34,-0.34,0
420.0,480.0,:1174832834_4_0,:1174832834_4,0,11.11,11.12,0,0.0,11.11,170.96,166.96,8.71,15.76,15.7,-0.01,-0.66,0
420.0,480.0,:1174832855_3_0,:1174832855_3,0,13.89,12.03,0,0.0,13.89,90.75,90.02,0.98,8.13,7.48,1.5,1.34,0
420.0,480.0,:1174832885_4_0,:1174832885_4,0,13.89,11.22,0,0.0,13.89,76.21,15.47,7.0,6.81,1.4,0.56,-0.07,0
420.0,480.0,:1174832895_5_0,:1174832895_5,0,3.65,3.71,0,0.0,3.65,,,,,,-0.29,-2.53,0
420.0,480.0,:1174832895_7_0,:1174832895_7,0,11.11,10.85,0,0.0,11.11,95.69,95.61,0.23,9.0,8.81,-0.19,-0.89,0
420.0,480.0,:1174832997_0_0,:1174832997_0,0,22.22,17.9,0,0.0,22.22,80.98,21.34,5.43,4.81,1.23,0.44,0.13,0
420.0,480.0,:1174832997_2_0,:1174832997_2,0,5.93,6.13,0,0.0,5.93,22.37,13.02,-10.65,7.14,3.25,0.94,-3.34,1
420.0,480.0,:1174833041_3_0,:1174833041_3,0,6.61,6.36,0,0.0,6.61,,,,,,-1.48,-4.0,1
420.0,480.0,:1174833041_4_0,:1174833041_4,0,13.89,14.18,0,0.0,13.89,86.25,86.2,-0.34,7.04,6.97,0.04,-0.77,0
420.0,480.0,:1174833066_0_0,:1174833066_0,0,6.41,6.02,0,0.0,6.41,,,,,,-0.78,-2.26,0
420.0,480.0,:1174833066_1_0,:1174833066_1,0,3.65,3.82,0,0.0,3.65,,,,,,1.03,0.77,0
420.0,480.0,:1174833066_3_1,:1174833066_3,0,11.11,10.93,0,0.0,11.11,,,,,,-0.17,-1.81,0
420.0,480.0,:1174833090_6_0,:1174833090_6,0,22.22,15.16,0,0.0,22.22,,,,,,-0.23,-0.23,0
420.0,480.0,:1174833147_5_0,:1174833147_5,0,13.89,10.31,0,0.0,13.89,,,,,,2.09,0.57,0
420.0,480.0,:1174833147_9_0,:1174833147_9,0,13.89,13.89,0,0.0,13.89,,,,,,0.14,-0.47,0
420.0,480.0,:1176977350_0_0,:1176977350_0,0,11.11,9.76,0,0.0,11.11,,,,,,-0.04,-1.93,0
420.0,480.0,:1176977453_6_0,:1176977453_6,0,6.36,5.93,0,0.0,6.36,52.23,51.52,-2.14,9.54,9.42,-1.4,-4.0,1
420.0,480.0,:1176977542_0_0,:1176977542_0,1,4.72,5.7,0,0.22,6.35,133.36,131.67,-5.88,25.87,23.09,-3.49,-5.0,1
420.0,480.0,:1176977542_12_0,:1176977542_12,0,7.19,6.75,0,0.0,7.19,,,,,,-1.49,-4.0,1
420.0,480.0,:1176977542_14_0,:1176977542_14,0,7.87,7.15,0,0.0,7.87,,,,,,-1.1,-4.0,1
420.0,480.0,:1176977542_18_0,:1176977542_18,0,7.87,7.35,0,0.0,7.87,,,,,,0.2,-0.0,0
420.0,480.0,:1176978389_1_0,:1176978389_1,0,8.34,7.82,0,0.0,8.34,,,,,,0.56,-0.65,0
420.0,480.0,:1176978389_3_0,:1176978389_3,1,6.78,6.78,0,0.19,6.91,,,,,,-4.0,-4.0,1
420.0,480.0,:1176978389_4_0,:1176978389_4,0,13.89,15.14,0,0.0,13.89,,,,,,0.25,-0.77,0
420.0,480.0,:1176978389_6_0,:1176978389_6,0,13.89,14.23,0,0.0,13.89,,,,,,-0.14,-0.93,0
420.0,480.0,:1176978438_0_0,:1176978438_0,0,6.09,6.69,0,0.0,6.09,,,,,,1.15,0.12,0
420.0,480.0,:1176978438_4_0,:1176978438_4,0,6.2,6.54,0,0.0,6.2,123.09,121.29,-7.15,19.22,18.55,-1.89,-4.75,2
420.0,480.0,:1177160369_3_0,:1177160369_3,0,22.22,13.87,0,0.0,22.22,70.11,14.21,8.45,5.74,1.18,1.64,0.67,0
420.0,480.0,:1177160399_0_0,:1177160399_0,0,6.68,6.61,0,0.0,6.68,15.45,13.3,-4.19,2.6,2.01,-1.15,-1.89,0
420.0,480.0,:1177160399_3_0,:1177160399_3,1,10.26,12.0,0,0.09,11.11,19.99,11.35,-0.25,1.87,1.08,-0.14,-1.74,0
420.0,480.0,:1177160403_0_0,:1177160403_0,0,11.11,10.49,0,0.0,11.11,65.76,15.65,-1.44,7.29,1.58,0.08,-1.88,0
420.0,480.0,:1177160403_1_0,:1177160403_1,0,6.47,7.08,0,0.0,6.47,19.87,3.12,-3.47,3.7,0.69,-0.18,-4.04,1
420.0,480.0,:1177160471_0_0,:1177160471_0,0,13.89,11.62,0,0.0,13.89,9.47,2.31,4.75,1.96,0.9,-1.49,-5.0,6
420.0,480.0,:1177160471_11_0,:1177160471_11,1,0.15,1.0,0,0.62,3.65,0.66,0.19,0.11,1.26,0.68,0.03,-0.69,0
420.0,480.0,:1177160471_6_0,:1177160471_6,0,6.71,6.89,0,0.0,6.71,,,,,,-1.44,-4.0,1
420.0,480.0,:1177160471_7_0,:1177160471_7,0,13.89,13.56,0,0.0,13.89,142.97,132.76,6.67,11.38,9.79,1.19,0.67,0
420.0,480.0,:1177160471_8_0,:1177160471_8,0,3.65,1.5,0,0.0,3.65,0.63,0.02,-2.6,1.96,0.48,0.0,-1.34,0
420.0,480.0,:1177160524_0_0,:1177160524_0,0,13.89,8.86,0,0.0,13.89,43.14,22.76,-4.56,5.85,3.99,1.13,0.46,0
420.0,480.0,:1177160524_3_0,:1177160524_3,0,5.46,4.65,0,0.0,5.46,,,,,,-0.46,-2.03,0
420.0,480.0,:1177160524_4_0,:1177160524_4,0,13.89,13.54,0,0.0,13.89,,,,,,0.01,-1.53,0
420.0,480.0,:1177160524_6_0,:1177160524_6,0,13.89,15.2,0,0.0,13.89,,,,,,0.49,-0.17,0
420.0,480.0,:1177160556_0_0,:1177160556_0,0,16.67,17.0,0,0.0,16.67,93.0,93.0,0.06,7.23,7.23,0.18,-0.92,0
420.0,480.0,:1177160556_0_1,:1177160556_0,0,16.67,14.91,0,0.0,16.67,,,,,,0.39,0.07,0
420.0,480.0,:1177160566_4_0,:1177160566_4,0,22.22,10.25,0,0.0,22.22,6.63,3.32,2.07,1.54,0.91,-0.7,-5.0,4
420.0,480.0,:1177160571_7_0,:1177160571_7,0,22.22,17.07,0,0.0,22.22,29.73,14.59,0.6,1.87,1.04,-0.15,-1.36,0
420.0,480.0,:1177160573_0_0,:1177160573_0,0,11.11,11.41,0,0.0,11.11,22.34,15.52,0.21,2.04,1.36,0.14,-1.05,0
420.0,480.0,:1177160573_3_0,:1177160573_3,0,5.93,5.82,0,0.0,5.93,,,,,,-0.58,-2.9,0
420.0,480.0,:1177160573_6_0,:1177160573_6,0,8.03,8.07,0,0.0,8.03,9.58,9.3,-0.32,1.22,1.17,-0.74,-5.0,1
420.0,480.0,:1177160573_7_0,:1177160573_7,0,11.11,11.21,0,0.0,11.11,30.71,29.9,1.94,2.79,2.72,0.07,-0.46,0
420.0,480.0,:1177160598_0_0,:1177160598_0,0,13.89,14.1,0,0.0,13.89,52.02,51.49,-1.0,5.89,5.38,0.72,-0.86,0
420.0,480.0,:1177160598_7_0,:1177160598_7,0,13.89,15.15,0,0.0,13.89,81.36,32.29,2.59,6.38,2.42,-0.27,-3.59,1
420.0,480.0,:1177160599_1_0,:1177160599_1,0,18.05,9.91,0,0.0,18.05,103.75,95.47,-11.01,73.87,45.77,1.26,-1.83,0
420.0,480.0,:1177160599_2_0,:1177160599_2,0,3.65,3.28,0,0.0,3.65,10.1,6.01,-8.1,4.77,4.61,0.74,-1.13,0
420.0,480.0,:1177160599_3_0,:1177160599_3,0,9.6,10.03,0,0.0,9.6,40.33,15.39,-2.03,4.42,1.57,-0.75,-3.38,1
420.0,480.0,:1177160599_4_0,:1177160599_4,0,11.11,8.97,0,0.0,11.11,,,,,,0.49,-0.77,0
420.0,480.0,:1177160599_7_0,:1177160599_7,0,18.05,8.17,0,0.0,18.05,56.36,24.12,-10.73,21.04,9.44,1.25,0.46,0
420.0,480.0,:1177160684_6_0,:1177160684_6,0,11.32,11.0,0,0.0,11.32,36.56,10.81,-2.79,4.53,1.19,1.56,-1.27,0
420.0,480.0,:1177160684_7_0,:1177160684_7,0,10.18,10.19,0,0.0,10.18,,,,,,-2.1,-4.0,1
420.0,480.0,:1177160687_0_0,:1177160687_0,1,9.81,11.3,0,0.08,11.11,69.83,15.01,0.46,7.4,1.37,-0.01,-1.51,0
420.0,480.0,:1177160687_7_0,:1177160687_7,0,11.11,12.2,0,0.0,11.11,78.68,50.64,6.88,7.0,4.17,0.12,-0.26,0
420.0,480.0,:1177160691_0_0,:1177160691_0,1,13.5,17.07,0,0.18,22.22,54.63,17.75,1.22,3.69,1.37,0.39,-1.57,0
420.0,480.0,:1177160691_3_0,:1177160691_3,1,6.38,6.39,0,0.11,6.44,54.2,50.31,-7.65,8.68,7.87,-0.01,-3.51,1
420.0,480.0,:1177160691_4_0,:1177160691_4,0,8.1,8.11,0,0.0,8.1,36.5,18.26,-9.09,11.6,2.29,0.9,-0.55,0
420.0,480.0,:1177160691_6_0,:1177160691_6,0,6.62,7.05,0,0.0,6.62,,,,,,-2.04,-3.63,1
420.0,480.0,:1177160691_7_0,:1177160691_7,0,22.22,17.78,0,0.0,22.22,30.09,19.38,2.75,1.79,1.22,-1.27,-2.96,0
420.0,480.0,:1177160693_5_0,:1177160693_5,0,13.89,12.2,0,0.0,13.89,74.52,74.52,-3.17,6.11,6.11,0.14,0.14,0
420.0,480.0,:1177160694_0_0,:1177160694_0,0,13.89,14.04,0,0.0,13.89,44.9,38.15,4.15,4.12,3.08,0.56,-1.75,0
420.0,480.0,:1177160694_6_0,:1177160694_6,0,13.89,14.17,0,0.0,13.89,,,,,,1.39,1.05,0
420.0,480.0,:1177160716_0_0,:1177160716_0,0,11.11,12.33,0,0.0,11.11,135.73,62.05,6.42,12.53,5.52,-0.4,-2.49,0
420.0,480.0,:1177160765_4_0,:1177160765_4,0,11.11,11.16,0,0.0,11.11,39.2,12.05,2.18,4.13,1.13,0.02,-2.33,0
420.0,480.0,:1177160765_6_0,:1177160765_6,1,2.01,2.01,0,0.04,11.11,15.44,15.44,1.7,7.68,7.68,1.55,1.55,0
420.0,480.0,:1177160773_0_0,:1177160773_0,0,22.22,17.26,0,0.0,22.22,77.23,15.43,0.69,5.32,1.18,-0.68,-2.39,0
420.0,480.0,:1177160779_10_0,:1177160779_10,0,8.07,5.31,0,0.0,8.07,,,,,,2.12,1.67,0
420.0,480.0,:1177160779_1_0,:1177160779_1,1,11.86,13.77,0,0.0,13.89,17.86,17.86,-2.24,1.51,1.51,0.91,-0.6,0
420.0,480.0,:1177160779_4_0,:1177160779_4,0,8.07,5.81,0,0.0,8.07,,,,,,-1.96,-4.47,3
420.0,480.0,:1177160779_7_0,:1177160779_7,0,8.01,4.89,0,0.0,8.01,,,,,,1.18,0.48,0
420.0,480.0,:1177160807_0_0,:1177160807_0,0,11.11,11.45,0,0.0,11.11,59.38,15.04,4.26,5.4,1.32,-0.41,-1.93,0
420.0,480.0,:1177160807_7_0,:1177160807_7,0,11.11,10.1,0,0.0,11.11,12.58,12.29,0.36,1.28,1.25,0.43,-1.15,0
420.0,480.0,:1177160864_0_0,:1177160864_0,1,4.56,5.75,0,0.19,22.22,14.26,0.0,-1.12,8.63,0.52,0.24,-4.98,1
420.0,480.0,:1177160866_3_0,:1177160866_3,0,22.22,17.94,0,0.0,22.22,60.95,18.27,4.12,4.15,1.07,0.89,-0.8,0
420.0,480.0,:1177160923_1_0,:1177160923_1,0,13.89,9.64,0,0.0,13.89,,,,,,1.0,0.48,0
420.0,480.0,:1177160923_6_0,:1177160923_6,0,6.33,6.42,0,0.0,6.33,,,,,,-2.46,-3.1,1
420.0,480.0,:1177160923_7_0,:1177160923_7,0,8.27,8.66,0,0.0,8.27,,,,,,0.56,-1.99,0
420.0,480.0,:1177160978_4_0,:1177160978_4,0,13.89,13.51,0,0.0,13.89,105.52,89.17,9.79,8.15,7.09,-0.18,-1.78,0
420.0,480.0,:1177160983_3_0,:1177160983_3,0,11.11,11.93,0,0.0,11.11,,,,,,-0.34,-1.25,0
420.0,480.0,:1177160983_3_1,:1177160983_3,0,11.11,9.86,0,0.0,11.11,,,,,,-0.5,-0.97,0
420.0,480.0,:1177161018_0_0,:1177161018_0,0,13.89,13.21,0,0.0,13.89,,,,,,0.36,-0.53,0
420.0,480.0,:1177161018_3_0,:1177161018_3,0,5.96,6.02,0,0.0,5.96,,,,,,0.25,-0.73,0
420.0,480.0,:1177161022_2_0,:1177161022_2,0,22.22,13.4,0,0.14,22.22,52.18,52.18,10.9,4.79,4.79,1.72,0.45,0
420.0,480.0,:1177161022_3_0,:1177161022_3,0,5.94,6.19,0,0.0,5.94,,,,,,-1.21,-4.0,2
420.0,480.0,:1177161043_0_0,:1177161043_0,0,13.89,13.36,0,0.0,13.89,140.35,137.78,10.03,14.01,13.42,0.23,-0.79,0
420.0,480.0,:1177161043_7_0,:1177161043_7,0,13.89,11.53,0,0.0,13.89,,,,,,-0.12,-1.26,0
420.0,480.0,:1177161047_4_0,:1177161047_4,0,8.02,7.87,0,0.0,8.02,,,,,,-0.27,-0.86,0
420.0,480.0,:1177161047_6_0,:1177161047_6,0,6.52,6.49,0,0.0,6.52,,,,,,-2.09,-5.0,1
420.0,480.0,:1177161049_7_0,:1177161049_7,0,22.22,17.96,0,0.0,22.22,50.1,15.08,6.5,3.44,1.1,0.42,-0.89,0
420.0,480.0,:1177161074_3_0,:1177161074_3,0,22.22,17.37,0,0.0,22.22,40.0,15.66,0.51,2.43,1.14,-0.03,-1.07,0
420.0,480.0,:1177161076_4_0,:1177161076_4,0,13.89,13.84,0,0.0,13.89,132.18,131.85,-1.19,10.61,10.56,-0.03,-0.74,0
420.0,480.0,:1177161154_12_0,:1177161154_12,0,5.65,5.46,0,0.0,5.65,53.01,51.92,4.7,10.07,9.91,-0.84,-0.91,0
420.0,480.0,:1177161154_13_0,:1177161154_13,0,11.11,12.08,0,0.0,11.11,47.14,31.76,9.47,4.18,2.88,-0.07,-1.12,0
420.0,480.0,:1177161154_16_0,:1177161154_16,0,10.2,8.57,0,0.0,10.2,48.02,44.23,7.87,6.11,5.77,-0.61,-2.4,0
420.0,480.0,:1177161154_1_0,:1177161154_1,1,4.55,9.48,0,0.29,13.89,48.48,8.81,3.88,20.35,1.94,1.65,-1.5,0
420.0,480.0,:1177161154_4_0,:1177161154_4,0,6.86,6.96,0,0.0,6.86,131.63,128.42,6.56,20.11,19.36,-1.12,-5.0,1
420.0,480.0,:1177161154_5_0,:1177161154_5,0,11.11,11.26,0,0.0,11.11,24.66,11.62,0.22,2.41,1.14,-0.01,-1.79,0
420.0,480.0,:1177161154_6_0,:1177161154_6,0,10.2,8.58,0,0.0,10.2,56.04,56.04,8.58,6.53,6.53,2.13,2.13,0
420.0,480.0,:1177161157_3_0,:1177161157_3,0,22.22,15.71,0,0.0,22.22,47.34,15.47,-1.41,3.43,1.29,1.54,0.8,0
420.0,480.0,:1177161205_4_0,:1177161205_4,0,13.89,13.74,0,0.0,13.89,,,,,,0.05,-0.8,0
420.0,480.0,:1177161219_0_0,:1177161219_0,0,6.16,4.42,0,0.0,6.16,27.92,9.98,-14.0,11.19,10.23,1.47,0.97,0
420.0,480.0,:1177161219_1_0,:1177161219_1,0,22.22,9.63,0,0.0,22.22,40.97,15.77,-5.41,6.04,1.98,1.7,0.97,0
420.0,480.0,:1177161219_2_0,:1177161219_2,0,27.78,14.18,0,0.0,27.78,138.59,138.59,-4.63,10.51,10.51,0.96,0.71,0
420.0,480.0,:1177161333_5_0,:1177161333_5,0,3.65,3.66,0,0.0,3.65,,,,,,0.58,-0.15,0
420.0,480.0,:1177161371_11_0,:1177161371_11,0,3.65,3.66,0,0.0,3.65,,,,,,-3.33,-3.33,1
420.0,480.0,:1177161371_12_0,:1177161371_12,1,5.27,5.27,0,0.22,5.89,,,,,,-0.53,-1.82,0
420.0,480.0,:1177161371_13_0,:1177161371_13,0,13.89,10.1,0,0.0,13.89,66.05,19.44,-2.38,7.99,2.02,1.5,0.56,0
420.0,480.0,:1177161371_19_0,:1177161371_19,0,3.65,3.48,0,0.0,3.65,,,,,,-0.65,-0.94,0
420.0,480.0,:1177161432_0_0,:1177161432_0,0,11.11,12.14,0,0.0,11.11,41.48,13.39,1.02,3.48,1.11,-0.15,-1.25,0
420.0,480.0,:1177161468_1_0,:1177161468_1,0,13.89,11.92,0,0.0,13.89,13.49,13.45,-0.35,1.18,1.13,0.07,-1.67,0
420.0,480.0,:1177161468_3_0,:1177161468_3,0,13.89,13.79,0,0.0,13.89,,,,,,-0.17,-0.58,0
420.0,480.0,:1177161468_7_0,:1177161468_7,0,8.34,7.2,0,0.0,8.34,,,,,,1.07,0.58,0
420.0,480.0,:1177161474_3_0,:1177161474_3,0,11.11,11.92,0,0.0,11.11,,,,,,0.31,-0.91,0
420.0,480.0,:1177161474_3_1,:1177161474_3,0,11.11,10.28,0,0.0,11.11,,,,,,0.03,-0.38,0
420.0,480.0,:1177161483_0_0,:1177161483_0,0,22.22,17.61,0,0.0,22.22,65.18,27.37,0.05,4.17,1.65,0.07,-1.53,0
420.0,480.0,:1177161483_1_0,:1177161483_1,0,9.98,7.51,0,0.0,9.98,59.11,28.35,2.07,7.92,3.89,-0.97,-5.0,3
420.0,480.0,:1177161483_4_0,:1177161483_4,0,22.22,14.93,0,0.0,22.22,29.42,17.19,-3.32,2.2,1.21,1.42,0.77,0
420.0,480.0,:1177161483_6_0,:1177161483_6,0,10.2,7.24,0,0.0,10.2,24.49,3.83,-9.7,7.47,2.11,1.87,0.98,0
420.0,480.0,:1177161483_7_0,:1177161483_7,1,0.9,7.37,0,0.02,22.22,47.23,8.07,-8.29,12.19,8.64,1.24,-1.23,0
420.0,480.0,:1177161483_8_0,:1177161483_8,0,6.55,6.12,0,0.0,6.55,,,,,,1.23,0.79,0
420.0,480.0,:1177161483_9_0,:1177161483_9,1,8.41,8.41,0,0.22,9.98,57.3,30.01,2.47,7.16,3.74,1.68,0.48,0
420.0,480.0,:1177161504_0_0,:1177161504_0,0,22.22,17.37,0,0.0,22.22,53.27,16.43,5.55,3.55,1.14,-0.31,-1.48,0
420.0,480.0,:1177161504_6_0,:1177161504_6,0,22.22,17.91,0,0.0,22.22,81.95,68.29,3.82,4.85,3.81,0.46,-0.51,0
420.0,480.0,:1177161508_10_0,:1177161508_10,0,7.6,7.33,0,0.0,7.6,75.72,70.26,-7.35,11.54,10.96,0.24,-0.47,0
420.0,480.0,:1177161508_4_0,:1177161508_4,1,9.96,11.68,0,0.14,11.11,27.76,15.37,0.96,2.49,1.34,-0.03,-2.2,0
420.0,480.0,:1177161508_6_0,:1177161508_6,0,11.11,12.39,0,0.0,11.11,99.18,52.74,6.93,8.92,4.3,0.06,-0.91,0
420.0,480.0,:1177161508_7_0,:1177161508_7,0,7.6,7.43,0,0.0,7.6,169.01,169.01,-7.71,29.86,29.86,-2.07,-4.0,2
420.0,480.0,:1177161509_1_0,:1177161509_1,0,13.89,13.87,0,0.0,13.89,152.78,98.43,9.84,11.43,7.95,0.28,-0.48,0
420.0,480.0,:1177161547_7_0,:1177161547_7,0,22.22,17.97,0,0.0,22.22,48.08,14.62,4.06,2.89,1.07,-0.54,-2.34,0
420.0,480.0,:1177161549_1_0,:1177161549_1,0,7.63,8.05,0,0.0,7.63,86.75,9.51,3.82,13.81,1.18,-0.42,-2.35,0
420.0,480.0,:1177161549_3_0,:1177161549_3,0,6.93,6.99,0,0.0,6.93,114.87,114.7,-0.95,17.41,16.46,0.49,-1.2,0
420.0,480.0,:1177161553_4_0,:1177161553_4,0,13.89,10.16,0,0.0,13.89,,,,,,0.71,0.54,0
420.0,480.0,:1177161553_6_0,:1177161553_6,0,12.89,14.3,0,0.0,12.89,,,,,,-1.75,-2.4,0
420.0,480.0,:1177161573_13_0,:1177161573_13,0,13.89,15.63,0,0.0,13.89,51.22,28.36,1.04,3.62,1.87,-0.07,-1.87,0
420.0,480.0,:1177161573_2_0,:1177161573_2,0,9.26,8.41,0,0.0,9.26,,,,,,1.13,-0.44,0
420.0,480.0,:1177161573_4_0,:1177161573_4,0,7.97,8.59,0,0.0,7.97,,,,,,-1.32,-3.62,1
420.0,480.0,:1177161573_8_0,:1177161573_8,0,6.16,6.16,0,0.0,6.16,93.96,92.99,4.25,16.15,15.81,0.44,-0.73,0
420.0,480.0,:1177161612_4_0,:1177161612_4,0,22.22,17.81,0,0.0,22.22,67.12,19.33,1.77,4.66,1.26,0.68,-2.89,0
420.0,480.0,:1177161612_6_0,:1177161612_6,0,22.22,17.19,0,0.0,22.22,60.94,16.75,2.58,4.19,1.75,-0.15,-2.14,0
420.0,480.0,:1177161612_9_0,:1177161612_9,0,3.65,3.51,0,0.0,3.65,104.37,101.23,-12.0,33.2,28.84,-2.08,-4.8,1
420.0,480.0,:1177161631_1_0,:1177161631_1,0,22.22,17.34,0,0.0,22.22,50.55,15.46,-0.68,3.49,1.18,0.51,-1.07,0
420.0,480.0,:1177161631_3_0,:1177161631_3,0,6.84,6.88,0,0.0,6.84,49.81,7.89,-6.13,10.54,1.29,0.76,-1.27,0
420.0,480.0,:1177161631_4_0,:1177161631_4,0,13.89,6.39,0,0.0,13.89,98.6,80.51,-9.89,38.33,17.82,1.6,0.89,0
420.0,480.0,:1177161631_5_0,:1177161631_5,0,8.07,4.46,0,0.0,8.07,37.87,18.9,-10.68,14.66,12.37,1.12,0.74,0
420.0,480.0,:1177161634_3_1,:1177161634_3,0,11.11,11.96,0,0.0,11.11,113.47,113.47,-1.64,9.49,9.49,0.21,-0.04,0
420.0,480.0,:1177161645_4_0,:1177161645_4,0,22.22,17.13,0,0.0,22.22,66.55,18.11,1.31,4.5,1.27,-0.39,-2.82,0
420.0,480.0,:1177161645_5_0,:1177161645_5,0,22.22,17.68,0,0.0,22.22,82.7,30.54,5.87,5.8,2.24,-0.62,-2.95,0
420.0,480.0,:1177161675_0_0,:1177161675_0,1,3.1,14.32,0,0.13,13.89,17.68,2.11,5.58,2.03,0.79,-1.09,-4.61,8
420.0,480.0,:1177161675_1_0,:1177161675_1,0,7.93,7.03,0,0.0,7.93,,,,,,-4.81,-5.0,2
420.0,480.0,:1177161675_7_0,:1177161675_7,0,13.89,15.42,0,0.0,13.89,105.56,98.36,13.48,7.49,6.5,-0.29,-0.56,0
420.0,480.0,:1177161675_9_0,:1177161675_9,0,7.93,8.41,0,0.0,7.93,,,,,,-0.14,-3.15,1
420.0,480.0,:1177161698_0_0,:1177161698_0,0,6.25,6.19,0,0.0,6.25,50.14,49.82,0.28,8.22,8.08,-1.08,-3.28,1
420.0,480.0,:1177161698_10_0,:1177161698_10,0,7.79,8.72,0,0.0,7.79,,,,,,1.03,0.84,0
420.0,480.0,:1177161698_1_0,:1177161698_1,0,8.48,5.2,0,0.0,8.48,39.85,20.26,-8.81,16.29,10.36,1.15,0.75,0
420.0,480.0,:1177161698_4_0,:1177161698_4,0,13.89,14.43,0,0.0,13.89,154.93,151.56,13.7,10.94,10.5,0.49,-0.05,0
420.0,480.0,:1177161698_6_0,:1177161698_6,1,13.7,13.85,0,0.18,13.89,73.01,33.03,4.18,5.72,2.62,-0.04,-0.71,0
420.0,480.0,:1177161698_7_0,:1177161698_7,0,7.79,7.18,0,0.0,7.79,,,,,,-5.0,-5.0,1
420.0,480.0,:1177161703_3_0,:1177161703_3,0,11.11,12.57,0,0.0,11.11,58.92,13.09,1.87,5.25,1.24,-0.24,-0.74,0
420.0,480.0,:1177211333_0_0,:1177211333_0,0,11.11,11.21,0,0.0,11.11,25.69,25.69,11.21,2.29,2.29,0.07,-0.85,0
420.0,480.0,:1177211334_3_0,:1177211334_3,1,5.83,7.13,0,0.22,6.54,23.19,7.2,-4.14,4.39,1.33,0.15,-4.63,1
420.0,480.0,:1177211334_5_0,:1177211334_5,0,3.65,4.28,0,0.0,3.65,,,,,,-0.75,-1.24,0
420.0,480.0,:1177211334_6_0,:1177211334_6,0,6.28,6.97,0,0.0,6.28,55.38,10.5,-5.74,9.25,1.51,-1.38,-5.0,2
420.0,480.0,:1177211334_7_0,:1177211334_7,0,13.89,13.58,0,0.0,13.89,,,,,,2.19,2.13,0
420.0,480.0,:1177211357_5_0,:1177211357_5,0,11.11,10.49,0,0.0,11.11,180.93,178.31,10.24,17.69,17.0,0.52,0.03,0
420.0,480.0,:1177211361_10_0,:1177211361_10,0,7.98,8.45,0,0.0,7.98,22.51,22.11,-0.41,2.81,2.72,1.11,-1.19,0
420.0,480.0,:1177211361_7_0,:1177211361_7,0,7.98,7.12,0,0.0,7.98,22.35,22.35,-0.13,3.14,3.14,-4.53,-5.0,2
420.0,480.0,:1177211398_8_0,:1177211398_8,0,3.65,3.57,0,0.0,3.65,68.09,68.09,-5.41,20.07,20.07,-1.22,-3.19,1
420.0,480.0,:1177211432_0_1,:1177211432_0,0,16.67,17.38,0,0.0,16.67,,,,,,0.54,0.54,0
420.0,480.0,:1177211432_3_0,:1177211432_3,1,5.67,6.36,0,0.57,6.17,,,,,,-1.81,-4.18,2
420.0,480.0,:1177211462_0_0,:1177211462_0,0,8.34,5.02,0,0.0,8.34,,,,,,0.75,-1.07,0
420.0,480.0,:1177211464_0_0,:1177211464_0,0,11.11,12.05,0,0.0,11.11,24.3,17.86,1.1,2.06,1.48,0.05,-1.03,0
420.0,480.0,:1177211468_0_0,:1177211468_0,0,13.89,12.73,0,0.0,13.89,30.55,14.54,0.6,2.64,1.17,1.22,-0.29,0
420.0,480.0,:1177211468_6_0,:1177211468_6,0,13.89,16.14,0,0.0,13.89,49.95,12.53,11.12,3.56,1.27,-0.94,-4.0,1
420.0,480.0,:1177211474_4_0,:1177211474_4,1,11.29,13.64,0,0.18,13.89,36.8,13.68,-1.0,3.31,1.07,1.18,-2.07,0
420.0,480.0,:1177211539_0_0,:1177211539_0,0,11.11,11.01,0,0.0,11.11,,,,,,0.17,-0.06,0
420.0,480.0,:1177211539_0_1,:1177211539_0,0,11.11,12.38,0,0.0,11.11,54.61,33.94,4.5,4.93,3.21,-0.0,-1.72,0
420.0,480.0,:1177211571_3_0,:1177211571_3,0,6.52,6.07,0,0.0,6.52,,,,,,-0.54,-1.98,0
420.0,480.0,:1177211571_4_0,:1177211571_4,0,13.89,15.52,0,0.0,13.89,26.54,12.77,3.23,2.18,1.1,-0.2,-3.0,0
420.0,480.0,:1177211571_6_0,:1177211571_6,0,13.89,13.49,0,0.0,13.89,80.45,26.44,4.98,7.1,1.98,2.24,1.42,0
420.0,480.0,:1177211573_4_0,:1177211573_4,0,11.11,12.01,0,0.0,11.11,157.84,157.84,2.96,13.14,13.14,1.67,1.03,0
420.0,480.0,:1177211573_5_0,:1177211573_5,0,11.11,10.48,0,0.0,11.11,,,,,,-0.22,-1.27,0
420.0,480.0,:1177211687_6_0,:1177211687_6,0,13.89,14.1,0,0.0,13.89,,,,,,1.33,1.33,0
420.0,480.0,:1177211724_5_0,:1177211724_5,0,3.65,3.48,0,0.0,3.65,,,,,,-1.74,-3.46,1
420.0,480.0,:1177211724_7_0,:1177211724_7,0,22.22,5.91,0,0.0,22.22,11.04,4.66,3.58,3.62,1.1,0.9,-3.52,1
420.0,480.0,:1177211755_0_0,:1177211755_0,0,11.11,11.5,0,0.0,11.11,128.48,128.48,11.29,11.38,11.38,0.13,-0.42,0
420.0,480.0,:1177211769_4_0,:1177211769_4,1,8.16,9.69,0,0.14,8.98,31.59,11.78,-2.14,4.1,1.4,1.11,-1.9,0
420.0,480.0,:1177211769_6_0,:1177211769_6,0,7.64,8.93,0,0.0,7.64,43.67,39.72,8.12,5.36,4.88,-2.54,-5.0,2
420.0,480.0,:1177211769_8_0,:1177211769_8,1,0.0,1.88,1,0.93,3.65,7.94,0.1,-8.62,0.39,0.28,-0.24,-3.41,1
420.0,480.0,:1177211785_6_0,:1177211785_6,0,27.78,16.18,0,0.0,27.78,6.97,3.02,2.51,1.41,0.94,-0.73,-5.0,3
420.0,480.0,:1177211791_0_0,:1177211791_0,0,11.11,11.62,0,0.0,11.11,79.63,76.72,11.62,6.85,6.6,0.21,-0.8,0
420.0,480.0,:1177211801_0_0,:1177211801_0,0,11.11,11.6,0,0.0,11.11,,,,,,-0.04,-0.24,0
420.0,480.0,:1177211801_2_0,:1177211801_2,0,6.03,5.78,0,0.0,6.03,,,,,,-0.06,-2.43,0
420.0,480.0,:1177211896_10_0,:1177211896_10,0,8.65,8.7,0,0.0,8.65,32.25,11.87,-1.07,4.39,1.64,1.63,-0.21,0
420.0,480.0,:1177211896_3_0,:1177211896_3,0,6.18,6.07,0,0.0,6.18,,,,,,-2.35,-5.0,1
420.0,480.0,:1177211896_7_0,:1177211896_7,0,8.65,6.36,0,0.0,8.65,31.12,11.21,-1.29,5.64,1.97,-4.58,-5.0,3
420.0,480.0,:1177212025_4_0,:1177212025_4,0,22.22,16.22,0,0.0,22.22,,,,,,-0.63,-0.63,0
420.0,480.0,:1177212025_6_0,:1177212025_6,0,22.22,14.89,0,0.0,22.22,16.42,16.37,-1.08,1.2,1.17,0.71,-2.43,0
420.0,480.0,:1177212077_0_0,:1177212077_0,0,22.22,15.56,0,0.0,22.22,,,,,,-2.86,-3.82,1
420.0,480.0,:1177212077_6_0,:1177212077_6,0,22.22,11.5,0,0.0,22.22,56.1,12.88,0.09,5.96,1.12,1.45,1.05,0
420.0,480.0,:1177212096_0_0,:1177212096_0,0,11.11,4.91,0,0.0,11.11,12.81,10.96,1.34,4.71,2.23,1.58,1.2,0
420.0,480.0,:1177212155_0_0,:1177212155_0,0,6.22,6.12,0,0.0,6.22,,,,,,-0.81,-1.81,0
420.0,480.0,:1177212155_4_0,:1177212155_4,0,13.89,14.01,0,0.0,13.89,,,,,,-0.0,-0.0,0
420.0,480.0,:1177212157_0_0,:1177212157_0,0,27.78,11.99,0,0.0,27.78,,,,,,1.53,1.07,0
420.0,480.0,:1177212157_2_0,:1177212157_2,1,5.91,15.25,0,0.46,27.78,11.35,6.11,1.64,2.18,1.06,0.31,-2.79,0
420.0,480.0,:1177212157_4_0,:1177212157_4,0,6.76,5.95,0,0.0,6.76,,,,,,1.19,0.6,0
420.0,480.0,:1177212157_5_0,:1177212157_5,1,1.06,5.77,0,0.04,7.19,14.33,3.6,-1.8,5.56,1.05,1.46,0.12,0
420.0,480.0,:11843639551_0_0,:11843639551_0,0,11.11,11.24,0,0.0,11.11,69.53,69.02,2.23,6.19,6.14,-0.08,-0.21,0
420.0,480.0,:11843639551_2_0,:11843639551_2,0,5.79,5.17,0,0.0,5.79,,,,,,-0.86,-5.0,2
420.0,480.0,:11843639551_3_0,:11843639551_3,0,8.92,8.16,0,0.0,8.92,25.63,4.39,-3.24,4.47,1.08,1.26,-0.34,0
420.0,480.0,:11843639556_4_0,:11843639556_4,0,2.78,3.11,0,0.0,2.78,44.33,12.12,-2.74,16.64,4.02,-0.09,-1.29,0
420.0,480.0,:11843639556_8_0,:11843639556_8,0,2.78,2.86,0,0.0,2.78,71.03,37.66,-5.58,30.38,14.6,-0.11,-1.8,0
420.0,480.0,:1186025287_3_0,:1186025287_3,0,13.89,12.1,0,0.0,13.89,15.25,15.22,0.39,1.41,1.38,0.15,-1.27,0
420.0,480.0,:1186025292_0_0,:1186025292_0,0,6.49,7.06,0,0.0,6.49,,,,,,-1.84,-2.77,0
420.0,480.0,:1186025292_3_0,:1186025292_3,0,22.22,15.47,0,0.0,22.22,,,,,,0.65,0.2,0
420.0,480.0,:1186025303_3_0,:1186025303_3,0,22.22,16.74,0,0.17,22.22,12.88,8.68,2.56,1.42,1.11,-2.04,-4.0,5
420.0,480.0,:1186025305_4_0,:1186025305_4,0,11.11,11.93,0,0.0,11.11,32.06,19.59,0.8,2.87,1.64,0.11,-1.08,0
420.0,480.0,:1186025305_5_0,:1186025305_5,0,11.11,11.12,0,0.0,11.11,11.91,11.63,0.56,1.15,1.09,0.39,-1.68,0
420.0,480.0,:1186025318_1_0,:1186025318_1,0,13.89,11.27,0,0.0,13.89,74.49,15.24,5.6,6.72,1.35,-0.02,-0.61,0
420.0,480.0,:1186025321_5_0,:1186025321_5,0,13.89,12.07,0,0.06,13.89,,,,,,0.79,0.79,0
420.0,480.0,:1186025330_2_0,:1186025330_2,0,22.22,17.88,0,0.0,22.22,48.82,8.25,-1.56,6.15,1.1,0.85,-0.81,0
420.0,480.0,:1186025330_3_0,:1186025330_3,1,5.87,5.87,0,0.36,6.05,,,,,,-1.48,-4.53,2
420.0,480.0,:1186025330_4_0,:1186025330_4,0,6.16,5.24,0,0.0,6.16,73.17,70.6,5.11,14.33,13.85,-1.01,-3.23,1
420.0,480.0,:1186025346_3_0,:1186025346_3,0,22.22,17.94,0,0.0,22.22,43.99,12.0,2.54,3.43,1.11,0.72,-0.97,0
420.0,480.0,:1186025349_4_0,:1186025349_4,0,11.11,10.65,0,0.0,11.11,34.54,8.07,3.92,3.59,1.02,-0.82,-2.27,0
420.0,480.0,:1186025349_5_0,:1186025349_5,0,11.11,10.01,0,0.0,11.11,102.27,102.09,-0.45,10.49,10.2,-0.22,-1.0,0
420.0,480.0,:1187083489_0_0,:1187083489_0,0,11.11,11.76,0,0.0,11.11,,,,,,0.46,0.2,0
420.0,480.0,:1189036468_3_0,:1189036468_3,1,13.42,16.76,0,0.28,22.22,29.93,13.41,7.27,2.15,1.08,-1.01,-4.21,2
420.0,480.0,:1189036484_0_0,:1189036484_0,0,22.22,14.29,0,0.0,22.22,,,,,,1.75,1.56,0
420.0,480.0,:1189036484_6_0,:1189036484_6,0,22.22,15.42,0,0.0,22.22,,,,,,-0.59,-0.59,0
420.0,480.0,:1189036489_4_0,:1189036489_4,0,13.89,12.39,0,0.0,13.89,,,,,,0.74,-0.41,0
420.0,480.0,:1189036518_4_0,:1189036518_4,0,13.89,13.46,0,0.0,13.89,137.38,137.09,-1.24,10.99,10.85,0.2,-0.08,0
420.0,480.0,:1189036526_3_0,:1189036526_3,0,11.11,12.21,0,0.0,11.11,12.75,12.75,0.21,1.08,1.08,0.44,-0.64,0
420.0,480.0,:1189036584_4_0,:1189036584_4,0,8.72,7.43,0,0.0,8.72,,,,,,-0.7,-3.46,1
420.0,480.0,:1189036615_2_0,:1189036615_2,0,22.22,5.32,0,0.0,22.22,2.17,0.61,0.42,1.37,0.71,-0.04,-3.63,1
420.0,480.0,:1189036617_3_0,:1189036617_3,1,11.05,11.05,0,0.21,11.11,94.88,94.88,1.02,8.59,8.59,0.56,0.43,0
420.0,480.0,:1189036617_3_1,:1189036617_3,0,11.11,11.36,0,0.0,11.11,,,,,,0.19,0.03,0
420.0,480.0,:1189036625_0_0,:1189036625_0,1,11.48,11.48,0,0.48,11.11,,,,,,0.36,0.36,0
420.0,480.0,:1189036644_3_0,:1189036644_3,0,11.11,12.49,0,0.0,11.11,115.07,115.07,-0.5,9.51,9.51,-0.49,-1.2,0
420.0,480.0,:1189036644_3_1,:1189036644_3,0,11.11,10.44,0,0.0,11.11,,,,,,0.48,0.44,0
420.0,480.0,:1189036694_3_0,:1189036694_3,0,11.11,11.79,0,0.29,11.11,16.69,12.95,0.71,1.55,1.22,-0.27,-2.24,0
420.0,480.0,:1189036707_0_0,:1189036707_0,0,22.22,17.09,0,0.0,22.22,,,,,,-0.85,-0.85,0
420.0,480.0,:1189036707_6_0,:1189036707_6,0,22.22,15.5,0,0.0,22.22,,,,,,1.52,1.52,0
420.0,480.0,:1189036717_0_0,:1189036717_0,0,16.67,12.69,0,0.0,16.67,,,,,,1.71,0.66,0
420.0,480.0,:1189036717_0_1,:1189036717_0,0,16.67,17.83,0,0.0,16.67,107.81,73.25,4.82,6.73,5.48,0.94,0.06,0
420.0,480.0,:1189036717_2_0,:1189036717_2,0,6.23,6.75,0,0.0,6.23,,,,,,-1.07,-4.0,1
420.0,480.0,:1189036737_4_0,:1189036737_4,0,22.22,17.9,0,0.0,22.22,46.66,16.29,3.49,3.17,1.16,0.18,-0.98,0
420.0,480.0,:1189036737_5_0,:1189036737_5,0,22.22,17.94,0,0.0,22.22,88.57,75.9,1.68,5.27,4.23,0.7,-0.1,0
420.0,480.0,:1189036766_0_0,:1189036766_0,0,13.89,15.28,0,0.0,13.89,30.47,16.76,7.39,2.3,1.19,-0.32,-2.57,0
420.0,480.0,:1189036766_6_0,:1189036766_6,0,7.06,5.81,0,0.0,7.06,82.17,82.17,-3.92,14.54,14.54,-0.68,-1.92,0
420.0,480.0,:1189036766_7_0,:1189036766_7,0,13.89,9.57,0,0.0,13.89,,,,,,0.65,0.49,0
420.0,480.0,:1189036777_0_0,:1189036777_0,0,22.22,17.07,0,0.0,22.22,30.75,12.4,4.42,2.24,1.22,-1.84,-3.95,5
420.0,480.0,:1189036777_6_0,:1189036777_6,0,22.22,12.18,0,0.0,22.22,,,,,,0.68,0.66,0
420.0,480.0,:1189036795_0_0,:1189036795_0,0,16.67,13.52,0,0.0,16.67,,,,,,-0.13,-0.74,0
420.0,480.0,:1189036795_3_0,:1189036795_3,0,6.51,6.47,0,0.0,6.51,122.45,115.66,-9.01,27.27,25.15,-0.72,-2.52,0
420.0,480.0,:1189036797_0_0,:1189036797_0,0,13.89,12.46,0,0.0,13.89,92.86,92.86,10.75,7.45,7.45,0.69,-1.17,0
420.0,480.0,:1189036799_2_0,:1189036799_2,0,22.22,17.37,0,0.0,22.22,,,,,,-0.57,-1.11,0
420.0,480.0,:1189036817_0_0,:1189036817_0,0,16.67,16.27,0,0.0,16.67,125.39,125.39,16.27,7.71,7.71,-0.58,-1.6,0
420.0,480.0,:1189036817_0_1,:1189036817_0,0,16.67,13.88,0,0.0,16.67,,,,,,0.01,0.01,0
420.0,480.0,:1189036844_3_0,:1189036844_3,0,22.22,17.88,0,0.0,22.22,53.26,53.26,7.12,3.87,3.87,0.15,-0.04,0
420.0,480.0,:1189036857_1_0,:1189036857_1,0,22.22,17.69,0,0.0,22.22,62.66,24.45,2.5,4.18,1.51,0.26,-0.87,0
420.0,480.0,:1189036857_2_0,:1189036857_2,0,22.22,17.84,0,0.0,22.22,36.36,20.22,3.01,2.06,1.16,0.71,-0.09,0
420.0,480.0,:1189036859_3_0,:1189036859_3,0,11.11,11.91,0,0.0,11.11,44.05,13.22,1.07,3.76,1.11,-0.36,-0.81,0
420.0,480.0,:1189036870_3_0,:1189036870_3,0,11.11,8.26,0,0.0,11.11,74.74,74.74,-2.13,9.05,9.05,0.28,0.28,0
420.0,480.0,:1189036870_3_1,:1189036870_3,0,11.11,11.81,0,0.0,11.11,,,,,,0.17,0.17,0
420.0,480.0,:1189036917_3_0,:1189036917_3,0,22.22,15.41,0,0.0,22.22,,,,,,1.59,0.95,0
420.0,480.0,:1189036935_0_1,:1189036935_0,0,11.11,11.41,0,0.0,11.11,,,,,,0.13,-0.31,0
420.0,480.0,:1189036937_1_0,:1189036937_1,0,22.22,17.9,0,0.0,22.22,72.19,15.14,1.72,5.2,1.39,0.34,-0.96,0
420.0,480.0,:1189036937_2_0,:1189036937_2,0,22.22,17.49,0,0.0,22.22,48.91,19.69,-2.61,4.6,1.27,0.91,-2.24,0
420.0,480.0,:1189868548_0_0,:1189868548_0,0,5.85,5.97,0,0.0,5.85,10.82,3.85,-1.06,3.4,1.03,0.99,-1.35,0
420.0,480.0,:1189868548_2_0,:1189868548_2,1,14.98,17.56,0,0.17,27.78,33.94,14.84,8.7,2.43,1.13,-2.03,-5.0,5
420.0,480.0,:1189868548_2_1,:1189868548_2,0,27.78,16.75,0,0.0,27.78,189.37,189.37,-1.09,11.3,11.3,-0.97,-1.07,0
420.0,480.0,:1189868561_0_0,:1189868561_0,1,12.53,12.53,0,0.48,11.11,45.15,13.67,0.85,3.88,1.17,0.17,-1.06,0
420.0,480.0,:1189868581_1_0,:1189868581_1,0,8.0,5.2,0,0.0,8.0,,,,,,-4.0,-4.0,1
420.0,480.0,:1189868581_7_0,:1189868581_7,0,13.89,9.49,0,0.0,13.89,,,,,,1.93,1.31,0
420.0,480.0,:1189868581_9_0,:1189868581_9,0,8.0,7.78,0,0.0,8.0,119.39,119.39,-5.21,15.35,15.35,1.72,1.24,0
420.0,480.0,:1189868590_1_0,:1189868590_1,0,7.82,7.48,0,0.0,7.82,18.13,16.04,-2.54,2.47,2.21,-0.12,-0.48,0
420.0,480.0,:1189868590_4_0,:1189868590_4,0,13.89,14.5,0,0.0,13.89,183.01,179.4,14.49,12.63,12.39,-0.02,-0.06,0
420.0,480.0,:1189868590_6_0,:1189868590_6,0,13.89,13.67,0,0.0,13.89,67.37,26.25,0.61,6.3,2.0,0.36,-1.55,0
420.0,480.0,:1189868591_2_0,:1189868591_2,0,2.78,2.45,0,0.0,2.78,,,,,,-0.27,-0.81,0
420.0,480.0,:1189868591_3_0,:1189868591_3,0,6.53,6.0,0,0.0,6.53,,,,,,-1.73,-4.0,1
420.0,480.0,:1189868591_4_0,:1189868591_4,0,13.89,12.89,0,0.0,13.89,107.43,106.91,2.05,8.43,8.37,0.25,-0.56,0
420.0,480.0,:1189868591_6_0,:1189868591_6,0,13.89,15.74,0,0.0,13.89,,,,,,-0.01,-1.96,0
420.0,480.0,:1189868598_0_0,:1189868598_0,0,22.22,17.53,0,0.0,22.22,50.43,20.26,5.9,3.23,1.16,0.82,-1.11,0
420.0,480.0,:1190100042_6_0,:1190100042_6,0,11.11,11.51,0,0.0,11.11,,,,,,0.3,0.3,0
420.0,480.0,:1190100058_0_0,:1190100058_0,0,6.88,7.71,0,0.0,6.88,,,,,,-1.81,-5.0,2
420.0,480.0,:1190100061_0_0,:1190100061_0,0,22.22,17.95,0,0.0,22.22,34.1,15.56,0.54,2.12,1.16,0.2,-1.19,0
420.0,480.0,:1190100064_0_0,:1190100064_0,0,11.11,11.44,0,0.0,11.11,36.73,15.46,1.52,3.22,1.35,0.11,-0.63,0
420.0,480.0,:1190100093_0_0,:1190100093_0,0,13.89,13.2,0,0.0,13.89,,,,,,0.38,0.38,0
420.0,480.0,:1190100093_6_0,:1190100093_6,0,13.89,11.5,0,0.0,13.89,,,,,,1.27,1.27,0
420.0,480.0,:1190100107_2_0,:1190100107_2,0,11.11,12.14,0,0.0,11.11,112.68,63.78,3.13,9.73,5.56,-0.4,-1.42,0
420.0,480.0,:1190100120_1_0,:1190100120_1,0,19.45,15.23,0,0.0,19.45,,,,,,-2.67,-5.0,3
420.0,480.0,:1190100138_3_0,:1190100138_3,0,11.11,10.83,0,0.0,11.11,198.91,198.29,-2.47,18.39,18.36,0.32,-0.14,0
420.0,480.0,:1190100139_1_0,:1190100139_1,0,11.11,11.6,0,0.0,11.11,99.22,56.51,1.79,10.85,5.49,-0.65,-1.74,0
420.0,480.0,:1190100178_0_0,:1190100178_0,0,11.11,12.19,0,0.0,11.11,,,,,,-0.05,-0.7,0
420.0,480.0,:1190100182_0_0,:1190100182_0,0,13.89,13.43,0,0.0,13.89,,,,,,0.19,-0.26,0
420.0,480.0,:1190100182_6_0,:1190100182_6,0,13.89,14.05,0,0.0,13.89,,,,,,-0.3,-1.37,0
420.0,480.0,:1190100185_0_0,:1190100185_0,0,27.78,15.6,0,0.0,27.78,,,,,,1.5,0.5,0
420.0,480.0,:1190100199_0_0,:1190100199_0,0,11.11,14.14,0,0.0,11.11,55.1,13.38,0.8,4.91,1.16,0.06,-1.6,0
420.0,480.0,:1190100244_3_0,:1190100244_3,0,11.11,11.78,0,0.0,11.11,,,,,,-0.25,-1.5,0
420.0,480.0,:1190100245_6_0,:1190100245_6,0,11.11,11.66,0,0.0,11.11,,,,,,0.3,-0.25,0
420.0,480.0,:1190100277_0_0,:1190100277_0,0,11.11,12.44,0,0.0,11.11,,,,,,0.59,0.59,0
420.0,480.0,:1190100287_1_0,:1190100287_1,0,13.89,13.37,0,0.0,13.89,104.95,104.95,-3.7,7.85,7.85,-0.49,-0.49,0
420.0,480.0,:1190100287_8_0,:1190100287_8,0,13.89,13.34,0,0.0,13.89,,,,,,-0.74,-1.12,0
420.0,480.0,:1190100298_8_0,:1190100298_8,0,13.89,13.61,0,0.0,13.89,87.05,86.97,0.6,7.77,7.65,-0.69,-1.13,0
420.0,480.0,:1190100324_4_0,:1190100324_4,0,11.11,12.19,0,0.0,11.11,20.08,18.61,-3.14,2.25,2.11,-0.15,-1.48,0
420.0,480.0,:1190100352_0_0,:1190100352_0,0,27.78,16.87,0,0.0,27.78,24.67,24.67,2.2,1.56,1.56,0.35,-0.92,0
420.0,480.0,:1190100407_0_0,:1190100407_0,0,11.11,11.95,0,0.0,11.11,66.14,14.83,1.26,5.88,1.29,-0.16,-2.1,0
420.0,480.0,:1190100439_1_0,:1190100439_1,0,13.89,14.48,0,0.0,13.89,223.74,223.74,10.21,16.83,16.83,0.19,-0.65,0
420.0,480.0,:1190100487_1_0,:1190100487_1,0,11.11,11.84,0,0.0,11.11,,,,,,-0.01,-1.55,0
420.0,480.0,:1190100495_3_0,:1190100495_3,0,11.11,11.27,0,0.0,11.11,,,,,,-0.15,-0.81,0
420.0,480.0,:1190100498_2_0,:1190100498_2,0,11.11,12.95,0,0.0,11.11,60.79,22.66,0.09,5.95,2.08,0.15,-1.95,0
420.0,480.0,:1190100514_0_0,:1190100514_0,0,11.11,10.11,0,0.0,11.11,,,,,,0.26,-0.58,0
420.0,480.0,:1190128192_0_0,:1190128192_0,0,22.22,17.05,0,0.0,22.22,31.75,18.11,6.79,2.19,1.12,-0.41,-2.16,0
420.0,480.0,:1190128206_1_0,:1190128206_1,0,13.89,13.5,0,0.0,13.89,,,,,,-0.98,-1.38,0
420.0,480.0,:1190128211_12_0,:1190128211_12,0,5.95,5.74,0,0.0,5.95,,,,,,0.07,-2.02,0
420.0,480.0,:1190128211_15_0,:1190128211_15,0,3.65,3.87,0,0.0,3.65,24.59,22.77,3.27,7.69,5.89,0.35,-1.03,0
420.0,480.0,:1190128211_5_0,:1190128211_5,0,13.89,11.23,0,0.0,13.89,33.75,27.99,5.65,4.53,3.07,1.72,1.07,0
420.0,480.0,:1190128222_1_0,:1190128222_1,0,8.13,6.94,0,0.0,8.13,,,,,,0.86,0.51,0
420.0,480.0,:1190128225_11_0,:1190128225_11,0,3.65,4.03,0,0.0,3.65,,,,,,-1.51,-3.25,1
420.0,480.0,:1190128225_6_0,:1190128225_6,0,11.11,10.09,0,0.0,11.11,,,,,,0.02,-0.72,0
420.0,480.0,:1190128237_0_0,:1190128237_0,0,11.11,10.41,0,0.0,11.11,,,,,,-0.45,-0.89,0
420.0,480.0,:1190128241_0_0,:1190128241_0,0,13.89,14.86,0,0.0,13.89,33.47,13.05,2.01,2.61,1.04,-0.23,-2.13,0
420.0,480.0,:1190128241_4_0,:1190128241_4,0,7.73,6.74,0,0.0,7.73,18.39,6.28,-7.45,4.56,4.0,1.93,1.01,0
420.0,480.0,:1190128241_6_0,:1190128241_6,1,4.8,4.8,0,0.22,6.17,,,,,,-1.88,-4.66,1
420.0,480.0,:1190128257_13_0,:1190128257_13,0,13.89,10.02,0,0.0,13.89,55.06,20.26,-0.64,6.72,2.24,1.82,0.79,0
420.0,480.0,:1190128257_5_0,:1190128257_5,0,13.89,8.64,0,0.0,13.89,107.95,104.21,-4.99,15.16,12.88,1.64,1.13,0
420.0,480.0,:1190128270_0_0,:1190128270_0,0,11.11,11.55,0,0.0,11.11,,,,,,-0.23,-0.8,0
420.0,480.0,:1190128270_6_0,:1190128270_6,0,11.11,10.29,0,0.0,11.11,,,,,,-0.12,-1.11,0
420.0,480.0,:1190128289_0_0,:1190128289_0,0,13.89,12.17,0,0.0,13.89,29.32,13.51,-1.48,3.13,1.32,1.57,0.51,0
420.0,480.0,:1190128289_7_0,:1190128289_7,0,13.89,5.84,0,0.0,13.89,17.63,4.11,-2.5,5.23,0.88,0.88,-3.75,1
420.0,480.0,:1190128318_0_1,:1190128318_0,0,11.11,10.15,0,0.0,11.11,,,,,,-0.7,-0.94,0
420.0,480.0,:1190128320_1_0,:1190128320_1,0,13.89,12.58,0,0.0,13.89,,,,,,0.96,0.74,0
420.0,480.0,:1190128334_3_0,:1190128334_3,0,11.11,10.29,0,0.0,11.11,,,,,,-0.3,-0.65,0
420.0,480.0,:1190128345_0_0,:1190128345_0,0,11.11,11.65,0,0.0,11.11,154.6,153.63,4.21,13.94,13.86,-0.01,-1.83,0
420.0,480.0,:1190128345_6_0,:1190128345_6,0,11.11,9.98,0,0.0,11.11,,,,,,0.19,-0.25,0
420.0,480.0,:1191714332_1_0,:1191714332_1,0,3.65,3.61,0,0.0,3.65,,,,,,-2.43,-4.0,1
420.0,480.0,:1191714336_4_0,:1191714336_4,0,22.22,16.14,0,0.0,22.22,,,,,,-0.11,-0.4,0
420.0,480.0,:1191714336_6_0,:1191714336_6,0,22.22,15.78,0,0.0,22.22,11.14,9.73,2.85,1.22,1.15,-1.59,-4.0,3
420.0,480.0,:1191714356_0_0,:1191714356_0,0,13.89,10.31,0,0.0,13.89,,,,,,1.86,0.88,0
420.0,480.0,:1191714373_0_0,:1191714373_0,1,16.61,16.61,0,0.32,22.22,111.06,111.06,16.61,6.69,6.69,0.01,-0.14,0
420.0,480.0,:1191714373_11_0,:1191714373_11,0,3.65,3.67,0,0.0,3.65,,,,,,-1.49,-2.45,0
420.0,480.0,:1191714373_7_0,:1191714373_7,0,22.22,13.4,0,0.0,22.22,,,,,,0.89,-0.88,0
420.0,480.0,:1191714373_8_0,:1191714373_8,1,2.34,2.34,0,0.78,3.65,0.32,0.32,-14.26,0.14,0.14,-3.66,-3.66,1
420.0,480.0,:1191863687_2_0,:1191863687_2,0,2.78,2.99,0,0.0,2.78,11.0,10.92,-0.13,4.38,4.11,-0.23,-1.54,0
420.0,480.0,:1191863718_0_0,:1191863718_0,0,3.65,3.76,0,0.0,3.65,95.26,90.37,-9.71,26.66,24.05,-1.55,-4.0,1
420.0,480.0,:1191863749_2_0,:1191863749_2,0,6.49,7.18,0,0.0,6.49,21.02,8.37,-3.11,3.59,1.44,-1.31,-5.0,2
420.0,480.0,:1191863749_4_0,:1191863749_4,0,22.22,7.56,0,0.0,22.22,9.84,2.77,-4.08,3.1,2.58,1.29,0.75,0
420.0,480.0,:1191863749_5_0,:1191863749_5,0,7.05,7.25,0,0.0,7.05,,,,,,-0.25,-1.55,0
420.0,480.0,:1191863774_3_1,:1191863774_3,0,11.11,11.46,0,0.0,11.11,,,,,,0.06,-0.82,0
420.0,480.0,:1191863775_0_0,:1191863775_0,0,3.65,3.35,0,0.0,3.65,,,,,,-0.04,-2.02,0
420.0,480.0,:1191863802_13_0,:1191863802_13,0,22.22,12.25,0,0.0,22.22,40.68,36.58,6.76,4.11,3.46,1.1,0.69,0
420.0,480.0,:1191863802_19_0,:1191863802_19,0,3.65,3.19,0,0.0,3.65,,,,,,-0.95,-2.14,0
420.0,480.0,:1191863841_0_0,:1191863841_0,0,13.89,13.56,0,0.0,13.89,,,,,,-0.28,-0.48,0
420.0,480.0,:1191863841_6_0,:1191863841_6,0,13.89,13.74,0,0.0,13.89,,,,,,0.54,0.02,0
420.0,480.0,:1191863854_12_0,:1191863854_12,0,6.22,6.5,0,0.0,6.22,10.24,8.86,3.37,1.87,1.71,-1.76,-4.74,1
420.0,480.0,:1191863867_3_1,:1191863867_3,0,11.11,11.48,0,0.0,11.11,,,,,,-0.06,-0.42,0
420.0,480.0,:1191863888_0_0,:1191863888_0,0,11.11,11.42,0,0.0,11.11,,,,,,-0.5,-0.55,0
420.0,480.0,:1191863899_1_0,:1191863899_1,0,13.89,12.71,0,0.0,13.89,,,,,,0.86,-0.65,0
420.0,480.0,:1191863899_2_0,:1191863899_2,0,13.89,12.05,0,0.0,13.89,,,,,,-0.37,-0.69,0
420.0,480.0,:1191863915_4_0,:1191863915_4,0,13.89,13.86,0,0.0,13.89,91.39,91.28,-0.49,9.59,9.29,0.67,-0.51,0
420.0,480.0,:1191864018_0_0,:1191864018_0,0,16.67,13.27,0,0.0,16.67,,,,,,0.06,0.06,0
420.0,480.0,:1191864018_0_1,:1191864018_0,0,16.67,10.75,0,0.0,16.67,41.79,41.79,3.28,3.92,3.92,0.79,0.62,0
420.0,480.0,:13298747730_1_0,:13298747730_1,0,11.11,10.85,0,0.0,11.11,10.94,9.89,-0.1,1.11,1.04,0.14,-0.85,0
420.0,480.0,:13298747731_1_0,:13298747731_1,0,11.11,10.84,0,0.0,11.11,49.27,10.47,0.7,4.6,1.07,0.28,-0.35,0
420.0,480.0,:13298747732_1_0,:13298747732_1,0,11.11,9.78,0,0.0,11.11,,,,,,1.02,1.01,0
420.0,480.0,:13300645526_2_0,:13300645526_2,0,27.78,14.31,0,0.0,27.78,15.43,3.41,0.51,1.76,1.16,-1.81,-5.0,2
420.0,480.0,:13300645527_0_0,:13300645527_0,0,27.78,9.25,0,0.0,27.78,,,,,,2.67,2.66,0
420.0,480.0,:13300645527_1_0,:13300645527_1,3,0.02,10.34,3,0.6,27.78,7.09,0.0,-0.29,1.65,0.57,-0.15,-5.0,10
420.0,480.0,:13300645529_0_0,:13300645529_0,1,8.28,16.03,0,0.1,27.78,,,,,,-2.62,-5.0,4
420.0,480.0,:13300645529_1_0,:13300645529_1,0,27.78,16.69,0,0.0,27.78,40.96,8.93,5.46,4.12,1.0,1.14,-0.86,0
420.0,480.0,:13619904153_0_0,:13619904153_0,0,11.11,11.57,0,0.0,11.11,69.42,13.62,2.87,6.26,1.26,-0.0,-0.86,0
420.0,480.0,:13619904153_1_0,:13619904153_1,0,6.07,5.52,0,0.0,6.07,,,,,,-2.07,-4.77,1
420.0,480.0,:13974625520_1_0,:13974625520_1,0,19.45,12.39,0,0.0,19.45,,,,,,0.41,-0.25,0
420.0,480.0,:13974625520_2_0,:13974625520_2,0,13.58,8.23,0,0.0,13.58,147.73,88.22,-8.71,22.28,12.92,1.47,0.99,0
420.0,480.0,:13977163698_0_0,:13977163698_0,0,27.78,17.84,0,0.0,27.78,40.28,40.28,7.34,2.26,2.26,2.08,1.23,0
420.0,480.0,:13977163698_2_0,:13977163698_2,0,6.04,4.29,0,0.0,6.04,,,,,,1.56,1.56,0
420.0,480.0,:5424221999_0_0,:5424221999_0,0,27.78,17.05,0,0.0,27.78,29.29,18.0,0.66,1.91,1.34,0.22,-1.68,0
420.0,480.0,:5424222002_0_0,:5424222002_0,0,27.78,16.98,0,0.0,27.78,39.56,16.96,3.14,2.9,1.24,0.56,-1.38,0
420.0,480.0,:5424222002_2_0,:5424222002_2,0,6.11,5.88,0,0.0,6.11,36.87,12.59,-5.09,6.99,2.24,-0.51,-2.55,0
420.0,480.0,:6173584946_0_0,:6173584946_0,0,11.11,10.75,0,0.87,11.11,,,,,,0.18,0.18,0
420.0,480.0,:6173584950_0_0,:6173584950_0,0,11.11,11.64,0,0.0,11.11,205.91,205.91,-1.91,17.69,17.69,0.65,0.05,0
420.0,480.0,:6311588102_0_0,:6311588102_0,0,27.78,17.63,0,0.0,27.78,53.28,23.17,3.78,3.44,1.72,-0.35,-1.22,0
420.0,480.0,:6311588103_0_0,:6311588103_0,1,13.03,13.74,0,0.13,27.78,15.81,14.33,-0.44,1.23,1.1,-0.19,-1.35,0
420.0,480.0,:6469564795_4_0,:6469564795_4,0,8.23,8.41,0,0.0,8.23,,,,,,1.1,-0.3,0
420.0,480.0,:6469564795_6_0,:6469564795_6,0,6.78,6.03,0,0.0,6.78,106.39,102.43,-5.27,18.75,17.83,-1.01,-4.0,1
420.0,480.0,:6469564795_7_0,:6469564795_7,0,13.89,13.69,0,0.0,13.89,,,,,,0.17,-0.72,0
420.0,480.0,:6469974905_3_0,:6469974905_3,0,11.11,12.64,0,0.0,11.11,61.97,14.42,1.31,5.52,1.14,0.21,-1.51,0
420.0,480.0,:6544715978_2_0,:6544715978_2,0,6.02,5.85,0,0.0,6.02,,,,,,-2.2,-4.67,1
420.0,480.0,:6544715979_1_0,:6544715979_1,0,6.36,5.95,0,0.0,6.36,,,,,,0.27,0.01,0
420.0,480.0,:663804415_3_0,:663804415_3,0,11.11,8.46,0,0.0,11.11,,,,,,-0.24,-0.31,0
420.0,480.0,:663804415_3_1,:663804415_3,0,11.11,11.71,0,0.0,11.11,,,,,,-0.44,-0.78,0
420.0,480.0,:663825914_0_0,:663825914_0,0,27.78,17.8,0,0.0,27.78,,,,,,0.38,-0.33,0
420.0,480.0,:663825934_1_0,:663825934_1,0,11.11,9.26,0,0.0,11.11,34.64,17.31,-4.75,11.17,2.15,1.4,0.71,0
420.0,480.0,:663825934_4_0,:663825934_4,0,19.45,16.47,0,0.0,19.45,49.86,49.11,3.65,3.57,3.39,-2.97,-5.0,10
420.0,480.0,:663825934_6_0,:663825934_6,0,11.11,8.12,0,0.0,11.11,7.86,6.37,-1.62,1.26,1.14,1.45,0.31,0
420.0,480.0,:663826061_2_0,:663826061_2,0,11.11,11.56,0,0.0,11.11,,,,,,0.47,0.2,0
420.0,480.0,:663842386_2_0,:663842386_2,1,5.5,6.62,0,0.22,6.3,,,,,,-1.18,-3.38,1
420.0,480.0,:663842386_3_0,:663842386_3,0,11.11,11.06,0,0.0,11.11,13.78,12.85,-0.05,1.3,1.16,0.27,-1.09,0
420.0,480.0,:663940642_5_0,:663940642_5,0,3.65,3.08,0,0.0,3.65,,,,,,-2.11,-4.96,1
420.0,480.0,:663943263_5_0,:663943263_5,0,3.65,3.47,0,0.0,3.65,,,,,,0.1,-0.67,0
420.0,480.0,:663943275_7_0,:663943275_7,0,11.11,12.66,0,0.0,11.11,87.01,22.56,-0.09,7.58,2.22,-0.23,-1.45,0
420.0,480.0,:663943276_2_0,:663943276_2,0,11.11,9.09,0,0.0,11.11,49.54,11.01,-3.19,5.86,1.35,1.62,0.66,0
420.0,480.0,:663943276_3_0,:663943276_3,0,6.77,6.74,0,0.0,6.77,82.07,76.61,-10.62,13.41,12.96,-0.55,-2.11,0
420.0,480.0,:664446124_0_0,:664446124_0,0,8.21,8.44,0,0.0,8.21,43.23,23.35,-4.35,5.97,2.96,-1.65,-4.04,4
420.0,480.0,:664446124_1_0,:664446124_1,0,11.11,13.66,0,0.0,11.11,,,,,,1.7,0.91,0
420.0,480.0,:664446125_0_0,:664446125_0,0,11.11,12.86,0,0.0,11.11,85.6,19.13,2.99,7.76,1.49,-0.26,-3.29,1
420.0,480.0,:664446125_1_0,:664446125_1,0,11.11,11.41,0,0.0,11.11,119.39,119.39,11.41,10.47,10.47,0.73,0.73,0
420.0,480.0,:664446129_0_0,:664446129_0,0,11.11,11.02,0,0.0,11.11,132.48,40.62,2.68,12.08,3.79,0.08,-0.75,0
420.0,480.0,:664446129_1_0,:664446129_1,0,5.61,5.56,0,0.0,5.61,26.95,7.09,-0.38,5.68,1.36,-1.29,-5.0,1
420.0,480.0,:664446531_2_0,:664446531_2,0,6.92,6.78,0,0.0,6.92,,,,,,-1.1,-2.94,0
420.0,480.0,:664446531_3_0,:664446531_3,0,22.22,16.86,0,0.0,22.22,,,,,,-0.22,-1.21,0
420.0,480.0,:664446557_0_0,:664446557_0,1,10.36,10.36,0,0.1,11.11,55.73,54.34,-1.71,5.49,5.39,0.27,-0.4,0
420.0,480.0,:664446557_1_0,:664446557_1,0,9.44,8.87,0,0.0,9.44,,,,,,-0.88,-2.47,0
420.0,480.0,:664446557_2_0,:664446557_2,0,11.11,11.6,0,0.0,11.11,135.74,135.74,-3.19,16.17,16.17,1.62,1.01,0
420.0,480.0,:664446557_4_0,:664446557_4,0,6.73,7.45,0,0.0,6.73,100.54,100.11,-1.27,14.21,13.43,-0.04,-1.55,0
420.0,480.0,:664446557_5_0,:664446557_5,1,1.9,8.04,0,0.18,22.22,46.02,5.26,-6.84,15.84,1.09,1.32,0.46,0
420.0,480.0,:664446571_2_0,:664446571_2,0,6.3,6.68,0,0.0,6.3,205.3,204.78,2.53,30.82,30.82,-1.56,-5.0,2
420.0,480.0,:664446588_1_0,:664446588_1,0,11.11,11.08,0,0.0,11.11,,,,,,0.17,-0.68,0
420.0,480.0,:664446590_0_0,:664446590_0,0,27.78,17.81,0,0.0,27.78,65.6,22.85,2.0,4.65,1.66,-0.17,-1.99,0
420.0,480.0,:664446590_1_0,:664446590_1,0,6.28,6.32,0,0.0,6.28,,,,,,-1.88,-3.87,1
420.0,480.0,:664446593_1_0,:664446593_1,0,8.06,8.29,0,0.0,8.06,,,,,,-2.11,-5.0,1
420.0,480.0,:664446594_1_0,:664446594_1,0,7.62,8.24,0,0.0,7.62,147.84,115.85,-5.54,31.22,22.54,1.11,-1.91,0
420.0,480.0,:664446594_4_0,:664446594_4,0,11.11,10.64,0,0.0,11.11,,,,,,1.47,1.37,0
420.0,480.0,:664446594_6_0,:664446594_6,0,11.11,11.73,0,0.0,11.11,63.66,63.22,-0.9,5.89,5.77,-0.05,-1.77,0
420.0,480.0,:664446596_1_0,:664446596_1,0,7.01,6.82,0,0.0,7.01,49.25,45.35,-7.8,8.34,7.49,-1.72,-4.83,2
420.0,480.0,:664446596_3_0,:664446596_3,0,3.65,3.48,0,0.0,3.65,,,,,,-0.9,-2.73,0
420.0,480.0,:664446599_3_0,:664446599_3,0,6.95,5.77,0,0.0,6.95,90.1,87.4,-5.07,16.8,15.14,-1.66,-4.7,1
420.0,480.0,:664446599_4_0,:664446599_4,0,7.82,5.84,0,0.0,7.82,,,,,,0.25,-3.8,1
420.0,480.0,:664446599_7_0,:664446599_7,0,11.11,11.79,0,0.0,11.11,104.13,64.97,-0.45,9.9,5.88,0.28,-1.44,0
420.0,480.0,:664447004_10_0,:664447004_10,0,8.05,7.6,0,0.0,8.05,,,,,,0.35,-0.11,0
420.0,480.0,:664447004_3_0,:664447004_3,0,6.48,5.08,0,0.0,6.48,,,,,,-1.24,-5.0,1
420.0,480.0,:664447004_4_0,:664447004_4,0,11.11,10.18,0,0.0,11.11,,,,,,-0.2,-2.05,0
420.0,480.0,:664447004_7_0,:664447004_7,0,8.05,7.2,0,0.0,8.05,,,,,,-0.9,-4.0,1
420.0,480.0,:664447206_0_0,:664447206_0,0,6.33,5.8,0,0.0,6.33,,,,,,-1.61,-3.37,1
420.0,480.0,:664447206_2_0,:664447206_2,0,11.11,8.36,0,0.0,11.11,,,,,,-0.08,-0.11,0
420.0,480.0,:664447208_1_0,:664447208_1,0,8.24,7.4,0,0.0,8.24,,,,,,0.12,0.12,0
420.0,480.0,:664447208_9_0,:664447208_9,0,8.24,6.65,0,0.0,8.24,,,,,,-0.5,-2.14,0
420.0,480.0,:664472662_1_0,:664472662_1,0,27.78,17.52,0,0.0,27.78,,,,,,0.06,-1.06,0
420.0,480.0,:664472699_2_0,:664472699_2,0,22.22,17.21,0,0.0,22.22,44.61,18.85,12.76,2.73,1.24,1.2,0.76,0
420.0,480.0,:664472703_0_0,:664472703_0,0,11.11,7.88,0,0.0,11.11,,,,,,1.57,1.42,0
420.0,480.0,:664472703_10_0,:664472703_10,0,11.11,10.28,0,0.0,11.11,117.09,115.57,5.6,11.76,11.54,0.03,-1.25,0
420.0,480.0,:664472703_3_0,:664472703_3,0,6.44,6.94,0,0.0,6.44,56.78,2.96,-3.55,8.43,0.76,-0.94,-5.0,2
420.0,480.0,:664472708_7_0,:664472708_7,0,8.46,7.78,0,0.0,8.46,,,,,,-0.22,-1.04,0
420.0,480.0,:664472749_0_0,:664472749_0,0,11.11,12.22,0,0.0,11.11,57.01,14.3,1.55,5.22,1.27,-0.08,-2.16,0
420.0,480.0,:664472749_1_0,:664472749_1,0,6.14,5.91,0,0.0,6.14,,,,,,-2.13,-4.0,1
420.0,480.0,:664472751_0_0,:664472751_0,0,6.36,6.33,0,0.0,6.36,,,,,,0.3,-0.44,0
420.0,480.0,:664472751_1_0,:664472751_1,0,7.8,8.45,0,0.0,7.8,11.35,10.99,-0.74,1.53,1.39,0.97,-1.77,0
420.0,480.0,:664472751_2_0,:664472751_2,0,11.11,11.32,0,0.0,11.11,58.49,15.37,3.95,5.25,1.36,-0.3,-0.99,0
420.0,480.0,:664472776_2_0,:664472776_2,0,3.65,3.21,0,0.0,3.65,5.34,2.73,-3.71,2.21,1.62,1.57,-0.31,0
420.0,480.0,:664472776_3_0,:664472776_3,0,6.02,5.96,0,0.0,6.02,87.88,31.74,-8.05,16.79,5.78,-1.17,-4.71,3
420.0,480.0,:664472776_4_0,:664472776_4,0,11.11,11.12,0,0.0,11.11,,,,,,0.29,-0.18,0
420.0,480.0,:7371768928_0_0,:7371768928_0,0,11.11,11.38,0,0.0,11.11,,,,,,1.56,1.56,0
420.0,480.0,:7371768928_1_0,:7371768928_1,0,11.11,10.54,0,0.0,11.11,,,,,,0.78,0.78,0
420.0,480.0,:9189383180_0_0,:9189383180_0,0,4.03,3.3,0,0.0,4.03,61.64,61.64,-4.84,20.7,20.7,-4.0,-4.0,2
420.0,480.0,:cluster_10279701138_664472033_15_0,:cluster_10279701138_664472033_15,0,7.46,7.47,0,0.0,7.46,204.77,204.11,1.58,27.75,27.31,0.75,0.38,0
420.0,480.0,:cluster_10279701138_664472033_3_0,:cluster_10279701138_664472033_3,0,7.46,7.55,0,0.0,7.46,,,,,,-1.22,-3.45,1
420.0,480.0,:cluster_10279701141_664472702_0_0,:cluster_10279701141_664472702_0,0,11.11,11.82,0,0.0,11.11,64.88,15.17,4.48,6.18,1.28,0.16,-0.33,0
420.0,480.0,:cluster_10279701141_664472702_0_1,:cluster_10279701141_664472702_0,0,11.11,11.44,0,0.0,11.11,,,,,,-0.31,-0.6,0
420.0,480.0,:cluster_10279701141_664472702_10_0,:cluster_10279701141_664472702_10,0,10.16,5.39,0,0.05,10.16,85.56,83.2,0.21,28.51,15.45,0.62,-2.08,0
420.0,480.0,:cluster_10279701141_664472702_5_0,:cluster_10279701141_664472702_5,0,27.78,17.95,0,0.0,27.78,72.18,50.42,0.3,4.29,2.9,-0.1,-1.66,0
420.0,480.0,:cluster_10279701141_664472702_8_0,:cluster_10279701141_664472702_8,1,8.15,8.19,0,0.09,9.6,100.18,96.73,-1.45,40.5,12.68,1.31,0.56,0
420.0,480.0,:cluster_10279701141_664472702_9_0,:cluster_10279701141_664472702_9,0,16.66,8.63,0,0.0,16.66,,,,,,1.23,0.48,0
420.0,480.0,:cluster_10279701142_664471710_0_0,:cluster_10279701142_664471710_0,0,11.11,11.0,0,0.0,11.11,46.73,12.38,0.22,4.82,1.14,-0.05,-2.41,0
420.0,480.0,:cluster_10279701142_664471710_10_0,:cluster_10279701142_664471710_10,0,27.78,17.92,0,0.0,27.78,68.08,49.51,1.33,4.19,2.81,-0.27,-1.54,0
420.0,480.0,:cluster_10279701142_664471710_10_1,:cluster_10279701142_664471710_10,0,27.78,17.66,0,0.0,27.78,56.22,55.86,-0.9,3.46,3.45,0.11,-1.25,0
420.0,480.0,:cluster_10279701142_664471710_14_0,:cluster_10279701142_664471710_14,1,7.04,7.1,0,0.09,8.7,85.7,85.12,-0.53,14.54,12.08,1.03,-0.11,0
420.0,480.0,:cluster_10279701142_664471710_16_0,:cluster_10279701142_664471710_16,0,10.39,6.44,0,0.0,10.39,,,,,,1.61,1.09,0
420.0,480.0,:cluster_10279701142_664471710_18_0,:cluster_10279701142_664471710_18,1,5.27,5.27,0,0.13,8.04,5.3,3.11,-4.36,2.57,2.27,1.76,0.65,0
420.0,480.0,:cluster_10279701142_664471710_1_0,:cluster_10279701142_664471710_1,0,11.11,12.02,0,0.0,11.11,113.06,20.01,3.06,11.13,1.66,0.04,-0.65,0
420.0,480.0,:cluster_10279701142_664471710_1_1,:cluster_10279701142_664471710_1,0,11.11,11.75,0,0.0,11.11,,,,,,-0.07,-0.8,0
420.0,480.0,:cluster_10279701142_664471710_5_0,:cluster_10279701142_664471710_5,1,2.93,2.93,0,0.1,8.42,22.55,18.98,-7.19,11.38,8.91,1.95,1.39,0
420.0,480.0,:cluster_10279701142_664471710_6_0,:cluster_10279701142_664471710_6,0,11.11,6.2,0,0.0,11.11,113.34,72.18,-7.91,40.33,25.56,1.13,0.53,0
420.0,480.0,:cluster_10279761592_11942000229_11942000233_663943274_0_0,:cluster_10279761592_11942000229_11942000233_663943274_0,0,9.3,9.57,0,0.0,9.3,50.15,8.51,-5.2,6.49,1.15,0.76,-0.98,0
420.0,480.0,:cluster_10279761592_11942000229_11942000233_663943274_12_0,:cluster_10279761592_11942000229_11942000233_663943274_12,0,6.41,6.29,0,0.34,6.41,61.91,61.91,-4.26,9.84,9.84,-0.03,-0.43,0
420.0,480.0,:cluster_10279761592_11942000229_11942000233_663943274_13_0,:cluster_10279761592_11942000229_11942000233_663943274_13,0,5.31,5.26,0,0.0,5.31,,,,,,-0.3,-0.79,0
420.0,480.0,:cluster_10279761592_11942000229_11942000233_663943274_1_0,:cluster_10279761592_11942000229_11942000233_663943274_1,0,11.11,11.35,0,0.0,11.11,,,,,,0.45,-1.86,0
420.0,480.0,:cluster_10279761592_11942000229_11942000233_663943274_2_0,:cluster_10279761592_11942000229_11942000233_663943274_2,0,6.41,6.51,0,0.0,6.41,58.75,57.71,-4.78,9.37,9.19,-2.19,-5.0,1
420.0,480.0,:cluster_10279761592_11942000229_11942000233_663943274_3_0,:cluster_10279761592_11942000229_11942000233_663943274_3,0,5.31,5.56,0,0.0,5.31,,,,,,0.13,0.09,0
420.0,480.0,:cluster_10279761592_11942000229_11942000233_663943274_9_0,:cluster_10279761592_11942000229_11942000233_663943274_9,0,11.11,8.78,0,0.0,11.11,9.86,5.32,-1.8,1.52,1.13,1.28,0.54,0
420.0,480.0,:cluster_10281958922_663940594_0_0,:cluster_10281958922_663940594_0,0,10.38,10.41,0,0.0,10.38,,,,,,1.52,0.81,0
420.0,480.0,:cluster_10281958922_663940594_1_0,:cluster_10281958922_663940594_1,0,13.89,13.16,0,0.0,13.89,,,,,,1.01,0.73,0
420.0,480.0,:cluster_10281958922_663940594_1_1,:cluster_10281958922_663940594_1,0,13.89,16.27,0,0.0,13.89,95.78,57.96,3.31,6.78,4.36,-1.42,-3.87,2
420.0,480.0,:cluster_10281958922_663940594_4_0,:cluster_10281958922_663940594_4,0,10.62,9.75,0,0.0,10.62,41.47,8.33,-7.66,9.76,1.22,1.24,-0.91,0
420.0,480.0,:cluster_10281958922_663940594_5_0,:cluster_10281958922_663940594_5,0,11.11,8.22,0,0.0,11.11,6.64,4.27,-1.07,1.12,1.06,1.03,-0.09,0
420.0,480.0,:cluster_10281958922_663940594_7_0,:cluster_10281958922_663940594_7,0,22.23,17.36,0,0.0,22.23,,,,,,-0.01,-0.61,0
420.0,480.0,:cluster_10281958922_663940594_7_1,:cluster_10281958922_663940594_7,0,22.23,17.85,0,0.0,22.23,84.82,84.5,1.46,4.79,4.76,0.63,-0.67,0
420.0,480.0,:cluster_10281958925_10281958926_6508834064_6508834065_#1more_0_0,:cluster_10281958925_10281958926_6508834064_6508834065_#1more_0,1,6.48,13.47,0,0.04,15.28,90.36,37.64,3.95,23.45,5.14,1.36,0.51,0
420.0,480.0,:cluster_10281958925_10281958926_6508834064_6508834065_#1more_10_0,:cluster_10281958925_10281958926_6508834064_6508834065_#1more_10,0,15.23,12.45,0,0.0,15.23,,,,,,1.76,0.6,0
420.0,480.0,:cluster_10281958925_10281958926_6508834064_6508834065_#1more_16_0,:cluster_10281958925_10281958926_6508834064_6508834065_#1more_16,0,9.86,8.71,0,0.0,9.86,27.24,12.79,-7.43,6.28,2.97,1.69,-0.41,0
420.0,480.0,:cluster_10281958925_10281958926_6508834064_6508834065_#1more_17_0,:cluster_10281958925_10281958926_6508834064_6508834065_#1more_17,0,8.03,9.32,0,0.0,8.03,,,,,,0.96,-0.71,0
420.0,480.0,:cluster_10281958925_10281958926_6508834064_6508834065_#1more_5_0,:cluster_10281958925_10281958926_6508834064_6508834065_#1more_5,0,10.57,10.5,0,0.0,10.57,,,,,,1.2,-0.47,0
420.0,480.0,:cluster_10281958925_10281958926_6508834064_6508834065_#1more_6_0,:cluster_10281958925_10281958926_6508834064_6508834065_#1more_6,0,16.67,16.36,0,0.0,16.67,24.05,23.17,2.32,1.51,1.46,-0.27,-2.33,0
420.0,480.0,:cluster_10281958925_10281958926_6508834064_6508834065_#1more_6_1,:cluster_10281958925_10281958926_6508834064_6508834065_#1more_6,1,11.9,16.78,0,0.18,16.67,100.39,69.44,-0.72,8.41,4.6,0.6,-1.65,0
420.0,480.0,:cluster_10281958925_10281958926_6508834064_6508834065_#1more_8_0,:cluster_10281958925_10281958926_6508834064_6508834065_#1more_8,0,9.86,8.5,0,0.0,9.86,4.98,0.1,-8.56,1.48,0.15,-1.72,-4.78,3
420.0,480.0,:cluster_10281958925_10281958926_6508834064_6508834065_#1more_9_0,:cluster_10281958925_10281958926_6508834064_6508834065_#1more_9,0,8.03,9.47,0,0.0,8.03,,,,,,-3.42,-5.0,2
420.0,480.0,:cluster_10281958932_663804338_0_0,:cluster_10281958932_663804338_0,0,16.67,13.61,0,0.0,16.67,91.14,91.14,-0.1,7.23,7.23,0.24,-0.42,0
420.0,480.0,:cluster_10281958932_663804338_0_1,:cluster_10281958932_663804338_0,0,16.67,13.69,0,0.0,16.67,34.29,34.29,1.92,2.79,2.79,-0.54,-1.5,0
420.0,480.0,:cluster_10281958932_663804338_11_0,:cluster_10281958932_663804338_11,0,8.12,7.91,0,0.0,8.12,100.24,95.16,-6.98,15.39,13.78,1.02,-0.93,0
420.0,480.0,:cluster_10281958932_663804338_6_0,:cluster_10281958932_663804338_6,1,6.89,8.01,0,0.16,8.12,85.8,80.91,-6.49,12.56,10.1,-1.84,-4.0,2
420.0,480.0,:cluster_10281958932_663804338_7_0,:cluster_10281958932_663804338_7,0,10.76,8.48,0,0.0,10.76,102.77,92.43,-14.12,40.6,29.74,1.69,0.46,0
420.0,480.0,:cluster_10281958935_12287656430_12287656431_663940647_14_0,:cluster_10281958935_12287656430_12287656431_663940647_14,0,8.34,8.96,0,0.0,8.34,,,,,,1.5,1.02,0
420.0,480.0,:cluster_10281965682_663944134_2_0,:cluster_10281965682_663944134_2,1,0.0,5.04,1,0.4,5.39,69.38,0.1,-9.34,121.85,12.16,-0.56,-4.0,3
420.0,480.0,:cluster_10281965682_663944134_3_0,:cluster_10281965682_663944134_3,1,4.52,9.42,0,0.15,8.61,45.29,6.21,-8.35,6.99,1.76,1.41,-0.41,0
420.0,480.0,:cluster_10281965682_663944134_4_0,:cluster_10281965682_663944134_4,0,11.11,11.08,0,0.0,11.11,40.79,39.46,-1.43,4.42,3.96,1.99,-0.79,0
420.0,480.0,:cluster_10281965682_663944134_6_0,:cluster_10281965682_663944134_6,0,27.78,17.8,0,0.0,27.78,33.25,22.32,4.12,2.02,1.6,0.42,-0.36,0
420.0,480.0,:cluster_10560867453_663943486_1_0,:cluster_10560867453_663943486_1,0,19.45,8.53,0,0.0,19.45,158.49,144.25,-1.54,18.93,16.92,1.1,0.56,0
420.0,480.0,:cluster_10560867453_663943486_2_0,:cluster_10560867453_663943486_2,0,11.11,11.69,0,0.0,11.11,34.95,3.44,-3.92,9.4,1.03,1.3,-0.19,0
420.0,480.0,:cluster_10560867453_663943486_6_0,:cluster_10560867453_663943486_6,0,8.58,9.99,0,0.0,8.58,42.93,22.79,-2.09,5.36,2.68,-2.35,-5.0,6
420.0,480.0,:cluster_10917990606_663844223_18_0,:cluster_10917990606_663844223_18,0,7.54,6.59,0,0.0,7.54,,,,,,1.36,0.8,0
420.0,480.0,:cluster_10917990606_663844223_3_0,:cluster_10917990606_663844223_3,0,7.54,4.54,0,0.0,7.54,,,,,,2.28,1.45,0
420.0,480.0,:cluster_10917990606_663844223_5_0,:cluster_10917990606_663844223_5,0,5.75,7.08,0,0.0,5.75,43.36,7.46,-2.5,7.74,1.08,-0.98,-4.0,3
420.0,480.0,:cluster_10917990606_663844223_6_0,:cluster_10917990606_663844223_6,0,27.78,8.01,0,0.0,27.78,11.62,6.64,-2.68,1.93,1.15,1.56,-0.44,0
420.0,480.0,:cluster_10943433501_10943433503_0_0,:cluster_10943433501_10943433503_0,0,22.22,17.89,0,0.0,22.22,46.16,15.46,4.76,3.03,1.09,-0.2,-1.86,0
420.0,480.0,:cluster_10943433501_10943433503_6_0,:cluster_10943433501_10943433503_6,0,7.87,6.86,0,0.0,7.87,,,,,,-0.49,-1.25,0
420.0,480.0,:cluster_10943484228_1190100465_9_0,:cluster_10943484228_1190100465_9,0,13.89,12.49,0,0.0,13.89,46.52,46.35,-0.41,3.82,3.74,1.21,0.45,0
420.0,480.0,:cluster_10943717330_6470135655_1_0,:cluster_10943717330_6470135655_1,1,9.1,9.1,0,0.06,12.19,,,,,,1.36,0.11,0
420.0,480.0,:cluster_10943717330_6470135655_4_0,:cluster_10943717330_6470135655_4,0,11.11,12.43,0,0.0,11.11,,,,,,0.09,-1.02,0
420.0,480.0,:cluster_11126932580_1189036622_5_0,:cluster_11126932580_1189036622_5,0,22.22,17.85,0,0.0,22.22,96.84,93.19,14.53,5.92,5.6,0.2,-0.62,0
420.0,480.0,:cluster_11158897098_664472732_4_1,:cluster_11158897098_664472732_4,0,27.78,13.5,0,0.0,27.78,107.18,103.82,13.47,7.96,7.72,-0.27,-0.44,0
420.0,480.0,:cluster_11158897098_664472732_9_0,:cluster_11158897098_664472732_9,0,7.18,6.82,0,0.0,7.18,48.64,4.99,-2.18,9.75,1.01,0.85,-4.27,1
420.0,480.0,:cluster_11158897100_11158897101_11158897102_664471748_#1more_0_0,:cluster_11158897100_11158897101_11158897102_664471748_#1more_0,2,8.62,10.72,0,0.12,13.85,14.53,3.38,-2.11,6.46,1.08,1.27,-0.99,0
420.0,480.0,:cluster_11158897100_11158897101_11158897102_664471748_#1more_13_0,:cluster_11158897100_11158897101_11158897102_664471748_#1more_13,0,27.78,16.66,0,0.0,27.78,41.89,5.76,-6.16,3.81,1.47,1.11,-5.0,2
420.0,480.0,:cluster_11158897100_11158897101_11158897102_664471748_#1more_13_1,:cluster_11158897100_11158897101_11158897102_664471748_#1more_13,1,0.0,1.36,1,0.01,27.78,,,,,,-0.07,-1.37,0
420.0,480.0,:cluster_11158897100_11158897101_11158897102_664471748_#1more_15_0,:cluster_11158897100_11158897101_11158897102_664471748_#1more_15,1,0.0,5.34,1,0.52,6.07,21.67,0.1,-7.85,6.05,2.38,-0.13,-4.0,3
420.0,480.0,:cluster_11158897100_11158897101_11158897102_664471748_#1more_1_1,:cluster_11158897100_11158897101_11158897102_664471748_#1more_1,0,11.11,9.87,0,0.0,11.11,,,,,,0.08,-1.49,0
420.0,480.0,:cluster_11158897100_11158897101_11158897102_664471748_#1more_20_0,:cluster_11158897100_11158897101_11158897102_664471748_#1more_20,0,6.07,2.38,0,0.0,6.07,17.2,8.66,-11.35,12.29,10.83,1.19,0.78,0
420.0,480.0,:cluster_11502623494_11502623496_1186025300_13298747739_5_0,:cluster_11502623494_11502623496_1186025300_13298747739_5,0,11.11,9.47,0,0.0,11.11,27.34,4.38,-2.18,7.28,1.02,0.86,-2.53,0
420.0,480.0,:cluster_11502623497_1177160337_4_0,:cluster_11502623497_1177160337_4,0,11.11,5.67,0,0.0,11.11,38.5,4.26,0.24,14.14,1.11,1.15,-0.88,0
420.0,480.0,:cluster_1174832725_13298747729_13298747740_5_0,:cluster_1174832725_13298747729_13298747740_5,0,11.11,11.85,0,0.0,11.11,39.67,5.66,-0.88,12.7,1.18,0.99,-1.17,0
420.0,480.0,:cluster_1177160373_664472773_10_0,:cluster_1177160373_664472773_10,0,10.15,10.12,0,0.0,10.15,,,,,,1.61,1.12,0
420.0,480.0,:cluster_1177160373_664472773_13_0,:cluster_1177160373_664472773_13,0,13.89,15.39,0,0.0,13.89,53.61,30.0,0.3,4.03,2.35,-0.11,-1.79,0
420.0,480.0,:cluster_1177160373_664472773_14_0,:cluster_1177160373_664472773_14,0,7.99,7.21,0,0.0,7.99,126.32,126.32,-5.8,17.53,17.53,2.2,2.2,0
420.0,480.0,:cluster_1177160373_664472773_16_0,:cluster_1177160373_664472773_16,0,8.14,7.6,0,0.0,8.14,138.43,128.7,-3.74,57.21,17.58,1.57,0.93,0
420.0,480.0,:cluster_1177160373_664472773_18_0,:cluster_1177160373_664472773_18,0,7.99,8.43,0,0.0,7.99,130.09,128.87,-4.98,15.74,15.58,1.22,0.65,0
420.0,480.0,:cluster_1177160373_664472773_1_0,:cluster_1177160373_664472773_1,0,13.89,8.38,0,0.0,13.89,90.3,81.27,6.24,15.59,9.69,1.98,0.52,0
420.0,480.0,:cluster_1177160373_664472773_2_0,:cluster_1177160373_664472773_2,0,10.62,8.92,0,0.0,10.62,107.27,106.46,-1.07,14.49,12.05,1.95,-0.32,0
420.0,480.0,:cluster_1177160373_664472773_6_0,:cluster_1177160373_664472773_6,0,8.14,5.95,0,0.0,8.14,96.9,63.1,-9.37,79.6,10.61,-1.24,-4.0,5
420.0,480.0,:cluster_1177160373_664472773_9_0,:cluster_1177160373_664472773_9,0,13.89,10.04,0,0.0,13.89,103.97,29.11,6.24,13.02,2.9,1.39,0.6,0
420.0,480.0,:cluster_1177160434_1177161050_0_0,:cluster_1177160434_1177161050_0,0,11.21,11.02,0,0.0,11.21,134.77,133.48,-1.91,19.01,16.79,1.72,1.03,0
420.0,480.0,:cluster_1177160434_1177161050_1_0,:cluster_1177160434_1177161050_1,0,13.89,7.74,0,0.0,13.89,,,,,,1.42,0.63,0
420.0,480.0,:cluster_1177160434_1177161050_4_0,:cluster_1177160434_1177161050_4,0,27.78,17.98,0,0.0,27.78,111.96,106.52,7.51,6.35,6.03,0.21,-1.91,0
420.0,480.0,:cluster_1177160434_1177161050_5_0,:cluster_1177160434_1177161050_5,0,11.79,11.48,0,0.01,11.79,,,,,,-0.57,-3.1,1
420.0,480.0,:cluster_1177160434_1177161050_6_0,:cluster_1177160434_1177161050_6,0,7.21,6.91,0,0.0,7.21,,,,,,0.74,-0.44,0
420.0,480.0,:cluster_1177161169_664472775_0_0,:cluster_1177161169_664472775_0,0,8.76,8.79,0,0.0,8.76,34.12,8.12,-5.83,7.91,5.98,1.29,-0.27,0
420.0,480.0,:cluster_1177161169_664472775_1_0,:cluster_1177161169_664472775_1,1,9.09,10.96,0,0.13,18.05,39.28,9.42,-3.11,5.22,1.11,1.59,-1.04,0
420.0,480.0,:cluster_1177161169_664472775_3_0,:cluster_1177161169_664472775_3,0,6.61,6.64,0,0.0,6.61,,,,,,0.06,-0.62,0
420.0,480.0,:cluster_1177161169_664472775_4_0,:cluster_1177161169_664472775_4,0,11.11,12.17,0,0.0,11.11,39.7,13.48,0.9,3.33,1.11,0.05,-1.09,0
420.0,480.0,:cluster_1177161441_1190128246_4_0,:cluster_1177161441_1190128246_4,0,22.22,16.16,0,0.0,22.22,60.61,15.28,0.78,5.14,1.07,1.33,0.27,0
420.0,480.0,:cluster_1177211304_1177211692_4_0,:cluster_1177211304_1177211692_4,0,3.65,2.71,0,0.0,3.65,92.32,74.71,-9.11,38.48,28.9,-0.41,-1.94,0
420.0,480.0,:cluster_1177211304_1177211692_6_0,:cluster_1177211304_1177211692_6,1,3.6,5.45,0,0.33,22.22,10.79,3.16,2.75,3.81,0.97,0.51,-3.29,1
420.0,480.0,:cluster_1177211336_1191714436_10_0,:cluster_1177211336_1191714436_10,0,8.38,7.73,0,0.0,8.38,64.6,34.27,-1.29,10.31,4.54,-0.89,-4.86,2
420.0,480.0,:cluster_1177211336_1191714436_18_0,:cluster_1177211336_1191714436_18,0,8.38,8.91,0,0.0,8.38,35.95,35.58,-1.27,4.13,4.08,0.49,-0.22,0
420.0,480.0,:cluster_1177211336_1191714436_5_0,:cluster_1177211336_1191714436_5,0,13.89,9.37,0,0.0,13.89,89.85,89.78,-0.3,12.47,11.1,1.43,0.83,0
420.0,480.0,:cluster_1177211353_1177211711_12_0,:cluster_1177211353_1177211711_12,0,10.82,10.64,0,0.0,10.82,,,,,,-3.1,-4.0,4
420.0,480.0,:cluster_1177211353_1177211711_13_0,:cluster_1177211353_1177211711_13,0,22.22,16.43,0,0.0,22.22,26.89,26.89,8.43,1.64,1.64,-1.34,-1.34,0
420.0,480.0,:cluster_1177211353_1177211711_5_0,:cluster_1177211353_1177211711_5,0,22.22,16.39,0,0.0,22.22,,,,,,0.92,-0.89,0
420.0,480.0,:cluster_1177211394_1177211683_6_0,:cluster_1177211394_1177211683_6,0,22.22,12.48,0,0.0,22.22,13.19,5.36,5.32,2.3,1.18,-1.33,-4.69,3
420.0,480.0,:cluster_1177211428_1177211911_0_0,:cluster_1177211428_1177211911_0,0,5.75,5.77,0,0.0,5.75,118.06,118.06,-1.23,20.45,20.45,-0.4,-1.57,0
420.0,480.0,:cluster_1177211428_1177211911_15_0,:cluster_1177211428_1177211911_15,0,3.95,4.38,0,0.0,3.95,,,,,,-1.11,-4.51,1
420.0,480.0,:cluster_1177211428_1177211911_19_0,:cluster_1177211428_1177211911_19,0,3.95,3.85,0,0.0,3.95,,,,,,-1.07,-1.07,0
420.0,480.0,:cluster_1177211428_1177211911_5_0,:cluster_1177211428_1177211911_5,0,22.22,16.67,0,0.0,22.22,59.4,59.4,6.92,3.62,3.62,0.07,-0.5,0
420.0,480.0,:cluster_1177211698_663826189_10_0,:cluster_1177211698_663826189_10,0,8.32,8.24,0,0.0,8.32,84.58,76.65,7.51,11.46,9.78,0.83,-0.48,0
420.0,480.0,:cluster_1177211698_663826189_11_0,:cluster_1177211698_663826189_11,0,3.65,3.84,0,0.0,3.65,,,,,,0.23,-1.21,0
420.0,480.0,:cluster_1177211698_663826189_4_0,:cluster_1177211698_663826189_4,0,7.36,7.37,0,0.0,7.36,117.0,114.21,-5.05,16.48,16.19,-1.12,-4.0,1
420.0,480.0,:cluster_1177211698_663826189_5_0,:cluster_1177211698_663826189_5,0,11.11,12.02,0,0.0,11.11,53.01,31.83,3.2,4.93,3.17,0.64,-1.44,0
420.0,480.0,:cluster_1177211698_663826189_9_0,:cluster_1177211698_663826189_9,1,10.13,11.39,0,0.09,12.5,33.63,31.53,-1.99,3.87,3.34,1.94,1.06,0
420.0,480.0,:cluster_1177211838_13300645525_13300645528_0_0,:cluster_1177211838_13300645525_13300645528_0,0,6.14,6.86,0,0.0,6.14,50.55,48.15,-5.6,9.24,8.79,-0.87,-4.09,1
420.0,480.0,:cluster_1177211838_13300645525_13300645528_12_0,:cluster_1177211838_13300645525_13300645528_12,0,8.86,8.61,0,0.0,8.86,25.01,9.02,-2.84,3.95,1.44,1.53,-0.77,0
420.0,480.0,:cluster_1177211838_13300645525_13300645528_4_0,:cluster_1177211838_13300645525_13300645528_4,0,27.78,16.65,0,0.0,27.78,67.9,63.11,6.78,7.6,4.15,1.27,-0.42,0
420.0,480.0,:cluster_1177211838_13300645525_13300645528_5_0,:cluster_1177211838_13300645525_13300645528_5,0,8.86,6.2,0,0.0,8.86,21.73,7.31,-3.08,6.1,1.61,1.72,0.56,0
420.0,480.0,:cluster_1177211838_13300645525_13300645528_9_0,:cluster_1177211838_13300645525_13300645528_9,0,7.81,6.96,0,0.0,7.81,37.74,5.71,1.69,12.38,1.04,1.41,0.15,0
420.0,480.0,:cluster_1177212073_13300645524_664471560_10_0,:cluster_1177212073_13300645524_664471560_10,0,27.78,13.89,0,0.0,27.78,24.85,5.17,0.82,7.24,1.09,1.05,-0.75,0
420.0,480.0,:cluster_1177212073_13300645524_664471560_17_0,:cluster_1177212073_13300645524_664471560_17,0,8.8,4.4,0,0.0,8.8,13.4,6.17,-9.41,3.61,2.31,1.26,0.53,0
420.0,480.0,:cluster_1177212073_13300645524_664471560_18_0,:cluster_1177212073_13300645524_664471560_18,0,4.08,3.21,0,0.0,4.08,19.03,18.45,-1.22,7.55,6.05,1.1,0.78,0
420.0,480.0,:cluster_1177212073_13300645524_664471560_2_0,:cluster_1177212073_13300645524_664471560_2,0,8.8,3.11,0,0.0,8.8,,,,,,-0.11,-1.9,0
420.0,480.0,:cluster_1177212073_13300645524_664471560_3_0,:cluster_1177212073_13300645524_664471560_3,0,4.08,1.56,0,0.0,4.08,4.99,1.53,-5.95,10.7,3.62,0.1,-0.5,0
420.0,480.0,:cluster_1177212073_13300645524_664471560_5_0,:cluster_1177212073_13300645524_664471560_5,0,7.19,5.36,0,0.0,7.19,14.08,4.09,0.6,4.6,1.19,1.0,0.06,0
420.0,480.0,:cluster_1186025344_13298747727_13298747728_13298747738_#3more_19_0,:cluster_1186025344_13298747727_13298747728_13298747738_#3more_19,0,11.11,10.21,0,0.0,11.11,,,,,,1.15,-0.02,0
420.0,480.0,:cluster_1186025344_13298747727_13298747728_13298747738_#3more_6_0,:cluster_1186025344_13298747727_13298747728_13298747738_#3more_6,0,8.62,7.0,0,0.0,8.62,41.55,5.72,1.59,9.04,1.1,1.3,-0.21,0
420.0,480.0,:cluster_1186025344_13298747727_13298747728_13298747738_#3more_8_0,:cluster_1186025344_13298747727_13298747728_13298747738_#3more_8,0,11.11,10.95,0,0.0,11.11,31.84,10.37,-0.32,3.42,1.07,0.74,-2.07,0
420.0,480.0,:cluster_1186025344_13298747727_13298747728_13298747738_#3more_9_0,:cluster_1186025344_13298747727_13298747728_13298747738_#3more_9,0,12.5,12.34,0,0.0,12.5,30.75,23.44,-2.81,3.21,2.97,1.06,-2.03,0
420.0,480.0,:cluster_1189036471_1189036770_5_0,:cluster_1189036471_1189036770_5,0,13.89,14.3,0,0.0,13.89,,,,,,0.39,-0.97,0
420.0,480.0,:cluster_1189036595_13298747741_3_0,:cluster_1189036595_13298747741_3,0,11.11,11.34,0,0.0,11.11,11.14,7.04,-0.29,1.19,1.06,0.88,-0.98,0
420.0,480.0,:cluster_1189036692_13298747742_0_0,:cluster_1189036692_13298747742_0,0,11.11,10.05,0,0.0,11.11,10.95,10.54,-0.13,1.17,1.12,1.01,-1.56,0
420.0,480.0,:cluster_1190100404_664446591_3_0,:cluster_1190100404_664446591_3,0,11.11,11.14,0,0.0,11.11,47.79,46.48,-0.98,4.8,4.4,-0.02,-1.71,0
420.0,480.0,:cluster_1190100404_664446591_4_0,:cluster_1190100404_664446591_4,0,7.64,7.67,0,0.0,7.64,,,,,,-0.84,-3.87,1
420.0,480.0,:cluster_1190100404_664446591_6_0,:cluster_1190100404_664446591_6,0,10.34,9.99,0,0.0,10.34,157.84,152.19,-5.68,17.35,16.14,1.12,0.06,0
420.0,480.0,:cluster_1191863963_1191864049_0_0,:cluster_1191863963_1191864049_0,0,10.68,8.3,0,0.0,10.68,92.7,91.21,-0.25,11.92,11.1,0.18,-0.71,0
420.0,480.0,:cluster_1191863963_1191864049_5_0,:cluster_1191863963_1191864049_5,0,13.89,13.88,0,0.0,13.89,,,,,,-0.09,-1.07,0
420.0,480.0,:cluster_1191863963_1191864049_8_0,:cluster_1191863963_1191864049_8,0,11.43,10.19,0,0.0,11.43,146.32,141.52,-6.49,20.66,18.16,1.3,-0.81,0
420.0,480.0,:cluster_11942000227_11942000230_6173706992_10_0,:cluster_11942000227_11942000230_6173706992_10,0,8.12,8.13,0,0.0,8.12,112.89,53.17,-8.19,16.23,7.68,0.66,-2.29,0
420.0,480.0,:cluster_11942000227_11942000230_6173706992_13_0,:cluster_11942000227_11942000230_6173706992_13,0,6.78,6.83,0,0.0,6.78,98.42,9.32,-4.59,16.65,1.45,-0.47,-1.82,0
420.0,480.0,:cluster_11942000227_11942000230_6173706992_14_0,:cluster_11942000227_11942000230_6173706992_14,0,4.42,3.18,0,0.0,4.42,61.51,51.1,-8.26,21.01,16.67,-0.42,-2.51,0
420.0,480.0,:cluster_11942000227_11942000230_6173706992_21_0,:cluster_11942000227_11942000230_6173706992_21,0,11.11,12.12,0,0.0,11.11,83.61,75.61,-1.24,9.29,6.24,1.65,0.77,0
420.0,480.0,:cluster_11942000227_11942000230_6173706992_25_0,:cluster_11942000227_11942000230_6173706992_25,0,7.65,6.81,0,0.0,7.65,,,,,,1.1,0.96,0
420.0,480.0,:cluster_11942000232_664472748_0_0,:cluster_11942000232_664472748_0,0,6.31,6.19,0,0.0,6.31,66.85,61.64,-10.36,11.45,10.81,-0.61,-2.8,0
420.0,480.0,:cluster_11942000232_664472748_13_0,:cluster_11942000232_664472748_13,0,11.11,12.39,0,0.0,11.11,98.09,52.68,9.46,8.31,4.55,0.34,-0.83,0
420.0,480.0,:cluster_11942000232_664472748_17_0,:cluster_11942000232_664472748_17,0,4.62,4.63,0,0.0,4.62,13.07,11.24,-7.5,2.91,2.61,-0.18,-0.99,0
420.0,480.0,:cluster_11942000232_664472748_4_0,:cluster_11942000232_664472748_4,0,7.01,7.02,0,0.0,7.01,,,,,,-1.45,-3.97,1
420.0,480.0,:cluster_11942000232_664472748_5_0,:cluster_11942000232_664472748_5,0,22.22,17.89,0,0.0,22.22,77.04,19.34,2.81,4.89,1.65,0.12,-2.28,0
420.0,480.0,:cluster_11942000232_664472748_7_0,:cluster_11942000232_664472748_7,0,4.62,4.81,0,0.0,4.62,5.56,3.7,-7.28,1.16,0.78,-1.91,-3.96,1
420.0,480.0,:cluster_11944729366_664471711_0_0,:cluster_11944729366_664471711_0,0,11.11,11.29,0,0.0,11.11,75.28,74.53,2.91,6.74,6.6,0.5,0.49,0
420.0,480.0,:cluster_11944729366_664471711_0_1,:cluster_11944729366_664471711_0,0,11.11,6.85,0,0.0,11.11,,,,,,1.42,0.47,0
420.0,480.0,:cluster_11944729366_664471711_10_0,:cluster_11944729366_664471711_10,0,7.7,6.86,0,0.0,7.7,,,,,,0.73,-0.85,0
420.0,480.0,:cluster_11944729366_664471711_2_0,:cluster_11944729366_664471711_2,1,0.0,3.9,1,0.89,4.66,3.87,0.1,-6.21,7.53,1.24,-0.17,-4.81,4
420.0,480.0,:cluster_11944729366_664471711_4_0,:cluster_11944729366_664471711_4,1,5.7,10.86,0,0.01,22.69,27.4,3.82,-0.52,6.26,1.02,1.08,-1.35,0
420.0,480.0,:cluster_11944729366_664471711_5_1,:cluster_11944729366_664471711_5,0,27.78,7.46,0,0.0,27.78,,,,,,1.45,1.45,0
420.0,480.0,:cluster_11944729366_664471711_7_0,:cluster_11944729366_664471711_7,0,7.7,6.88,0,0.0,7.7,,,,,,-2.12,-4.0,2
420.0,480.0,:cluster_11944729366_664471711_8_0,:cluster_11944729366_664471711_8,0,4.66,4.41,0,0.0,4.66,6.92,3.69,-2.71,2.87,0.84,1.11,-0.98,0
420.0,480.0,:cluster_13298740740_664446558_1_0,:cluster_13298740740_664446558_1,0,6.52,6.24,0,0.0,6.52,6.24,5.56,-1.08,1.11,1.02,1.01,-0.4,0
420.0,480.0,:cluster_13298740740_664446558_2_0,:cluster_13298740740_664446558_2,0,11.11,5.62,0,0.0,11.11,33.82,4.66,-3.26,11.12,1.11,1.18,-0.68,0
420.0,480.0,:cluster_13298740740_664446558_4_0,:cluster_13298740740_664446558_4,0,22.22,17.82,0,0.0,22.22,8.99,4.72,-1.75,1.38,1.24,1.32,0.15,0
420.0,480.0,:cluster_13298740740_664446558_5_0,:cluster_13298740740_664446558_5,0,6.86,7.33,0,0.0,6.86,52.45,45.0,-3.61,7.6,6.99,-0.8,-3.49,1
420.0,480.0,:cluster_13298747733_13298747737_663825864_1_0,:cluster_13298747733_13298747737_663825864_1,0,8.82,8.86,0,0.0,8.82,10.33,8.68,-1.06,1.32,1.08,-0.44,-3.99,1
420.0,480.0,:cluster_13298747733_13298747737_663825864_4_1,:cluster_13298747733_13298747737_663825864_4,0,11.11,10.91,0,0.0,11.11,107.57,107.23,-0.71,10.8,9.89,1.99,1.35,0
420.0,480.0,:cluster_13298747747_13298747748_13298747749_13298747755_#2more_0_0,:cluster_13298747747_13298747748_13298747749_13298747755_#2more_0,0,9.42,6.1,0,0.0,9.42,28.92,7.17,-0.35,6.34,1.24,1.54,0.59,0
420.0,480.0,:cluster_13298747747_13298747748_13298747749_13298747755_#2more_10_0,:cluster_13298747747_13298747748_13298747749_13298747755_#2more_10,0,12.71,9.54,0,0.0,12.71,,,,,,1.57,1.05,0
420.0,480.0,:cluster_13298747747_13298747748_13298747749_13298747755_#2more_11_0,:cluster_13298747747_13298747748_13298747749_13298747755_#2more_11,0,11.11,10.19,0,0.0,11.11,131.28,128.97,9.21,14.26,13.92,0.52,-1.89,0
420.0,480.0,:cluster_13298747747_13298747748_13298747749_13298747755_#2more_1_0,:cluster_13298747747_13298747748_13298747749_13298747755_#2more_1,0,16.66,10.21,0,0.0,16.66,53.39,6.66,-6.79,12.61,1.25,1.81,0.59,0
420.0,480.0,:cluster_13298747747_13298747748_13298747749_13298747755_#2more_4_0,:cluster_13298747747_13298747748_13298747749_13298747755_#2more_4,0,19.45,14.49,0,0.0,19.45,39.58,5.11,-0.07,5.44,1.13,1.5,-1.65,0
420.0,480.0,:cluster_13298747750_13298747754_7007141699_1_0,:cluster_13298747750_13298747754_7007141699_1,0,6.5,6.4,0,0.03,6.5,49.15,5.02,-4.97,18.15,1.23,0.42,-5.0,2
420.0,480.0,:cluster_13298747750_13298747754_7007141699_3_0,:cluster_13298747750_13298747754_7007141699_3,0,9.93,12.94,0,0.0,9.93,129.59,128.78,2.76,10.55,9.95,1.94,1.41,0
420.0,480.0,:cluster_13298747751_6469124180_11_0,:cluster_13298747751_6469124180_11,0,3.65,3.22,0,0.0,3.65,,,,,,-0.17,-1.06,0
420.0,480.0,:cluster_13298747751_6469124180_4_0,:cluster_13298747751_6469124180_4,0,11.11,5.35,0,0.0,11.11,43.92,4.97,-2.85,11.34,1.12,1.32,-0.32,0
420.0,480.0,:cluster_13298747751_6469124180_5_0,:cluster_13298747751_6469124180_5,0,3.65,3.38,0,0.0,3.65,11.67,11.67,-4.23,3.45,3.45,-0.94,-0.94,0
420.0,480.0,:cluster_13298747751_6469124180_6_0,:cluster_13298747751_6469124180_6,0,11.11,4.8,0,0.0,11.11,99.05,98.44,-0.58,33.22,20.76,1.52,0.65,0
420.0,480.0,:cluster_13300645520_13300645530_663844204_2_0,:cluster_13300645520_13300645530_663844204_2,1,5.09,6.34,0,0.16,11.11,72.59,7.2,-6.09,18.88,2.11,1.5,0.6,0
420.0,480.0,:cluster_13300645520_13300645530_663844204_4_0,:cluster_13300645520_13300645530_663844204_4,0,27.78,7.15,0,0.0,27.78,8.18,6.59,-1.58,1.41,1.03,1.35,0.19,0
420.0,480.0,:cluster_13300645520_13300645530_663844204_5_0,:cluster_13300645520_13300645530_663844204_5,0,7.61,8.53,0,0.0,7.61,25.95,14.57,-2.17,3.22,1.79,-0.9,-5.0,4
420.0,480.0,:cluster_13908994425_13908994429_13908994430_4_0,:cluster_13908994425_13908994429_13908994430_4,0,27.78,16.91,0,0.0,27.78,36.18,27.93,3.54,2.31,1.65,0.09,-2.28,0
420.0,480.0,:cluster_13977163696_13977163697_664447214_1_0,:cluster_13977163696_13977163697_664447214_1,0,9.67,8.79,0,0.0,9.67,80.62,80.62,4.5,9.17,9.17,-0.75,-0.75,0
420.0,480.0,:cluster_13977163696_13977163697_664447214_3_0,:cluster_13977163696_13977163697_664447214_3,0,5.59,4.58,0,0.0,5.59,,,,,,-1.04,-5.0,1
420.0,480.0,:cluster_5424222000_664446587_11_0,:cluster_5424222000_664446587_11,0,6.19,6.3,0,0.0,6.19,63.22,51.85,-1.93,10.3,8.23,-0.06,-0.68,0
420.0,480.0,:cluster_5424222000_664446587_1_0,:cluster_5424222000_664446587_1,0,27.78,17.08,0,0.0,27.78,45.16,19.38,5.34,2.75,1.27,0.16,-0.92,0
420.0,480.0,:cluster_5424222000_664446587_3_0,:cluster_5424222000_664446587_3,0,27.78,16.07,0,0.0,27.78,64.06,16.93,1.61,4.68,1.25,-0.72,-4.35,1
420.0,480.0,:cluster_5424222000_664446587_5_0,:cluster_5424222000_664446587_5,0,6.19,6.4,0,0.0,6.19,78.22,74.55,-7.04,12.74,11.97,-1.22,-4.0,1
420.0,480.0,:cluster_5424222000_664446587_6_0,:cluster_5424222000_664446587_6,1,8.62,8.62,0,0.14,8.5,27.04,8.42,-11.29,7.54,2.89,1.52,0.65,0
420.0,480.0,:cluster_5424222009_664446539_0_0,:cluster_5424222009_664446539_0,0,27.78,17.39,0,0.0,27.78,71.89,24.18,6.82,4.28,1.53,-0.4,-1.95,0
420.0,480.0,:cluster_5424222009_664446539_2_0,:cluster_5424222009_664446539_2,1,6.84,8.3,0,0.15,8.61,,,,,,1.26,-0.83,0
420.0,480.0,:cluster_663842376_663944135_0_0,:cluster_663842376_663944135_0,0,27.78,13.64,0,0.0,27.78,45.93,4.05,-5.0,93.08,1.08,0.41,-1.1,0
420.0,480.0,:cluster_663842376_663944135_1_0,:cluster_663842376_663944135_1,0,6.77,5.92,0,0.0,6.77,65.67,0.1,-6.89,60.54,7.35,-0.54,-5.0,5
420.0,480.0,:cluster_663842376_663944135_3_0,:cluster_663842376_663944135_3,0,9.92,8.86,0,0.0,9.92,149.42,129.5,-2.39,30.72,16.23,0.95,-1.47,0
420.0,480.0,:cluster_663842376_663944135_4_0,:cluster_663842376_663944135_4,0,27.78,17.24,0,0.0,27.78,24.37,5.28,0.06,2.08,1.47,0.83,-0.44,0
420.0,480.0,:cluster_663842376_663944135_6_0,:cluster_663842376_663944135_6,0,6.77,6.28,0,0.0,6.77,65.2,8.15,-6.31,13.56,4.56,1.77,0.58,0
420.0,480.0,:cluster_663943516_664446119_0_0,:cluster_663943516_664446119_0,0,10.68,9.82,0,0.0,10.68,132.51,132.36,-0.67,14.91,13.5,1.87,1.59,0
420.0,480.0,:cluster_663943516_664446119_3_0,:cluster_663943516_664446119_3,0,11.11,8.55,0,0.0,11.11,,,,,,0.3,-0.86,0
420.0,480.0,:cluster_663943516_664446119_4_0,:cluster_663943516_664446119_4,0,11.11,10.54,0,0.0,11.11,44.44,29.2,7.3,4.43,3.18,-0.06,-1.81,0
420.0,480.0,:cluster_664446535_8507351665_8507351666_1_0,:cluster_664446535_8507351665_8507351666_1,0,6.57,4.91,0,0.0,6.57,13.43,9.49,3.16,5.01,1.93,1.18,-0.16,0
420.0,480.0,:cluster_664446535_8507351665_8507351666_2_0,:cluster_664446535_8507351665_8507351666_2,0,13.89,6.31,0,0.0,13.89,,,,,,1.58,0.65,0
420.0,480.0,:cluster_664446535_8507351665_8507351666_3_0,:cluster_664446535_8507351665_8507351666_3,0,11.11,9.84,0,0.0,11.11,21.36,4.41,1.34,5.81,1.05,0.81,-1.66,0
