node_id,node_type,has_signal,num_lanes_total,num_connected_edges,avg_speed_limit_ms,lat,lon,total_vehicle_count,mean_speed_ms,max_speed_observed_ms,total_halting_count,mean_occupancy_pct,mean_gap_m,min_gap_m,mean_rel_velocity_ms,mean_time_gap_s,min_time_gap_s,mean_acceleration_ms2,min_acceleration_ms2,total_hard_brakes,num_lane_rows,total_conflicts,severe_conflicts,mean_min_ttc,mean_max_drac,mean_pet,mean_distance_to_node
1174832834,priority,False,6,6,12.96,22.57121595357121,88.353192709397,4.0,12.14,15.17,0.0,0.0175,94.14272727272729,10.13,4.61,9.353636363636364,1.03,-0.8341666666666666,-5.0,49.0,12.0,2.0,0.0,2.24,3.05,,7.21742600703964e-05
1186025302,priority,False,2,2,13.89,22.571315668711904,88.35259186993966,,,,,,,,,,,,,,,0.0,0.0,,,,
1174832972,right_before_left,False,6,6,5.56,22.57520528214189,88.35355582072634,,,,,,,,,,,,,,,0.0,0.0,,,,
cluster_1189036595_13298747741,traffic_light,True,6,6,10.19,22.57509688724045,88.35397501153209,1.0,9.628333333333332,11.95,0.0,0.0133333333333333,7.355,0.09,0.6050000000000001,1.32,0.54,0.1983333333333333,-5.0,18.0,6.0,6.0,2.0,1.79,1.9733333333333332,,8.139455738130095e-05
1174833090,priority,False,6,6,16.67,22.57530296815583,88.35314255462443,1.0,21.646,18.0,0.0,0.004,23.5,23.17,0.08,1.35,1.3,0.258,-2.18,0.0,10.0,0.0,0.0,,,,
1174832534,priority,False,6,6,16.67,22.574811689086847,88.35299488662051,3.0,19.8275,18.0,0.0,0.0083333333333333,46.795,12.86,1.88,3.06,1.56,0.8383333333333334,-2.35,0.0,12.0,0.0,0.0,,,,
1186025330,priority,False,4,4,22.22,22.574232397124288,88.3528090139375,2.0,20.457142857142856,18.0,0.0,0.0221428571428571,69.10818181818182,7.69,2.924545454545455,7.593636363636364,1.02,-1.7107142857142856,-5.0,86.0,14.0,8.0,4.0,1.6675,4.0125,2.41,2.8943917697569056e-05
1186025292,priority,False,6,6,19.44,22.57561388873909,88.3532242722462,0.0,22.22,17.95,0.0,0.00875,23.32,23.28,0.14,1.32,1.31,-2.1125,-5.0,32.0,8.0,0.0,0.0,,,,
1189036707,priority,False,6,6,16.67,22.576047534864216,88.35332994722307,0.0,22.22,17.97,0.0,0.0,24.48,24.27,-0.39,1.43,1.38,0.4362499999999999,-2.05,0.0,8.0,0.0,0.0,,,,
1189036484,priority,False,6,6,16.67,22.576503068370783,88.35345353775631,0.0,22.22,18.0,0.0,0.0,54.075,23.39,-4.45,6.555,1.31,0.49,-2.02,0.0,9.0,0.0,0.0,,,,
1174832895,priority,False,8,6,16.66,22.57702815529232,88.35359784393474,1.0,15.333846153846151,17.97,0.0,0.003076923076923,101.10833333333332,8.48,3.51,10.646666666666668,1.17,-1.14,-5.0,45.0,13.0,2.0,0.0,2.12,1.38,,9.817261077250524e-05
1174833147,priority,False,8,8,13.89,22.575771377001804,88.35252010631395,2.0,13.38,13.98,0.0,0.0042857142857142,204.67,182.15,1.375,21.53,14.39,0.1742857142857143,-5.0,40.0,14.0,2.0,0.0,,3.27,1.39,3.853259998128617e-05
1174832527,priority,False,6,6,13.89,22.574453714222475,88.3520865120077,9.0,15.06,17.79,0.0,0.033,65.64444444444445,6.56,-3.3800000000000003,6.777777777777778,0.92,1.018,-5.0,19.0,10.0,0.0,0.0,,,,
1174833066,priority,False,6,4,12.04,22.577225808992544,88.35297225979502,0.0,12.778,16.55,0.0,0.0,65.9,65.9,1.26,14.26,14.26,-0.27,-5.0,20.0,5.0,0.0,0.0,,,,
1174832855,priority,False,6,6,13.89,22.57527073886645,88.35100471141466,1.0,13.946666666666667,14.4,0.0,0.0133333333333333,30.7575,3.21,-2.1,4.86,0.6,-0.0111111111111111,-5.0,10.0,9.0,4.0,0.0,1.86,1.28,1.27,6.368307192744277e-05
1189036766,priority,False,6,6,13.89,22.57525481072833,88.35054647250432,0.0,13.89,15.62,0.0,0.0,75.61222222222221,9.58,-0.2799999999999999,9.213333333333331,1.03,-0.155,-5.0,16.0,12.0,0.0,0.0,,,,
1186025321,priority,False,6,6,11.11,22.57527808094064,88.35125940358947,1.0,13.398333333333332,12.49,0.0,0.0466666666666666,35.552499999999995,11.46,-0.3174999999999999,3.3075,1.21,0.96,-2.28,0.0,6.0,0.0,0.0,,,,
1174832816,priority,False,4,4,12.5,22.575223984383424,88.35153790824157,1.0,13.232857142857142,13.19,0.0,0.0157142857142857,59.846,8.29,-1.246,8.026,1.15,-1.6928571428571428,-5.0,30.0,7.0,0.0,0.0,,,,
cluster_1174832725_13298747729_13298747740,traffic_light,True,10,10,10.0,22.57459216211288,88.35382604243047,1.0,10.894,11.7,0.0,0.006,29.99333333333333,1.24,2.34,5.916666666666667,0.65,-0.134,-5.0,29.0,5.0,4.0,2.0,1.86,2.25,,7.641049340383418e-05
6544715978,priority,False,4,4,12.5,22.576007174638097,88.35191211283642,0.0,12.963333333333331,14.98,0.0,0.0,112.225,41.84,3.46,9.75,4.41,-0.4088888888888888,-5.0,32.0,9.0,2.0,2.0,1.02,5.08,1.3,2.025173250141523e-05
1174832779,right_before_left,False,6,6,5.56,22.57364001264108,88.35195719720488,,,,,,,,,,,,,,,0.0,0.0,,,,
1174832885,priority,False,6,6,8.34,22.573206196786337,88.35190375367436,0.0,13.89,15.88,0.0,0.0,75.68666666666667,15.08,6.16,5.776666666666666,1.18,-0.0933333333333333,-2.27,0.0,6.0,0.0,0.0,,,,
11242908390,priority,False,2,2,5.56,22.574014572267743,88.35166771923218,,,,,,,,,,,,,,,0.0,0.0,,,,
1174832811,priority,False,4,4,8.33,22.57411775338424,88.35127707224575,3.0,10.72125,12.16,0.0,0.0225,86.17857142857143,8.0,-1.51,9.331428571428573,1.01,0.4125,-2.0,0.0,8.0,0.0,0.0,,,,
11282915069,priority,False,6,6,11.11,22.57098095244272,88.35118356585816,1.0,14.246666666666668,15.69,0.0,0.0033333333333333,70.855,13.4,-0.4849999999999999,5.359999999999999,1.6,0.1933333333333333,-5.0,7.0,3.0,0.0,0.0,,,,
cluster_1186025344_13298747727_13298747728_13298747738_#3more,traffic_light,True,15,15,11.85,22.57220210547858,88.35292185263569,36.0,2.8072222222222223,12.88,28.0,0.0783333333333333,33.845882352941175,0.0,-0.1005882352941176,18.283529411764704,0.17,-0.2827777777777778,-5.0,154.0,18.0,124.0,44.0,1.8948387096774195,2.337258064516129,,0.0003114200682049
1174832997,priority,False,4,4,18.05,22.571012736839275,88.35105569403272,7.0,17.09222222222222,17.97,0.0,0.0111111111111111,45.19777777777777,0.1,-3.39,4.8475,0.37,0.1322222222222222,-5.0,8.0,9.0,2.0,2.0,1.81,4.59,,4.498242691907453e-05
1174832716,priority,False,4,4,18.05,22.575026406801143,88.35000680147233,5.0,16.068181818181817,18.0,0.0,0.0127272727272727,62.80636363636364,0.1,-2.4345454545454546,7.651818181818182,0.33,0.5045454545454545,-5.0,16.0,11.0,4.0,0.0,1.8,2.775,,6.950382358891608e-05
1174833041,priority,False,6,6,13.89,22.57405203463021,88.34976836701316,2.0,13.384,14.95,0.0,0.008,48.935,17.2,-0.295,4.15,1.29,0.33,-5.0,10.0,5.0,0.0,0.0,,,,
1176977352,priority,False,2,2,13.89,22.57779804304741,88.35957883597573,,,,,,,,,,,,,,,0.0,0.0,,,,
cluster_1176977581_1176977943,priority,False,8,8,9.72,22.57702983565986,88.35934701984806,2.0,11.783636363636363,14.53,0.0,0.009090909090909,120.892,100.3,-2.1060000000000003,15.913999999999998,8.63,-0.2509090909090909,-5.0,19.0,11.0,0.0,0.0,,,,
1189036795,priority,False,6,4,15.74,22.57592780259925,88.35994757217253,3.0,14.945333333333334,17.34,0.0,0.0086666666666666,70.01,60.71,-4.16,5.76,4.98,0.0579999999999999,-5.0,33.0,15.0,0.0,0.0,,,,
1191863915,priority,False,6,6,13.89,22.575835411486786,88.36058681633969,0.0,13.89,14.73,0.0,0.0,80.56,68.0,0.155,9.66,7.0,0.1755555555555555,-5.0,8.0,9.0,0.0,0.0,,,,
1189036489,priority,False,6,6,10.19,22.576845651791903,88.35865516355285,0.0,13.89,14.34,0.0,0.0,29.195,10.46,-0.8075,3.0475,0.84,0.727,-1.78,0.0,10.0,0.0,0.0,,,,
1176977453,priority,False,6,6,12.04,22.57730444396693,88.35690705653937,7.0,11.802142857142856,13.35,0.0,0.0142857142857142,70.405,16.24,1.28,8.01,1.82,0.0285714285714285,-5.0,25.0,14.0,0.0,0.0,,,,
1176978389,priority,False,6,6,13.89,22.57668172895104,88.35677277190399,3.0,13.28875,15.19,0.0,0.008125,65.727,2.69,-0.4780000000000001,6.571,0.5,0.27125,-5.0,42.0,16.0,2.0,2.0,1.35,2.33,,6.766942879006044e-05
12123661005,right_before_left,False,6,6,5.56,22.574354069379183,88.35615097726945,,,,,,,,,,,,,,,0.0,0.0,,,,
1177160664,right_before_left,False,6,6,5.56,22.57409250867504,88.35606419340814,,,,,,,,,,,,,,,0.0,0.0,,,,
1189036574,right_before_left,False,6,6,5.56,22.57483353856089,88.35629562245266,,,,,,,,,,,,,,,0.0,0.0,,,,
1177161047,priority,False,6,6,10.19,22.570004087059303,88.35670934588626,0.0,13.89,13.18,0.0,0.0,81.26,80.16,5.13,10.63,9.51,0.155,-3.67,1.0,6.0,0.0,0.0,,,,
1177161432,priority,False,4,4,6.94,22.57095775955296,88.3564989825272,2.0,7.271111111111111,12.21,0.0,0.0088888888888888,56.471428571428575,0.1,-2.72,16.145714285714284,0.4,-0.0111111111111111,-3.29,1.0,9.0,0.0,0.0,,,,
cluster_10943484228_1190100465,priority,False,8,8,13.89,22.567427130487207,88.3499297722738,0.0,13.89,13.84,0.0,0.0,59.98500000000001,5.02,0.9983333333333332,6.521666666666667,1.19,-1.8257142857142856,-5.0,65.0,7.0,0.0,0.0,,,,
1177160399,priority,False,4,4,12.5,22.56788153323447,88.35007015611401,11.0,11.125,14.16,1.0,0.0257142857142857,34.72714285714286,0.1,-2.0185714285714287,4.430714285714286,0.1,-0.2964285714285714,-5.0,74.0,14.0,22.0,4.0,2.2209090909090907,2.0090909090909093,,7.104649193287093e-05
1177160675,priority,False,6,6,11.11,22.56709324130088,88.34977568324467,0.0,13.89,14.32,0.0,0.0,78.248,21.21,1.934,7.414,1.93,0.16375,-1.17,0.0,8.0,0.0,0.0,,,,
1187083424,priority,False,6,6,11.11,22.56702076543638,88.34969416125762,2.0,12.870909090909093,16.25,0.0,0.0127272727272727,75.91666666666667,22.21,-1.1733333333333331,12.136666666666668,1.78,0.5227272727272727,-4.0,1.0,11.0,0.0,0.0,,,,
10943498141,priority,False,6,6,13.89,22.56666540961792,88.34956874807615,1.0,13.564,15.15,0.0,0.002,62.00875,8.95,0.15875,7.48375,0.66,-0.6839999999999999,-5.0,54.0,15.0,0.0,0.0,,,,
1177160515,priority,False,4,4,12.5,22.56607185836104,88.34935932606618,0.0,11.11,13.07,0.0,0.0,37.48,18.06,1.6,4.09,1.86,0.2166666666666666,-5.0,6.0,3.0,0.0,0.0,,,,
1177160684,priority,False,8,8,13.89,22.571925313628935,88.35663430009069,4.0,17.965454545454545,17.11,0.0,0.039090909090909,34.79142857142857,9.06,-0.32,3.992857142857143,1.05,-2.499090909090909,-5.0,220.0,11.0,2.0,0.0,2.65,1.1,,0.000109669122447
10943435168,priority,False,6,6,8.34,22.571857970843933,88.35587009092055,2.0,13.006,13.59,0.0,0.014,,,,,,1.234,-1.11,0.0,5.0,0.0,0.0,,,,
6546843161,right_before_left,False,6,6,5.56,22.575318612539704,88.35525154430397,,,,,,,,,,,,,,,0.0,0.0,,,,
1177161548,right_before_left,False,6,6,5.56,22.5743030429459,88.35476913863768,,,,,,,,,,,,,,,0.0,0.0,,,,
1189036577,right_before_left,False,6,6,5.56,22.57591390291908,88.35542494173575,,,,,,,,,,,,,,,0.0,0.0,,,,
1177161634,priority,False,6,4,9.26,22.576454516246205,88.35561288094803,3.0,10.918181818181818,12.54,0.0,0.0209090909090909,63.952,9.13,-1.162,6.678,1.02,0.8281818181818181,-1.72,0.0,11.0,0.0,0.0,,,,
1190100093,priority,False,6,6,11.11,22.56929443066344,88.3517359614329,4.0,13.084615384615384,16.11,0.0,0.0123076923076923,99.325,67.26,-1.1149999999999998,11.36,5.05,0.7553846153846154,-2.21,0.0,13.0,0.0,0.0,,,,
cluster_1177160434_1177161050,priority,False,6,6,18.52,22.568806259319057,88.35294696207289,2.0,18.875555555555557,18.0,0.0,0.0022222222222222,100.95545454545454,5.66,1.3790909090909091,9.172727272727274,0.51,-0.9733333333333332,-5.0,65.0,18.0,4.0,0.0,2.44,1.39,1.94,0.000113526425702
1177161018,priority,False,6,6,13.89,22.569502893338285,88.3513814625359,3.0,13.616923076923078,16.68,0.0,0.0061538461538461,71.025,0.1,-2.2525,9.42,4.78,0.0923076923076923,-5.0,37.0,13.0,0.0,0.0,,,,
1177160807,priority,False,6,6,12.04,22.569997072990475,88.35123816258634,2.0,11.882222222222222,15.9,0.0,0.0133333333333333,64.03230769230768,0.1,-1.623076923076923,12.566923076923077,1.08,-0.0033333333333333,-5.0,24.0,18.0,0.0,0.0,,,,
1177160693,priority,False,6,6,11.11,22.57318684024933,88.35854693391815,1.0,13.863333333333337,13.81,0.0,0.01,103.92,63.32,-4.16,8.9,5.28,0.9633333333333334,-0.77,0.0,3.0,0.0,0.0,,,,
1177161022,priority,False,4,4,18.05,22.57279234944269,88.35797674685944,0.0,22.22,18.0,0.0,0.0,40.1175,7.39,3.89625,4.47,0.99,1.21625,-3.61,2.0,8.0,54.0,18.0,1.807037037037037,2.555185185185185,,0.0002905708241084
1189868591,priority,False,6,6,10.19,22.57107587346492,88.35376008705416,1.0,11.904166666666669,15.62,0.0,0.0025,113.68375,13.65,3.9175,14.7225,1.12,0.2008333333333333,-5.0,5.0,12.0,0.0,0.0,,,,
1177161553,priority,False,6,6,10.19,22.57063625233305,88.3546314713325,4.0,11.503333333333334,15.76,0.0,0.01,61.39,0.79,-1.512,15.006,0.33,0.2753333333333333,-2.36,0.0,15.0,0.0,0.0,,,,
1177160694,priority,False,6,6,11.11,22.57394205365655,88.35828610355647,1.0,13.8725,14.38,0.0,0.0141666666666666,53.775,9.26,-0.41,6.7575,0.73,0.97,-1.62,0.0,12.0,0.0,0.0,,,,
3640245798,priority,False,2,2,5.56,22.573501543917292,88.35821283151162,,,,,,,,,,,,,,,0.0,0.0,,,,
1177161545,right_before_left,False,6,6,5.56,22.574992554176056,88.35827850447652,,,,,,,,,,,,,,,0.0,0.0,,,,
1177161645,priority,False,6,6,16.67,22.57472363389204,88.35765196444198,2.0,21.214,18.0,0.0,0.0126666666666666,63.80615384615385,14.73,2.459230769230769,4.11,1.06,0.0486666666666666,-2.92,0.0,15.0,0.0,0.0,,,,
1189036720,right_before_left,False,6,6,5.56,22.574876369910225,88.3586667834742,,,,,,,,,,,,,,,0.0,0.0,,,,
1177161333,priority,False,6,6,8.34,22.57484929113494,88.35892103996773,0.0,13.89,13.89,0.0,0.0,,,,,,-1.775,-5.0,9.0,2.0,0.0,0.0,,,,
1177161389,right_before_left,False,6,6,5.56,22.574852283524795,88.35910118955766,,,,,,,,,,,,,,,0.0,0.0,,,,
10281958931,priority,False,6,4,12.97,22.574770951538223,88.35941589390522,0.0,16.67,17.62,0.0,0.0,88.84166666666668,10.6,2.6366666666666667,6.449999999999999,0.79,0.1138461538461538,-2.46,0.0,13.0,0.0,0.0,,,,
1177160773,priority,False,4,4,13.89,22.568079861535047,88.3516304637343,3.0,19.97875,18.0,0.0,0.03375,57.01428571428572,12.61,-0.17,3.6957142857142857,0.91,0.60375,-2.06,0.0,8.0,0.0,0.0,,,,
663943275,priority,False,6,6,7.41,22.567575672362384,88.35150330180771,11.0,11.075,13.5,0.0,0.04125,52.9075,9.48,0.22875,5.05125,1.02,0.00125,-2.98,0.0,8.0,0.0,0.0,,,,
1177161481,right_before_left,False,8,8,5.56,22.572410160349538,88.35452480780106,,,,,,,,,,,,,,,0.0,0.0,,,,
1177161509,priority,False,6,6,8.34,22.57284385093382,88.3554391666672,0.0,13.89,15.97,0.0,0.0,116.14166666666668,16.15,5.36,8.743333333333334,1.14,-0.0183333333333333,-2.24,0.0,6.0,0.0,0.0,,,,
cluster_11502623497_1177160337,traffic_light,True,6,6,10.19,22.572813398866312,88.35328679132752,7.0,8.82375,12.24,0.0,0.0375,44.35,0.0,0.97,19.04625,0.53,-0.36875,-5.0,59.0,8.0,12.0,6.0,1.9283333333333332,2.1566666666666667,,9.54493574585008e-05
1190100054,priority,False,4,4,16.67,22.56680360466077,88.35209387309988,,,,,,,,,,,,,,,0.0,0.0,,,,
1190100077,priority,False,4,4,5.56,22.567045810908905,88.35137861371089,,,,,,,,,,,,,,,0.0,0.0,,,,
1189036763,right_before_left,False,6,6,5.56,22.57365060000375,88.3561779386311,,,,,,,,,,,,,,,0.0,0.0,,,,
1177161049,priority,False,6,6,11.11,22.573293452609025,88.35606221016512,4.0,20.42875,18.0,0.0,0.03125,45.95142857142857,14.57,2.3428571428571425,3.001428571428572,1.04,-8.673617379884035e-19,-2.54,0.0,8.0,0.0,0.0,,,,
1177161446,right_before_left,False,6,6,5.56,22.573946735203723,88.3562348139385,,,,,,,,,,,,,,,0.0,0.0,,,,
1177160524,priority,False,6,6,13.89,22.57393444076498,88.35846011812434,0.0,13.89,16.77,0.0,0.0158333333333333,86.64666666666666,10.27,6.010000000000001,7.756666666666667,0.9,-0.1725,-5.0,22.0,12.0,0.0,0.0,,,,
1177161043,priority,False,6,6,13.89,22.574387789956585,88.35888422527012,2.0,12.196000000000002,16.0,0.0,0.012,149.91,147.82,10.22,14.645,13.58,0.8140000000000001,-5.0,3.0,5.0,0.0,0.0,,,,
1177160691,priority,False,6,6,19.44,22.57394679759333,88.35771408705128,4.0,18.416666666666668,18.0,0.0,0.0214285714285714,44.129000000000005,0.0,-1.7395,6.834736842105262,0.0,-0.6523809523809524,-5.0,113.0,21.0,22.0,4.0,2.262857142857143,3.0777272727272726,3.1244444444444444,4.635802693758565e-05
1177161074,priority,False,4,4,18.05,22.56829233874282,88.3509810391508,3.0,19.45375,17.99,0.0,0.01375,98.4,15.82,2.0171428571428573,6.252857142857144,1.11,-0.28375,-5.0,29.0,8.0,0.0,0.0,,,,
1177160983,priority,False,6,4,9.26,22.575682572613783,88.35836822865477,0.0,11.11,12.68,0.0,0.0,93.615,72.0,-0.625,9.895,8.11,0.3414285714285714,-2.39,0.0,7.0,0.0,0.0,,,,
1177161573,priority,False,8,8,13.89,22.56959870052732,88.35465644015814,10.0,12.811304347826088,16.69,0.0,0.0104347826086956,79.10666666666667,10.93,-0.7408333333333333,11.910000000000002,1.73,0.0391304347826086,-5.0,53.0,23.0,0.0,0.0,,,,
1177161508,priority,False,6,6,12.04,22.568856378448416,88.35451361504018,3.0,11.51,14.58,0.0,0.0166666666666666,70.21214285714287,2.36,2.0092857142857143,6.627142857142857,0.61,-0.0888888888888888,-5.0,31.0,18.0,1.0,0.0,5.22,3.18,,1.64842774937906e-05
10907806554,priority,False,6,6,10.19,22.57030479468226,88.3547145936454,1.0,11.397142857142857,15.74,0.0,0.0021428571428571,121.158,15.04,-0.1939999999999999,10.03,1.28,0.5428571428571428,-5.0,6.0,14.0,0.0,0.0,,,,
1189036486,right_before_left,False,6,6,5.56,22.57519106023093,88.35700880924341,,,,,,,,,,,,,,,0.0,0.0,,,,
1177160600,right_before_left,False,6,6,5.56,22.575034137790887,88.35735506482729,,,,,,,,,,,,,,,0.0,0.0,,,,
1177160446,right_before_left,False,6,6,5.56,22.57544803291875,88.35617335380904,,,,,,,,,,,,,,,0.0,0.0,,,,
1177160571,priority,False,6,6,11.11,22.573558473219304,88.35510721737334,14.0,14.815,18.0,0.0,0.03,33.77142857142857,5.81,-1.3057142857142858,2.814285714285714,0.63,0.6012500000000001,-2.81,0.0,8.0,0.0,0.0,,,,
1177160978,priority,False,6,6,8.34,22.572943729188676,88.35477714984015,0.0,13.89,16.01,0.0,0.0,96.56,16.24,5.931666666666668,7.291666666666667,1.11,0.0083333333333333,-2.84,0.0,6.0,0.0,0.0,,,,
1177161095,right_before_left,False,6,6,5.56,22.574178104851303,88.35523251297694,,,,,,,,,,,,,,,0.0,0.0,,,,
10943277968,priority,False,6,6,19.44,22.57158255100902,88.35651579529627,5.0,16.63909090909091,14.92,0.0,0.039090909090909,50.72571428571428,10.29,-0.7785714285714286,4.721428571428571,1.07,1.3345454545454545,-1.96,0.0,11.0,0.0,0.0,,,,
cluster_1177161169_664472775,priority,False,6,6,15.74,22.57102991487022,88.35627561422059,12.0,11.85,17.95,6.0,0.0594117647058823,31.21466666666667,0.0,0.3693333333333333,4.788666666666667,0.1,-0.8688235294117647,-5.0,269.0,17.0,68.0,22.0,2.049642857142857,2.489411764705882,1.6616666666666668,8.682342465823659e-05
1177161612,priority,False,6,6,19.44,22.57447252814023,88.3577282825355,1.0,21.16133333333333,17.98,0.0,0.0106666666666666,53.20428571428572,2.53,1.525,3.606428571428572,0.49,-0.7806666666666666,-5.0,36.0,15.0,2.0,2.0,1.38,6.09,,6.364615465422337e-05
1177161504,priority,False,6,6,16.67,22.575094858436493,88.35746974246847,3.0,21.072666666666667,17.98,0.0,0.0619999999999999,55.65583333333333,14.74,2.1275,3.6491666666666656,1.05,0.1093333333333333,-5.0,3.0,15.0,0.0,0.0,,,,
1189036737,priority,False,6,6,16.67,22.575234351777272,88.35740118078535,5.0,19.062857142857144,17.98,0.0,0.0128571428571428,55.74583333333334,12.45,-0.6683333333333333,4.713333333333334,1.03,0.8057142857142857,-2.38,0.0,14.0,0.0,0.0,,,,
1177160599,priority,False,8,6,14.58,22.57598198995622,88.35724569434836,16.0,12.023703703703704,18.0,2.0,0.0296296296296296,50.8555,0.0,-0.0285,7.830500000000001,0.09,-0.4966666666666666,-5.0,183.0,27.0,26.0,10.0,2.006666666666667,2.468461538461538,1.5699999999999998,8.709352760927509e-05
1189036777,priority,False,6,6,16.67,22.57201749846334,88.35698055571,2.0,20.867272727272727,17.96,0.0,0.019090909090909,60.16625,13.1,3.38,4.95,1.05,0.3063636363636364,-5.0,6.0,11.0,0.0,0.0,,,,
cluster_10943433501_10943433503,priority,False,8,8,18.05,22.572035257467117,88.35729476671229,9.0,13.521,18.0,3.0,0.0169999999999999,64.17923076923077,0.0,-1.4707692307692308,7.94923076923077,0.5,0.2565,-5.0,90.0,20.0,2.0,2.0,1.1,2.88,,0.0001510573255585
1177161631,priority,False,6,6,19.44,22.572510341894645,88.35764827490244,10.0,15.39375,17.99,1.0,0.033125,38.71785714285714,0.0,0.3314285714285713,4.978571428571429,0.29,-0.11125,-5.0,212.0,16.0,56.0,22.0,1.9023076923076925,2.3575000000000004,3.763333333333333,0.0001119567801234
1177161483,priority,False,6,6,22.22,22.572919382861816,88.3576832091468,50.0,13.875416666666666,18.0,24.0,0.13625,34.245,0.0,0.4722727272727273,4.322272727272727,0.5,-0.365,-5.0,201.0,24.0,75.0,26.0,2.0705714285714287,2.2457333333333334,3.0477777777777777,0.0001385244146439
1189036857,priority,False,6,6,16.67,22.57339548443856,88.3576917634191,8.0,19.176666666666662,17.98,0.0,0.0273333333333333,48.36571428571428,11.79,-0.3864285714285714,4.093571428571429,1.04,0.8693333333333334,-3.1,1.0,15.0,0.0,0.0,,,,
1189036937,priority,False,6,6,16.67,22.57419094120869,88.35772416219234,1.0,21.854666666666667,18.0,0.0,0.0066666666666666,48.58,14.7,0.0107142857142857,4.035714285714286,1.06,0.33,-2.27,0.0,15.0,0.0,0.0,,,,
1177161371,priority,False,8,8,13.89,22.56894969615748,88.35709202576514,0.0,13.89,15.19,0.0,0.0023529411764705,52.236666666666665,8.91,2.3233333333333333,5.516666666666667,1.21,-0.5911764705882353,-5.0,95.0,17.0,4.0,0.0,1.79,2.915,2.53,6.356218410231044e-05
1189868548,priority,False,6,4,23.15,22.56838551192779,88.35691455979011,24.0,16.237391304347828,18.0,8.0,0.0439130434782608,50.8705,0.0,-0.1385000000000001,4.216842105263158,0.24,0.0082608695652173,-5.52,62.0,23.0,30.0,12.0,1.8226666666666669,2.369333333333333,,0.0001304823250604
1189868581,priority,False,6,6,13.89,22.56995683488181,88.35689288754371,3.0,13.7225,14.21,0.0,0.0075,,,,,,-0.2324999999999999,-5.0,6.0,8.0,0.0,0.0,,,,
1177160687,priority,False,6,6,12.04,22.56872928571196,88.3547720386315,6.0,11.087857142857144,14.58,0.0,0.0221428571428571,74.45666666666666,8.31,1.9991666666666663,6.974999999999999,1.09,0.1071428571428571,-4.53,5.0,14.0,0.0,0.0,,,,
664472699,priority,False,4,4,18.05,22.56797131329064,88.35458928487955,3.0,16.903846153846153,17.89,0.0,0.0207692307692307,42.62583333333333,0.0,1.3116666666666668,4.59,0.05,0.0892307692307692,-5.0,55.0,13.0,82.0,12.0,2.18,2.341219512195122,,0.0001572747462066
1177161154,priority,False,8,8,12.5,22.568445835304324,88.3553316812101,8.0,10.651904761904762,16.44,1.0,0.0142857142857142,62.4105,0.01,4.09,6.111,0.13,-0.2047619047619047,-5.0,134.0,21.0,42.0,8.0,2.0976470588235294,2.18,2.1166666666666663,0.000122959143929
1177160864,priority,False,4,4,18.05,22.56767952940121,88.3550875745227,42.0,6.759285714285714,17.98,18.0,0.1392857142857143,22.205714285714286,0.0,1.6535714285714285,3.597857142857143,0.08,-0.4585714285714286,-5.0,225.0,14.0,154.0,48.0,2.065844155844156,2.458961038961039,,0.0001708092836078
1177161408,priority,False,5,5,21.11,22.566394450443745,88.35195402249684,,,,,,,,,,,,,,,0.0,0.0,,,,
11372704310,priority,False,2,2,13.89,22.56708306823933,88.35117990221399,,,,,,,,,,,,,,,0.0,0.0,,,,
1177161703,priority,False,4,4,8.33,22.57169088268994,88.35423048690492,5.0,10.62,12.85,0.0,0.045,70.3775,12.53,2.4625,6.58,1.15,0.0125,-2.12,0.0,4.0,0.0,0.0,,,,
1177161547,priority,False,6,6,11.11,22.573441956145416,88.35552515534572,3.0,20.4875,17.99,0.0,0.0212499999999999,33.940000000000005,11.27,0.2685714285714285,2.2,0.83,-0.01625,-3.06,1.0,8.0,0.0,0.0,,,,
1177161474,priority,False,6,4,9.26,22.575468076413085,88.35919933187039,1.0,10.97875,12.62,0.0,0.01,107.46333333333332,71.17,-1.79,10.153333333333334,6.65,0.0087499999999999,-2.06,0.0,8.0,0.0,0.0,,,,
1177160733,right_before_left,False,6,6,5.56,22.574270079676086,88.35643881361176,,,,,,,,,,,,,,,0.0,0.0,,,,
1177160667,right_before_left,False,6,6,5.56,22.57392828100468,88.35633451585143,,,,,,,,,,,,,,,0.0,0.0,,,,
1177161625,right_before_left,False,6,6,5.56,22.574716644757416,88.35661873368213,,,,,,,,,,,,,,,0.0,0.0,,,,
1189036735,right_before_left,False,6,6,5.56,22.57510483481199,88.35630975403949,,,,,,,,,,,,,,,0.0,0.0,,,,
1189036456,right_before_left,False,6,6,5.56,22.57496784738669,88.35691597967583,,,,,,,,,,,,,,,0.0,0.0,,,,
1177161280,right_before_left,False,6,6,5.56,22.575184579809832,88.35608606429666,,,,,,,,,,,,,,,0.0,0.0,,,,
1189036581,right_before_left,False,6,6,5.56,22.57521449863902,88.3559335655531,,,,,,,,,,,,,,,0.0,0.0,,,,
1189036567,right_before_left,False,6,6,5.56,22.57526283060756,88.35561124071086,,,,,,,,,,,,,,,0.0,0.0,,,,
1177161647,priority,False,2,2,13.89,22.57447406500373,88.35844410847463,0.0,13.89,14.58,0.0,0.0,,,,,,1.2366666666666666,-0.17,0.0,3.0,0.0,0.0,,,,
1177161537,right_before_left,False,6,6,5.56,22.574342541243496,88.35536561234862,,,,,,,,,,,,,,,0.0,0.0,,,,
1189036826,right_before_left,False,6,6,5.56,22.574207284832102,88.35576712718824,,,,,,,,,,,,,,,0.0,0.0,,,,
1177160431,right_before_left,False,6,6,5.56,22.57381396335568,88.35691946465657,,,,,,,,,,,,,,,0.0,0.0,,,,
1177160598,priority,False,6,6,10.19,22.569130391186377,88.35612281879348,1.0,13.872142857142858,16.58,0.0,0.015,66.376,13.93,0.328,7.118,1.57,0.5971428571428571,-2.39,0.0,14.0,0.0,0.0,,,,
1177160765,priority,False,6,6,8.33,22.56814184455718,88.35573493297038,6.0,8.70705882352941,14.06,1.0,0.03,64.78533333333333,0.0,0.8073333333333333,12.813333333333334,0.5,0.1511764705882352,-5.0,22.0,17.0,44.0,18.0,1.6572727272727272,2.5895454545454544,,0.000150894761992
1177161549,priority,False,6,6,16.67,22.568138748640493,88.35385209315947,10.0,13.256842105263155,17.98,2.0,0.0247368421052631,52.565,0.0,-2.31,8.75,0.18,0.0963157894736842,-5.0,85.0,19.0,28.0,8.0,2.125714285714286,2.4614285714285717,,0.0001119985818937
1177160866,priority,False,4,4,18.05,22.56753445371693,88.35369652051925,0.0,19.016153846153845,17.96,0.0,0.0046153846153846,69.57090909090908,0.1,0.8036363636363635,8.540909090909091,0.13,-0.1723076923076923,-5.0,25.0,13.0,4.0,0.0,2.44,2.5700000000000003,,6.976311754499276e-05
1177161468,priority,False,6,6,13.89,22.56861184498356,88.35387441360297,1.0,13.66,16.39,0.0,0.0014285714285714,51.62888888888889,0.1,2.3433333333333333,6.062222222222222,0.66,-0.1521428571428571,-5.0,33.0,14.0,0.0,0.0,,,,
1177160573,priority,False,6,6,12.04,22.56914146708728,88.35402721676769,12.0,10.635,14.57,0.0,0.0321428571428571,44.33272727272728,8.18,0.0409090909090909,4.882727272727273,1.0,0.1278571428571428,-5.0,11.0,14.0,4.0,0.0,2.08,1.67,1.065,2.2305888279865632e-05
1177160779,priority,False,6,6,13.89,22.5694078852328,88.35647282547072,0.0,13.890000000000002,15.7,0.0,0.0093333333333333,15.18,13.97,-1.11,1.37,1.31,0.5213333333333333,-5.0,18.0,15.0,2.0,0.0,3.57,2.73,0.85,1.5598315905235563e-05
1177160471,priority,False,6,6,13.89,22.56961764008013,88.35576298203223,9.0,12.67,16.51,4.0,0.0461538461538461,42.367777777777775,0.0,2.614444444444445,4.3244444444444445,0.51,0.2653846153846154,-5.0,37.0,13.0,60.0,20.0,1.731,2.5883333333333334,0.83,0.0001354482808397
1177161675,priority,False,6,6,13.89,22.57002321529616,88.35589833884029,10.0,11.662,16.69,1.0,0.0186666666666666,52.52,0.1,0.6791666666666666,6.364999999999999,1.06,0.2873333333333334,-5.0,41.0,15.0,44.0,10.0,2.07,2.1931818181818183,,0.0001389896651673
1177160923,priority,False,6,6,13.89,22.56980745475446,88.35663477281982,0.0,13.89,14.98,0.0,0.007,52.23666666666666,10.99,-1.88,6.769999999999999,0.88,0.001,-5.0,22.0,10.0,0.0,0.0,,,,
cluster_1191714258_1191714350,priority,False,8,8,11.11,22.567222375229417,88.36099261294709,2.0,12.198571428571428,14.26,0.0,0.02,,,,,,1.0042857142857142,-5.0,4.0,7.0,0.0,0.0,,,,
1190128211,priority,False,8,8,13.89,22.566885793957592,88.3605284337677,2.0,13.592173913043478,16.3,0.0,0.0121739130434782,38.85842105263158,1.29,3.925263157894737,5.120526315789474,0.69,-0.7869565217391304,-5.0,86.0,23.0,14.0,6.0,1.832857142857143,2.0357142857142856,3.6466666666666665,0.0001024529841126
1177211462,priority,False,6,6,10.19,22.567048629680087,88.36145800672703,3.0,5.51375,15.54,0.0,0.02625,36.8,2.09,-2.8575,15.3725,0.94,-0.375,-5.0,7.0,8.0,0.0,0.0,,,,
11499274561,priority,False,6,6,10.19,22.56580977071451,88.36143815806483,0.0,10.186666666666667,14.09,0.0,0.0,80.15,33.98,-9.66,32.58,14.02,-0.0466666666666666,-2.32,0.0,3.0,0.0,0.0,,,,
1191714339,priority,False,2,2,13.89,22.565664196417323,88.36213897529584,,,,,,,,,,,,,,,0.0,0.0,,,,
1177211489,priority,False,6,6,13.89,22.565897247738665,88.36099545616977,1.0,13.68,14.35,0.0,0.0077777777777777,72.81,15.53,3.606666666666667,7.359999999999999,1.3,-0.8066666666666666,-5.0,16.0,9.0,0.0,0.0,,,,
1177212032,priority,False,6,6,13.89,22.56606246385759,88.3605238550201,0.0,13.89,14.52,0.0,0.026,34.725,13.03,2.92,3.05,1.15,0.6970000000000001,-5.0,4.0,10.0,2.0,0.0,1.85,3.69,,5.921606887527914e-05
1190128206,priority,False,8,8,13.89,22.566220159501373,88.36031106123096,0.0,13.89,13.89,0.0,0.0,35.675,9.74,0.1625000000000002,6.6225,1.15,-1.3092307692307692,-5.0,39.0,13.0,0.0,0.0,,,,
1177212028,priority,False,6,6,23.15,22.566302591831533,88.35989845554714,1.0,20.99384615384616,18.0,0.0,0.0053846153846153,64.23636363636363,5.26,2.975454545454545,9.733636363636364,1.04,-0.8369230769230769,-5.0,25.0,13.0,0.0,0.0,,,,
1177211732,right_before_left,False,6,6,5.56,22.56928107756796,88.3590061994639,,,,,,,,,,,,,,,0.0,0.0,,,,
1177211724,priority,False,6,6,13.89,22.56838000339388,88.35873186598134,16.0,13.216,17.98,10.0,0.134,59.48125,0.0,3.8475,4.48125,0.51,-0.021,-5.0,59.0,10.0,76.0,14.0,2.1007894736842103,2.658157894736842,,0.0002556841685466
cluster_1177211353_1177211711,priority,False,8,8,15.28,22.567462302351963,88.36178834935455,2.0,20.436875,17.99,0.0,0.0075,49.39,2.15,1.59,6.414285714285714,0.86,-0.1137499999999999,-5.0,28.0,16.0,8.0,4.0,1.6625,2.7,1.57,0.000121602907368
1177211571,priority,False,6,6,13.89,22.567718628468,88.3586620724685,7.0,12.55,15.59,1.0,0.03,47.906,0.0,0.2386666666666666,5.454666666666666,0.5,0.5929411764705882,-5.0,43.0,17.0,19.0,6.0,2.207368421052632,1.7326315789473683,1.91,6.908794461420413e-05
1177211334,priority,False,6,6,13.89,22.5677474573134,88.35823269488253,5.0,12.997058823529413,16.3,0.0,0.0264705882352941,27.39,0.1,1.484615384615385,3.078461538461539,0.8,-0.9047058823529412,-5.0,152.0,17.0,12.0,2.0,2.07,1.9733333333333332,,0.0001265174841795
1177211777,right_before_left,False,6,6,5.56,22.569399943715844,88.35851438769072,,,,,,,,,,,,,,,0.0,0.0,,,,
cluster_1177211394_1177211683,priority,False,6,6,13.89,22.568432790969567,88.35822491900205,28.0,9.207,17.89,16.0,0.121,50.305,0.0,-3.376,6.63,0.17,0.726,-5.0,53.0,10.0,45.0,10.0,2.1386666666666665,1.995111111111111,,0.0002544293459379
1177211750,right_before_left,False,8,8,5.56,22.566697690017836,88.35923256062013,,,,,,,,,,,,,,,0.0,0.0,,,,
cluster_1190128285_13300645523_13300645535,traffic_light,True,10,10,17.78,22.566542660802156,88.35994175317862,1.0,25.465000000000003,16.64,1.0,0.0116666666666666,45.116,3.05,1.05,17.097,0.58,0.0558333333333333,-5.0,26.0,12.0,4.0,2.0,1.345,2.78,,7.574457557149708e-05
1177212160,right_before_left,False,8,8,5.56,22.566781901826737,88.3589189722153,,,,,,,,,,,,,,,0.0,0.0,,,,
1177211424,right_before_left,False,8,8,5.56,22.56675524654981,88.35848214906332,,,,,,,,,,,,,,,0.0,0.0,,,,
1177211896,priority,False,6,6,13.89,22.56746054237889,88.35801466517458,0.0,13.89,13.89,0.0,0.0,38.94444444444444,9.47,1.328888888888889,4.908888888888889,1.14,-0.5991666666666667,-5.0,70.0,12.0,4.0,0.0,2.62,1.18,,7.733672735247537e-05
1177211474,priority,False,6,6,13.89,22.56794944540976,88.3580795564301,6.0,12.041666666666666,14.59,0.0,0.0344444444444444,66.03916666666667,2.24,-1.6475,10.383333333333333,0.48,0.6611111111111111,-5.0,20.0,18.0,2.0,0.0,2.77,1.47,,7.584106565628513e-05
1190128241,priority,False,6,6,13.89,22.56800340106474,88.3577120820265,6.0,12.304444444444446,15.48,3.0,0.0461111111111111,50.07538461538461,0.0,-1.303846153846154,7.821818181818182,0.5,0.2722222222222222,-5.0,35.0,18.0,8.0,4.0,1.775,2.465,,0.0001092956045904
11843639551,priority,False,6,4,12.04,22.568307156337887,88.35709127883503,7.0,11.573333333333332,16.75,0.0,0.0238095238095238,50.78416666666666,0.0,2.4916666666666667,5.039166666666667,0.5,-0.4842857142857142,-5.0,141.0,21.0,44.0,18.0,1.806,2.4822727272727274,1.835,0.0001153992505382
1177211862,right_before_left,False,6,6,5.56,22.569518204199923,88.35822232762395,,,,,,,,,,,,,,,0.0,0.0,,,,
1177211652,right_before_left,False,6,6,5.56,22.569095940436476,88.35981518348447,,,,,,,,,,,,,,,0.0,0.0,,,,
1190128269,right_before_left,False,8,8,5.56,22.566403130054216,88.35914973218435,,,,,,,,,,,,,,,0.0,0.0,,,,
1190128256,right_before_left,False,6,6,5.56,22.56621360283733,88.35890795571883,,,,,,,,,,,,,,,0.0,0.0,,,,
1190128244,priority,False,2,2,5.56,22.56719137168786,88.35935176897857,,,,,,,,,,,,,,,0.0,0.0,,,,
1177211785,priority,False,6,6,20.37,22.567197881533613,88.36013033312265,5.0,23.052666666666667,18.0,3.0,0.0546666666666666,21.15,0.0,1.8464285714285715,3.6792857142857134,0.52,0.3433333333333333,-5.0,32.0,15.0,62.0,26.0,1.7041935483870967,2.103225806451613,,0.0001032606705087
1177212077,priority,False,6,6,16.67,22.5682201519127,88.36061952580447,1.0,21.287333333333333,17.98,0.0,0.006,47.51307692307693,8.49,3.046923076923077,4.756153846153846,1.15,0.5853333333333334,-3.78,2.0,15.0,2.0,2.0,1.45,1.84,,0.0001749304844222
1190128289,priority,False,6,6,10.19,22.567549956753787,88.3599592200516,19.0,9.701538461538462,15.28,12.0,0.0823076923076923,28.689230769230768,0.0,-0.6969230769230769,4.404615384615385,0.51,0.5746153846153846,-5.0,55.0,13.0,66.0,24.0,1.935757575757576,2.335757575757576,,0.0001647628232977
1177211769,priority,False,6,6,13.89,22.567732902661337,88.35928122232788,11.0,11.364666666666666,15.88,2.0,0.05,29.52769230769231,0.0,1.492307692307692,3.951538461538461,0.2,-0.6766666666666666,-5.0,193.0,15.0,8.0,4.0,1.5175,2.8975,1.48,6.789363996292874e-05
cluster_1177211838_13300645525_13300645528,traffic_light,True,10,10,19.45,22.56748068114817,88.3601725919936,21.0,12.509,17.82,16.0,0.1895,28.74666666666667,0.0,-1.6133333333333333,10.127222222222224,0.47,-0.4925,-5.0,93.0,20.0,87.0,28.0,2.058953488372093,2.0480459770114945,7.996666666666666,8.814929663323834e-05
1177211755,priority,False,4,4,8.33,22.56914258346999,88.36206131208844,2.0,10.328,11.52,0.0,0.024,21.25,17.94,-3.4450000000000003,3.31,2.69,0.5900000000000001,-1.78,0.0,5.0,0.0,0.0,,,,
1177211312,priority,False,2,2,5.56,22.56879544887791,88.36187302360403,,,,,,,,,,,,,,,0.0,0.0,,,,
1177211610,right_before_left,False,6,6,5.56,22.5689594311957,88.35976580139834,,,,,,,,,,,,,,,0.0,0.0,,,,
cluster_10917990606_663844223,traffic_light,True,12,12,18.52,22.568362379483972,88.36029211089932,5.0,17.906875,18.0,4.0,1.29875,52.12733333333333,0.0,-3.228,22.356428571428573,0.55,-0.60625,-5.0,99.0,16.0,29.0,9.0,1.911153846153846,2.721379310344828,,9.094659162663464e-05
13908994428,right_before_left,False,6,6,5.56,22.56928546222025,88.35990797440392,,,,,,,,,,,,,,,0.0,0.0,,,,
1177211464,priority,False,4,4,8.33,22.56977851585046,88.3601439832626,3.0,10.718571428571428,12.56,0.0,0.0228571428571428,22.91857142857143,6.32,-0.7271428571428571,2.412857142857143,0.99,0.7242857142857143,-2.45,0.0,7.0,0.0,0.0,,,,
1177212025,priority,False,6,6,15.74,22.5681092801348,88.36093450778611,1.0,21.642666666666667,18.0,0.0,0.006,58.801538461538456,12.0,3.317692307692308,4.252307692307692,1.05,0.6786666666666666,-5.0,3.0,15.0,0.0,0.0,,,,
1177211791,priority,False,4,4,6.94,22.56929900233374,88.36159438052472,0.0,11.11,11.7,0.0,0.0,67.905,30.18,4.930000000000001,6.205,3.19,-0.058,-2.02,0.0,5.0,0.0,0.0,,,,
cluster_1177211304_1177211692,priority,False,6,6,13.89,22.56827549787022,88.35952267177686,54.0,9.561666666666667,17.99,43.0,0.1966666666666666,37.92888888888889,0.0,3.185555555555556,5.225555555555555,0.5,-0.0975,-5.0,120.0,12.0,182.0,44.0,2.0843956043956045,2.5145054945054945,,0.0002556228692344
1177211398,priority,False,6,6,8.34,22.56717574909479,88.35813344012513,0.0,13.89,14.36,0.0,0.0,,,,,,-2.3433333333333337,-5.0,7.0,3.0,0.0,0.0,,,,
1177211357,priority,False,8,8,8.33,22.5667288751932,88.3574448981396,0.0,11.11,11.8,0.0,0.0,100.185,71.56,2.9925,9.4325,6.54,0.09,-2.17,0.0,5.0,0.0,0.0,,,,
1177211333,priority,False,4,4,8.33,22.5694681132502,88.36108974094167,0.0,11.11,11.55,0.0,0.0,37.05,31.29,11.37,3.27,2.71,-0.0266666666666666,-2.07,0.0,3.0,0.0,0.0,,,,
1177211833,priority,False,2,2,5.56,22.568902289397656,88.36086118422666,,,,,,,,,,,,,,,0.0,0.0,,,,
1177212052,priority,False,2,2,13.89,22.56514468486963,88.36020656533789,0.0,13.89,15.76,0.0,0.0,,,,,,0.73,-2.31,0.0,2.0,0.0,0.0,,,,
664446531,priority,False,4,4,18.05,22.57189713361008,88.35984013586413,2.0,16.481666666666666,17.99,0.0,0.0133333333333333,52.165,17.97,0.845,3.22,1.05,-0.8966666666666666,-5.0,25.0,6.0,0.0,0.0,,,,
1177212155,priority,False,6,6,13.89,22.57112767313839,88.35958556020582,1.0,13.275555555555556,14.58,0.0,0.0033333333333333,,,,,,-0.1055555555555555,-5.0,23.0,9.0,0.0,0.0,,,,
1177211361,priority,False,6,6,13.89,22.566439428645133,88.36067751569098,1.0,13.534285714285716,14.7,0.0,0.0185714285714285,58.2575,22.28,4.415,7.1825,2.1,-0.8257142857142857,-5.0,8.0,7.0,0.0,0.0,,,,
1191714356,priority,False,6,6,13.89,22.56654933505261,88.36040181724601,1.0,13.948000000000002,15.18,0.0,0.009,76.176,36.66,6.754,9.366,5.66,-0.368,-5.0,8.0,10.0,0.0,0.0,,,,
1177212006,priority,False,6,6,13.89,22.566252872982695,88.36109853233738,2.0,12.663,13.84,0.0,0.015,87.775,83.84,-0.755,14.64,12.73,0.359,-5.0,6.0,10.0,0.0,0.0,,,,
1177211687,priority,False,6,6,11.11,22.5705609610582,88.35936565331454,0.0,13.89,14.93,0.0,0.0,,,,,,1.17,-1.32,0.0,4.0,0.0,0.0,,,,
663842386,priority,False,4,4,12.5,22.570105794466844,88.35913517162301,2.0,10.75,12.22,0.0,0.04,31.17,10.52,2.4457142857142857,2.932857142857143,1.06,-0.1571428571428571,-4.62,4.0,7.0,8.0,2.0,1.9875,1.5525,,0.000327929365386
cluster_1189036471_1189036770,priority,False,8,8,11.11,22.571345185762684,88.35900669433711,3.0,13.04,14.56,0.0,0.0164285714285714,96.74714285714286,15.4,-0.1071428571428571,11.747142857142858,1.73,0.7221428571428571,-5.0,10.0,14.0,0.0,0.0,,,,
1177211432,priority,False,6,4,15.74,22.571488382353685,88.35847883776778,4.0,15.096666666666668,17.96,0.0,0.009047619047619,54.73133333333333,0.1,-1.146,5.390714285714286,0.49,-0.1738095238095237,-5.0,60.0,21.0,0.0,0.0,,,,
cluster_1177212073_13300645524_664471560,traffic_light,True,10,10,17.22,22.566923595657745,88.36006394234461,21.0,10.532857142857145,16.48,13.0,0.0985714285714285,26.590370370370373,0.0,-1.2003703703703703,13.252592592592592,0.03,-0.4160714285714286,-5.0,164.0,28.0,116.0,44.0,1.9221818181818184,2.0732758620689653,3.61,0.0001486350646659
cluster_1177211336_1191714436,priority,False,8,8,13.89,22.56681478676934,88.36081822703531,2.0,13.05777777777778,13.89,0.0,0.0083333333333333,61.38307692307693,3.38,2.2146153846153847,7.929230769230769,0.99,-0.3972222222222222,-5.0,50.0,18.0,2.0,0.0,2.3,0.89,0.91,3.4122109348785373e-05
cluster_1177211367_9189383185,priority,False,8,8,11.11,22.56659318209324,88.36125037610083,5.0,8.583846153846155,14.32,0.0,0.0153846153846153,65.04454545454546,1.99,-1.2772727272727271,19.35363636363636,0.91,-0.1646153846153845,-5.0,17.0,13.0,0.0,0.0,,,,
1177211468,priority,False,6,6,11.11,22.56758446378147,88.35909382095655,2.0,13.106923076923078,15.33,0.0,0.0146153846153846,46.644615384615385,8.49,0.6107692307692308,4.836923076923077,1.0,1.043846153846154,-5.0,1.0,13.0,0.0,0.0,,,,
1177211801,priority,False,4,4,12.5,22.56900034321559,88.36248568786614,1.0,12.416666666666666,13.89,0.0,0.0016666666666666,14.61,6.8,-0.26,1.44,1.03,-0.3599999999999999,-5.0,12.0,6.0,0.0,0.0,,,,
663825934,priority,False,6,6,13.89,22.569488381472457,88.3530525265701,9.0,13.860454545454546,18.0,1.0,0.0168181818181818,48.79375,0.35,1.45375,4.74125,0.58,-0.3513636363636364,-5.0,114.0,22.0,12.0,2.0,1.7675,1.9733333333333332,2.5411111111111118,2.6281679576466147e-05
cluster_10279701142_664471710,priority,False,12,8,16.67,22.567898961306405,88.35605718601485,67.0,10.198409090909092,17.98,22.0,0.0845454545454545,50.93285714285714,0.0,-1.4185714285714286,10.542142857142856,0.5,0.2813636363636363,-5.0,118.0,44.0,179.0,74.0,1.7781564245810058,2.309832402234637,0.8476923076923076,0.0001840798045449
1174832699,priority,False,6,6,12.04,22.5723258025227,88.35224022880304,0.0,11.341666666666669,12.51,0.0,0.0,43.389,7.77,4.016,4.916,0.93,-0.395,-4.97,22.0,12.0,14.0,14.0,1.1785714285714286,2.9785714285714286,0.87,0.0002562152250689
1186025349,priority,False,6,6,9.26,22.57238827114381,88.35204029719974,0.0,11.11,11.64,0.0,0.0,58.45125,4.58,2.9475,6.13125,0.59,0.425,-2.59,0.0,10.0,0.0,0.0,,,,
1174832713,priority,False,6,6,12.04,22.57244099148458,88.35187178115854,1.0,11.344615384615384,12.52,0.0,0.003076923076923,49.997,7.35,3.506,7.153999999999999,1.15,-0.0469230769230769,-5.0,5.0,13.0,0.0,0.0,,,,
cluster_13298747751_6469124180,traffic_light,True,8,8,10.42,22.572514209488425,88.35167166227103,5.0,7.778999999999999,12.64,5.0,0.1069999999999999,50.905,0.0,-0.545,23.12,0.52,-0.6900000000000001,-5.0,48.0,10.0,27.0,16.0,1.5185185185185186,2.541851851851852,,0.0001324373062388
cluster_13298747747_13298747748_13298747749_13298747755_#2more,traffic_light,True,12,12,14.81,22.57268138617273,88.35111416882667,25.0,4.041052631578947,12.38,15.0,0.1031578947368421,41.32055555555556,0.0,-2.163333333333333,12.193333333333332,0.06,-0.2557894736842105,-5.0,146.0,19.0,68.0,24.0,1.8187878787878788,2.1911764705882355,18.57,0.000162702267569
cluster_11502623494_11502623496_1186025300_13298747739,traffic_light,True,10,10,9.45,22.573433980238324,88.35347112184665,2.0,9.09,11.39,1.0,0.0275,54.595,0.0,0.065,15.11125,0.56,-0.1025,-5.0,26.0,8.0,6.0,4.0,1.3633333333333333,1.596666666666667,,0.0001357401239145
1186025348,right_before_left,False,6,6,5.56,22.57357720324373,88.35292730106126,,,,,,,,,,,,,,,0.0,0.0,,,,
1186025305,priority,False,6,6,9.26,22.5696394155206,88.3525140484582,3.0,11.1175,13.22,0.0,0.0125,50.20181818181818,6.43,0.0409090909090909,4.845454545454546,0.99,0.2783333333333333,-2.24,0.0,12.0,0.0,0.0,,,,
1186025327,priority,False,4,4,4.17,22.570142276629507,88.35267008783426,,,,,,,,,,,,,,,0.0,0.0,,,,
10943566926,priority,False,6,6,8.34,22.575603663007136,88.35133775869939,1.0,8.645,13.92,0.0,0.035,,,,,,-2.595,-5.0,14.0,2.0,0.0,0.0,,,,
10943720042,right_before_left,False,6,6,5.56,22.576307239344736,88.35154506940111,,,,,,,,,,,,,,,0.0,0.0,,,,
1186025332,right_before_left,False,6,6,5.56,22.576602432626537,88.35163898262871,,,,,,,,,,,,,,,0.0,0.0,,,,
1186025290,priority,False,2,2,5.56,22.57743426381461,88.3518678750688,,,,,,,,,,,,,,,0.0,0.0,,,,
664446006,priority,False,2,2,22.22,22.57931415254153,88.35418088285964,,,,,,,,,,,,,,,0.0,0.0,,,,
13298747752,rail_crossing,False,6,6,8.34,22.572404383354264,88.35204687324878,,,,,,,,,,,,,,,0.0,0.0,,,,
1186025341,right_before_left,False,6,6,5.56,22.5736542393007,88.35209125820316,,,,,,,,,,,,,,,0.0,0.0,,,,
1186025318,priority,False,4,4,9.72,22.57320990050993,88.35216132421513,0.0,13.89,15.59,0.0,0.0,28.292,15.46,-0.52,2.166,1.3,-0.04,-0.87,0.0,6.0,0.0,0.0,,,,
1186025287,priority,False,4,4,9.72,22.573186933180104,88.35284043447393,1.0,12.605,11.59,0.0,0.175,30.42,13.02,-2.5,2.675,1.12,1.365,0.49,0.0,2.0,0.0,0.0,,,,
1186025346,priority,False,4,4,13.89,22.57412578111737,88.35315663887697,4.0,15.437142857142858,18.0,0.0,0.0385714285714285,58.08,8.93,4.421428571428572,4.595714285714286,1.05,0.4242857142857142,-3.77,3.0,7.0,0.0,0.0,,,,
1186025299,priority,False,4,4,8.33,22.57652086580179,88.35197256182988,,,,,,,,,,,,,,,0.0,0.0,,,,
1186025303,priority,False,4,4,13.89,22.574299362900163,88.35258996419488,1.0,21.325714285714287,18.0,0.0,0.0142857142857142,54.544285714285714,11.33,3.9528571428571433,3.611428571428572,0.96,0.0785714285714285,-5.0,8.0,7.0,0.0,0.0,,,,
10943484236,priority,False,6,6,8.34,22.567118176654844,88.34929083308764,,,,,,,,,,,,,,,0.0,0.0,,,,
1187083489,priority,False,4,4,8.33,22.567231116046656,88.34882366351948,0.0,11.11,12.34,0.0,0.0,33.805,8.64,-0.025,3.145,0.87,-0.082,-1.74,0.0,5.0,0.0,0.0,,,,
1189036526,priority,False,4,4,8.33,22.570686201507165,88.35733951956735,1.0,10.93,12.03,0.0,0.0066666666666666,45.194,10.01,-0.148,4.54,1.01,0.1483333333333333,-2.17,0.0,6.0,0.0,0.0,,,,
10281958924,priority,False,6,4,12.97,22.57152540361465,88.35831979994876,6.0,16.289285714285715,17.96,0.0,0.0078571428571428,75.33,13.56,0.5441666666666668,5.378333333333334,1.1,0.225,-5.0,7.0,14.0,0.0,0.0,,,,
1189036932,priority,False,6,6,13.89,22.576226975460727,88.35871640012158,1.0,13.442000000000002,16.23,0.0,0.011,44.65166666666666,7.42,1.42,4.105,0.88,-0.3119999999999999,-5.0,33.0,10.0,0.0,0.0,,,,
1189036870,priority,False,6,4,9.26,22.576225259354548,88.35641807575948,0.0,11.11,13.16,0.0,0.0008333333333333,97.69333333333331,21.77,-2.893333333333333,9.953333333333331,1.96,0.3133333333333333,-2.41,0.0,12.0,0.0,0.0,,,,
cluster_1189036692_13298747742,traffic_light,True,6,6,10.19,22.576000494893822,88.35447479926259,2.0,11.0625,12.0,0.0,0.035,7.779999999999999,0.95,0.9075,1.1975,0.53,-1.1875,-5.0,28.0,4.0,4.0,2.0,1.445,1.57,,8.508219124423052e-05
1189036564,right_before_left,False,6,6,5.56,22.57625767283154,88.3538064254548,,,,,,,,,,,,,,,0.0,0.0,,,,
1189036710,right_before_left,False,6,6,5.56,22.57463646810463,88.35678649530476,,,,,,,,,,,,,,,0.0,0.0,,,,
cluster_11126932580_1189036622,priority,False,6,6,13.89,22.57146646310191,88.36057864496344,1.0,19.24,18.0,0.0,0.0133333333333333,63.803333333333335,19.08,6.48,3.803333333333333,1.09,0.04,-2.39,0.0,3.0,0.0,0.0,,,,
1189036929,priority,False,2,2,13.89,22.57044484805985,88.35995873675681,,,,,,,,,,,,,,,0.0,0.0,,,,
1189036694,priority,False,4,4,8.33,22.57000832734056,88.35943541077614,8.0,10.714285714285714,12.39,0.0,0.0471428571428571,35.98428571428572,10.21,1.7914285714285714,3.3542857142857145,1.03,-0.0171428571428571,-2.76,0.0,7.0,0.0,0.0,,,,
1189036539,priority,False,6,6,11.11,22.571495667511684,88.35692166479025,1.0,14.03,14.31,0.0,0.01,,,,,,0.36,-2.37,0.0,3.0,0.0,0.0,,,,
1189036749,right_before_left,False,6,6,5.56,22.57709958898749,88.34824949337877,,,,,,,,,,,,,,,0.0,0.0,,,,
1189036681,priority,False,2,2,5.56,22.576890648033626,88.34816663824283,,,,,,,,,,,,,,,0.0,0.0,,,,
1189036823,priority,False,2,2,5.56,22.57745432702164,88.34839474907389,,,,,,,,,,,,,,,0.0,0.0,,,,
10680197981,priority,False,6,6,11.11,22.57667279705043,88.35085449988296,5.0,12.865555555555556,15.89,0.0,0.0088888888888888,68.674,7.66,0.248,6.036,1.1,0.4855555555555556,-1.99,0.0,9.0,0.0,0.0,,,,
1174833124,priority,False,2,2,13.89,22.5781449830235,88.35114010961392,0.0,13.89,15.67,0.0,0.0,37.36,4.62,1.42,3.48,1.02,-0.6866666666666666,-5.0,20.0,3.0,2.0,0.0,2.53,1.44,,1.6541993120241954e-05
10680197991,priority,False,6,6,11.11,22.576335983176733,88.35075843188767,0.0,13.89,15.74,0.0,0.0,57.06,14.0,2.4766666666666666,4.533333333333334,1.1,0.05,-2.32,0.0,8.0,0.0,0.0,,,,
10680197995,priority,False,6,6,13.89,22.575875427127567,88.35065182151999,1.0,13.476666666666668,15.46,0.0,0.0044444444444444,38.376,8.96,1.662,3.006,1.06,-0.4033333333333333,-5.0,18.0,9.0,0.0,0.0,,,,
1174832475,priority,False,4,4,18.05,22.574917444812183,88.3505160498227,1.0,17.440714285714286,17.95,0.0,0.0042857142857142,54.96846153846153,0.0,0.2761538461538461,6.833846153846154,0.5,-0.7192857142857143,-5.0,76.0,14.0,24.0,8.0,2.0975,2.556666666666666,3.965,4.471015975931733e-05
cluster_1177161068_1177161589,right_before_left,False,8,8,5.56,22.57447205467116,88.35723907554328,,,,,,,,,,,,,,,0.0,0.0,,,,
12123661004,right_before_left,False,6,6,5.56,22.57348453127712,88.35723319730387,,,,,,,,,,,,,,,0.0,0.0,,,,
663804415,priority,False,6,4,9.26,22.576135837816047,88.35673941661213,0.0,11.11,13.1,0.0,0.0,64.976,20.01,1.302,6.5120000000000005,1.83,0.0091666666666666,-2.12,0.0,12.0,0.0,0.0,,,,
1189036696,priority,False,2,2,5.56,22.575551573202343,88.35652264700063,,,,,,,,,,,,,,,0.0,0.0,,,,
1189036797,priority,False,6,6,11.11,22.57389645773222,88.35869014643914,0.0,13.89,15.79,0.0,0.0,73.67750000000001,16.88,0.5125,8.1725,3.77,0.458,-0.92,0.0,10.0,0.0,0.0,,,,
10281958928,priority,False,6,4,15.74,22.573828809934184,88.35911702252491,5.0,15.696000000000002,17.86,0.0,0.0075,58.48857142857143,0.01,-2.214285714285714,5.988333333333333,0.68,-0.5195000000000001,-5.0,51.0,20.0,4.0,2.0,1.8,1.985,,6.018565134147653e-05
6508834138,right_before_left,False,8,8,5.56,22.574047467869224,88.36061234691266,,,,,,,,,,,,,,,0.0,0.0,,,,
6508839477,right_before_left,False,8,8,5.56,22.57348896359303,88.36044736360499,,,,,,,,,,,,,,,0.0,0.0,,,,
6508834140,right_before_left,False,6,6,5.56,22.57391609623147,88.36109753385604,,,,,,,,,,,,,,,0.0,0.0,,,,
1189036908,right_before_left,False,6,6,5.56,22.57344125793861,88.35684929225411,,,,,,,,,,,,,,,0.0,0.0,,,,
6546843167,right_before_left,False,6,6,5.56,22.57274728358815,88.36093355819347,,,,,,,,,,,,,,,0.0,0.0,,,,
1189036935,priority,False,6,4,9.26,22.57230820228283,88.362056435542,2.0,11.078,12.45,0.0,0.032,35.7825,11.41,-0.6775000000000001,3.93,1.03,0.038,-1.75,0.0,5.0,0.0,0.0,,,,
6508839472,right_before_left,False,6,6,5.56,22.57280489827477,88.36073212393245,,,,,,,,,,,,,,,0.0,0.0,,,,
6508839471,right_before_left,False,6,6,5.56,22.572920040716312,88.36032876774388,,,,,,,,,,,,,,,0.0,0.0,,,,
1189036729,right_before_left,False,6,6,5.56,22.573454381353336,88.35985920803441,,,,,,,,,,,,,,,0.0,0.0,,,,
6508839479,right_before_left,False,6,6,5.56,22.573531911038643,88.35988720050251,,,,,,,,,,,,,,,0.0,0.0,,,,
6546843165,right_before_left,False,8,8,5.56,22.574242267474823,88.36014567672648,,,,,,,,,,,,,,,0.0,0.0,,,,
1177160556,priority,False,6,4,12.97,22.574725568134262,88.3595916784885,1.0,16.52357142857143,17.74,0.0,0.0057142857142857,99.222,63.28,-3.3280000000000003,8.74,4.74,0.3078571428571429,-2.4,0.0,14.0,0.0,0.0,,,,
6546843171,right_before_left,False,6,6,5.56,22.572306405874325,88.36076525657998,,,,,,,,,,,,,,,0.0,0.0,,,,
6546843168,priority,False,2,2,5.56,22.5724252524038,88.36015906341761,,,,,,,,,,,,,,,0.0,0.0,,,,
1189036799,priority,False,4,4,13.89,22.57136861321337,88.3607424338297,0.0,22.22,17.93,0.0,0.0,31.020000000000003,19.53,2.935,1.865,1.21,-0.5566666666666666,-2.42,0.0,3.0,0.0,0.0,,,,
13296545986,priority,False,2,2,5.56,22.576104387945456,88.34748965663313,,,,,,,,,,,,,,,0.0,0.0,,,,
664447223,priority,False,4,4,8.33,22.5763816746401,88.34709116145635,,,,,,,,,,,,,,,0.0,0.0,,,,
1176977350,priority,False,6,6,12.04,22.57716157871009,88.35815504427529,0.0,11.727777777777778,14.91,0.0,0.0,,,,,,-0.1622222222222221,-4.51,10.0,9.0,0.0,0.0,,,,
1189036901,priority,False,2,2,13.89,22.576731230102936,88.35809782033745,,,,,,,,,,,,,,,0.0,0.0,,,,
1189036513,priority,False,6,6,11.11,22.576282241799564,88.35817278254181,1.0,12.716666666666669,15.12,0.0,0.0011111111111111,49.23333333333333,9.22,0.22,3.956666666666667,1.07,0.3755555555555555,-1.35,0.0,9.0,0.0,0.0,,,,
1189036828,priority,False,2,2,5.56,22.57660069905465,88.3582280343726,,,,,,,,,,,,,,,0.0,0.0,,,,
1189036644,priority,False,6,4,9.26,22.575627385013057,88.35858204368083,0.0,11.11,12.43,0.0,0.0,89.38,79.62,0.49,9.36,8.3,-0.1371428571428571,-1.57,0.0,7.0,0.0,0.0,,,,
1177161076,priority,False,6,6,8.34,22.57263893025811,88.35679621345439,3.0,11.998571428571427,15.95,0.0,0.0114285714285714,64.74166666666666,12.69,-1.471666666666667,5.941666666666666,1.09,0.8857142857142858,-2.21,0.0,7.0,0.0,0.0,,,,
1177160566,priority,False,6,6,11.11,22.5731330274412,88.3568557084183,3.0,17.8025,17.98,1.0,0.0325,31.825714285714287,0.0,3.841428571428572,2.7414285714285715,0.53,-0.5475,-5.0,75.0,8.0,78.0,22.0,1.9802564102564104,2.7443589743589745,,0.0001023954229045
6546843174,right_before_left,False,6,6,5.56,22.57356599282467,88.35687054826076,,,,,,,,,,,,,,,0.0,0.0,,,,
1189036917,priority,False,4,4,12.5,22.572156251829423,88.3591904844793,2.0,12.36375,17.79,0.0,0.01125,96.36666666666667,15.16,-1.5200000000000002,7.733333333333333,1.03,0.77375,-1.83,0.0,8.0,0.0,0.0,,,,
1189036817,priority,False,6,4,12.97,22.57362113760738,88.35921593792904,2.0,16.312500000000004,17.89,0.0,0.005,101.84142857142857,14.9,2.8642857142857143,6.671428571428572,1.07,0.0258333333333333,-2.44,0.0,12.0,0.0,0.0,,,,
1189036814,right_before_left,False,6,6,5.56,22.575957546446,88.35375146024022,,,,,,,,,,,,,,,0.0,0.0,,,,
1189036781,right_before_left,False,6,6,5.56,22.576413096007823,88.35377662670706,,,,,,,,,,,,,,,0.0,0.0,,,,
1189036617,priority,False,6,4,9.26,22.57693311223288,88.35394383750562,0.0,11.11,12.92,0.0,0.0,72.01333333333334,13.53,2.1366666666666667,7.676666666666667,1.79,0.4608333333333334,-1.8,0.0,12.0,0.0,0.0,,,,
1189036508,right_before_left,False,6,6,5.56,22.574218883884523,88.35737810466406,,,,,,,,,,,,,,,0.0,0.0,,,,
3640246038,priority,False,2,2,5.56,22.57378065783155,88.35728034903221,,,,,,,,,,,,,,,0.0,0.0,,,,
1189036715,right_before_left,False,6,6,5.56,22.576801566548397,88.35028844485812,,,,,,,,,,,,,,,0.0,0.0,,,,
1189036541,priority,False,4,4,8.33,22.577263080302544,88.34991567415463,0.0,11.11,11.1,0.0,0.0,,,,,,-0.05,-1.47,0.0,1.0,0.0,0.0,,,,
1189036611,priority,False,4,4,8.33,22.576969167224156,88.34975525140743,0.0,11.11,10.92,0.0,0.0,,,,,,0.14,-1.49,0.0,1.0,0.0,0.0,,,,
1189036717,priority,False,6,4,15.74,22.571029776813244,88.35833449099056,3.0,15.718,17.91,0.0,0.0113333333333333,84.0175,0.65,-1.0483333333333331,7.511666666666667,0.06,0.2306666666666666,-5.0,13.0,15.0,0.0,0.0,,,,
1189036925,priority,False,4,4,16.67,22.57689677645887,88.34892152408815,,,,,,,,,,,,,,,0.0,0.0,,,,
1189036468,priority,False,4,4,13.89,22.573207293320525,88.35644659844729,1.0,21.14375,17.98,0.0,0.0425,58.96,13.12,5.2325,3.83125,0.8,-0.06875,-3.93,2.0,8.0,0.0,0.0,,,,
1189036518,priority,False,6,6,8.34,22.57270733199959,88.35634347693501,2.0,13.815714285714288,15.97,0.0,0.0185714285714285,61.45666666666667,15.18,0.0349999999999999,4.726666666666667,1.13,0.0028571428571428,-2.53,0.0,7.0,0.0,0.0,,,,
1189868590,priority,False,6,6,13.89,22.56898930034201,88.35663756075628,3.0,13.376666666666669,16.42,0.0,0.0226666666666666,94.78,1.83,1.5841666666666665,28.23333333333333,1.09,0.5626666666666666,-5.0,11.0,15.0,2.0,0.0,2.78,2.09,,7.484513585303708e-05
1177160716,priority,False,4,4,6.94,22.57148583605107,88.35486472513927,3.0,7.477142857142857,12.68,0.0,0.02,68.44833333333334,11.99,0.6016666666666667,14.636666666666663,1.11,-0.0171428571428571,-2.31,0.0,7.0,0.0,0.0,,,,
1189868561,priority,False,4,4,8.33,22.571162538195804,88.35586513578707,0.0,11.11,12.61,0.0,0.0133333333333333,46.438,10.61,-0.372,4.664,1.11,0.3866666666666667,-1.72,0.0,6.0,0.0,0.0,,,,
1189868551,priority,False,2,2,5.56,22.569928938668813,88.3554035618901,,,,,,,,,,,,,,,0.0,0.0,,,,
1189868557,priority,False,2,2,13.89,22.57193039152774,88.35174445367714,,,,,,,,,,,,,,,0.0,0.0,,,,
cluster_1177160373_664472773,priority,False,8,8,13.89,22.5692693604682,88.35570949018565,19.0,11.6744,16.62,8.0,0.0644,58.98761904761905,0.0,0.7314285714285714,7.229523809523809,0.04,-0.7439999999999999,-5.0,170.0,25.0,36.0,8.0,2.4106451612903226,2.3244444444444445,1.81,9.2783034060082e-05
1177161698,priority,False,6,6,13.89,22.569040115229644,88.35637430754474,3.0,13.827777777777778,16.34,0.0,0.0127777777777777,76.68666666666667,0.1,2.562,7.515333333333333,0.03,-1.0822222222222222,-5.0,61.0,18.0,2.0,0.0,2.88,2.23,,6.637740116507924e-05
10279701147,priority,False,6,4,23.15,22.568893253250284,88.35745471321236,1.0,23.031,17.99,0.0,0.0055,95.57846153846154,0.12,-0.0815384615384614,6.909230769230769,0.29,-0.361,-5.0,58.0,20.0,25.0,12.0,1.7452,2.8144,2.34,0.00017245367311
11282908568,right_before_left,False,6,6,5.56,22.57052277040054,88.35113834985152,,,,,,,,,,,,,,,0.0,0.0,,,,
1189868600,priority,False,2,2,5.56,22.570434299460004,88.3515197939918,,,,,,,,,,,,,,,0.0,0.0,,,,
1189868598,priority,False,4,4,13.89,22.57055275990613,88.35100909937545,0.0,22.22,17.93,0.0,0.0,48.35666666666666,15.67,2.9683333333333333,3.4250000000000003,1.1,0.1328571428571428,-2.75,0.0,7.0,0.0,0.0,,,,
1190100186,right_before_left,False,6,6,5.56,22.56839010668093,88.35231873202886,,,,,,,,,,,,,,,0.0,0.0,,,,
663825914,priority,False,4,4,16.67,22.568504375246835,88.35286465737322,0.0,27.78,18.0,0.0,0.0,68.6275,13.47,0.9625,4.785,0.99,0.785,-2.46,0.0,6.0,0.0,0.0,,,,
1177161157,priority,False,4,4,13.89,22.567939572028305,88.35210534140079,3.0,19.4675,18.0,0.0,0.02,64.96142857142857,8.61,-4.041428571428571,6.701428571428572,1.05,1.5125,-2.04,0.0,8.0,0.0,0.0,,,,
664472662,priority,False,5,5,17.78,22.56822871519777,88.35278941666273,5.0,18.9925,17.96,0.0,0.04125,76.73,8.79,-0.7825000000000001,8.44125,0.96,-0.56625,-5.0,100.0,8.0,0.0,0.0,,,,
1190100407,priority,False,4,4,8.33,22.57079209832898,88.34836513542078,2.0,10.87,12.95,0.0,0.04125,73.65125,10.78,0.98625,7.8425,1.1,0.42625,-3.34,1.0,8.0,0.0,0.0,,,,
1190100078,priority,False,2,2,5.56,22.570214704412415,88.3481352505081,,,,,,,,,,,,,,,0.0,0.0,,,,
1190100511,right_before_left,False,6,6,5.56,22.567787849273024,88.34785577734826,,,,,,,,,,,,,,,0.0,0.0,,,,
1190100462,right_before_left,False,6,6,5.56,22.56792227265664,88.34745426401012,,,,,,,,,,,,,,,0.0,0.0,,,,
1190100154,right_before_left,False,6,6,5.56,22.56786348710415,88.34763574943378,,,,,,,,,,,,,,,0.0,0.0,,,,
11282869378,right_before_left,False,6,6,5.56,22.56713768746612,88.34464558296449,,,,,,,,,,,,,,,0.0,0.0,,,,
1190100432,priority,False,2,2,5.56,22.567075408029527,88.34484560997697,,,,,,,,,,,,,,,0.0,0.0,,,,
1190100198,right_before_left,False,6,6,5.56,22.567302337406403,88.34411725235452,,,,,,,,,,,,,,,0.0,0.0,,,,
11282869390,right_before_left,False,6,6,5.56,22.567341636489303,88.34396494726326,,,,,,,,,,,,,,,0.0,0.0,,,,
11282869382,right_before_left,False,6,6,5.56,22.56736907929139,88.34385872200848,,,,,,,,,,,,,,,0.0,0.0,,,,
1190100079,right_before_left,False,6,6,5.56,22.566599675959445,88.34357215115246,,,,,,,,,,,,,,,0.0,0.0,,,,
1190100149,right_before_left,False,6,6,5.56,22.56642919429819,88.34383677405708,,,,,,,,,,,,,,,0.0,0.0,,,,
1190100063,priority,False,2,2,5.56,22.565993562724746,88.34365428973304,,,,,,,,,,,,,,,0.0,0.0,,,,
cluster_11942000232_664472748,priority,False,8,8,13.2,22.568538061469336,88.34793105150341,7.0,14.468,18.0,0.0,0.009,81.34375,0.1,-0.4881249999999999,9.285625,0.02,0.0495,-5.0,43.0,20.0,6.0,0.0,2.046666666666667,1.9833333333333332,,7.6987658582097e-05
11282888881,right_before_left,False,6,6,5.56,22.56991566638146,88.34995167212071,,,,,,,,,,,,,,,0.0,0.0,,,,
1190100185,priority,False,4,4,16.67,22.569960915787806,88.34979057394331,2.0,22.474285714285717,14.79,0.0,0.0285714285714285,67.566,13.79,-2.114,8.15,1.25,1.4214285714285713,-0.92,0.0,7.0,0.0,0.0,,,,
11282888883,right_before_left,False,6,6,5.56,22.570057944283075,88.35054037487689,,,,,,,,,,,,,,,0.0,0.0,,,,
1190100064,priority,False,4,4,8.33,22.570178801771288,88.35058249640267,1.0,11.08375,12.94,0.0,0.01125,74.48,10.85,1.3414285714285714,7.054285714285714,1.1,0.49625,-2.22,0.0,8.0,0.0,0.0,,,,
1190100199,priority,False,4,4,8.33,22.570600972211,88.34906535612926,5.0,11.045,14.27,0.0,0.0225,62.36,9.34,0.0975,6.13875,0.99,0.38875,-2.44,0.0,8.0,0.0,0.0,,,,
1190100182,priority,False,6,6,11.11,22.569811275594404,88.34838914696859,1.0,13.461818181818185,15.53,0.0,0.0045454545454545,88.435,23.37,-2.1825,11.395,1.55,0.5145454545454545,-2.31,0.0,11.0,0.0,0.0,,,,
1190100106,priority,False,4,4,5.56,22.570277994648688,88.34577822772953,,,,,,,,,,,,,,,0.0,0.0,,,,
6173706993,right_before_left,False,6,6,5.56,22.56947390503523,88.346355305054,,,,,,,,,,,,,,,0.0,0.0,,,,
1190100169,right_before_left,False,6,6,5.56,22.566256610479897,88.34427710945143,,,,,,,,,,,,,,,0.0,0.0,,,,
1190100352,priority,False,6,6,20.37,22.568299091659178,88.34636606844626,6.0,19.502727272727277,18.0,0.0,0.019090909090909,95.56714285714284,12.45,-0.4628571428571427,7.412857142857143,1.71,0.8736363636363635,-2.25,0.0,11.0,0.0,0.0,,,,
11282915086,priority,False,6,6,4.63,22.566200562124557,88.34693697690521,,,,,,,,,,,,,,,0.0,0.0,,,,
1190100322,priority,False,2,2,5.56,22.56439931553266,88.3462100380607,,,,,,,,,,,,,,,0.0,0.0,,,,
1190100383,right_before_left,False,4,4,5.56,22.56659186662746,88.34709492254709,,,,,,,,,,,,,,,0.0,0.0,,,,
1190100244,priority,False,4,4,8.33,22.57270549845904,88.34493437131428,1.0,11.188571428571429,12.44,0.0,0.0,138.485,119.79,-0.6100000000000001,14.63,10.48,0.0242857142857142,-2.18,0.0,7.0,0.0,0.0,,,,
1190100379,priority,False,6,6,9.26,22.572240110609066,88.34697854633794,0.0,11.11,14.2,0.0,0.0,139.33,136.1,-6.53,18.89,16.47,0.5925,-2.01,0.0,4.0,0.0,0.0,,,,
1190100058,priority,False,8,8,18.06,22.56723526688061,88.3459258820335,5.0,16.19363636363636,17.98,0.0,0.0254545454545454,59.39166666666667,18.58,0.3166666666666665,6.010000000000001,1.25,-0.9618181818181818,-5.0,60.0,11.0,0.0,0.0,,,,
1190100053,right_before_left,False,4,4,5.56,22.566833058618563,88.34698318971655,,,,,,,,,,,,,,,0.0,0.0,,,,
1190100381,right_before_left,False,6,6,5.56,22.57062810529016,88.34455602475677,,,,,,,,,,,,,,,0.0,0.0,,,,
1190100245,priority,False,6,6,9.26,22.57163344744784,88.3441923167731,0.0,11.11,11.9,0.0,0.0,11.32,9.84,0.08,1.22,1.0,0.0049999999999999,-2.7,0.0,6.0,0.0,0.0,,,,
1190100061,priority,False,4,4,13.89,22.5683708769763,88.35072807190775,0.0,22.22,17.97,0.0,0.0,85.20142857142856,15.51,3.4614285714285717,5.311428571428571,1.11,0.15875,-2.0,0.0,8.0,0.0,0.0,,,,
1190100498,priority,False,4,4,8.33,22.56778497010423,88.35052280108125,5.0,10.96625,13.49,0.0,0.05625,45.3725,6.13,-0.94125,4.69375,1.03,0.41625,-2.31,0.0,8.0,0.0,0.0,,,,
1190100069,right_before_left,False,6,6,5.56,22.569572094408212,88.34746417390834,,,,,,,,,,,,,,,0.0,0.0,,,,
1190100107,priority,False,4,4,8.33,22.568871660540594,88.34713973604403,1.0,10.538571428571428,12.33,0.0,0.0042857142857142,91.48714285714286,27.95,0.4128571428571428,9.575714285714286,2.65,0.7571428571428571,-2.19,0.0,7.0,0.0,0.0,,,,
1190100168,right_before_left,False,6,6,5.56,22.5699305136066,88.34763376792974,,,,,,,,,,,,,,,0.0,0.0,,,,
1190100298,priority,False,8,8,9.72,22.569029110951053,88.34452719100423,2.0,13.25,15.53,0.0,0.005,153.995,87.57,1.42,12.345,7.33,0.6525,-2.22,0.0,8.0,0.0,0.0,,,,
1190100299,priority,False,6,6,9.26,22.569689787565324,88.34274782195298,0.0,11.11,11.72,0.0,0.0,,,,,,0.49,-1.14,0.0,1.0,0.0,0.0,,,,
1177161040,right_before_left,False,6,6,5.56,22.566843540708543,88.35081394337716,,,,,,,,,,,,,,,0.0,0.0,,,,
1177161190,right_before_left,False,6,6,5.56,22.567243459314437,88.35142936087986,,,,,,,,,,,,,,,0.0,0.0,,,,
11378851576,priority,False,2,2,5.56,22.56640825303448,88.35075281003695,,,,,,,,,,,,,,,0.0,0.0,,,,
1190100324,priority,False,6,6,9.26,22.56768997665185,88.34444379195601,0.0,11.11,12.5,0.0,0.0,72.205,10.14,1.0316666666666665,6.626666666666666,1.05,-0.0433333333333333,-2.44,0.0,9.0,0.0,0.0,,,,
3641857319,priority,False,2,2,5.56,22.568545830779243,88.34476096825645,,,,,,,,,,,,,,,0.0,0.0,,,,
1190100300,priority,False,2,2,5.56,22.566232163666687,88.34455423373059,,,,,,,,,,,,,,,0.0,0.0,,,,
1190100375,priority,False,2,2,5.56,22.565797207196688,88.34408593270932,,,,,,,,,,,,,,,0.0,0.0,,,,
1190100143,priority,False,2,2,5.56,22.568894336953655,88.35163568207247,,,,,,,,,,,,,,,0.0,0.0,,,,
1190100057,right_before_left,False,6,6,5.56,22.56906935924905,88.34495238466316,,,,,,,,,,,,,,,0.0,0.0,,,,
1190100180,priority,False,2,2,5.56,22.56888988721821,88.34535200797565,,,,,,,,,,,,,,,0.0,0.0,,,,
11282869393,right_before_left,False,6,6,5.56,22.567555531286573,88.34421180529557,,,,,,,,,,,,,,,0.0,0.0,,,,
1190100178,priority,False,6,6,9.26,22.567740115379618,88.34428060212282,1.0,10.805,12.28,0.0,0.006,76.6825,23.18,0.3999999999999998,7.075,2.44,0.072,-2.06,0.0,10.0,0.0,0.0,,,,
1190100092,priority,False,2,2,5.56,22.56986654041769,88.34787375229837,,,,,,,,,,,,,,,0.0,0.0,,,,
1190100277,priority,False,4,4,8.33,22.57009446630147,88.34712516668336,1.0,11.288333333333332,12.51,0.0,0.0066666666666666,124.77,123.34,0.26,12.72,12.11,0.2283333333333333,-2.13,0.0,6.0,0.0,0.0,,,,
10279761593,priority,False,6,6,12.97,22.56742716181832,88.34880719028055,0.0,27.78,18.0,0.0,0.0,167.89,157.41,7.9,9.71,9.0,-0.0349999999999999,-2.26,0.0,2.0,0.0,0.0,,,,
1190100487,priority,False,4,4,8.33,22.567404043819376,88.34887124906757,1.0,10.984,12.5,0.0,0.008,65.675,55.7,1.145,6.12,4.96,0.058,-2.12,0.0,5.0,0.0,0.0,,,,
1190100210,right_before_left,False,6,6,5.56,22.57453547642392,88.34741740830242,,,,,,,,,,,,,,,0.0,0.0,,,,
1190100138,priority,False,4,4,8.33,22.574948062797624,88.3463832926117,2.0,10.985714285714286,12.39,0.0,0.0071428571428571,178.15,9.59,-1.124,16.796,1.07,-0.01,-2.96,0.0,7.0,0.0,0.0,,,,
5424221999,priority,False,4,4,16.67,22.574300526161416,88.34847542062448,1.0,26.285714285714285,17.99,0.0,0.0042857142857142,60.10428571428572,9.19,1.2285714285714284,3.781428571428571,1.05,0.1557142857142857,-3.47,1.0,7.0,0.0,0.0,,,,
1190100495,priority,False,4,4,8.33,22.57413990889955,88.3458713579946,2.0,10.422857142857142,12.43,0.0,0.0114285714285714,108.4775,23.22,-1.5225,14.2875,2.06,0.1157142857142857,-1.8,0.0,7.0,0.0,0.0,,,,
cluster_10279842289_10846984358_2281204203_663943533,priority,False,7,7,14.29,22.566365148509814,88.3484641604459,0.0,16.666666666666668,18.0,0.0,0.0033333333333333,40.05,32.11,3.23,3.84,3.02,-0.3999999999999999,-4.77,8.0,3.0,0.0,0.0,,,,
1190100112,right_before_left,False,4,4,5.56,22.5667228961853,88.3473783231374,,,,,,,,,,,,,,,0.0,0.0,,,,
6868769758,priority,False,2,2,13.89,22.567326129082176,88.35064193853978,,,,,,,,,,,,,,,0.0,0.0,,,,
1190100042,priority,False,6,6,9.26,22.571013054625773,88.34374631911531,2.0,10.678571428571429,12.01,0.0,0.0057142857142857,10.155,8.19,-0.96,1.345,1.07,0.2257142857142857,-2.54,0.0,7.0,0.0,0.0,,,,
1190100439,priority,False,6,6,11.11,22.57044087267599,88.34496569217345,2.0,12.506666666666668,15.15,0.0,0.0033333333333333,51.120000000000005,7.85,-0.2133333333333333,4.523333333333333,1.22,0.3733333333333333,-2.49,0.0,6.0,0.0,0.0,,,,
1190100287,priority,False,8,8,9.72,22.569287040514045,88.34817485512238,0.0,13.890000000000002,15.7,0.0,0.0,99.944,10.74,-0.3819999999999998,7.720000000000001,1.12,0.1081818181818182,-2.46,0.0,11.0,0.0,0.0,,,,
10279761591,priority,False,4,4,16.67,22.569020947562745,88.34937013668407,1.0,23.764000000000003,17.91,0.0,0.006,14.49,6.76,-2.37,1.6,1.0,1.152,-2.36,0.0,5.0,0.0,0.0,,,,
1190128192,priority,False,4,4,13.89,22.56767401450185,88.35314782445842,3.0,19.2425,17.99,0.0,0.025,66.19875,15.36,5.055,4.4,1.01,0.05375,-3.23,2.0,8.0,0.0,0.0,,,,
cluster_1177161441_1190128246,priority,False,6,6,13.89,22.567407826014144,88.35394279055815,4.0,15.793,17.59,0.0,0.031,62.226,0.1,-2.4210000000000003,5.554,0.16,1.012,-5.0,7.0,10.0,0.0,0.0,,,,
1190128338,priority,False,2,2,5.56,22.56546982960425,88.35615683697375,,,,,,,,,,,,,,,0.0,0.0,,,,
1190128345,priority,False,6,6,9.26,22.566293155348426,88.35651528669443,0.0,11.11,12.33,0.0,0.0,74.45,49.25,0.0449999999999999,7.435,4.97,0.0287499999999999,-2.05,0.0,8.0,0.0,0.0,,,,
1190128257,priority,False,8,8,13.89,22.56769464630642,88.3575987741585,1.0,13.733125,13.87,0.0,0.003125,52.83,1.89,-0.97,7.808461538461538,0.68,-0.948125,-5.0,77.0,16.0,2.0,2.0,1.36,1.54,,0.0001609966253326
1190128270,priority,False,6,6,9.26,22.56661374937036,88.35615693996526,0.0,11.11,12.81,0.0,0.0,54.91,46.84,0.47,5.8100000000000005,4.46,0.127,-1.98,0.0,10.0,0.0,0.0,,,,
1190128194,priority,False,2,2,5.56,22.56573765831363,88.35572552352171,,,,,,,,,,,,,,,0.0,0.0,,,,
cluster_10279701138_664472033,priority,False,11,7,20.2,22.56617769815897,88.35238117586239,3.0,15.408181818181818,18.0,0.0,0.01,24.83,16.71,-2.685,2.455,1.76,-0.2145454545454545,-4.0,1.0,11.0,0.0,0.0,,,,
1177211771,priority,False,2,2,22.22,22.565710308317524,88.35247493738625,,,,,,,,,,,,,,,0.0,0.0,,,,
1190128342,right_before_left,False,8,8,5.56,22.56645386188399,88.35887539749169,,,,,,,,,,,,,,,0.0,0.0,,,,
1190128236,priority,False,2,2,5.56,22.56543852978655,88.35330134854765,,,,,,,,,,,,,,,0.0,0.0,,,,
1190128318,priority,False,6,4,9.26,22.5664060938666,88.35310345316331,0.0,11.11,11.5,0.0,0.0,21.82,21.49,-0.68,2.09,2.02,-0.1849999999999999,-2.11,0.0,6.0,0.0,0.0,,,,
1190128311,right_before_left,False,6,6,5.56,22.56620250859831,88.35863904497539,,,,,,,,,,,,,,,0.0,0.0,,,,
1177211877,priority,False,2,2,5.56,22.565505192696172,88.3589530412666,,,,,,,,,,,,,,,0.0,0.0,,,,
1190128367,right_before_left,False,8,8,5.56,22.566444969053443,88.3585811252748,,,,,,,,,,,,,,,0.0,0.0,,,,
1190128349,right_before_left,False,6,6,2.78,22.566951206276578,88.35978967201171,0.0,2.78,3.25,0.0,0.0,53.1925,21.93,-4.1575,19.745,9.29,0.0425,-1.76,0.0,4.0,0.0,0.0,,,,
1190128237,priority,False,6,6,8.33,22.56639909193456,88.35778943961056,1.0,10.934,12.05,0.0,0.028,75.13,74.67,0.47,6.92,6.67,0.122,-1.94,0.0,5.0,0.0,0.0,,,,
1190128225,priority,False,6,6,8.33,22.565919469975046,88.35688215650543,6.0,7.726923076923076,12.03,0.0,0.0138461538461538,110.654,30.23,-0.264,16.61,2.55,-0.6423076923076922,-5.0,16.0,13.0,0.0,0.0,,,,
10943490952,priority,False,6,6,10.19,22.5677333975804,88.35730963385728,6.0,10.165384615384616,15.04,1.0,0.0353846153846153,68.29272727272728,0.1,-1.3836363636363638,14.466,1.0,0.8476923076923076,-3.57,1.0,13.0,3.0,0.0,2.02,1.4233333333333331,1.83,7.08447676747382e-05
cluster_1177211698_663826189,priority,False,8,8,11.8,22.56732082586201,88.35682633697648,6.0,10.905714285714286,14.86,1.0,0.0185714285714285,54.309411764705885,0.1,0.713529411764706,7.40625,0.46,-0.430952380952381,-5.0,73.0,21.0,2.0,0.0,1.52,2.5,,0.0001210428968806
1190128337,priority,False,2,2,2.78,22.566988607112187,88.35962860118326,,,,,,,,,,,,,,,0.0,0.0,,,,
664472703,priority,False,7,7,11.11,22.566698072445085,88.35605428921691,2.0,10.681875,12.33,0.0,0.0075,72.352,1.94,-0.584,8.524000000000001,0.46,-1.225625,-5.0,22.0,16.0,0.0,0.0,,,,
1177211573,priority,False,6,6,9.26,22.56620213141384,88.35657712306214,0.0,11.11,11.84,0.0,0.0,114.1275,47.65,-2.1775,18.805,4.44,0.96875,-2.41,0.0,8.0,0.0,0.0,,,,
1177211806,priority,False,2,2,11.11,22.56387626703597,88.35902547545786,4.0,10.7425,11.22,0.0,0.01,85.065,39.95,0.83,8.045,3.66,0.0125,-2.36,0.0,4.0,0.0,0.0,,,,
1190128320,priority,False,6,6,13.89,22.56666348187653,88.35525084800015,4.0,12.727692307692308,15.28,0.0,0.0138461538461538,85.92181818181818,1.3,4.852727272727273,10.31,0.78,0.556923076923077,-5.0,38.0,13.0,9.0,4.0,1.4825,2.7366666666666664,2.785,0.0001141322635275
cluster_11158897100_11158897101_11158897102_664471748_#1more,priority,False,12,8,18.06,22.5670752823748,88.35445497749566,46.0,10.384117647058824,17.99,28.0,0.0544117647058823,44.268214285714286,0.0,-0.2096428571428571,7.987777777777778,0.19,-0.0685294117647058,-5.0,252.0,34.0,114.0,50.0,1.796160714285714,2.482719298245614,1.393333333333333,0.0002455743258027
1177211539,priority,False,6,4,9.26,22.569295795665496,88.35774574689094,2.0,11.057692307692308,13.48,0.0,0.0046153846153846,69.63,10.25,2.144285714285714,6.625714285714286,1.05,-0.1553846153846154,-5.0,28.0,13.0,0.0,0.0,,,,
1177212096,priority,False,4,4,8.33,22.57032975899851,88.35844462755016,21.0,5.201428571428571,12.24,10.0,0.1442857142857143,14.3,0.0,0.3328571428571428,2.6214285714285714,0.5,-0.1028571428571428,-5.0,35.0,7.0,60.0,16.0,2.093,2.101,,0.0001504873099175
1190128202,priority,False,2,2,13.89,22.56520799142209,88.35999411089868,1.0,13.225,13.78,0.0,0.01,,,,,,0.04,-2.04,0.0,2.0,0.0,0.0,,,,
1190128222,priority,False,6,6,13.89,22.56609228104137,88.35478040394032,1.0,13.751764705882351,15.4,0.0,0.0023529411764705,73.86,5.74,0.213,10.155,0.71,-0.1064705882352941,-5.0,42.0,17.0,0.0,0.0,,,,
1190128334,priority,False,4,4,12.5,22.56706297441108,88.35570055549098,0.0,12.5,15.56,0.0,0.0,81.86,37.85,-0.99,14.6625,4.04,-0.734,-5.0,31.0,10.0,0.0,0.0,,,,
1190128275,priority,False,2,2,5.56,22.56641166004596,88.35936931180902,,,,,,,,,,,,,,,0.0,0.0,,,,
1191714320,priority,False,2,2,2.78,22.568413872849582,88.36144291968736,,,,,,,,,,,,,,,0.0,0.0,,,,
1191714336,priority,False,6,6,15.74,22.568004245006435,88.3611681463934,0.0,22.219999999999995,17.73,0.0,0.0,60.52307692307692,14.0,3.986923076923077,4.125384615384616,1.03,0.858,-2.55,0.0,15.0,0.0,0.0,,,,
1191714317,right_before_left,False,6,6,2.78,22.566073299551952,88.36179337769943,1.0,2.335,3.04,0.0,0.08,,,,,,0.06,-1.77,0.0,2.0,0.0,0.0,,,,
1177212010,priority,False,2,2,2.78,22.566037632018723,88.36177095140482,,,,,,,,,,,,,,,0.0,0.0,,,,
1177211991,right_before_left,False,6,6,2.78,22.56628523899029,88.36192655390968,0.0,2.78,3.15,0.0,0.035,14.53,2.13,0.25,6.55,0.96,0.005,-1.89,0.0,2.0,0.0,0.0,,,,
cluster_1177211428_1177211911,priority,False,8,8,15.28,22.56703912686685,88.36222775695141,2.0,15.526923076923076,18.0,0.0,0.0069230769230769,50.833333333333336,18.29,7.646666666666666,3.573333333333333,1.52,-0.893076923076923,-5.0,32.0,13.0,0.0,0.0,,,,
1191714373,priority,False,6,6,15.74,22.567842002834237,88.36138439820662,3.0,17.68777777777778,17.99,0.0,0.0155555555555555,58.038125,6.91,1.481875,7.230625,0.93,-0.0016666666666666,-5.0,13.0,18.0,2.0,2.0,1.13,5.63,,5.7535895221631286e-05
cluster_1191863963_1191864049,priority,False,8,8,13.89,22.57585154968913,88.36089956137782,4.0,13.079285714285716,14.5,0.0,0.0085714285714285,80.30428571428571,50.58,-1.6171428571428572,10.415714285714284,4.22,-0.7057142857142857,-5.0,44.0,14.0,0.0,0.0,,,,
1191863693,priority,False,6,4,12.04,22.575020679972724,88.3606228745883,1.0,11.86,14.68,0.0,0.0066666666666666,82.526,23.81,1.498,7.736,2.39,-0.4966666666666667,-5.0,21.0,9.0,0.0,0.0,,,,
1191863899,priority,False,6,6,11.11,22.576813046013637,88.36108825165047,1.0,13.821428571428571,13.89,0.0,0.0042857142857142,,,,,,0.2614285714285714,-2.42,0.0,7.0,0.0,0.0,,,,
1191864018,priority,False,6,4,12.97,22.57559468114928,88.35987486100478,0.0,16.67,17.27,0.0,0.0,45.49,43.44,1.55,5.63,4.2,0.6242857142857143,-2.16,0.0,14.0,0.0,0.0,,,,
1191863762,priority,False,2,2,5.56,22.575406413493752,88.3605088830815,,,,,,,,,,,,,,,0.0,0.0,,,,
1191863775,priority,False,2,2,13.89,22.57841059688091,88.36152050729342,1.0,13.7925,13.79,0.0,0.0075,,,,,,-0.565,-5.0,15.0,4.0,0.0,0.0,,,,
1191863783,priority,False,2,2,2.78,22.571670240816488,88.36271966832848,,,,,,,,,,,,,,,0.0,0.0,,,,
1191863854,priority,False,8,8,12.5,22.570592577992013,88.36214918153782,2.0,17.36,17.58,0.0,0.0275,17.025,11.61,3.72,3.72,1.86,-0.9,-5.0,9.0,4.0,0.0,0.0,,,,
1191863830,right_before_left,False,6,6,2.78,22.571793875732222,88.36202891522599,0.0,2.78,3.44,0.0,0.0,85.565,68.4,-0.17,34.145,24.51,-0.7533333333333334,-4.0,2.0,3.0,0.0,0.0,,,,
1191863984,priority,False,2,2,2.78,22.57134360965637,88.36216920537471,,,,,,,,,,,,,,,0.0,0.0,,,,
1191863867,priority,False,6,4,8.33,22.57185953025316,88.36185946147552,1.0,10.348181818181818,13.72,0.0,0.0045454545454545,41.010000000000005,8.48,-0.3659999999999999,4.354,0.82,-0.0509090909090909,-5.0,7.0,11.0,0.0,0.0,,,,
1191863774,priority,False,6,4,12.04,22.57251265057344,88.36214626639809,1.0,10.4675,11.74,0.0,0.04,61.895,8.0,-0.7749999999999999,7.325,1.11,-0.6025,-5.0,2.0,4.0,0.0,0.0,,,,
1191863826,priority,False,2,2,13.89,22.57196828608617,88.36336029981568,2.0,11.4,15.59,0.0,0.025,10.81,8.92,-0.6499999999999999,1.085,0.99,0.735,-1.66,0.0,2.0,0.0,0.0,,,,
1191863835,priority,False,2,2,13.89,22.576565402001425,88.36075572448156,1.0,13.326666666666668,15.4,0.0,0.01,,,,,,1.09,-1.37,0.0,3.0,0.0,0.0,,,,
1191863841,priority,False,6,6,11.11,22.57560166904903,88.36234459229392,2.0,13.605714285714289,14.39,0.0,0.0042857142857142,148.115,114.18,-0.48,13.7,10.62,0.4485714285714285,-2.11,0.0,7.0,0.0,0.0,,,,
5169245524,priority,False,2,2,5.56,22.57474956137475,88.36315609162821,,,,,,,,,,,,,,,0.0,0.0,,,,
1191863802,priority,False,8,8,12.5,22.570737148275867,88.36175886244297,2.0,14.95125,15.03,0.0,0.00375,54.8175,6.67,-0.1299999999999999,18.83,1.06,0.57875,-5.0,12.0,8.0,0.0,0.0,,,,
1191863687,right_before_left,False,6,6,2.78,22.57013050934367,88.36189168372391,1.0,2.6925,3.2,0.0,0.0075,9.84,8.56,-0.11,4.19,3.23,-0.07,-5.0,3.0,4.0,0.0,0.0,,,,
1191863718,priority,False,2,2,13.89,22.575256104553176,88.36334508517245,0.0,13.89,13.86,0.0,0.0,77.87,76.08,-1.42,6.97,5.52,-0.685,-5.0,7.0,2.0,0.0,0.0,,,,
10281958933,priority,False,6,4,15.74,22.57595741546755,88.35979964174619,2.0,16.136000000000003,17.71,0.0,0.019,65.93,14.86,1.47,5.48,1.26,-0.705,-5.0,34.0,10.0,0.0,0.0,,,,
1176977542,priority,False,8,8,13.89,22.57641650599332,88.35766495140328,1.0,13.454117647058824,15.13,0.0,0.0023529411764705,63.67375,1.04,-0.4474999999999999,9.7325,0.14,-0.3570588235294117,-5.0,43.0,17.0,0.0,0.0,,,,
6469564795,priority,False,6,6,13.89,22.576517983017016,88.3573387685065,5.0,12.897,15.89,0.0,0.0125,53.87384615384615,1.67,-1.820769230769231,12.379230769230768,0.71,-0.4699999999999999,-5.0,84.0,20.0,10.0,4.0,1.687142857142857,2.044,1.5575,3.879514341930216e-05
1177212135,priority,False,2,2,22.22,22.566155599040744,88.36412402668452,,,,,,,,,,,,,,,0.0,0.0,,,,
13300645526,rail_crossing,False,6,6,23.15,22.56945027396629,88.3606898546922,2.0,24.735,17.97,0.0,0.02375,17.368571428571432,0.0,0.7485714285714286,1.9171428571428568,0.55,0.10625,-5.0,19.0,8.0,14.0,0.0,2.0614285714285714,1.8614285714285717,,0.0001026721868478
cluster_13300645520_13300645530_663844204,traffic_light,True,9,9,17.9,22.569583741577794,88.36074640477169,2.0,19.107,17.41,1.0,0.059,27.906,0.0,-2.5170000000000003,19.96625,0.55,-0.509,-5.0,63.0,10.0,2.0,2.0,1.2,2.96,,0.0001070517841446
cluster_13908994425_13908994429_13908994430,traffic_light,True,10,10,17.78,22.5691270752338,88.36052261618964,17.0,13.46875,17.92,4.0,0.08125,28.42571428571429,0.0,0.3828571428571429,5.372857142857143,0.51,0.4962499999999999,-5.0,95.0,8.0,38.0,16.0,1.7463157894736845,2.344736842105263,,0.0001655767088345
663826006,rail_crossing,False,4,4,20.84,22.564865982663346,88.3593809978731,,,,,,,,,,,,,,,0.0,0.0,,,,
13300645527,rail_crossing,False,6,6,23.15,22.56821888511195,88.36027835176473,1.0,24.80333333333333,16.26,0.0,0.12,7.569999999999999,0.0,-0.661111111111111,2.962222222222222,0.18,-0.2822222222222222,-5.0,17.0,9.0,79.0,29.0,1.949620253164557,2.310379746835443,,4.321387941076135e-05
1177212157,priority,False,5,5,26.67,22.56810642844221,88.36025779779922,105.0,13.7,18.0,77.0,0.2134782608695652,21.077142857142857,0.0,1.5742857142857145,3.3704761904761904,0.11,0.1852173913043478,-5.0,158.0,23.0,80.0,26.0,1.927,2.481,,0.000138896996155
13300645529,rail_crossing,False,6,6,23.15,22.56771763918961,88.360209927679,0.0,27.78,18.0,0.0,0.0,47.61909090909091,8.56,6.677272727272728,3.913636363636364,1.01,0.6492307692307692,-4.75,3.0,13.0,10.0,4.0,1.888,2.474,,0.0001473874271526
1189868546,priority,False,2,2,13.89,22.571313871656407,88.35187158290283,0.0,13.89,15.06,0.0,0.0,85.73,78.82,-9.05,16.1,14.42,0.675,-2.0,0.0,2.0,0.0,0.0,,,,
13974625517,priority,False,5,5,26.67,22.566712940587887,88.34570967738523,0.0,27.78,18.0,0.0,0.0,,,,,,-0.09,-1.77,0.0,1.0,0.0,0.0,,,,
13974625509,priority,False,2,2,27.78,22.565681787555352,88.34528294757445,,,,,,,,,,,,,,,0.0,0.0,,,,
cluster_11942000227_11942000230_6173706992,priority,False,10,10,17.78,22.569065575631868,88.34662306523101,12.0,20.0775,18.0,2.0,0.0107142857142857,76.38238095238096,3.58,0.8500000000000001,7.8375,0.61,-0.9567857142857142,-5.0,237.0,28.0,16.0,6.0,1.4428571428571428,3.71375,1.23,0.000125990666472
13974625520,priority,False,4,4,23.61,22.569303057881367,88.34678156155216,5.0,17.839285714285715,14.29,0.0,0.0185714285714285,99.8190909090909,8.8,-5.22,14.811818181818182,1.11,-0.7207142857142858,-5.0,62.0,14.0,2.0,0.0,3.02,2.68,1.39,2.362732760235373e-05
1190100120,priority,False,4,4,12.5,22.56983910543296,88.34974358120262,0.0,27.78,16.19,0.0,0.0,24.05333333333333,14.17,1.9833333333333332,1.99,1.24,0.2433333333333333,-4.4,1.0,6.0,0.0,0.0,,,,
10279761589,priority,False,6,6,12.97,22.569867161559,88.34966157758176,0.0,27.78,18.0,0.0,0.0,86.27000000000001,66.74,9.54,5.085,4.15,-0.27,-2.45,0.0,4.0,0.0,0.0,,,,
664447219,priority,False,4,4,8.33,22.576751105583245,88.34944647045741,0.0,11.11,11.08,0.0,0.0,,,,,,-0.02,-2.46,0.0,1.0,0.0,0.0,,,,
10943566925,priority,False,6,6,13.89,22.57548258051617,88.35087129653654,1.0,12.06,14.98,0.0,0.0033333333333333,138.23,138.23,-4.55,19.88,19.88,0.2716666666666666,-5.0,5.0,6.0,0.0,0.0,,,,
10845792723,priority,False,2,2,5.56,22.571072748242333,88.35685090510142,,,,,,,,,,,,,,,0.0,0.0,,,,
1189036859,priority,False,4,4,8.33,22.570866037038574,88.35678265130814,1.0,11.186,12.13,0.0,0.008,63.754,11.32,1.104,6.158,1.09,0.024,-2.09,0.0,5.0,0.0,0.0,,,,
10904686761,priority,False,2,2,5.56,22.575129694793016,88.3578471505996,,,,,,,,,,,,,,,0.0,0.0,,,,
1189036625,priority,False,6,4,9.26,22.57374033233148,88.36268526717205,1.0,11.083333333333334,11.56,0.0,0.0133333333333333,,,,,,-0.0133333333333333,-2.1,0.0,3.0,0.0,0.0,,,,
10907705739,priority,False,2,2,5.56,22.570921163345982,88.3551198475642,,,,,,,,,,,,,,,0.0,0.0,,,,
10907705738,priority,False,4,4,8.33,22.571354234890247,88.3552721034328,3.0,11.522,12.81,0.0,0.0579999999999999,44.63,11.34,-0.0124999999999999,4.1625,1.05,0.0559999999999999,-2.04,0.0,5.0,0.0,0.0,,,,
10907806555,priority,False,2,2,2.78,22.570248629498018,88.35500211117885,,,,,,,,,,,,,,,0.0,0.0,,,,
10943433498,priority,False,6,4,15.74,22.57189917673686,88.35844522637174,3.0,15.665555555555557,17.98,0.0,0.015,62.165333333333336,0.0,3.6233333333333335,4.828666666666666,0.33,-0.3738888888888889,-5.0,70.0,18.0,14.0,4.0,1.741428571428571,2.9957142857142856,,7.216166369053378e-05
10943435169,priority,False,4,4,12.5,22.571227085113097,88.35566561702663,0.0,11.507142857142856,15.7,0.0,0.0,51.685,13.17,-0.0199999999999999,4.875,1.17,-0.9385714285714286,-5.0,9.0,7.0,0.0,0.0,,,,
10943490816,priority,False,4,4,9.72,22.573179905363084,88.35295639246293,2.0,12.183333333333335,14.02,0.0,0.04,17.89666666666667,8.07,-2.02,1.8683333333333332,1.09,1.2066666666666668,-1.55,0.0,6.0,0.0,0.0,,,,
10943490813,priority,False,4,4,9.72,22.573213361407447,88.3523189130164,1.0,14.066666666666668,15.94,0.0,0.0066666666666666,24.454,13.56,-0.384,1.864,1.01,0.145,-2.33,0.0,6.0,0.0,0.0,,,,
10943498145,priority,False,4,4,12.5,22.566908653973183,88.34870693598243,2.0,10.674285714285714,15.52,0.0,0.0128571428571428,32.375,7.85,0.825,3.135,1.04,-0.0628571428571428,-5.0,7.0,7.0,0.0,0.0,,,,
10943524296,priority,False,2,2,13.89,22.570299369687007,88.3521627871763,,,,,,,,,,,,,,,0.0,0.0,,,,
11125046588,priority,False,6,6,12.04,22.569910106142785,88.35154813827754,2.0,11.011666666666663,13.34,0.0,0.0058333333333333,38.79875,10.22,0.09375,3.7025,1.03,0.0516666666666666,-2.27,0.0,12.0,0.0,0.0,,,,
10943525385,priority,False,6,6,9.26,22.566210885710586,88.35800047906667,1.0,10.95625,12.12,0.0,0.00125,77.41,76.19,0.76,7.05,6.93,0.25,-1.84,0.0,8.0,0.0,0.0,,,,
11843639556,right_before_left,False,6,6,2.78,22.56737143751662,88.35732534584659,1.0,2.6016666666666666,3.16,0.0,0.0116666666666666,84.47,6.84,-2.0525,34.989999999999995,2.35,-0.0249999999999999,-2.46,0.0,6.0,2.0,0.0,2.84,1.52,,9.89435856377698e-05
10943490945,priority,False,6,6,8.33,22.567072327208557,88.35708599833336,1.0,9.2,12.29,0.0,0.02,72.80666666666667,4.23,2.6566666666666667,11.636666666666668,1.49,-0.0822222222222222,-4.31,2.0,9.0,0.0,0.0,,,,
10943595338,priority,False,2,2,2.78,22.57567787060172,88.34968723645342,,,,,,,,,,,,,,,0.0,0.0,,,,
13977163698,priority,False,4,4,15.28,22.575858389932232,88.34892756073354,1.0,8.7425,17.23,0.0,0.0075,61.92,43.95,6.67,4.88,2.55,0.385,-1.76,0.0,4.0,0.0,0.0,,,,
664472776,priority,False,6,6,9.26,22.57012519913679,88.35314296467173,5.0,10.652727272727272,13.55,0.0,0.0163636363636363,102.70444444444443,0.14,-2.4266666666666667,14.304444444444446,0.4,-0.2881818181818181,-5.0,34.0,11.0,4.0,0.0,2.405,1.165,,7.256144268826087e-05
10943720043,priority,False,4,4,8.33,22.57620459521577,88.35188252718754,,,,,,,,,,,,,,,0.0,0.0,,,,
10943736751,priority,False,6,4,12.97,22.57430191635972,88.35944756970994,2.0,16.121538461538464,17.83,0.0,0.0092307692307692,121.4057142857143,14.81,1.0571428571428572,7.991428571428571,1.08,0.0015384615384615,-2.14,0.0,13.0,0.0,0.0,,,,
6508839475,right_before_left,False,8,8,5.56,22.5733546703737,88.36093631309836,,,,,,,,,,,,,,,0.0,0.0,,,,
10964798380,priority,False,2,2,13.89,22.570965596286484,88.34599594666076,0.0,13.89,13.66,0.0,0.0,,,,,,0.71,-1.34,0.0,2.0,0.0,0.0,,,,
cluster_1190100404_664446591,priority,False,6,6,12.04,22.571349104511725,88.34642691235749,5.0,11.345454545454546,14.43,0.0,0.0109090909090909,60.886,13.86,0.0859999999999999,6.7700000000000005,1.4,-0.1109090909090908,-5.0,7.0,11.0,0.0,0.0,,,,
10279701149,priority,False,2,2,11.11,22.56491564861758,88.35932887248454,2.0,10.8225,12.03,0.0,0.0075,,,,,,-0.185,-5.0,6.0,4.0,0.0,0.0,,,,
664472751,priority,False,4,4,13.89,22.570074914623486,88.35096067764553,2.0,15.039333333333332,18.0,0.0,0.0066666666666666,47.61923076923077,10.09,1.6207692307692307,5.1,0.92,-1.156,-5.0,123.0,15.0,6.0,0.0,1.9333333333333331,2.536666666666666,1.01,3.130222480254328e-05
1177160369,priority,False,4,4,18.05,22.568047685563005,88.3542938972711,0.0,22.22,17.98,0.0,0.0,55.95,6.93,0.5757142857142856,5.938571428571429,1.06,0.42625,-5.0,17.0,8.0,12.0,2.0,2.106666666666667,2.5875,,0.0001318478456856
1191714332,priority,False,4,4,9.72,22.56749455163885,88.36245921797195,0.0,13.89,13.89,0.0,0.0,,,,,,-2.36,-5.0,13.0,3.0,0.0,0.0,,,,
1189036844,priority,False,4,4,13.89,22.571206214898417,88.36100916476661,0.0,22.22,17.96,0.0,0.0,36.27333333333333,16.73,4.3,2.4966666666666666,1.09,-0.4066666666666667,-4.98,4.0,3.0,0.0,0.0,,,,
11126932585,priority,False,2,2,13.89,22.570911751238597,88.36106443144311,,,,,,,,,,,,,,,0.0,0.0,,,,
11126932584,priority,False,4,4,18.05,22.571097688635373,88.36117508501621,1.0,17.213333333333335,17.17,0.0,0.0366666666666666,23.57,5.3,3.1625,1.925,0.58,-1.6816666666666666,-5.0,10.0,6.0,0.0,0.0,,,,
11190263237,right_before_left,False,6,6,5.56,22.577077641398912,88.36088038295007,,,,,,,,,,,,,,,0.0,0.0,,,,
11190215836,priority,False,6,4,12.97,22.577165533234627,88.36033533289827,,,,,,,,,,,,,,,0.0,0.0,,,,
11190263238,priority,False,2,2,5.56,22.57746626192943,88.36096939855439,,,,,,,,,,,,,,,0.0,0.0,,,,
11190263239,priority,False,2,2,5.56,22.57692700734368,88.3608458356335,,,,,,,,,,,,,,,0.0,0.0,,,,
11282869379,priority,False,6,6,9.26,22.567573010894687,88.34479996311808,3.0,10.885,12.46,0.0,0.022,85.54333333333334,31.54,1.3033333333333337,7.996666666666667,3.32,-0.049,-2.31,0.0,10.0,0.0,0.0,,,,
10279761590,priority,False,6,6,12.97,22.569485201332807,88.34954212671214,0.0,27.78,17.8,0.0,0.0,,,,,,0.0966666666666666,-1.94,0.0,3.0,0.0,0.0,,,,
1190100283,priority,False,2,2,5.56,22.56962827876176,88.34905705637141,,,,,,,,,,,,,,,0.0,0.0,,,,
1190100139,priority,False,4,4,8.33,22.56946409898369,88.3496134999425,3.0,10.624285714285715,12.27,0.0,0.0457142857142857,94.00714285714284,10.87,0.3414285714285713,9.032857142857145,1.13,-0.7114285714285715,-5.0,17.0,7.0,0.0,0.0,,,,
1190100094,priority,False,2,2,5.56,22.570018003460103,88.34916617545836,,,,,,,,,,,,,,,0.0,0.0,,,,
1190100153,priority,False,2,2,5.56,22.569278749159366,88.34505740786483,,,,,,,,,,,,,,,0.0,0.0,,,,
1190100192,priority,False,2,2,13.89,22.567590628794004,88.34323320206872,,,,,,,,,,,,,,,0.0,0.0,,,,
1190100514,priority,False,6,6,12.04,22.56798144031785,88.34362347131253,1.0,12.022,15.03,0.0,0.001,107.765,82.62,2.075,11.09,6.47,-0.3119999999999999,-5.0,21.0,10.0,0.0,0.0,,,,
11462469754,priority,False,2,2,5.56,22.56956993532176,88.36139543557913,,,,,,,,,,,,,,,0.0,0.0,,,,
11462469753,priority,False,4,4,8.33,22.569392500606337,88.36131530682358,0.0,11.11,11.59,0.0,0.0,65.33,59.57,11.44,5.72,5.18,-0.1166666666666666,-0.95,0.0,3.0,0.0,0.0,,,,
11502623495,priority,False,2,2,2.78,22.573144558160177,88.35473972428173,,,,,,,,,,,,,,,0.0,0.0,,,,
9189383180,priority,False,4,4,8.34,22.567386647481182,88.35752427776262,0.0,11.1125,13.89,0.0,0.0,23.29,9.3,5.609999999999999,3.9375,1.33,-1.9,-5.0,20.0,4.0,0.0,0.0,,,,
10281958930,priority,False,6,4,15.74,22.57436364454776,88.35928283867838,1.0,16.452857142857145,17.95,0.0,0.0064285714285714,82.558,1.66,-1.044,8.022,0.13,0.2328571428571428,-5.0,2.0,14.0,0.0,0.0,,,,
12123617513,priority,False,2,2,2.78,22.56987814776345,88.36223319012906,,,,,,,,,,,,,,,0.0,0.0,,,,
10281958927,priority,False,6,4,15.74,22.573081889910224,88.35886704418475,4.0,15.40529411764706,17.98,0.0,0.0117647058823529,92.62,15.4,0.9655555555555556,7.17111111111111,1.09,0.0605882352941176,-5.0,12.0,17.0,2.0,0.0,1.8,2.5,,4.6121911289361525e-05
1189036615,priority,False,4,4,13.89,22.57306636448053,88.35716656659557,16.0,11.25125,17.94,11.0,0.2375,27.97125,0.0,4.16,2.43875,0.5,-0.315,-5.0,27.0,8.0,60.0,10.0,2.2353333333333336,2.067,,0.0001346911412319
1189036584,priority,False,6,6,12.04,22.57709237688228,88.35863764468428,0.0,12.8475,12.75,0.0,0.0,118.895,10.88,-0.125,14.9475,1.57,-1.82,-5.0,36.0,8.0,4.0,0.0,2.405,0.7525,1.38,4.429243078160279e-05
1177161205,priority,False,6,6,8.34,22.57277401329285,88.35590181023794,1.0,13.885,15.74,0.0,0.0116666666666666,70.738,15.63,0.094,5.44,1.12,2.312964634635743e-18,-2.53,0.0,6.0,0.0,0.0,,,,
13619904153,priority,False,4,4,6.94,22.57176368354806,88.35400517731108,1.0,8.24,12.66,0.0,0.005,57.0225,13.34,2.8275,5.3825,1.27,-0.1533333333333333,-4.58,4.0,6.0,0.0,0.0,,,,
cluster_10281958935_12287656430_12287656431_663940647,priority,False,12,8,13.89,22.57694084764581,88.36019268570035,4.0,14.362105263157895,17.26,0.0,0.0063157894736842,101.985,16.67,-5.5425,13.114999999999998,1.31,-0.3263157894736842,-5.0,33.0,19.0,0.0,0.0,,,,
663940642,traffic_light,True,6,6,12.04,22.57742163950081,88.35576716121726,3.0,9.8,13.55,1.0,0.0118181818181818,63.89000000000001,1.0,-2.313333333333333,7.935,6.84,-0.2490909090909091,-5.0,30.0,11.0,0.0,0.0,,,,
664447208,priority,False,6,6,12.04,22.57719860124379,88.35785691980878,1.0,11.550999999999998,15.57,0.0,0.004,11.84,3.9,0.1149999999999999,1.265,0.42,-0.348,-5.0,14.0,10.0,2.0,0.0,2.3,0.75,,9.06859982428395e-05
664446594,priority,False,6,6,12.04,22.56981906860715,88.34453747909306,7.0,11.32642857142857,15.14,0.0,0.0092857142857142,81.54375,9.0,0.06125,10.6375,1.26,0.1792857142857142,-5.0,35.0,14.0,2.0,0.0,,3.01,1.29,2.439049645100044e-05
663943263,priority,False,6,6,11.11,22.570109667776563,88.34309675297254,1.0,11.124,12.03,0.0,0.002,101.1975,6.61,1.475,9.1625,1.07,-0.296,-5.0,19.0,10.0,0.0,0.0,,,,
664446599,priority,False,6,6,12.04,22.569722163633102,88.34486010305362,0.0,12.036666666666669,15.5,0.0,0.0,110.7075,9.69,0.16,11.3575,1.38,-0.0283333333333333,-5.0,21.0,12.0,2.0,0.0,2.35,2.99,1.75,2.3507772653622988e-05
1191863980,priority,False,2,2,22.22,22.570056745232005,88.36580493197276,,,,,,,,,,,,,,,0.0,0.0,,,,
1191863749,priority,False,6,5,19.44,22.5709555779944,88.36139251171772,1.0,23.345384615384617,17.99,0.0,0.0076923076923076,31.0925,0.1,-0.3375,3.04375,0.61,-0.1153846153846153,-5.0,62.0,13.0,4.0,2.0,1.89,2.6500000000000004,,9.169899174576026e-05
cluster_5424222000_664446587,priority,False,6,6,25.93,22.574877029641293,88.34870365263846,9.0,20.087777777777777,18.0,0.0,0.02,75.75266666666667,0.1,1.4606666666666668,6.5873333333333335,0.05,-0.0477777777777777,-5.0,91.0,18.0,8.0,2.0,2.115,3.055,,8.438129775384544e-05
664446571,priority,False,4,4,16.66,22.57561069187019,88.34677847092597,1.0,11.158333333333331,12.2,0.0,0.0016666666666666,133.44,6.27,-1.12,12.425,0.96,-0.7516666666666666,-5.0,19.0,6.0,2.0,0.0,2.55,0.62,,6.89736489540556e-05
664446593,priority,False,5,5,12.78,22.572664331084837,88.34728260656118,1.0,12.776,14.96,0.0,0.016,99.92,96.09,-8.02,17.35,14.88,0.626,-5.0,5.0,5.0,0.0,0.0,,,,
664446596,priority,False,4,4,12.5,22.571542857319077,88.34572447237888,3.0,12.19625,15.18,0.0,0.00625,41.82,7.82,0.44,4.1433333333333335,1.15,-1.09,-5.0,23.0,8.0,0.0,0.0,,,,
664447004,priority,False,6,6,12.04,22.56784243319804,88.344001798412,2.0,11.284999999999998,15.84,0.0,0.0071428571428571,83.56666666666666,22.74,3.17,7.62,1.88,-0.0907142857142857,-5.0,10.0,14.0,2.0,0.0,2.53,0.8250000000000001,1.13,2.1972261795881268e-05
cluster_10943717330_6470135655,priority,False,7,7,13.49,22.567407245738927,88.34529939906601,0.0,11.904285714285717,13.05,0.0,0.0,83.98166666666667,0.12,0.2566666666666666,9.203333333333331,0.92,-0.0471428571428571,-5.0,13.0,14.0,0.0,0.0,,,,
410457342,priority,False,6,6,11.11,22.568665079862672,88.34189441838244,6.0,9.992857142857144,12.08,0.0,0.0071428571428571,,,,,,-0.0571428571428571,-4.26,4.0,7.0,2.0,0.0,,2.41,1.55,3.396365767341577e-05
664447206,priority,False,6,4,12.04,22.57589086735501,88.35755437383793,0.0,12.8475,13.92,0.0,0.0,,,,,,0.25875,-5.0,7.0,8.0,0.0,0.0,,,,
664472708,priority,False,6,6,12.04,22.565829679327056,88.35517053710471,4.0,11.913846153846151,13.18,0.0,0.0069230769230769,92.77,91.35,0.79,9.53,9.04,-0.0692307692307692,-5.0,6.0,13.0,0.0,0.0,,,,
664472048,priority,False,2,2,11.11,22.564475543248157,88.35415679357422,,,,,,,,,,,,,,,0.0,0.0,,,,
7371768928,right_before_left,False,5,5,9.44,22.566491833374084,88.35584434849596,0.0,11.11,11.73,0.0,0.0,,,,,,0.5766666666666667,-2.37,0.0,9.0,0.0,0.0,,,,
664472707,priority,False,4,4,12.5,22.56638354721425,88.35432198711636,3.0,12.462727272727273,15.42,0.0,0.0172727272727272,114.195,100.82,-6.135,47.76,47.69,-1.3163636363636364,-5.0,32.0,11.0,0.0,0.0,,,,
664472749,priority,False,4,4,12.5,22.57070667626749,88.34870693219086,3.0,12.1175,15.36,0.0,0.0258333333333333,63.73363636363636,10.1,1.3209090909090908,8.65,1.11,-0.54,-5.0,40.0,12.0,2.0,0.0,1.57,3.31,1.93,1.047196695229909e-05
5424222002,priority,False,4,4,20.84,22.574321257760047,88.34863113641715,4.0,19.608,17.89,0.0,0.012,56.98285714285714,0.1,-2.254285714285714,5.532857142857144,0.24,0.4629999999999999,-5.0,25.0,10.0,6.0,0.0,1.9333333333333331,2.93,,4.204735265693567e-05
664446124,priority,False,4,4,12.5,22.57373945110593,88.35108801258514,2.0,12.292727272727271,14.13,0.0,0.03,132.82999999999998,22.4,4.89,10.8525,2.17,-0.5636363636363636,-5.0,20.0,11.0,0.0,0.0,,,,
663826061,priority,False,4,4,11.11,22.57191554170321,88.34439510717067,0.0,11.11,11.99,0.0,0.0,99.27,99.27,-4.15,15.76,15.76,-0.06,-4.33,7.0,6.0,0.0,0.0,,,,
6749210994,priority,False,2,2,11.11,22.56531303230336,88.33993786269782,,,,,,,,,,,,,,,0.0,0.0,,,,
cluster_1174832977_4137940796,rail_crossing,False,8,8,25.0,22.575443706647583,88.3460216402473,,,,,,,,,,,,,,,0.0,0.0,,,,
6173584950,priority,False,4,4,8.33,22.57519585448152,88.34654024262969,1.0,10.891666666666666,12.46,0.0,0.015,180.202,9.47,-1.05,17.352,1.07,0.0433333333333333,-2.01,0.0,6.0,0.0,0.0,,,,
6173584947,priority,False,3,3,4.63,22.57600289308133,88.34580532281518,,,,,,,,,,,,,,,0.0,0.0,,,,
10560867460,priority,False,6,6,4.63,22.5712715317166,88.34936510627128,,,,,,,,,,,,,,,0.0,0.0,,,,
6469974911,priority,False,2,2,5.56,22.571043494136813,88.35005047729894,,,,,,,,,,,,,,,0.0,0.0,,,,
10560867461,priority,False,6,6,4.63,22.571420115137617,88.34883738819615,,,,,,,,,,,,,,,0.0,0.0,,,,
6469974905,priority,False,4,4,8.33,22.570852729151586,88.34815760027985,2.0,10.87875,13.0,0.0,0.065,83.71125,10.98,1.2275,7.835,1.07,0.065,-2.3,0.0,8.0,0.0,0.0,,,,
6470135654,priority,False,2,2,13.89,22.568165209367084,88.34547393223666,,,,,,,,,,,,,,,0.0,0.0,,,,
10904691235,priority,False,2,2,5.56,22.574693706716943,88.36105070724312,,,,,,,,,,,,,,,0.0,0.0,,,,
664446590,priority,False,4,4,20.84,22.572426006911325,88.34789241767851,10.0,16.39,18.0,0.0,0.0172727272727272,53.89300000000001,0.1,-3.8,5.121,0.05,-0.0736363636363636,-5.0,39.0,11.0,6.0,0.0,1.9266666666666663,2.29,,4.3854783801467487e-05
9189383173,priority,False,2,2,5.56,22.56655397883648,88.35790872793882,,,,,,,,,,,,,,,0.0,0.0,,,,
1191863888,priority,False,4,4,8.33,22.568884510063032,88.3628314502976,0.0,11.11,11.71,0.0,0.0,,,,,,0.02,-1.8,0.0,3.0,0.0,0.0,,,,
9189383186,priority,False,2,2,5.56,22.571991770395456,88.35641194437014,,,,,,,,,,,,,,,0.0,0.0,,,,
1176978438,priority,False,6,4,12.04,22.576407930852668,88.35581384722867,0.0,12.036666666666669,15.36,0.0,0.0,70.296,9.35,-1.828,7.268000000000001,1.22,-0.784,-5.0,32.0,15.0,4.0,0.0,2.8200000000000003,1.76,3.02,3.80785737010377e-05
1177161219,priority,False,4,4,25.0,22.567808275742305,88.35258468215059,9.0,18.629375,17.96,0.0,0.0375,52.636875,0.0,-1.8725,6.329375,0.26,-0.1812499999999999,-5.0,254.0,16.0,60.0,12.0,2.117037037037037,2.5083333333333333,1.7742857142857142,6.932957168860185e-05
1177160403,priority,False,3,3,14.81,22.56880060107069,88.34937635555747,11.0,14.345,18.0,1.0,0.0157142857142857,50.67153846153846,0.0,2.764615384615385,4.253076923076923,0.12,-0.4935714285714286,-5.0,194.0,14.0,54.0,10.0,2.1244444444444444,2.448888888888889,,0.0001463756119483
cluster_11944729366_664471711,priority,False,9,5,19.75,22.56849216235412,88.35730189161745,24.0,17.32241379310345,18.0,5.0,0.036551724137931,62.39692307692307,0.0,0.4392307692307692,6.3769230769230765,0.29,-0.6051724137931035,-5.0,296.0,29.0,151.0,29.0,2.136308724832215,2.0741721854304638,3.0475000000000003,0.0001883139501379
6173584946,priority,False,3,3,8.33,22.57219538512445,88.34458620589514,0.0,11.11,11.66,0.0,0.0,117.05,111.43,-3.56,16.2,12.84,0.416,-2.0,0.0,5.0,0.0,0.0,,,,
664446588,priority,False,3,3,12.04,22.57366561665668,88.3455709943617,3.0,10.93375,12.43,0.0,0.0075,135.57,116.24,0.45,12.9825,9.77,-0.04375,-5.0,3.0,8.0,0.0,0.0,,,,
cluster_10281958925_10281958926_6508834064_6508834065_#1more,priority,False,11,7,17.43,22.57242988055185,88.358576276534,60.0,9.8965625,17.99,32.0,0.0909375,55.47870967741935,0.0,1.900967741935484,7.041935483870968,0.37,-0.559375,-5.0,343.0,32.0,190.0,48.0,2.129052631578947,2.332210526315789,1.7333333333333334,0.0002049048647391
cluster_10560867453_663943486,priority,False,6,6,19.45,22.57040376700208,88.34981151685993,4.0,16.12181818181818,18.0,1.0,0.0086363636363636,46.26052631578948,0.0,-0.3184210526315789,6.176111111111111,0.37,-0.9754545454545456,-5.0,134.0,22.0,18.0,6.0,1.7333333333333334,2.393333333333333,3.2433333333333336,0.0001545426875829
cluster_10281965682_663944134,priority,False,6,6,16.67,22.571059638675184,88.3474488746389,13.0,12.55095238095238,18.0,1.0,0.0157142857142857,80.35947368421053,0.0,-1.4042105263157894,7.480526315789473,0.07,-0.0409523809523809,-5.0,90.0,21.0,28.0,10.0,1.756153846153846,2.58,,0.0001179926061807
663943276,priority,False,4,4,19.45,22.567301875650703,88.35234468315738,9.0,11.48,18.0,0.0,0.0366666666666666,43.04875,2.96,1.28,4.33875,0.42,-0.4811111111111111,-5.0,124.0,9.0,0.0,0.0,,,,
cluster_11158897098_664472732,priority,False,10,6,17.78,22.56658133771824,88.35331561581253,7.0,16.598333333333333,18.0,0.0,0.0075,100.42125,0.1,0.69375,9.585625,0.08,0.18375,-5.0,62.0,24.0,8.0,2.0,2.225,2.255,,0.0001267243232085
cluster_10279761592_11942000229_11942000233_663943274,priority,False,7,7,17.46,22.56808017789596,88.34907729316154,32.0,9.631764705882354,17.95,8.0,0.0588235294117647,44.839375,0.0,0.854375,5.278125,0.37,-0.3805882352941176,-5.0,184.0,17.0,104.0,32.0,2.085576923076923,2.2284615384615383,1.415,0.0002097308929581
cluster_664446535_8507351665_8507351666,traffic_light,True,8,8,13.2,22.5731532548366,88.35338610162907,43.0,6.155714285714285,15.96,23.0,0.0664285714285714,31.266428571428573,0.0,0.5914285714285714,7.442142857142857,0.03,0.1185714285714285,-5.0,141.0,14.0,174.0,44.0,2.047241379310345,2.340574712643678,6.495,0.0002110871774473
664446129,priority,False,3,3,12.04,22.57319713229724,88.35119884955249,2.0,12.39,15.9,0.0,0.0066666666666666,58.0625,0.12,4.8133333333333335,5.5633333333333335,0.07,-0.6608333333333333,-5.0,66.0,12.0,0.0,0.0,,,,
664446125,priority,False,3,3,11.11,22.57395739836789,88.35122746388116,1.0,11.15375,11.98,0.0,0.0025,86.06428571428572,9.81,3.6957142857142857,8.281428571428572,1.12,-0.13125,-2.29,0.0,8.0,0.0,0.0,,,,
10279701136,dead_end,False,3,2,27.78,22.56597404614345,88.35186307765557,,,,,,,,,,,,,,,0.0,0.0,,,,
664472733,dead_end,False,2,2,11.11,22.56567766680751,88.35395963983754,,,,,,,,,,,,,,,0.0,0.0,,,,
cluster_10281958932_663804338,priority,False,12,6,14.82,22.575318717187557,88.35969728400889,4.0,14.922285714285715,17.67,0.0,0.01,73.50083333333333,9.88,-2.1566666666666667,18.279090909090908,1.11,-0.2805714285714286,-5.0,82.0,35.0,4.0,0.0,2.665,3.2750000000000004,3.16,0.000107087665365
664447176,dead_end,False,4,2,11.11,22.574273409479925,88.362919353682,0.0,11.11,11.35,0.0,0.0,,,,,,-0.03,-2.06,0.0,1.0,0.0,0.0,,,,
cluster_10281958922_663940594,priority,False,10,6,16.67,22.570456920276627,88.35805053591923,37.0,15.381764705882354,18.0,21.0,0.0941176470588235,67.5192,0.0,0.2371999999999999,5.7036,0.5,0.0088235294117647,-5.0,61.0,34.0,30.0,8.0,2.0153333333333334,2.0706666666666664,0.6,0.0001735790803762
cluster_10279701141_664472702,priority,False,10,6,18.89,22.56752829008733,88.3552745707881,11.0,16.045151515151517,17.98,0.0,0.0536363636363636,65.76,0.0,-0.4537037037037037,13.505185185185184,0.28,-0.0142424242424242,-5.0,55.0,33.0,2.0,0.0,1.7,2.13,,9.386762991074034e-05
cluster_13298747750_13298747754_7007141699,traffic_light,True,7,7,15.08,22.572671865241023,88.35074255865752,4.0,16.650833333333335,15.25,1.0,0.0375,50.193333333333335,0.0,-3.435,10.109166666666669,0.5,-0.2666666666666666,-5.0,82.0,12.0,14.0,8.0,1.487142857142857,2.7328571428571427,,6.933015973057823e-05
2281204505,dead_end,False,1,1,13.89,22.572623811295163,88.350624702547,,,,,,,,,,,,,,,0.0,0.0,,,,
cluster_663943516_664446119,right_before_left,False,5,5,10.0,22.572884725031184,88.35057394889203,7.0,10.873846153846152,14.53,0.0,0.0061538461538461,84.92307692307692,17.2,3.65,9.816923076923077,1.68,-0.1253846153846153,-5.0,31.0,13.0,0.0,0.0,,,,
8021489624,priority,False,2,2,13.89,22.57269888270302,88.35093461054997,,,,,,,,,,,,,,,30.0,16.0,1.7493333333333332,2.1053333333333333,,8.558602836152643e-05
10279819094,dead_end,False,1,1,27.78,22.56504592750588,88.3478914580076,,,,,,,,,,,,,,,0.0,0.0,,,,
10560867456,priority,False,4,3,9.72,22.57141644474237,88.35029617760794,15.0,9.671428571428573,14.56,0.0,0.04,41.76857142857143,6.02,-0.9442857142857142,5.034285714285715,0.98,0.3614285714285715,-2.61,0.0,7.0,0.0,0.0,,,,
10560867452,priority,False,4,3,15.28,22.570611490805625,88.34999618353876,6.0,10.87076923076923,14.56,0.0,0.0115384615384615,55.353,8.05,1.4659999999999995,5.049,1.0,-0.0723076923076923,-4.6,3.0,13.0,0.0,0.0,,,,
1191864053,dead_end,False,1,1,11.11,22.568635979623988,88.3635728925756,,,,,,,,,,,,,,,0.0,0.0,,,,
6311588102,priority,False,3,3,19.45,22.5729250692932,88.3480819606086,4.0,22.9125,18.0,0.0,0.0212499999999999,66.85857142857142,14.6,0.4042857142857143,4.64,1.1,0.1362499999999999,-2.39,0.0,8.0,0.0,0.0,,,,
cluster_663842376_663944135,priority,False,5,5,24.45,22.573618529119116,88.3483330144845,8.0,20.567692307692308,18.0,0.0,0.0207692307692307,61.92636363636364,0.0,1.6527272727272726,4.971818181818182,0.52,-0.343076923076923,-5.0,98.0,13.0,24.0,10.0,1.8691666666666664,2.411666666666666,,0.0001358365812984
664472746,dead_end,False,2,1,11.11,22.565869777123112,88.35192128684068,0.0,11.11,10.01,0.0,0.0,,,,,,-0.14,-1.78,0.0,1.0,0.0,0.0,,,,
663944184,dead_end,False,1,1,11.11,22.565132247121745,88.34804556419454,,,,,,,,,,,,,,,0.0,0.0,,,,
cluster_13298740740_664446558,traffic_light,True,8,8,15.28,22.57395063408587,88.35363012487605,21.0,8.617999999999999,17.96,11.0,0.0766666666666666,35.96933333333333,0.0,-1.9653333333333332,9.004666666666667,0.5,-0.4386666666666666,-5.0,208.0,15.0,122.0,34.0,2.009661016949152,2.57655737704918,,0.0001185611437159
13298747744,rail_crossing,False,4,4,12.5,22.57771187577208,88.35589157512028,1.0,10.17,11.25,0.0,0.025,,,,,,1.4475,-0.87,0.0,4.0,0.0,0.0,,,,
13298747745,rail_crossing,False,4,4,12.5,22.57777484102655,88.355922341651,,,,,,,,,,,,,,,0.0,0.0,,,,
13298747746,rail_crossing,False,4,4,12.5,22.579523343441775,88.35676003988391,,,,,,,,,,,,,,,0.0,0.0,,,,
664445900,dead_end,False,1,1,11.11,22.579719561441603,88.35681944242918,,,,,,,,,,,,,,,0.0,0.0,,,,
13298747730,rail_crossing,False,4,4,12.5,22.57529005189165,88.35405392686611,1.0,10.088333333333331,11.93,0.0,0.0166666666666666,11.546666666666669,7.63,-1.5266666666666666,1.5166666666666666,1.1,0.8566666666666668,-0.95,0.0,6.0,0.0,0.0,,,,
13298747731,rail_crossing,False,4,4,12.5,22.57570186840869,88.35420977037586,1.0,10.788,11.92,0.0,0.008,20.78333333333333,9.99,-0.15,2.0,1.02,0.428,-2.29,0.0,5.0,0.0,0.0,,,,
13298747732,rail_crossing,False,4,4,12.5,22.57609336702669,88.35460078102493,0.0,11.11,10.07,0.0,0.0,9.5175,6.63,-1.21,1.2875,1.04,1.1375,-0.71,0.0,4.0,0.0,0.0,,,,
cluster_13298747733_13298747737_663825864,traffic_light,True,10,8,12.22,22.576596213772905,88.35513303220252,8.0,10.323529411764708,13.31,1.0,0.0152941176470588,38.73090909090909,0.0,-0.9836363636363636,7.6890909090909085,0.46,-0.2488235294117647,-5.0,74.0,17.0,8.0,6.0,1.5425,1.965,,0.0001188341598345
13298747734,rail_crossing,False,4,4,12.5,22.57679717031853,88.35534818838029,0.0,11.11,10.83,0.0,0.0,,,,,,0.9533333333333333,-1.82,0.0,3.0,0.0,0.0,,,,
13298747735,rail_crossing,False,4,4,12.5,22.576939493485305,88.35547942086545,0.0,11.11,12.27,0.0,0.005,90.28,90.02,-0.25,8.04,7.95,0.25,-2.22,0.0,4.0,0.0,0.0,,,,
10092213337,dead_end,False,2,1,16.67,22.57873427130415,88.36068258499303,1.0,15.9175,17.28,0.0,0.0025,,,,,,-0.105,-1.88,0.0,4.0,0.0,0.0,,,,
11282915078,dead_end,False,1,1,2.78,22.56568854309086,88.34586778399093,,,,,,,,,,,,,,,0.0,0.0,,,,
11282915095,dead_end,False,1,1,2.78,22.565202649823128,88.3471894700318,,,,,,,,,,,,,,,0.0,0.0,,,,
2282622910,dead_end,False,1,1,13.89,22.569733139524104,88.36080962734157,,,,,,,,,,,,,,,0.0,0.0,,,,
664446557,priority,False,5,5,15.55,22.574640561023813,88.3514134672004,10.0,12.372272727272728,17.97,0.0,0.014090909090909,50.41529411764706,0.0,-0.9276470588235296,7.033529411764706,0.06,-0.1027272727272727,-5.0,247.0,22.0,56.0,12.0,2.3716,2.2478571428571428,1.61,8.378253255190231e-05
cluster_5424222009_664446539,priority,False,5,5,26.67,22.575280892844987,88.34875319707433,7.0,19.80090909090909,18.0,0.0,0.0409090909090909,50.48090909090909,8.98,1.2463636363636363,4.995454545454545,0.99,-1.5154545454545456,-5.0,152.0,11.0,2.0,0.0,2.04,3.39,,0.000101389762284
1174757559,dead_end,False,1,1,11.11,22.57989710234308,88.34853095576361,,,,,,,,,,,,,,,0.0,0.0,,,,
10281965681,priority,False,2,2,19.45,22.57239499536099,88.34794998325073,3.0,22.396666666666665,17.92,0.0,0.06,82.77,12.5,4.015,5.255,1.03,-0.8933333333333334,-5.0,9.0,3.0,0.0,0.0,,,,
1176978277,dead_end,False,2,1,16.67,22.57809693676309,88.3605899597536,,,,,,,,,,,,,,,0.0,0.0,,,,
2276455501,dead_end,False,1,1,13.89,22.563049736695977,88.35858733992778,,,,,,,,,,,,,,,0.0,0.0,,,,
2281204508,dead_end,False,1,1,13.89,22.57264412992576,88.35061439692257,,,,,,,,,,,,,,,0.0,0.0,,,,
2281204475,priority,False,2,2,13.89,22.57215802886039,88.35281453866135,,,,,,,,,,,,,,,0.0,0.0,,,,
2281204573,dead_end,False,1,1,13.89,22.579659501172507,88.356808350104,,,,,,,,,,,,,,,0.0,0.0,,,,
8021489684,dead_end,False,1,1,13.89,22.569710249536637,88.36082486593159,,,,,,,,,,,,,,,0.0,0.0,,,,
2276455498,dead_end,False,1,1,13.89,22.563025583526315,88.3585810738481,,,,,,,,,,,,,,,0.0,0.0,,,,
2281204572,dead_end,False,1,1,13.89,22.579653161889343,88.35683172782444,,,,,,,,,,,,,,,0.0,0.0,,,,
1190100135,dead_end,False,1,1,11.11,22.56564048957119,88.3505521895499,,,,,,,,,,,,,,,0.0,0.0,,,,
1174795871,priority,False,3,3,44.44,22.57916688429386,88.3475692366147,,,,,,,,,,,,,,,0.0,0.0,,,,
1174832667,priority,False,3,3,44.44,22.574703938000063,88.34564837794542,,,,,,,,,,,,,,,0.0,0.0,,,,
4793147775,dead_end,False,1,1,2.78,22.57236323808269,88.35008677090427,,,,,,,,,,,,,,,0.0,0.0,,,,
4793147774,dead_end,False,3,3,2.78,22.572812879528435,88.34849226234752,,,,,,,,,,,,,,,0.0,0.0,,,,
6311588103,priority,False,4,4,15.28,22.572910056084357,88.34814892128557,0.0,27.78,18.0,0.0,0.005,95.49,6.33,2.995,6.51,1.02,0.39,-2.52,0.0,4.0,0.0,0.0,,,,
663804413,dead_end,False,3,2,11.11,22.577372992014524,88.35227975321281,,,,,,,,,,,,,,,0.0,0.0,,,,
6544715979,right_before_left,False,6,4,11.11,22.577369997743272,88.35234576292792,0.0,11.11,11.11,0.0,0.0,,,,,,-0.07,-4.78,1.0,2.0,0.0,0.0,,,,
10904702998,priority,False,6,4,9.26,22.573161450808197,88.36243118384783,1.0,11.261666666666663,12.15,0.0,0.005,129.63,120.82,-2.36,14.76,13.43,-0.0216666666666666,-2.22,0.0,6.0,0.0,0.0,,,,
664447222,dead_end,False,1,1,11.11,22.578135813137063,88.35022179140074,,,,,,,,,,,,,,,0.0,0.0,,,,
cluster_13977163696_13977163697_664447214,priority,False,4,4,23.61,22.57666556165072,88.34900661159256,0.0,19.445,18.0,0.0,0.0,,,,,,-0.6599999999999999,-5.0,5.0,2.0,0.0,0.0,,,,
6173584909,dead_end,False,1,1,2.78,22.576229080369,88.34555464743887,,,,,,,,,,,,,,,0.0,0.0,,,,
6173584945,priority,False,4,4,23.61,22.57228278662482,88.3444602322917,,,,,,,,,,,,,,,0.0,0.0,,,,
6173584907,dead_end,False,1,1,2.78,22.572706295696516,88.34374863313577,,,,,,,,,,,,,,,0.0,0.0,,,,
2281204417,dead_end,False,1,1,2.78,22.57117321592296,88.34971475283179,,,,,,,,,,,,,,,0.0,0.0,,,,
6544730092,dead_end,False,1,1,11.11,22.580545529976572,88.35099156186374,,,,,,,,,,,,,,,0.0,0.0,,,,
664447076,dead_end,False,1,1,27.78,22.578438373590927,88.34938519206845,,,,,,,,,,,,,,,0.0,0.0,,,,
3652317576,dead_end,False,1,1,2.78,22.5663069861477,88.35595729720525,,,,,,,,,,,,,,,0.0,0.0,,,,
4374682259,dead_end,False,1,1,44.44,22.550357971649568,88.32516868017592,,,,,,,,,,,,,,,0.0,0.0,,,,
1174795982,dead_end,False,1,1,44.44,22.58292381623572,88.34896697843635,,,,,,,,,,,,,,,0.0,0.0,,,,
