time,vehicle_id,vehicle_type,lane_id,speed_ms,speed_limit_ms,pct_over
12.5,19,twowheeler,1251129391_0,12.23,11.11,10.1
13.0,19,twowheeler,1251129391_0,12.83,11.11,15.5
16.5,19,twowheeler,1251129391_0,12.4,11.11,11.6
17.5,13,twowheeler,:1177160399_0_0,7.4,6.68,10.7
17.5,19,twowheeler,:cluster_10279701141_664472702_0_0,12.3,11.11,10.7
18.0,13,twowheeler,:1177160399_0_0,7.45,6.68,11.5
18.5,19,twowheeler,1288011209_0,12.49,11.11,12.4
19.0,19,twowheeler,1288011209_0,12.54,11.11,12.9
19.0,31,twowheeler,1251129390#2_1,12.61,11.11,13.5
19.5,31,twowheeler,1251129390#2_1,12.43,11.11,11.9
20.0,19,twowheeler,1288011209_0,12.49,11.11,12.4
21.0,19,twowheeler,1288011209_0,12.47,11.11,12.2
21.0,31,twowheeler,1251129390#3_1,12.79,11.11,15.1
21.0,33,twowheeler,:cluster_1177160434_1177161050_5_0,13.44,11.79,14.0
21.5,13,twowheeler,102690982#1_0,12.43,11.11,11.9
21.5,19,twowheeler,1288011209_0,12.78,11.11,15.0
21.5,31,twowheeler,1251129390#3_1,12.57,11.11,13.1
21.5,33,twowheeler,:cluster_1177160434_1177161050_5_0,13.49,11.79,14.5
22.5,31,twowheeler,1251129390#3_1,12.68,11.11,14.1
22.5,33,twowheeler,:cluster_1177160434_1177161050_5_0,13.21,11.79,12.1
23.0,13,twowheeler,102690982#2_0,12.4,11.11,11.6
23.0,33,twowheeler,:cluster_1177160434_1177161050_5_0,13.78,11.79,16.9
23.5,19,twowheeler,1288011209_0,12.79,11.11,15.1
23.5,31,twowheeler,1251129390#3_1,12.53,11.11,12.8
23.5,37,twowheeler,135461188#3_0,12.32,11.11,10.8
24.0,31,twowheeler,1251129390#3_1,12.33,11.11,11.0
24.0,37,twowheeler,135461188#3_0,12.54,11.11,12.9
24.5,33,twowheeler,101966393#0_0,16.04,13.89,15.5
25.0,33,twowheeler,101966393#0_0,15.39,13.89,10.8
25.0,37,twowheeler,135461188#3_0,12.93,11.11,16.4
25.5,13,twowheeler,102690982#2_0,12.24,11.11,10.2
25.5,37,twowheeler,135461188#3_0,12.58,11.11,13.3
26.0,33,twowheeler,101966393#0_0,16.11,13.89,16.0
26.0,37,twowheeler,135461188#3_0,12.37,11.11,11.3
26.5,33,twowheeler,101966393#0_0,15.88,13.89,14.4
27.0,31,twowheeler,1251129390#3_1,12.63,11.11,13.7
27.0,33,twowheeler,101966393#0_0,15.64,13.89,12.6
27.5,31,twowheeler,1251129390#3_1,12.39,11.11,11.5
28.0,30,car,:1177160399_0_0,7.39,6.68,10.6
28.0,31,twowheeler,1251129390#3_1,12.27,11.11,10.4
28.0,33,twowheeler,101966393#0_0,16.01,13.89,15.2
28.5,33,twowheeler,101966393#0_0,15.62,13.89,12.5
29.0,33,twowheeler,101966393#0_0,15.62,13.89,12.4
29.5,31,twowheeler,:cluster_10279701142_664471710_4_0,9.01,8.04,12.1
29.5,33,twowheeler,101966393#0_0,15.33,13.89,10.4
30.5,33,twowheeler,101966393#0_0,15.5,13.89,11.6
31.0,33,twowheeler,101966393#0_0,15.43,13.89,11.1
31.0,37,twowheeler,27553246#0_0,12.34,11.11,11.1
31.0,51,twowheeler,:1187083424_1_0,13.7,12.3,11.4
31.5,31,twowheeler,:cluster_10279701142_664471710_18_0,8.87,8.04,10.3
31.5,33,twowheeler,:1190100093_0_0,15.9,13.89,14.4
31.5,37,twowheeler,27553246#0_0,13.07,11.11,17.6
32.0,13,twowheeler,102690982#3_0,12.3,11.11,10.7
32.0,33,twowheeler,101966393#1_0,15.49,13.89,11.5
32.0,37,twowheeler,27553246#0_0,12.98,11.11,16.9
32.5,30,car,:1190100498_2_0,12.4,11.11,11.6
32.5,33,twowheeler,101966393#1_0,16.02,13.89,15.4
32.5,37,twowheeler,27553246#0_0,12.48,11.11,12.3
33.0,30,car,:1190100498_2_0,12.98,11.11,16.8
33.0,33,twowheeler,101966393#1_0,16.15,13.89,16.3
33.0,37,twowheeler,27553246#0_0,12.29,11.11,10.7
33.5,30,car,102690982#2_0,12.63,11.11,13.7
33.5,33,twowheeler,101966393#1_0,15.5,13.89,11.6
33.5,37,twowheeler,27553246#0_0,12.43,11.11,11.9
34.0,13,twowheeler,102690982#3_0,12.38,11.11,11.4
34.0,30,car,102690982#2_0,12.65,11.11,13.9
34.0,33,twowheeler,:1177161018_0_0,15.99,13.89,15.1
34.0,37,twowheeler,27553246#0_0,12.39,11.11,11.5
34.5,30,car,102690982#2_0,12.64,11.11,13.7
34.5,33,twowheeler,:1177161018_0_0,15.34,13.89,10.4
34.5,51,twowheeler,:10943498141_2_0,4.27,3.65,16.9
35.0,30,car,102690982#2_0,12.98,11.11,16.9
35.0,33,twowheeler,101966393#2_0,15.9,13.89,14.4
35.5,30,car,102690982#2_0,12.67,11.11,14.1
35.5,51,twowheeler,:10943498141_9_0,4.19,3.65,14.8
36.0,13,twowheeler,102690982#3_0,12.27,11.11,10.4
36.0,30,car,102690982#2_0,13.01,11.11,17.1
36.0,37,twowheeler,:1177160515_3_0,7.14,6.06,17.8
36.5,30,car,102690982#2_0,12.62,11.11,13.6
36.5,57,twowheeler,-103082326#0_0,15.4,13.89,10.9
37.0,30,car,102690982#2_0,12.89,11.11,16.0
37.5,30,car,102690982#2_0,12.56,11.11,13.0
37.5,61,twowheeler,696897744#1_0,12.4,11.11,11.6
38.0,30,car,102690982#2_0,12.44,11.11,12.0
38.5,13,twowheeler,:663943276_3_0,7.59,6.77,12.1
38.5,30,car,102690982#2_0,12.7,11.11,14.3
39.0,30,car,102690982#2_0,12.68,11.11,14.1
39.5,30,car,102690982#2_0,12.58,11.11,13.3
40.0,30,car,102690982#2_0,12.45,11.11,12.1
40.0,57,twowheeler,:1190128222_2_0,4.15,3.65,13.7
40.5,30,car,102690982#2_0,13.04,11.11,17.4
41.0,30,car,:663943275_7_0,12.62,11.11,13.6
41.5,30,car,102690982#3_0,12.98,11.11,16.8
42.0,30,car,102690982#3_0,12.7,11.11,14.3
42.0,61,twowheeler,696897744#1_0,12.42,11.11,11.8
42.5,30,car,102690982#3_0,12.53,11.11,12.8
43.0,30,car,102690982#3_0,12.76,11.11,14.9
43.0,33,twowheeler,749341589#0_0,12.23,11.11,10.1
43.5,30,car,102690982#3_0,12.89,11.11,16.0
43.5,37,twowheeler,-101966385#4_0,15.56,13.89,12.0
44.0,30,car,102690982#3_0,12.49,11.11,12.4
44.0,33,twowheeler,749341589#0_0,12.67,11.11,14.1
44.0,37,twowheeler,-101966385#4_0,16.25,13.89,17.0
44.5,30,car,102690982#3_0,12.6,11.11,13.4
44.5,61,twowheeler,696897744#1_0,12.31,11.11,10.8
45.0,30,car,102690982#3_0,12.85,11.11,15.7
45.0,33,twowheeler,749341589#0_0,12.94,11.11,16.5
45.5,33,twowheeler,:1190100064_0_0,12.51,11.11,12.6
45.5,37,twowheeler,:1187083424_2_0,12.6,10.93,15.3
45.5,61,twowheeler,696897744#1_0,12.34,11.11,11.1
46.0,33,twowheeler,749341589#1_0,12.96,11.11,16.7
46.5,33,twowheeler,749341589#1_0,12.58,11.11,13.2
47.0,33,twowheeler,749341589#1_0,12.83,11.11,15.5
47.5,33,twowheeler,749341589#1_0,12.46,11.11,12.1
47.5,61,twowheeler,696897744#1_0,12.42,11.11,11.8
48.0,33,twowheeler,749341589#1_0,12.68,11.11,14.1
48.5,13,twowheeler,:664472662_0_0,8.03,7.19,11.7
49.0,33,twowheeler,749341589#1_0,12.43,11.11,11.9
49.0,61,twowheeler,:6544715978_1_0,6.97,6.26,11.3
49.5,33,twowheeler,749341589#1_0,12.7,11.11,14.3
53.5,51,twowheeler,102690982#1_0,12.22,11.11,10.0
55.5,37,twowheeler,:1177160399_0_0,7.48,6.68,11.9
55.5,51,twowheeler,102690982#2_0,12.3,11.11,10.7
56.0,51,twowheeler,102690982#2_0,12.5,11.11,12.5
56.5,37,twowheeler,:1177160399_0_0,7.48,6.68,12.0
56.5,51,twowheeler,102690982#2_0,12.82,11.11,15.4
58.0,51,twowheeler,102690982#2_0,12.62,11.11,13.6
58.5,51,twowheeler,102690982#2_0,12.97,11.11,16.7
59.0,30,car,:664472662_0_0,8.31,7.19,15.6
59.0,51,twowheeler,102690982#2_0,12.49,11.11,12.5
59.5,30,car,:664472662_0_0,8.04,7.19,11.8
59.5,33,twowheeler,102688631#1_0,12.28,11.11,10.5
59.5,37,twowheeler,102690982#1_0,12.75,11.11,14.8
59.5,51,twowheeler,102690982#2_0,12.45,11.11,12.1
60.0,51,twowheeler,102690982#2_0,12.58,11.11,13.3
60.5,33,twowheeler,102688631#1_0,12.8,11.11,15.2
60.5,37,twowheeler,:1190100498_2_0,12.47,11.11,12.2
61.0,33,twowheeler,102688631#1_0,12.91,11.11,16.2
61.0,51,twowheeler,102690982#2_0,12.8,11.11,15.2
61.5,51,twowheeler,102690982#2_0,12.7,11.11,14.3
62.0,33,twowheeler,102688631#1_0,12.75,11.11,14.8
62.0,51,twowheeler,102690982#2_0,12.93,11.11,16.4
62.5,33,twowheeler,102688631#1_0,12.63,11.11,13.7
63.0,33,twowheeler,:1190100199_0_0,12.62,11.11,13.6
63.0,51,twowheeler,:663943275_7_0,12.41,11.11,11.7
63.0,61,twowheeler,-101757288#0_0,15.54,13.89,11.9
63.5,19,twowheeler,:1177160403_1_0,7.33,6.47,13.3
63.5,33,twowheeler,102688631#2_0,12.46,11.11,12.1
63.5,37,twowheeler,102690982#2_0,12.24,11.11,10.1
63.5,51,twowheeler,:663943275_7_0,12.38,11.11,11.4
63.5,61,twowheeler,-101757288#0_0,15.41,13.89,10.9
64.0,19,twowheeler,:1177160403_1_0,7.34,6.47,13.4
64.0,37,twowheeler,102690982#2_0,13.03,11.11,17.3
64.5,33,twowheeler,102688631#2_0,12.35,11.11,11.2
64.5,37,twowheeler,102690982#2_0,12.77,11.11,14.9
64.5,61,twowheeler,-101757288#0_0,15.43,13.89,11.1
65.0,33,twowheeler,102688631#2_0,12.29,11.11,10.6
65.0,37,twowheeler,102690982#2_0,12.51,11.11,12.6
65.0,51,twowheeler,102690982#3_0,12.69,11.11,14.2
65.5,33,twowheeler,102688631#2_0,12.81,11.11,15.3
65.5,37,twowheeler,102690982#2_0,12.85,11.11,15.7
65.5,51,twowheeler,102690982#3_0,12.62,11.11,13.6
65.5,61,twowheeler,-101757288#0_0,15.45,13.89,11.2
66.0,33,twowheeler,:664472749_0_0,12.32,11.11,10.9
66.0,51,twowheeler,102690982#3_0,12.64,11.11,13.7
66.5,33,twowheeler,:664472749_0_0,12.29,11.11,10.6
66.5,51,twowheeler,102690982#3_0,12.26,11.11,10.4
67.0,19,twowheeler,1196271501#2_0,12.23,11.11,10.1
67.0,33,twowheeler,102688631#3_0,12.95,11.11,16.6
67.0,37,twowheeler,102690982#2_0,13.08,11.11,17.7
67.0,51,twowheeler,102690982#3_0,12.84,11.11,15.6
67.5,19,twowheeler,1196271501#2_0,12.47,11.11,12.3
67.5,37,twowheeler,102690982#2_0,12.86,11.11,15.7
68.0,19,twowheeler,1196271501#2_0,12.85,11.11,15.6
68.0,37,twowheeler,102690982#2_0,12.82,11.11,15.4
68.5,19,twowheeler,1196271501#2_0,12.35,11.11,11.2
68.5,33,twowheeler,102688631#3_0,12.39,11.11,11.5
68.5,37,twowheeler,:663943275_7_0,12.29,11.11,10.7
68.5,51,twowheeler,102690982#3_0,12.76,11.11,14.9
69.0,33,twowheeler,:1190100407_0_0,12.67,11.11,14.1
69.0,37,twowheeler,:663943275_7_0,12.34,11.11,11.1
69.0,51,twowheeler,102690982#3_0,12.8,11.11,15.2
69.5,19,twowheeler,1196271501#2_0,12.25,11.11,10.2
69.5,33,twowheeler,102688631#4_0,13.0,11.11,17.0
69.5,37,twowheeler,102690982#3_0,12.83,11.11,15.5
70.0,33,twowheeler,102688631#4_0,12.45,11.11,12.0
70.5,33,twowheeler,:6469974905_3_0,12.27,11.11,10.4
70.5,37,twowheeler,102690982#3_0,12.71,11.11,14.4
71.0,33,twowheeler,:6469974905_3_0,12.84,11.11,15.5
71.0,37,twowheeler,102690982#3_0,12.49,11.11,12.4
71.5,116,car,:1191714356_3_0,7.62,6.87,10.9
71.5,33,twowheeler,102688631#5_0,12.73,11.11,14.6
72.0,116,car,:1191714356_3_0,7.66,6.87,11.5
72.0,33,twowheeler,102688631#5_0,12.89,11.11,16.0
72.5,19,twowheeler,:cluster_10279761592_11942000229_11942000233_663943274_0_0,10.45,9.3,12.4
72.5,37,twowheeler,102690982#3_0,12.34,11.11,11.1
73.0,31,twowheeler,102961698#1_0,15.77,13.89,13.5
73.0,33,twowheeler,102688631#5_0,12.4,11.11,11.6
73.0,37,twowheeler,102690982#3_0,13.09,11.11,17.8
73.5,31,twowheeler,102961698#1_0,15.38,13.89,10.7
73.5,33,twowheeler,102688631#5_0,12.52,11.11,12.7
73.5,37,twowheeler,102690982#3_0,12.29,11.11,10.6
74.0,33,twowheeler,102688631#5_0,12.63,11.11,13.6
74.0,37,twowheeler,102690982#3_0,12.92,11.11,16.3
75.0,33,twowheeler,102688631#5_0,12.77,11.11,14.9
75.5,125,twowheeler,50219794#3_0,12.45,11.11,12.1
76.0,125,twowheeler,50219794#3_0,12.58,11.11,13.2
76.5,125,twowheeler,50219794#3_0,12.6,11.11,13.4
77.0,125,twowheeler,:1189036617_3_0,12.78,11.11,15.1
77.0,31,twowheeler,:1177161631_3_0,7.82,6.84,14.3
77.0,37,twowheeler,:663943276_3_0,7.61,6.77,12.4
77.5,37,twowheeler,:663943276_3_0,7.57,6.77,11.7
78.5,125,twowheeler,50219794#4_0,12.55,11.11,13.0
79.5,125,twowheeler,50219794#4_0,12.36,11.11,11.3
82.0,125,twowheeler,50219794#4_0,12.77,11.11,15.0
82.0,134,autorickshaw,103082314#1_0,12.22,11.11,10.0
82.5,125,twowheeler,50219794#4_0,12.53,11.11,12.7
83.0,125,twowheeler,50219794#4_0,12.74,11.11,14.7
83.5,134,autorickshaw,103082314#1_0,12.31,11.11,10.8
84.0,125,twowheeler,50219794#4_0,12.47,11.11,12.3
84.5,136,car,:cluster_1190128285_13300645523_13300645535_2_0,4.57,4.08,11.9
85.0,125,twowheeler,50219794#4_0,12.8,11.11,15.2
85.5,125,twowheeler,50219794#4_0,12.41,11.11,11.7
85.5,134,autorickshaw,:1190128345_6_0,12.28,11.11,10.6
86.5,140,car,-103082326#0_0,15.38,13.89,10.7
86.5,37,twowheeler,:664472662_0_0,8.24,7.19,14.6
87.5,143,twowheeler,102961698#1_0,15.38,13.89,10.7
88.0,143,twowheeler,102961698#1_0,15.41,13.89,11.0
88.0,145,twowheeler,-103230607#4_0,15.68,13.89,12.9
88.5,145,twowheeler,-103230607#4_0,15.48,13.89,11.4
90.5,19,twowheeler,:cluster_11942000227_11942000230_6173706992_10_0,9.22,8.12,13.5
90.5,57,twowheeler,:1177161219_0_0,7.04,6.16,14.3
98.5,156,car,:1176977350_4_0,9.33,8.05,15.9
100.5,134,autorickshaw,-103082314#1_0,12.31,11.11,10.8
102.0,134,autorickshaw,:1190128270_0_0,12.36,11.11,11.3
103.0,141,twowheeler,101966427_0,15.71,13.89,13.1
103.5,141,twowheeler,101966427_0,16.01,13.89,15.2
104.0,141,twowheeler,101966427_0,15.76,13.89,13.4
106.0,125,twowheeler,50219794#8_0,12.57,11.11,13.2
106.5,125,twowheeler,50219794#8_0,12.67,11.11,14.1
106.5,57,twowheeler,1277600332#0_0,12.56,11.11,13.0
107.0,125,twowheeler,:1176978438_2_0,12.75,11.11,14.8
107.5,125,twowheeler,50219794#9_0,12.76,11.11,14.9
107.5,57,twowheeler,1277600332#0_0,12.68,11.11,14.1
108.0,125,twowheeler,50219794#9_0,12.49,11.11,12.4
108.0,141,twowheeler,:1177161018_3_0,6.85,5.96,14.9
108.0,159,twowheeler,:1174832816_2_0,7.07,6.39,10.6
108.5,33,twowheeler,:cluster_5424222009_664446539_4_0,6.31,5.57,13.3
109.0,155,twowheeler,563022376#1_0,12.41,11.11,11.7
109.0,33,twowheeler,:cluster_5424222009_664446539_4_0,6.53,5.57,17.2
109.0,57,twowheeler,1277600332#0_0,12.37,11.11,11.3
109.5,125,twowheeler,50219794#9_0,12.38,11.11,11.4
109.5,57,twowheeler,:664472776_4_0,12.42,11.11,11.8
110.0,134,autorickshaw,1435087429_0,12.26,11.11,10.3
110.5,125,twowheeler,50219794#9_0,12.58,11.11,13.2
110.5,155,twowheeler,:664446557_1_0,10.41,9.44,10.2
111.0,125,twowheeler,50219794#9_0,12.41,11.11,11.7
111.0,57,twowheeler,1277600332#1_0,12.3,11.11,10.7
111.5,125,twowheeler,50219794#9_0,12.55,11.11,13.0
112.0,125,twowheeler,:1189036870_3_0,12.35,11.11,11.2
112.0,57,twowheeler,1277600332#1_0,12.23,11.11,10.1
112.5,125,twowheeler,:1189036870_3_0,12.53,11.11,12.8
113.0,125,twowheeler,50219794#10_0,12.81,11.11,15.3
113.0,141,twowheeler,-101966393#0_0,16.0,13.89,15.2
113.0,57,twowheeler,1277600332#1_0,12.29,11.11,10.6
113.5,57,twowheeler,1277600332#1_0,12.32,11.11,10.9
114.0,125,twowheeler,50219794#10_0,12.31,11.11,10.8
114.5,141,twowheeler,-101966393#0_0,15.96,13.89,14.9
115.0,141,twowheeler,-101966393#0_0,15.94,13.89,14.7
115.0,31,twowheeler,:1176978389_3_0,7.86,6.91,13.8
115.0,57,twowheeler,1277600332#1_0,12.56,11.11,13.0
115.5,125,twowheeler,50219794#11_0,12.49,11.11,12.4
115.5,141,twowheeler,-101966393#0_0,15.52,13.89,11.8
115.5,57,twowheeler,1277600332#1_0,12.49,11.11,12.4
116.0,141,twowheeler,-101966393#0_0,15.36,13.89,10.6
116.5,141,twowheeler,-101966393#0_0,15.63,13.89,12.5
117.0,125,twowheeler,50219794#11_0,12.48,11.11,12.3
117.0,173,twowheeler,101966427_0,15.8,13.89,13.8
117.5,141,twowheeler,-101966393#0_0,15.74,13.89,13.3
117.5,173,twowheeler,101966427_0,15.7,13.89,13.1
117.5,57,twowheeler,1277600332#1_0,12.61,11.11,13.5
118.0,125,twowheeler,50219794#11_0,12.76,11.11,14.8
118.0,57,twowheeler,1277600332#1_0,12.61,11.11,13.5
119.0,57,twowheeler,1277600332#1_0,12.37,11.11,11.4
120.0,173,twowheeler,101966427_0,15.8,13.89,13.8
121.0,57,twowheeler,1312946260_0,12.28,11.11,10.5
123.0,57,twowheeler,1312946260_0,12.58,11.11,13.2
123.5,163,twowheeler,102690982#1_0,12.48,11.11,12.3
123.5,173,twowheeler,:1177161018_3_0,6.57,5.96,10.2
123.5,57,twowheeler,1312946260_0,12.61,11.11,13.5
124.5,163,twowheeler,:1190100498_2_0,12.4,11.11,11.6
125.0,143,twowheeler,:6469564795_4_0,9.24,8.23,12.3
125.5,163,twowheeler,102690982#2_0,12.23,11.11,10.0
126.0,31,twowheeler,-52097266#0_0,12.66,11.11,13.9
126.5,31,twowheeler,-52097266#0_0,12.45,11.11,12.1
127.5,163,twowheeler,102690982#2_0,12.26,11.11,10.3
128.0,31,twowheeler,-52097266#0_0,12.66,11.11,13.9
128.5,163,twowheeler,102690982#2_0,12.44,11.11,12.0
129.0,203,twowheeler,52155744#2_0,15.33,13.89,10.4
130.0,173,twowheeler,-101966393#0_0,15.5,13.89,11.6
130.5,173,twowheeler,-101966393#0_0,15.63,13.89,12.6
130.5,203,twowheeler,52155744#2_0,15.37,13.89,10.7
130.5,31,twowheeler,-52097266#0_0,12.71,11.11,14.4
131.0,121,twowheeler,102691001#0_0,12.24,11.11,10.2
131.5,163,twowheeler,102690982#2_0,12.49,11.11,12.4
131.5,173,twowheeler,-101966393#0_0,15.7,13.89,13.1
132.0,173,twowheeler,-101966393#0_0,15.6,13.89,12.3
132.5,173,twowheeler,-101966393#0_0,15.83,13.89,14.0
133.0,163,twowheeler,:663943275_7_0,12.46,11.11,12.2
133.0,173,twowheeler,-101966393#0_0,15.61,13.89,12.4
133.5,141,twowheeler,102688627#0_0,12.36,11.11,11.3
133.5,163,twowheeler,:663943275_7_0,12.34,11.11,11.1
133.5,173,twowheeler,-101966393#0_0,15.41,13.89,10.9
134.0,221,twowheeler,103082326#1_0,15.56,13.89,12.0
134.5,141,twowheeler,102688627#0_0,12.29,11.11,10.6
134.5,173,twowheeler,-101966393#0_0,15.83,13.89,13.9
135.0,173,twowheeler,-101966393#0_0,15.58,13.89,12.2
136.0,141,twowheeler,102688627#0_0,12.39,11.11,11.5
136.0,163,twowheeler,102690982#3_0,12.49,11.11,12.4
136.0,203,twowheeler,52155744#3_0,15.36,13.89,10.5
136.5,226,car,1198952555#3_0,12.96,11.11,16.6
137.0,141,twowheeler,102688627#0_0,12.75,11.11,14.8
137.0,226,car,1198952555#3_0,13.42,11.11,20.8
137.5,141,twowheeler,102688627#0_0,12.88,11.11,15.9
137.5,226,car,1198952555#3_0,12.61,11.11,13.5
139.0,145,twowheeler,102961698#3_0,15.57,13.89,12.1
139.0,156,car,:1177160691_9_0,9.24,7.95,16.2
140.0,226,car,:663825934_7_0,8.46,7.03,20.3
140.0,231,twowheeler,102690997#5_0,15.48,13.89,11.5
140.5,141,twowheeler,102688627#1_0,12.93,11.11,16.4
140.5,145,twowheeler,102961698#3_0,15.31,13.89,10.2
140.5,226,car,:663825934_7_0,8.4,7.03,19.4
140.5,231,twowheeler,102690997#5_0,15.32,13.89,10.3
141.0,141,twowheeler,102688627#1_0,12.74,11.11,14.7
141.0,163,twowheeler,:663943276_3_0,7.62,6.77,12.6
141.5,143,twowheeler,-52097266#0_0,12.35,11.11,11.2
142.5,141,twowheeler,102688627#1_0,12.52,11.11,12.7
143.0,141,twowheeler,:1177161508_6_0,12.63,11.11,13.7
143.0,231,twowheeler,102690997#6_0,15.57,13.89,12.1
143.5,141,twowheeler,:1177161508_6_0,12.55,11.11,13.0
143.5,226,car,1277600332#0_0,12.64,11.11,13.8
143.5,231,twowheeler,102690997#6_0,15.67,13.89,12.8
143.5,233,twowheeler,:cluster_1177211353_1177211711_15_0,4.2,3.65,15.2
144.0,141,twowheeler,:1177161508_6_0,12.23,11.11,10.1
144.0,156,car,-101966424#1_0,16.15,13.89,16.3
144.0,210,car,1196271501#0_0,12.27,11.11,10.5
144.0,226,car,1277600332#0_0,13.18,11.11,18.6
144.0,231,twowheeler,102690997#6_0,15.32,13.89,10.3
144.5,125,twowheeler,:1177161631_0_0,7.32,6.39,14.5
144.5,143,twowheeler,-52097266#0_0,12.54,11.11,12.8
144.5,156,car,:1177160524_6_0,16.02,13.89,15.4
144.5,203,twowheeler,:1190100407_0_0,12.28,11.11,10.5
144.5,226,car,1277600332#0_0,13.55,11.11,22.0
145.0,141,twowheeler,102688627#2_0,12.28,11.11,10.5
145.0,143,twowheeler,-52097266#0_0,12.26,11.11,10.4
145.0,156,car,:1177160524_6_0,15.95,13.89,14.8
145.0,239,twowheeler,-52155737#0_0,15.42,13.89,11.0
145.5,145,twowheeler,102961698#5_0,15.33,13.89,10.4
145.5,156,car,102961724#0_0,15.79,13.89,13.7
145.5,221,twowheeler,:1190128320_0_0,8.96,8.06,11.2
146.0,141,twowheeler,:1177160687_7_0,12.62,11.11,13.6
146.0,156,car,:1189036797_6_0,15.84,13.89,14.0
146.0,51,twowheeler,102961698#1_0,15.59,13.89,12.3
146.5,141,twowheeler,:1177160687_7_0,12.65,11.11,13.9
146.5,156,car,102961724#1_0,16.37,13.89,17.9
146.5,226,car,:664472776_3_0,6.85,6.02,13.8
147.0,141,twowheeler,102688627#3_0,12.49,11.11,12.4
147.0,210,car,1196271501#1_0,12.25,11.11,10.3
147.0,226,car,:664472776_3_0,7.07,6.02,17.4
147.5,141,twowheeler,102688627#3_0,12.82,11.11,15.4
148.0,141,twowheeler,102688627#3_0,12.49,11.11,12.4
148.5,141,twowheeler,102688627#3_0,12.81,11.11,15.3
148.5,210,car,1196271501#1_0,12.24,11.11,10.2
149.5,141,twowheeler,102688627#3_0,12.9,11.11,16.1
149.5,173,twowheeler,102688627#0_0,12.5,11.11,12.5
150.0,141,twowheeler,102688627#3_0,12.63,11.11,13.7
150.0,173,twowheeler,102688627#0_0,12.36,11.11,11.2
150.0,51,twowheeler,:1177161631_3_0,7.81,6.84,14.1
150.5,125,twowheeler,102961698#2_0,15.29,13.89,10.1
150.5,173,twowheeler,102688627#0_0,12.52,11.11,12.7
150.5,51,twowheeler,:1177161631_3_0,7.83,6.84,14.5
151.0,125,twowheeler,102961698#2_0,15.39,13.89,10.8
151.0,141,twowheeler,:1177161154_13_0,12.67,11.11,14.0
151.0,173,twowheeler,102688627#0_0,12.31,11.11,10.8
151.5,125,twowheeler,102961698#2_0,15.95,13.89,14.9
151.5,173,twowheeler,102688627#0_0,12.44,11.11,12.0
151.5,249,twowheeler,50219794#4_0,12.29,11.11,10.6
152.0,125,twowheeler,:1177161076_4_0,15.78,13.89,13.6
152.0,249,twowheeler,50219794#4_0,12.34,11.11,11.0
152.5,141,twowheeler,102688627#4_0,12.61,11.11,13.5
152.5,210,car,:1177160403_0_0,12.24,11.11,10.2
153.0,125,twowheeler,102961698#3_0,15.79,13.89,13.7
153.0,226,car,52155752#0_0,15.57,13.89,12.1
153.5,125,twowheeler,102961698#3_0,15.59,13.89,12.3
153.5,141,twowheeler,102688627#4_0,12.42,11.11,11.8
153.5,226,car,52155752#0_0,16.64,13.89,19.8
154.0,125,twowheeler,102961698#3_0,15.97,13.89,15.0
154.0,173,twowheeler,102688627#0_0,12.29,11.11,10.7
154.0,203,twowheeler,:cluster_10281965682_663944134_3_0,9.52,8.61,10.6
154.0,226,car,52155752#0_0,16.69,13.89,20.2
154.5,141,twowheeler,102688627#4_0,12.42,11.11,11.8
154.5,226,car,52155752#0_0,16.55,13.89,19.2
155.0,125,twowheeler,:1189036518_4_0,15.41,13.89,10.9
155.0,141,twowheeler,102688627#4_0,12.52,11.11,12.7
155.0,226,car,52155752#0_0,16.28,13.89,17.2
155.5,125,twowheeler,102961698#4_0,15.74,13.89,13.3
155.5,226,car,52155752#0_0,16.08,13.89,15.8
156.0,226,car,52155752#0_0,16.48,13.89,18.7
156.5,141,twowheeler,102688627#5_0,12.88,11.11,15.9
156.5,226,car,52155752#0_0,16.12,13.89,16.0
157.0,141,twowheeler,102688627#5_0,12.85,11.11,15.7
157.0,226,car,52155752#0_0,16.11,13.89,16.0
157.0,227,twowheeler,:cluster_11158897100_11158897101_11158897102_664471748_#1more_6_0,12.27,11.08,10.8
157.5,125,twowheeler,102961698#4_0,15.37,13.89,10.7
157.5,226,car,52155752#0_0,16.49,13.89,18.7
157.5,261,twowheeler,-102961717#2_0,15.61,13.89,12.4
158.0,125,twowheeler,:1177161205_4_0,15.32,13.89,10.3
158.0,173,twowheeler,102688627#1_0,12.62,11.11,13.6
158.0,226,car,52155752#0_0,16.42,13.89,18.2
158.0,233,twowheeler,:cluster_10917990606_663844223_1_0,9.55,8.47,12.8
158.5,226,car,:1177161573_13_0,16.62,13.89,19.7
159.0,226,car,:1177161573_13_0,16.15,13.89,16.3
159.0,261,twowheeler,-102961717#2_0,15.56,13.89,12.0
159.5,125,twowheeler,102961698#5_0,15.97,13.89,15.0
159.5,173,twowheeler,:1177161508_6_0,12.36,11.11,11.2
159.5,226,car,52155752#1_0,16.61,13.89,19.6
160.0,125,twowheeler,102961698#5_0,15.31,13.89,10.2
160.0,226,car,52155752#1_0,16.06,13.89,15.6
160.5,173,twowheeler,102688627#2_0,12.39,11.11,11.5
160.5,226,car,52155752#1_0,16.26,13.89,17.1
161.0,125,twowheeler,:1177161509_1_0,15.81,13.89,13.8
161.0,173,twowheeler,102688627#2_0,12.34,11.11,11.0
161.0,210,car,:cluster_10279761592_11942000229_11942000233_663943274_2_0,7.06,6.41,10.1
161.0,226,car,52155752#1_0,16.21,13.89,16.7
161.0,261,twowheeler,-102961717#1_0,15.72,13.89,13.2
161.5,125,twowheeler,:1177161509_1_0,15.58,13.89,12.2
161.5,173,twowheeler,102688627#2_0,12.33,11.11,10.9
161.5,226,car,52155752#1_0,16.3,13.89,17.3
161.5,261,twowheeler,-102961717#1_0,15.61,13.89,12.4
162.0,226,car,52155752#1_0,16.62,13.89,19.7
162.5,173,twowheeler,:1177160687_7_0,12.58,11.11,13.2
162.5,226,car,52155752#1_0,16.26,13.89,17.1
163.0,125,twowheeler,102961698#6_0,15.67,13.89,12.8
163.0,226,car,52155752#1_0,16.55,13.89,19.1
163.5,226,car,52155752#1_0,16.4,13.89,18.1
163.5,61,twowheeler,:cluster_10281958922_663940594_1_1,15.29,13.89,10.1
164.0,125,twowheeler,102961698#6_0,16.01,13.89,15.3
164.0,226,car,52155752#1_0,16.33,13.89,17.6
164.0,261,twowheeler,-102961717#0_0,15.32,13.89,10.3
164.5,125,twowheeler,102961698#6_0,15.8,13.89,13.8
164.5,173,twowheeler,102688627#3_0,12.53,11.11,12.8
164.5,226,car,52155752#1_0,16.25,13.89,17.0
165.0,125,twowheeler,102961698#6_0,15.35,13.89,10.5
165.0,173,twowheeler,102688627#3_0,12.4,11.11,11.6
165.0,226,car,:cluster_1177160373_664472773_13_0,16.47,13.89,18.6
165.0,61,twowheeler,1251129390#0_1,12.39,11.11,11.5
165.5,125,twowheeler,:1177160978_4_0,15.54,13.89,11.9
165.5,173,twowheeler,102688627#3_0,12.24,11.11,10.1
165.5,226,car,:cluster_1177160373_664472773_13_0,16.6,13.89,19.5
165.5,261,twowheeler,-102961717#0_0,15.63,13.89,12.5
166.0,125,twowheeler,:1177160978_4_0,15.92,13.89,14.6
166.0,173,twowheeler,102688627#3_0,12.63,11.11,13.7
166.0,226,car,:cluster_1177160373_664472773_13_0,16.66,13.89,20.0
166.5,125,twowheeler,102961698#7_0,15.3,13.89,10.1
166.5,226,car,:cluster_1177160373_664472773_13_0,16.66,13.89,19.9
166.5,61,twowheeler,1251129390#0_1,12.4,11.11,11.6
167.0,125,twowheeler,102961698#7_0,15.77,13.89,13.5
167.0,226,car,103050330#0_0,16.24,13.89,16.9
167.0,261,twowheeler,-102961717#0_0,15.67,13.89,12.8
167.5,125,twowheeler,102961698#7_0,15.76,13.89,13.5
167.5,226,car,103050330#0_0,16.58,13.89,19.4
168.0,226,car,103050330#0_0,16.46,13.89,18.5
168.0,261,twowheeler,-102961717#0_0,15.66,13.89,12.7
168.5,61,twowheeler,1251129390#0_1,12.23,11.11,10.1
169.0,125,twowheeler,102961698#7_0,15.63,13.89,12.5
169.0,173,twowheeler,102688627#4_0,12.23,11.11,10.1
169.5,125,twowheeler,102961698#7_0,15.63,13.89,12.5
169.5,261,twowheeler,-102961717#0_0,15.55,13.89,12.0
169.5,61,twowheeler,1251129390#0_1,12.36,11.11,11.2
170.0,125,twowheeler,102961698#7_0,15.66,13.89,12.7
170.0,249,twowheeler,50219794#9_0,12.22,11.11,10.0
170.5,125,twowheeler,102961698#7_0,15.36,13.89,10.5
170.5,173,twowheeler,102688627#4_0,12.57,11.11,13.2
170.5,261,twowheeler,-102961717#0_0,15.34,13.89,10.5
171.0,249,twowheeler,50219794#9_0,12.34,11.11,11.1
171.5,125,twowheeler,102961698#7_0,15.96,13.89,14.9
171.5,261,twowheeler,-102961717#0_0,15.5,13.89,11.6
174.5,19,twowheeler,:1186025330_3_0,6.76,6.05,11.7
176.0,231,twowheeler,-102688629#6_0,12.64,11.11,13.8
176.5,293,twowheeler,-1198952554#2_0,12.37,11.11,11.3
177.0,231,twowheeler,-102688629#6_0,12.29,11.11,10.7
177.0,293,twowheeler,-1198952554#2_0,12.3,11.11,10.7
177.0,61,twowheeler,1251129390#1_1,12.42,11.11,11.8
178.5,231,twowheeler,-102688629#5_0,12.52,11.11,12.7
179.0,61,twowheeler,1251129390#1_1,12.31,11.11,10.8
180.0,61,twowheeler,1251129390#1_1,12.43,11.11,11.9
181.0,299,twowheeler,-103082309_0,3.16,2.78,13.8
181.5,231,twowheeler,:1186025349_5_0,12.46,11.11,12.2
181.5,299,twowheeler,-103082309_0,3.12,2.78,12.1
182.0,249,twowheeler,:1177160599_3_0,10.63,9.6,10.7
182.0,51,twowheeler,:6469564795_3_0,7.03,6.33,11.0
182.0,61,twowheeler,1251129390#1_1,12.23,11.11,10.1
182.5,261,twowheeler,102961717#0_0,15.46,13.89,11.3
182.5,51,twowheeler,:6469564795_3_0,7.04,6.33,11.2
184.0,231,twowheeler,-102688629#2_0,12.34,11.11,11.1
184.5,289,twowheeler,:cluster_1177160373_664472773_16_0,9.16,8.14,12.6
185.5,261,twowheeler,102961717#0_0,15.4,13.89,10.9
186.5,299,twowheeler,-103082309_0,3.11,2.78,11.8
187.0,203,twowheeler,52087627#0_0,12.27,11.11,10.4
187.0,226,car,101966508_0,15.92,13.89,14.6
187.5,203,twowheeler,52087627#0_0,12.24,11.11,10.2
188.0,203,twowheeler,52087627#0_0,12.3,11.11,10.7
191.0,261,twowheeler,102961717#1_0,15.3,13.89,10.2
191.0,314,autorickshaw,995139946_0,3.06,2.78,10.2
191.0,316,car,:1190100178_6_0,12.25,11.11,10.2
192.5,261,twowheeler,102961717#2_0,15.4,13.89,10.8
192.5,316,car,:1190100324_5_0,12.29,11.11,10.6
192.5,319,twowheeler,1199457538#1_0,15.7,13.89,13.0
193.0,203,twowheeler,52087627#0_0,12.24,11.11,10.2
193.5,261,twowheeler,102961717#2_0,15.38,13.89,10.7
193.5,319,twowheeler,1199457538#1_0,15.39,13.89,10.8
193.5,320,car,50219794#2_1,12.43,11.11,11.9
194.0,261,twowheeler,102961717#2_0,15.46,13.89,11.3
194.0,319,twowheeler,:1177160779_1_0,15.72,13.89,13.2
194.0,320,car,50219794#2_1,12.4,11.11,11.6
194.5,316,car,-52152323#3_0,12.36,11.11,11.3
194.5,320,car,50219794#2_1,12.54,11.11,12.9
195.0,261,twowheeler,:10680197995_0_0,15.42,13.89,11.0
195.0,316,car,-52152323#3_0,12.31,11.11,10.8
195.0,320,car,50219794#2_1,12.77,11.11,15.0
195.5,261,twowheeler,:10680197995_0_0,15.36,13.89,10.6
195.5,320,car,50219794#2_1,12.69,11.11,14.2
196.0,261,twowheeler,102961717#3_0,15.57,13.89,12.1
196.0,316,car,:11282869379_6_0,12.43,11.11,11.8
196.0,320,car,50219794#2_1,12.5,11.11,12.5
197.0,203,twowheeler,:cluster_663943516_664446119_4_0,12.31,11.11,10.8
197.0,320,car,:1174832895_7_1,12.44,11.11,12.0
197.5,293,twowheeler,:1177211334_6_0,6.93,6.28,10.4
197.5,314,autorickshaw,995139946_0,3.06,2.78,10.2
197.5,320,car,:1174832895_7_1,12.66,11.11,14.0
198.0,203,twowheeler,52087627#2_0,12.24,11.11,10.1
198.0,316,car,-52152323#2_0,12.47,11.11,12.2
198.0,319,twowheeler,:1177161698_1_0,9.54,8.48,12.4
198.0,320,car,50219794#3_1,12.63,11.11,13.7
198.5,316,car,-52152323#2_0,12.33,11.11,11.0
198.5,320,car,50219794#3_1,12.81,11.11,15.3
199.0,316,car,:cluster_10943717330_6470135655_9_0,12.45,11.11,12.1
199.0,320,car,50219794#3_1,12.38,11.11,11.5
199.5,320,car,50219794#3_1,12.75,11.11,14.8
200.0,299,twowheeler,-103082309_0,3.09,2.78,11.2
200.0,320,car,:1189036617_3_1,12.7,11.11,14.3
200.5,320,car,50219794#4_1,12.34,11.11,11.1
201.0,320,car,50219794#4_1,12.83,11.11,15.5
201.5,320,car,50219794#4_1,12.65,11.11,13.9
202.0,316,car,-52152323#0_0,12.39,11.11,11.5
202.0,320,car,50219794#4_1,12.65,11.11,13.9
202.5,316,car,-52152323#0_0,12.35,11.11,11.2
202.5,320,car,50219794#4_1,12.37,11.11,11.3
203.0,320,car,50219794#4_1,12.85,11.11,15.6
203.5,320,car,50219794#4_1,12.36,11.11,11.2
204.0,320,car,50219794#4_1,12.67,11.11,14.1
204.5,320,car,50219794#4_1,12.35,11.11,11.1
205.0,320,car,50219794#4_1,12.69,11.11,14.2
205.5,210,car,:664472662_0_0,7.93,7.19,10.3
205.5,320,car,50219794#4_1,12.64,11.11,13.8
206.0,293,twowheeler,101972960#1_0,15.39,13.89,10.8
206.0,320,car,50219794#4_1,12.83,11.11,15.5
206.5,320,car,50219794#4_1,12.4,11.11,11.6
207.0,320,car,50219794#4_1,12.39,11.11,11.5
207.5,320,car,50219794#4_1,12.5,11.11,12.5
208.0,293,twowheeler,:1177211769_6_0,8.43,7.64,10.3
208.0,339,twowheeler,103212690_0,3.2,2.78,15.2
208.5,293,twowheeler,:1177211769_6_0,8.6,7.64,12.5
209.0,339,twowheeler,103212690_0,3.18,2.78,14.2
209.5,314,autorickshaw,995139946_0,3.07,2.78,10.5
210.0,314,autorickshaw,995139946_0,3.07,2.78,10.5
210.5,340,car,102027267#4_0,12.28,11.11,10.5
212.0,299,twowheeler,-103082309_0,3.09,2.78,11.3
212.0,340,car,102027267#4_0,12.24,11.11,10.2
213.0,293,twowheeler,101972912#0_0,15.28,13.89,10.0
213.5,339,twowheeler,103212690_0,3.12,2.78,12.1
214.0,299,twowheeler,-103082309_0,3.22,2.78,15.7
214.0,339,twowheeler,103212690_0,3.2,2.78,15.0
214.5,299,twowheeler,-103082309_0,3.22,2.78,15.7
214.5,339,twowheeler,103212690_0,3.16,2.78,13.8
215.0,221,twowheeler,:cluster_10279761592_11942000229_11942000233_663943274_3_0,6.1,5.31,14.8
215.5,221,twowheeler,:cluster_10279761592_11942000229_11942000233_663943274_13_0,5.93,5.31,11.7
215.5,339,twowheeler,103212690_0,3.12,2.78,12.2
215.5,340,car,102027267#4_0,12.25,11.11,10.3
216.0,339,twowheeler,103212690_0,3.14,2.78,12.8
217.5,145,twowheeler,102690997#3_0,15.64,13.89,12.6
217.5,340,car,:1190100138_3_0,12.23,11.11,10.1
217.5,360,car,-103230607#4_0,15.87,13.89,14.3
218.0,360,car,-103230607#4_0,15.89,13.89,14.4
218.5,145,twowheeler,102690997#3_0,15.64,13.89,12.6
218.5,339,twowheeler,103212690_0,3.14,2.78,13.1
219.0,289,twowheeler,1288011209_0,12.35,11.11,11.2
219.5,125,twowheeler,102690997#3_0,15.87,13.89,14.3
219.5,249,twowheeler,102961698#4_0,15.34,13.89,10.4
219.5,289,twowheeler,1288011209_0,13.11,11.11,18.0
219.5,296,car,102690982#3_0,12.23,11.11,10.1
219.5,362,autorickshaw,-103082313#1_0,3.06,2.78,10.1
220.0,289,twowheeler,1288011209_0,12.82,11.11,15.4
220.0,360,car,:6469564795_6_0,7.98,6.78,17.7
220.0,362,autorickshaw,-103082313#1_0,3.06,2.78,10.1
220.0,365,twowheeler,-52152314#1_0,15.53,13.89,11.8
220.5,125,twowheeler,102690997#3_0,15.56,13.89,12.0
220.5,289,twowheeler,1288011209_0,12.48,11.11,12.3
220.5,339,twowheeler,103212690_0,3.11,2.78,12.0
220.5,360,car,:6469564795_6_0,7.77,6.78,14.6
220.5,365,twowheeler,-52152314#1_0,15.32,13.89,10.3
221.0,125,twowheeler,102690997#3_0,15.94,13.89,14.7
221.0,289,twowheeler,1288011209_0,12.71,11.11,14.4
221.5,125,twowheeler,102690997#3_0,15.61,13.89,12.4
221.5,299,twowheeler,:1190128345_0_0,12.27,11.11,10.4
221.5,339,twowheeler,103212690_0,3.14,2.78,12.9
221.5,366,car,:cluster_13298747750_13298747754_7007141699_1_0,7.25,6.5,11.5
222.0,125,twowheeler,:10943490813_0_0,15.71,13.89,13.1
222.0,365,twowheeler,-52152314#1_0,15.46,13.89,11.3
222.5,125,twowheeler,102690997#4_0,15.59,13.89,12.2
222.5,289,twowheeler,1288011209_0,12.47,11.11,12.3
222.5,299,twowheeler,-103082314#1_0,12.81,11.11,15.3
223.0,289,twowheeler,1288011209_0,12.81,11.11,15.3
223.5,173,twowheeler,:1177211724_6_0,7.46,6.61,12.8
223.5,289,twowheeler,:cluster_11158897100_11158897101_11158897102_664471748_#1more_1_0,12.79,11.11,15.1
223.5,365,twowheeler,-52152314#1_0,15.39,13.89,10.8
224.0,125,twowheeler,102690997#5_0,15.88,13.89,14.4
224.0,145,twowheeler,102690997#6_0,15.82,13.89,13.9
224.0,289,twowheeler,:cluster_11158897100_11158897101_11158897102_664471748_#1more_1_0,12.71,11.11,14.4
224.5,145,twowheeler,102690997#6_0,15.43,13.89,11.1
224.5,289,twowheeler,:cluster_11158897100_11158897101_11158897102_664471748_#1more_1_0,12.95,11.11,16.5
225.5,125,twowheeler,102690997#6_0,15.66,13.89,12.7
225.5,145,twowheeler,102690997#6_0,15.79,13.89,13.7
225.5,339,twowheeler,103212690_0,3.25,2.78,16.8
225.5,366,car,1126633510#0_0,12.32,11.11,10.9
226.0,125,twowheeler,102690997#6_0,15.9,13.89,14.5
226.0,249,twowheeler,102961698#6_0,15.33,13.89,10.4
226.0,289,twowheeler,1502779184#1_0,12.27,11.11,10.4
226.0,299,twowheeler,:1190128270_0_0,12.51,11.11,12.6
226.0,339,twowheeler,103212690_0,3.25,2.78,16.8
226.0,365,twowheeler,-52152314#1_0,15.39,13.89,10.8
226.5,289,twowheeler,1502779184#1_0,12.85,11.11,15.7
227.0,125,twowheeler,102690997#6_0,15.53,13.89,11.8
227.0,249,twowheeler,102961698#6_0,15.34,13.89,10.4
227.0,289,twowheeler,1502779184#1_0,13.12,11.11,18.1
227.0,365,twowheeler,-52152314#1_0,15.45,13.89,11.3
227.5,289,twowheeler,1502779184#1_0,12.37,11.11,11.3
228.0,249,twowheeler,102961698#6_0,15.3,13.89,10.2
228.0,289,twowheeler,1502779184#1_0,13.0,11.11,17.0
228.5,289,twowheeler,1502779184#1_0,12.37,11.11,11.4
228.5,365,twowheeler,-52152314#0_0,15.48,13.89,11.5
229.0,289,twowheeler,1502779184#1_0,12.62,11.11,13.6
229.5,277,twowheeler,:cluster_1177211838_13300645525_13300645528_0_0,7.0,6.14,14.0
229.5,289,twowheeler,1502779184#1_0,12.24,11.11,10.2
229.5,365,twowheeler,-52152314#0_0,15.5,13.89,11.6
230.0,289,twowheeler,1502779184#1_0,13.04,11.11,17.3
230.0,365,twowheeler,-52152314#0_0,15.43,13.89,11.1
230.0,366,car,1126633510#0_0,12.27,11.11,10.5
230.5,289,twowheeler,1502779184#1_0,12.52,11.11,12.7
231.0,289,twowheeler,1502779184#1_0,12.81,11.11,15.3
231.0,320,car,1173597755#8_0,12.27,11.11,10.5
231.0,365,twowheeler,-52152314#0_0,15.29,13.89,10.1
231.5,13,twowheeler,52152366#0_1,12.44,11.11,12.0
231.5,289,twowheeler,1502779184#1_0,12.49,11.11,12.4
231.5,320,car,:13298747735_1_0,12.34,11.11,11.1
232.0,13,twowheeler,52152366#0_1,12.3,11.11,10.7
232.0,289,twowheeler,1502779184#1_0,12.5,11.11,12.5
232.0,320,car,1173597755#9_0,12.27,11.11,10.4
232.0,370,car,101972898#2_0,15.35,13.89,10.5
232.5,145,twowheeler,102691001#1_0,12.38,11.11,11.4
232.5,289,twowheeler,1502779184#1_0,12.5,11.11,12.5
232.5,320,car,1173597755#9_0,12.29,11.11,10.6
232.5,370,car,:1190128241_0_0,15.29,13.89,10.1
233.0,289,twowheeler,1502779184#1_0,12.99,11.11,16.9
233.0,320,car,1173597755#9_0,12.34,11.11,11.1
233.0,370,car,:1190128241_0_0,15.43,13.89,11.1
233.5,13,twowheeler,52152366#0_0,12.25,11.11,10.3
233.5,289,twowheeler,1502779184#1_0,12.98,11.11,16.8
233.5,299,twowheeler,1435087429_0,12.66,11.11,13.9
233.5,320,car,1173597755#9_0,12.33,11.11,11.0
234.0,320,car,1173597755#9_0,12.53,11.11,12.8
234.5,320,car,1173597755#9_0,12.79,11.11,15.2
234.5,370,car,101972898#3_0,15.39,13.89,10.8
235.0,13,twowheeler,52152366#0_0,12.22,11.11,10.0
235.0,299,twowheeler,1435087429_0,12.44,11.11,12.0
235.0,320,car,1173597755#9_0,12.46,11.11,12.1
235.0,366,car,1126633510#1_1,12.28,11.11,10.6
235.5,366,car,1126633510#1_1,12.39,11.11,11.5
235.5,370,car,101972898#3_0,15.38,13.89,10.7
236.0,366,car,1126633510#1_1,12.33,11.11,11.0
237.0,320,car,:663940642_3_0,9.44,8.31,13.6
238.0,366,car,1126633510#1_1,12.24,11.11,10.2
239.0,257,twowheeler,:cluster_11942000227_11942000230_6173706992_10_0,9.71,8.12,19.5
239.0,393,twowheeler,:1174832699_2_0,4.08,3.65,11.8
239.5,257,twowheeler,:cluster_11942000227_11942000230_6173706992_10_0,9.41,8.12,15.9
239.5,320,car,52097266#0_0,12.53,11.11,12.8
239.5,365,twowheeler,52097653#2_0,12.3,11.11,10.7
240.0,320,car,52097266#0_0,12.33,11.11,11.0
240.5,13,twowheeler,52152366#1_0,12.45,11.11,12.1
240.5,320,car,52097266#0_0,12.23,11.11,10.1
241.0,320,car,52097266#0_0,12.62,11.11,13.6
241.5,173,twowheeler,101972960#2_0,15.74,13.89,13.3
241.5,299,twowheeler,-1198952554#0_0,12.35,11.11,11.2
241.5,315,twowheeler,:1191863749_2_0,7.41,6.49,14.2
241.5,320,car,52097266#0_0,12.26,11.11,10.4
242.0,173,twowheeler,101972960#2_0,15.76,13.89,13.4
242.0,320,car,52097266#0_0,12.57,11.11,13.2
242.0,397,twowheeler,1173597755#9_0,12.26,11.11,10.4
242.5,320,car,52097266#0_0,12.81,11.11,15.3
243.0,13,twowheeler,52152366#1_0,12.39,11.11,11.5
243.0,320,car,52097266#0_0,12.51,11.11,12.6
243.0,365,twowheeler,52097653#2_0,12.31,11.11,10.8
243.0,370,car,1251129390#3_0,12.37,11.11,11.4
243.5,320,car,52097266#0_0,12.61,11.11,13.5
244.0,320,car,52097266#0_0,12.38,11.11,11.4
244.0,370,car,1251129390#3_0,12.25,11.11,10.3
244.0,398,autorickshaw,:664472707_3_0,4.08,3.65,11.7
244.5,320,car,52097266#0_0,12.26,11.11,10.4
245.0,320,car,52097266#0_0,12.49,11.11,12.4
245.5,320,car,52097266#0_0,12.46,11.11,12.2
245.5,365,twowheeler,52097653#2_0,12.41,11.11,11.7
246.0,320,car,:1176977453_7_0,12.25,11.11,10.3
246.0,370,car,1251129390#3_0,12.25,11.11,10.3
246.5,320,car,:1176977453_7_0,12.58,11.11,13.2
246.5,365,twowheeler,52097653#2_0,12.25,11.11,10.2
246.5,370,car,1251129390#3_0,12.34,11.11,11.1
247.0,277,twowheeler,-101972960#0_0,15.28,13.89,10.0
247.0,315,twowheeler,:1191863802_12_0,8.2,7.4,10.7
247.0,320,car,52097266#1_0,12.6,11.11,13.4
247.0,370,car,1251129390#3_0,12.31,11.11,10.8
247.5,277,twowheeler,:1177211571_4_0,15.94,13.89,14.8
247.5,320,car,52097266#1_0,12.75,11.11,14.8
248.0,277,twowheeler,101972892#1_0,16.3,13.89,17.3
248.0,315,twowheeler,1309209159#0_0,3.2,2.78,14.9
248.0,320,car,52097266#1_0,12.39,11.11,11.5
248.5,277,twowheeler,101972892#1_0,15.68,13.89,12.9
248.5,320,car,52097266#1_0,12.85,11.11,15.6
248.5,370,car,:cluster_10279701142_664471710_0_0,12.36,11.11,11.2
249.5,320,car,52097266#1_0,12.28,11.11,10.5
249.5,370,car,:cluster_10279701142_664471710_0_0,12.29,11.11,10.6
250.5,320,car,52097266#1_0,12.27,11.11,10.4
251.0,277,twowheeler,:1177211334_3_0,7.69,6.54,17.5
251.0,320,car,52097266#1_0,12.42,11.11,11.8
251.5,13,twowheeler,-103230546_0,15.59,13.89,12.3
251.5,277,twowheeler,:1177211334_3_0,7.56,6.54,15.6
251.5,320,car,52097266#1_0,12.64,11.11,13.8
252.0,277,twowheeler,:1177211334_3_0,7.22,6.54,10.4
252.0,320,car,52097266#1_0,12.51,11.11,12.6
252.5,320,car,52097266#1_0,12.55,11.11,13.0
252.5,370,car,:1177160765_4_0,12.37,11.11,11.3
253.0,320,car,52097266#1_0,12.5,11.11,12.5
253.0,416,car,102027267#1_0,12.44,11.11,12.0
253.5,320,car,52097266#1_0,12.8,11.11,15.2
253.5,416,car,102027267#1_0,12.28,11.11,10.5
254.0,320,car,:664447208_7_0,12.69,11.11,14.3
254.5,13,twowheeler,-103230546_0,15.53,13.89,11.8
254.5,145,twowheeler,1126633510#0_0,12.24,11.11,10.1
254.5,320,car,:664447208_7_0,12.58,11.11,13.3
254.5,370,car,-102688627#4_0,12.27,11.11,10.4
254.5,416,car,:1190100244_3_0,12.28,11.11,10.5
255.0,145,twowheeler,1126633510#0_0,12.54,11.11,12.9
255.0,320,car,52097266#2_0,12.33,11.11,10.9
255.0,370,car,-102688627#4_0,12.37,11.11,11.3
255.0,416,car,102027267#2_0,12.23,11.11,10.1
255.5,315,twowheeler,1309209159#0_0,3.12,2.78,12.2
255.5,320,car,52097266#2_0,12.25,11.11,10.3
255.5,397,twowheeler,:1176977453_6_0,7.05,6.36,10.8
255.5,416,car,102027267#2_0,12.26,11.11,10.4
256.0,145,twowheeler,1126633510#0_0,12.38,11.11,11.5
256.0,320,car,52097266#2_0,12.39,11.11,11.5
256.0,416,car,102027267#2_0,12.34,11.11,11.0
256.5,320,car,:1176977350_7_0,12.66,11.11,14.0
256.5,416,car,102027267#2_0,12.43,11.11,11.9
257.0,145,twowheeler,1126633510#0_0,12.34,11.11,11.1
257.0,320,car,:1176977350_7_0,12.46,11.11,12.1
257.0,416,car,102027267#2_0,12.27,11.11,10.4
257.5,145,twowheeler,1126633510#0_0,12.59,11.11,13.3
257.5,320,car,52097266#3_0,12.64,11.11,13.7
257.5,370,car,:1177161154_4_0,7.62,6.86,11.1
257.5,416,car,102027267#2_0,12.38,11.11,11.4
258.0,145,twowheeler,1126633510#0_0,12.43,11.11,11.9
258.0,277,twowheeler,:1190128241_0_0,16.2,13.89,16.6
258.0,320,car,52097266#3_0,12.71,11.11,14.4
258.0,416,car,102027267#2_0,12.24,11.11,10.2
258.5,145,twowheeler,1126633510#0_0,12.36,11.11,11.3
258.5,277,twowheeler,:1190128241_0_0,16.47,13.89,18.6
258.5,320,car,52097266#3_0,12.75,11.11,14.8
258.5,416,car,102027267#2_0,12.24,11.11,10.2
258.5,429,twowheeler,-101966506#1_0,15.62,13.89,12.4
259.0,145,twowheeler,1126633510#0_0,12.47,11.11,12.3
259.0,277,twowheeler,101972898#3_0,15.62,13.89,12.5
259.0,320,car,52097266#3_0,12.51,11.11,12.6
259.0,429,twowheeler,-101966506#1_0,15.96,13.89,14.9
259.5,145,twowheeler,1126633510#0_0,12.65,11.11,13.9
259.5,277,twowheeler,101972898#3_0,16.75,13.89,20.6
259.5,320,car,52097266#3_0,12.5,11.11,12.5
259.5,416,car,102027267#2_0,12.31,11.11,10.8
259.5,429,twowheeler,-101966506#1_0,16.0,13.89,15.2
260.0,277,twowheeler,101972898#3_0,15.84,13.89,14.0
260.0,320,car,52097266#3_0,12.54,11.11,12.9
260.0,416,car,102027267#2_0,12.38,11.11,11.4
260.0,429,twowheeler,:1177161043_0_0,16.86,13.89,21.4
260.5,277,twowheeler,101972898#3_0,16.15,13.89,16.2
260.5,320,car,:1189036584_7_0,12.27,11.11,10.4
260.5,429,twowheeler,:1177161043_0_0,17.0,13.89,22.4
261.0,125,twowheeler,1126633510#0_0,12.61,11.11,13.5
261.0,277,twowheeler,101972898#3_0,15.92,13.89,14.6
261.0,320,car,:1189036584_7_0,12.41,11.11,11.7
261.0,429,twowheeler,-101966506#0_0,16.77,13.89,20.7
261.5,125,twowheeler,1126633510#0_0,12.45,11.11,12.1
261.5,429,twowheeler,-101966506#0_0,15.89,13.89,14.4
262.0,125,twowheeler,1126633510#0_0,12.29,11.11,10.6
262.0,145,twowheeler,1126633510#0_0,12.52,11.11,12.7
262.0,320,car,52097266#4_0,12.27,11.11,10.5
262.0,416,car,102027267#2_0,12.29,11.11,10.6
262.0,429,twowheeler,-101966506#0_0,16.03,13.89,15.4
262.5,125,twowheeler,1126633510#0_0,12.27,11.11,10.5
262.5,145,twowheeler,:10560867456_0_0,12.33,11.11,10.9
262.5,320,car,52097266#4_0,12.74,11.11,14.6
262.5,429,twowheeler,-101966506#0_0,16.3,13.89,17.3
263.0,320,car,52097266#4_0,12.23,11.11,10.0
263.0,416,car,102027267#2_0,12.3,11.11,10.7
263.5,125,twowheeler,1126633510#0_0,12.61,11.11,13.5
263.5,320,car,52097266#4_0,12.74,11.11,14.6
263.5,397,twowheeler,:1176978389_1_0,9.32,8.34,11.7
264.0,320,car,52097266#4_0,12.27,11.11,10.4
264.0,336,car,:cluster_1177161169_664472775_0_0,9.96,8.76,13.6
264.5,277,twowheeler,:11843639551_3_0,9.94,8.92,11.4
264.5,320,car,52097266#4_0,12.71,11.11,14.4
265.0,320,car,52097266#4_0,12.39,11.11,11.6
265.0,416,car,:664446588_1_0,12.27,11.11,10.5
265.5,257,twowheeler,:664446590_1_0,7.96,6.28,26.7
265.5,320,car,:cluster_1176977581_1176977943_13_0,12.81,11.11,15.3
265.5,416,car,102027267#3_0,12.41,11.11,11.7
266.0,125,twowheeler,1126633510#1_0,12.26,11.11,10.3
266.0,257,twowheeler,:664446590_1_0,7.27,6.28,15.8
266.0,320,car,:cluster_1176977581_1176977943_13_0,12.28,11.11,10.6
266.0,416,car,102027267#3_0,12.35,11.11,11.2
266.0,430,car,:1177161074_2_0,8.51,6.54,30.1
266.5,315,twowheeler,1309209159#0_0,3.14,2.78,12.9
266.5,320,car,:cluster_1176977581_1176977943_13_0,12.62,11.11,13.6
266.5,336,car,1087118362#5_0,12.61,11.11,13.5
266.5,416,car,102027267#3_0,12.43,11.11,11.8
266.5,430,car,:1177161074_2_0,8.13,6.54,24.4
267.0,320,car,:cluster_1176977581_1176977943_13_0,12.24,11.11,10.2
267.0,336,car,:1189868561_0_0,12.8,11.11,15.2
267.5,145,twowheeler,1126633510#1_0,12.61,11.11,13.5
267.5,320,car,:cluster_1176977581_1176977943_13_0,12.32,11.11,10.9
267.5,336,car,:1189868561_0_0,12.53,11.11,12.8
267.5,416,car,102027267#3_0,12.25,11.11,10.3
268.0,125,twowheeler,1126633510#1_0,12.8,11.11,15.2
268.0,145,twowheeler,1126633510#1_0,12.57,11.11,13.1
268.0,315,twowheeler,1309209159#0_0,3.16,2.78,13.7
268.0,320,car,:cluster_1176977581_1176977943_13_0,12.42,11.11,11.8
268.0,336,car,1087118362#6_0,12.65,11.11,13.8
268.5,320,car,52097266#6_0,12.67,11.11,14.0
268.5,336,car,:10943435169_3_0,12.83,11.11,15.5
268.5,429,twowheeler,101966424#2_0,15.96,13.89,14.9
269.0,125,twowheeler,1126633510#1_0,12.5,11.11,12.5
269.0,145,twowheeler,1126633510#1_0,12.63,11.11,13.7
269.0,320,car,52097266#6_0,12.42,11.11,11.8
269.0,336,car,:10943435169_3_0,12.62,11.11,13.6
269.0,429,twowheeler,101966424#2_0,17.04,13.89,22.7
269.0,447,twowheeler,101757288#1_0,15.38,13.89,10.8
269.5,145,twowheeler,1126633510#1_0,12.42,11.11,11.8
269.5,320,car,52097266#6_0,12.79,11.11,15.1
269.5,336,car,1087118362#7_0,12.6,11.11,13.4
269.5,447,twowheeler,101757288#1_0,16.55,13.89,19.1
270.0,320,car,52097266#6_0,12.38,11.11,11.4
270.0,336,car,1087118362#7_0,12.81,11.11,15.3
270.0,447,twowheeler,101757288#1_0,15.42,13.89,11.0
270.5,320,car,52097266#6_0,12.34,11.11,11.1
270.5,336,car,1087118362#7_0,12.37,11.11,11.3
270.5,416,car,102027267#4_0,12.38,11.11,11.4
270.5,447,twowheeler,101757288#1_0,16.45,13.89,18.4
271.0,145,twowheeler,:10560867452_0_0,9.68,8.63,12.1
271.0,320,car,52097266#6_0,12.78,11.11,15.0
271.0,336,car,1087118362#7_0,12.31,11.11,10.8
271.0,416,car,102027267#4_0,12.32,11.11,10.9
271.0,447,twowheeler,101757288#1_0,15.73,13.89,13.3
271.5,257,twowheeler,:664446593_1_0,9.96,8.06,23.6
271.5,320,car,52097266#6_0,12.74,11.11,14.7
271.5,336,car,1087118362#7_0,12.55,11.11,13.0
271.5,416,car,102027267#4_0,12.37,11.11,11.4
271.5,447,twowheeler,101757288#1_0,16.26,13.89,17.1
272.0,257,twowheeler,:664446593_1_0,9.78,8.06,21.4
272.0,336,car,:10907705738_0_0,12.45,11.11,12.1
272.0,429,twowheeler,:1177160691_3_0,7.76,6.44,20.5
272.0,430,car,101966427_0,15.91,13.89,14.6
272.0,447,twowheeler,101757288#1_0,15.43,13.89,11.1
272.5,125,twowheeler,:10560867452_0_0,9.79,8.63,13.5
272.5,239,twowheeler,1196271501#2_0,12.24,11.11,10.2
272.5,257,twowheeler,:664446593_1_0,10.25,8.06,27.2
272.5,315,twowheeler,1309209159#0_0,3.1,2.78,11.6
272.5,336,car,:10907705738_0_0,12.8,11.11,15.2
272.5,430,car,101966427_0,16.68,13.89,20.1
272.5,447,twowheeler,101757288#1_0,16.51,13.89,18.8
273.0,336,car,1087118362#8_0,12.5,11.11,12.5
273.0,370,car,52155750#1_0,15.35,13.89,10.5
273.0,430,car,101966427_0,16.56,13.89,19.2
273.0,447,twowheeler,101757288#1_0,15.93,13.89,14.7
273.5,336,car,1087118362#8_0,12.5,11.11,12.5
273.5,430,car,101966427_0,16.46,13.89,18.5
273.5,443,twowheeler,:cluster_11942000232_664472748_7_0,5.56,4.62,20.3
273.5,447,twowheeler,101757288#1_0,15.92,13.89,14.6
273.5,449,twowheeler,1435087429_0,12.41,11.11,11.7
274.0,336,car,1087118362#8_0,12.52,11.11,12.7
274.0,430,car,101966427_0,15.38,13.89,10.7
274.0,447,twowheeler,101757288#1_0,16.18,13.89,16.5
274.5,257,twowheeler,-52152311#1_0,13.09,11.11,17.8
274.5,277,twowheeler,:cluster_10279701142_664471710_0_0,12.31,11.11,10.8
274.5,336,car,1087118362#8_0,12.55,11.11,13.0
274.5,443,twowheeler,:cluster_11942000232_664472748_17_0,5.71,4.62,23.6
274.5,447,twowheeler,101757288#1_0,16.39,13.89,18.0
275.0,257,twowheeler,-52152311#1_0,13.83,11.11,24.5
275.0,277,twowheeler,:cluster_10279701142_664471710_0_0,12.56,11.11,13.0
275.0,336,car,1087118362#8_0,12.68,11.11,14.1
275.0,447,twowheeler,101757288#1_0,16.02,13.89,15.4
275.5,257,twowheeler,-52152311#1_0,13.58,11.11,22.3
275.5,336,car,:1177160716_0_0,12.56,11.11,13.0
275.5,370,car,52155750#2_0,15.29,13.89,10.1
275.5,416,car,102027267#4_0,12.36,11.11,11.2
275.5,447,twowheeler,101757288#1_0,16.09,13.89,15.8
275.5,449,twowheeler,1435087429_0,12.34,11.11,11.0
276.0,145,twowheeler,102688631#1_0,12.36,11.11,11.2
276.0,257,twowheeler,-52152311#1_0,14.2,11.11,27.8
276.0,277,twowheeler,-102688627#5_0,13.31,11.11,19.8
276.0,336,car,:1177160716_0_0,12.57,11.11,13.2
276.0,416,car,102027267#4_0,12.39,11.11,11.5
276.0,447,twowheeler,101757288#1_0,15.48,13.89,11.5
276.5,257,twowheeler,:1190100379_1_0,14.23,11.11,28.1
276.5,277,twowheeler,-102688627#5_0,12.65,11.11,13.9
276.5,336,car,1087118362#9_0,12.32,11.11,10.9
276.5,370,car,52155750#2_0,15.29,13.89,10.1
277.0,145,twowheeler,102688631#1_0,12.64,11.11,13.7
277.0,257,twowheeler,-52152311#0_0,14.24,11.11,28.2
277.0,336,car,1087118362#9_0,12.44,11.11,12.0
277.5,257,twowheeler,-52152311#0_0,13.62,11.11,22.6
277.5,277,twowheeler,-102688627#5_0,12.76,11.11,14.9
277.5,336,car,1087118362#9_0,12.3,11.11,10.7
277.5,430,car,:1177161018_3_0,7.26,5.96,21.7
277.5,460,car,-1198952554#3_0,12.29,11.11,10.6
278.0,257,twowheeler,-52152311#0_0,13.59,11.11,22.3
278.0,277,twowheeler,:1177160765_4_0,12.23,11.11,10.1
278.0,336,car,1087118362#9_0,12.85,11.11,15.7
278.0,416,car,:1190100138_3_0,12.49,11.11,12.4
278.0,430,car,:1177161018_3_0,7.38,5.96,23.8
278.0,460,car,-1198952554#3_0,12.27,11.11,10.5
278.5,257,twowheeler,-52152311#0_0,14.43,11.11,29.9
278.5,277,twowheeler,:1177160765_4_0,12.41,11.11,11.7
278.5,336,car,1087118362#9_0,12.82,11.11,15.4
278.5,370,car,52155750#2_0,15.45,13.89,11.2
279.0,145,twowheeler,102688631#1_0,12.26,11.11,10.3
279.0,257,twowheeler,-52152311#0_0,13.56,11.11,22.1
279.0,277,twowheeler,-102688627#4_0,13.24,11.11,19.2
279.0,336,car,1087118362#9_0,12.48,11.11,12.3
279.0,366,car,1546903355_0,12.3,11.11,10.7
279.0,447,twowheeler,:1174833066_0_0,7.16,6.41,11.8
279.0,460,car,-1198952554#3_0,12.25,11.11,10.2
279.5,145,twowheeler,102688631#1_0,12.65,11.11,13.8
279.5,257,twowheeler,-52152311#0_0,13.36,11.11,20.3
279.5,277,twowheeler,-102688627#4_0,12.6,11.11,13.4
279.5,336,car,1087118362#9_0,12.3,11.11,10.7
279.5,370,car,52155750#2_0,15.33,13.89,10.4
279.5,416,car,102027267#5_0,12.46,11.11,12.2
279.5,460,car,:10943490945_4_0,12.33,11.11,11.0
280.0,125,twowheeler,102688631#1_0,12.48,11.11,12.3
280.0,145,twowheeler,:1190100199_0_0,12.42,11.11,11.8
280.0,239,twowheeler,135461188#0_0,12.45,11.11,12.1
280.0,257,twowheeler,-52152311#0_0,14.14,11.11,27.2
280.0,277,twowheeler,-102688627#4_0,12.58,11.11,13.2
280.0,336,car,1087118362#9_0,12.85,11.11,15.7
280.0,366,car,1546903355_0,12.25,11.11,10.3
280.0,416,car,102027267#5_0,12.43,11.11,11.9
280.0,460,car,:10943490945_4_0,12.3,11.11,10.7
280.5,125,twowheeler,102688631#1_0,12.31,11.11,10.8
280.5,257,twowheeler,-52152311#0_0,14.05,11.11,26.5
280.5,277,twowheeler,-102688627#4_0,13.26,11.11,19.4
280.5,336,car,1087118362#9_0,12.44,11.11,11.9
280.5,443,twowheeler,102690992#2_0,12.7,11.11,14.3
280.5,460,car,:10943490945_4_0,12.36,11.11,11.3
280.5,463,twowheeler,:1177211769_8_0,4.23,3.65,15.9
281.0,125,twowheeler,102688631#1_0,12.8,11.11,15.2
281.0,239,twowheeler,135461188#0_0,12.5,11.11,12.5
281.0,257,twowheeler,-52152311#0_0,13.62,11.11,22.6
281.0,277,twowheeler,-102688627#4_0,12.43,11.11,11.9
281.0,336,car,:1177161703_3_0,12.67,11.11,14.1
281.0,416,car,:6173584950_0_0,12.44,11.11,12.0
281.0,443,twowheeler,102690992#2_0,12.72,11.11,14.5
281.5,125,twowheeler,:1190100199_0_0,12.45,11.11,12.0
281.5,145,twowheeler,102688631#2_0,12.51,11.11,12.6
281.5,257,twowheeler,-52152311#0_0,13.7,11.11,23.3
281.5,277,twowheeler,-102688627#4_0,12.63,11.11,13.6
281.5,293,twowheeler,:1177212032_6_0,8.76,7.93,10.5
281.5,336,car,:1177161703_3_0,12.84,11.11,15.6
281.5,443,twowheeler,102690992#2_0,13.01,11.11,17.1
282.0,125,twowheeler,:1190100199_0_0,12.6,11.11,13.4
282.0,257,twowheeler,-52152311#0_0,13.45,11.11,21.1
282.0,336,car,1087118362#10_0,12.52,11.11,12.6
282.0,443,twowheeler,102690992#2_0,12.73,11.11,14.6
282.5,125,twowheeler,102688631#2_0,12.31,11.11,10.8
282.5,257,twowheeler,-52152311#0_0,13.42,11.11,20.8
282.5,277,twowheeler,:1177161154_5_0,12.64,11.11,13.8
282.5,293,twowheeler,:1177212032_6_0,8.83,7.93,11.3
282.5,30,car,52152366#0_0,12.56,11.11,13.1
282.5,336,car,1087118362#10_0,12.66,11.11,14.0
282.5,360,car,-52155750#2_0,15.66,13.89,12.7
282.5,37,twowheeler,52152366#0_1,13.09,11.11,17.8
282.5,443,twowheeler,102690992#2_0,13.4,11.11,20.6
283.0,257,twowheeler,-52152311#0_0,13.26,11.11,19.4
283.0,277,twowheeler,:1177161154_5_0,13.15,11.11,18.4
283.0,30,car,52152366#0_0,13.0,11.11,17.0
283.0,336,car,:13619904153_0_0,12.28,11.11,10.5
283.0,360,car,-52155750#2_0,16.07,13.89,15.7
283.0,443,twowheeler,102690992#2_0,13.0,11.11,17.0
283.5,239,twowheeler,135461188#1_0,12.34,11.11,11.1
283.5,257,twowheeler,-52152311#0_0,14.39,11.11,29.5
283.5,277,twowheeler,-102688627#3_0,13.35,11.11,20.2
283.5,336,car,:13619904153_0_0,12.8,11.11,15.2
283.5,360,car,-52155750#2_0,16.06,13.89,15.7
283.5,430,car,-101966393#0_0,15.3,13.89,10.2
283.5,443,twowheeler,102690992#2_0,12.81,11.11,15.3
284.0,257,twowheeler,-52152311#0_0,14.42,11.11,29.8
284.0,277,twowheeler,-102688627#3_0,12.52,11.11,12.7
284.0,336,car,1087118362#11_0,12.88,11.11,16.0
284.0,360,car,-52155750#2_0,15.92,13.89,14.6
284.0,397,twowheeler,50219794#13_1,12.36,11.11,11.3
284.0,430,car,-101966393#0_0,15.98,13.89,15.0
284.0,447,twowheeler,50219794#2_0,12.73,11.11,14.6
284.5,277,twowheeler,-102688627#3_0,12.87,11.11,15.9
284.5,336,car,1087118362#11_0,12.82,11.11,15.4
284.5,360,car,-52155750#2_0,16.27,13.89,17.2
284.5,430,car,-101966393#0_0,16.69,13.89,20.2
284.5,447,twowheeler,50219794#2_0,12.88,11.11,15.9
285.0,277,twowheeler,-102688627#3_0,12.92,11.11,16.3
285.0,336,car,1087118362#11_0,12.51,11.11,12.6
285.0,360,car,-52155750#2_0,16.38,13.89,17.9
285.0,366,car,102690982#1_0,12.29,11.11,10.7
285.0,430,car,-101966393#0_0,16.04,13.89,15.5
285.0,447,twowheeler,:1174832895_7_0,12.72,11.11,14.5
285.5,239,twowheeler,135461188#2_0,12.5,11.11,12.5
285.5,277,twowheeler,-102688627#3_0,13.01,11.11,17.1
285.5,336,car,1087118362#11_0,12.35,11.11,11.2
285.5,360,car,-52155750#2_0,16.48,13.89,18.6
285.5,366,car,102690982#1_0,12.32,11.11,10.9
285.5,397,twowheeler,50219794#13_1,12.36,11.11,11.2
285.5,430,car,-101966393#0_0,16.51,13.89,18.9
285.5,447,twowheeler,:1174832895_7_0,12.59,11.11,13.3
286.0,155,twowheeler,:cluster_10281958922_663940594_1_1,15.43,13.89,11.1
286.0,277,twowheeler,-102688627#3_0,13.28,11.11,19.5
286.0,336,car,1087118362#11_0,12.79,11.11,15.1
286.0,360,car,:1177161675_0_0,16.18,13.89,16.5
286.0,366,car,:1190100498_2_0,12.28,11.11,10.5
286.0,397,twowheeler,50219794#13_1,12.26,11.11,10.3
286.0,430,car,-101966393#0_0,16.41,13.89,18.1
286.0,447,twowheeler,50219794#3_0,12.76,11.11,14.9
286.5,277,twowheeler,-102688627#3_0,12.91,11.11,16.2
286.5,336,car,1087118362#11_0,12.75,11.11,14.8
286.5,360,car,:1177161675_0_0,15.91,13.89,14.6
286.5,430,car,-101966393#0_0,16.68,13.89,20.1
286.5,447,twowheeler,50219794#3_0,12.92,11.11,16.3
287.0,125,twowheeler,102688631#3_0,12.35,11.11,11.1
287.0,155,twowheeler,1251129390#0_1,12.42,11.11,11.8
287.0,277,twowheeler,:1177160687_0_0,13.27,11.11,19.5
287.0,336,car,1087118362#11_0,12.45,11.11,12.1
287.0,360,car,-52155750#1_0,16.24,13.89,16.9
287.0,430,car,-101966393#0_0,16.24,13.89,16.9
287.0,449,twowheeler,-1435087429_0,12.33,11.11,10.9
287.5,277,twowheeler,:1177160687_0_0,13.0,11.11,17.0
287.5,336,car,1087118362#11_0,12.55,11.11,12.9
287.5,360,car,-52155750#1_0,15.97,13.89,15.0
287.5,430,car,-101966393#0_0,16.11,13.89,16.0
287.5,447,twowheeler,50219794#3_0,12.48,11.11,12.4
287.5,449,twowheeler,-1435087429_0,12.24,11.11,10.2
288.0,125,twowheeler,102688631#3_0,12.46,11.11,12.2
288.0,155,twowheeler,1251129390#0_1,12.22,11.11,10.0
288.0,277,twowheeler,:1177160687_0_0,12.27,11.11,10.4
288.0,336,car,1087118362#11_0,12.51,11.11,12.6
288.0,360,car,-52155750#1_0,15.87,13.89,14.3
288.0,430,car,-101966393#0_0,15.98,13.89,15.1
288.5,134,autorickshaw,:1189036932_0_0,8.28,7.5,10.5
288.5,277,twowheeler,-102688627#2_0,12.8,11.11,15.2
288.5,360,car,-52155750#1_0,15.61,13.89,12.4
288.5,366,car,102690982#2_0,12.34,11.11,11.0
288.5,447,twowheeler,:1189036617_3_0,12.53,11.11,12.8
288.5,463,twowheeler,101972892#1_0,15.87,13.89,14.3
289.0,145,twowheeler,-52155744#3_0,15.53,13.89,11.8
289.0,277,twowheeler,-102688627#2_0,12.73,11.11,14.6
289.0,293,twowheeler,-101972940_0,15.76,13.89,13.5
289.0,447,twowheeler,50219794#4_0,13.31,11.11,19.8
289.5,145,twowheeler,-52155744#3_0,15.45,13.89,11.3
289.5,277,twowheeler,:1177161508_4_0,12.83,11.11,15.5
289.5,447,twowheeler,50219794#4_0,12.26,11.11,10.4
290.0,145,twowheeler,-52155744#3_0,15.35,13.89,10.5
290.0,293,twowheeler,-101972940_0,15.4,13.89,10.9
290.0,397,twowheeler,50219794#15_1,12.26,11.11,10.4
290.0,443,twowheeler,1546903355_0,12.75,11.11,14.8
290.5,125,twowheeler,:6469974905_3_0,12.35,11.11,11.2
290.5,277,twowheeler,:1177161508_4_0,12.9,11.11,16.1
290.5,443,twowheeler,1546903355_0,12.67,11.11,14.1
290.5,447,twowheeler,50219794#4_0,13.18,11.11,18.6
291.0,145,twowheeler,-52155744#3_0,15.53,13.89,11.8
291.0,277,twowheeler,-102688627#1_0,12.88,11.11,15.9
291.0,366,car,102690982#2_0,12.25,11.11,10.3
291.0,443,twowheeler,1546903355_0,13.75,11.11,23.7
291.0,447,twowheeler,50219794#4_0,13.04,11.11,17.3
291.5,277,twowheeler,-102688627#1_0,12.23,11.11,10.1
291.5,366,car,102690982#2_0,12.35,11.11,11.2
291.5,443,twowheeler,1546903355_0,13.55,11.11,21.9
291.5,447,twowheeler,50219794#4_0,12.23,11.11,10.1
292.0,125,twowheeler,102688631#5_0,12.79,11.11,15.2
292.0,145,twowheeler,:1190100182_0_0,15.83,13.89,14.0
292.0,277,twowheeler,-102688627#1_0,12.77,11.11,14.9
292.0,299,twowheeler,:1177160765_4_0,12.34,11.11,11.1
292.0,366,car,102690982#2_0,12.38,11.11,11.4
292.0,430,car,:cluster_1177160434_1177161050_6_0,8.82,7.21,22.4
292.0,443,twowheeler,1546903355_0,12.81,11.11,15.3
292.0,447,twowheeler,50219794#4_0,12.66,11.11,14.0
292.5,125,twowheeler,102688631#5_0,12.61,11.11,13.5
292.5,145,twowheeler,-52155744#2_0,15.6,13.89,12.3
292.5,277,twowheeler,-102688627#1_0,12.3,11.11,10.7
292.5,443,twowheeler,1546903355_0,13.3,11.11,19.7
292.5,447,twowheeler,50219794#4_0,13.16,11.11,18.4
292.5,460,car,:1190128257_14_0,9.55,8.59,11.2
293.0,277,twowheeler,-102688627#1_0,12.51,11.11,12.6
293.0,443,twowheeler,1546903355_0,12.52,11.11,12.7
293.0,447,twowheeler,50219794#4_0,13.1,11.11,17.9
293.0,449,twowheeler,:7371768928_0_0,12.22,11.11,10.0
293.5,145,twowheeler,-52155744#2_0,15.7,13.89,13.0
293.5,155,twowheeler,1251129390#0_1,12.41,11.11,11.7
293.5,397,twowheeler,50219794#15_1,12.42,11.11,11.8
293.5,443,twowheeler,1546903355_0,13.33,11.11,20.0
293.5,447,twowheeler,50219794#4_0,12.99,11.11,16.9
294.0,145,twowheeler,-52155744#2_0,15.3,13.89,10.2
294.0,277,twowheeler,:1177160573_0_0,13.06,11.11,17.6
294.0,299,twowheeler,-102688627#4_0,12.73,11.11,14.6
294.0,443,twowheeler,1546903355_0,12.48,11.11,12.4
294.0,447,twowheeler,50219794#4_0,12.85,11.11,15.6
294.5,145,twowheeler,-52155744#2_0,15.5,13.89,11.6
294.5,277,twowheeler,:1177160573_0_0,13.24,11.11,19.1
294.5,366,car,:663943275_7_0,12.29,11.11,10.6
294.5,397,twowheeler,1192799365_1,12.37,11.11,11.3
294.5,443,twowheeler,1546903355_0,13.6,11.11,22.4
295.0,125,twowheeler,102688631#5_0,12.34,11.11,11.1
295.0,145,twowheeler,-52155744#2_0,15.48,13.89,11.5
295.0,277,twowheeler,:1177160573_0_0,13.36,11.11,20.2
295.0,443,twowheeler,:1177160399_3_0,12.67,11.11,14.0
295.0,447,twowheeler,50219794#4_0,12.36,11.11,11.3
295.5,145,twowheeler,-52155744#2_0,15.39,13.89,10.8
295.5,277,twowheeler,-102688627#0_0,12.85,11.11,15.7
295.5,299,twowheeler,-102688627#4_0,12.22,11.11,10.0
295.5,397,twowheeler,1192799365_1,12.27,11.11,10.5
295.5,443,twowheeler,:1177160399_3_0,12.69,11.11,14.2
295.5,447,twowheeler,50219794#4_0,12.44,11.11,12.0
295.5,457,twowheeler,101972889_0,3.08,2.78,10.9
296.0,277,twowheeler,-102688627#0_0,12.44,11.11,12.0
296.0,443,twowheeler,:1177160399_3_0,12.74,11.11,14.7
296.0,457,twowheeler,101972889_0,3.08,2.78,10.9
296.5,155,twowheeler,1251129390#0_1,12.24,11.11,10.1
296.5,277,twowheeler,-102688627#0_0,12.56,11.11,13.1
296.5,299,twowheeler,:1177161154_5_0,12.84,11.11,15.5
296.5,37,twowheeler,:1191863830_6_0,3.2,2.78,15.1
296.5,443,twowheeler,102690982#1_0,12.83,11.11,15.5
296.5,447,twowheeler,50219794#4_0,12.69,11.11,14.2
297.0,125,twowheeler,:cluster_10281965682_663944134_3_0,9.8,8.61,13.9
297.0,155,twowheeler,:1177211539_0_1,12.3,11.11,10.7
297.0,277,twowheeler,-102688627#0_0,12.89,11.11,16.0
297.0,37,twowheeler,:1191863830_6_0,3.2,2.78,15.2
297.0,430,car,:663825934_3_0,7.95,6.15,29.2
297.0,443,twowheeler,102690982#1_0,12.69,11.11,14.2
297.5,145,twowheeler,-52155744#1_0,15.28,13.89,10.0
297.5,277,twowheeler,-102688627#0_0,12.32,11.11,10.9
297.5,299,twowheeler,:1177161154_5_0,12.6,11.11,13.4
297.5,430,car,:663825934_3_0,8.03,6.15,30.6
297.5,443,twowheeler,102690982#1_0,13.03,11.11,17.3
297.5,449,twowheeler,-52155579#1_0,12.37,11.11,11.3
298.0,134,autorickshaw,:1189036584_3_0,7.0,6.32,10.8
298.0,145,twowheeler,-52155744#1_0,15.65,13.89,12.6
298.0,277,twowheeler,-102688627#0_0,12.56,11.11,13.1
298.0,299,twowheeler,-102688627#3_0,12.71,11.11,14.4
298.0,443,twowheeler,102690982#1_0,13.36,11.11,20.3
298.5,145,twowheeler,-52155744#1_0,15.5,13.89,11.6
298.5,155,twowheeler,1251129390#1_1,12.25,11.11,10.2
298.5,277,twowheeler,-102688627#0_0,12.87,11.11,15.9
298.5,366,car,102690982#3_0,12.25,11.11,10.2
298.5,443,twowheeler,102690982#1_0,13.49,11.11,21.4
298.5,463,twowheeler,:1190128241_0_0,15.5,13.89,11.6
299.0,136,car,103230516#0_1,12.31,11.11,10.8
299.0,145,twowheeler,-52155744#1_0,15.56,13.89,12.0
299.0,277,twowheeler,-102688627#0_0,13.39,11.11,20.5
299.0,299,twowheeler,-102688627#3_0,12.27,11.11,10.5
299.0,443,twowheeler,:1190100498_2_0,13.1,11.11,17.9
299.0,449,twowheeler,-52155579#1_0,12.42,11.11,11.8
299.0,463,twowheeler,:1190128241_0_0,15.52,13.89,11.7
299.5,277,twowheeler,-102688627#0_0,13.12,11.11,18.1
299.5,443,twowheeler,102690982#2_0,13.03,11.11,17.2
300.0,136,car,103230516#0_1,12.3,11.11,10.7
300.0,277,twowheeler,-102688627#0_0,13.23,11.11,19.0
300.0,37,twowheeler,103230568_0,3.09,2.78,11.2
300.0,443,twowheeler,102690982#2_0,13.03,11.11,17.3
300.5,277,twowheeler,-102688627#0_0,13.06,11.11,17.6
300.5,443,twowheeler,102690982#2_0,13.11,11.11,18.0
300.5,449,twowheeler,-52155579#1_0,12.23,11.11,10.0
300.5,463,twowheeler,101972898#3_0,15.31,13.89,10.2
301.0,277,twowheeler,-102688627#0_0,13.14,11.11,18.3
301.0,37,twowheeler,103230568_0,3.16,2.78,13.7
301.0,443,twowheeler,102690982#2_0,13.08,11.11,17.8
301.0,499,twowheeler,:1191714356_7_0,16.1,13.89,15.9
301.5,155,twowheeler,1251129390#1_1,12.37,11.11,11.3
301.5,417,twowheeler,:10680197995_8_0,4.05,3.65,10.8
301.5,430,car,102688627#0_0,12.47,11.11,12.2
301.5,443,twowheeler,102690982#2_0,13.36,11.11,20.2
301.5,499,twowheeler,:1191714356_7_0,16.26,13.89,17.1
302.0,136,car,103230516#0_1,12.33,11.11,11.0
302.0,430,car,102688627#0_0,13.09,11.11,17.9
302.0,443,twowheeler,102690982#2_0,12.99,11.11,16.9
302.0,463,twowheeler,101972898#3_0,15.3,13.89,10.1
302.0,499,twowheeler,-103082325#1_0,16.3,13.89,17.4
302.5,155,twowheeler,1251129390#1_1,12.3,11.11,10.7
302.5,299,twowheeler,:1177160687_0_0,12.34,11.11,11.0
302.5,430,car,102688627#0_0,13.97,11.11,25.8
302.5,443,twowheeler,102690982#2_0,13.06,11.11,17.6
303.0,430,car,102688627#0_0,14.29,11.11,28.6
303.0,443,twowheeler,102690982#2_0,13.5,11.11,21.5
303.5,430,car,102688627#0_0,14.19,11.11,27.7
303.5,443,twowheeler,102690982#2_0,12.57,11.11,13.2
304.0,136,car,:1191863693_4_0,6.68,6.05,10.4
304.0,430,car,102688627#0_0,14.57,11.11,31.2
304.0,443,twowheeler,102690982#2_0,13.19,11.11,18.7
304.5,136,car,:1191863693_4_0,6.73,6.05,11.2
304.5,430,car,102688627#0_0,14.42,11.11,29.8
304.5,443,twowheeler,102690982#2_0,13.28,11.11,19.5
304.5,499,twowheeler,:1190128211_18_0,8.4,7.57,10.9
305.0,134,autorickshaw,:cluster_1176977581_1176977943_13_0,12.26,11.11,10.3
305.0,299,twowheeler,:1177161508_4_0,12.71,11.11,14.4
305.0,430,car,102688627#0_0,14.57,11.11,31.1
305.0,443,twowheeler,102690982#2_0,12.63,11.11,13.7
305.5,430,car,102688627#0_0,14.19,11.11,27.7
305.5,443,twowheeler,102690982#2_0,12.64,11.11,13.8
306.0,239,twowheeler,1178014356_0,15.52,13.89,11.7
306.0,430,car,:1177160573_7_0,14.43,11.11,29.9
306.0,443,twowheeler,102690982#2_0,12.94,11.11,16.5
306.5,299,twowheeler,-102688627#1_0,12.64,11.11,13.8
306.5,429,twowheeler,:6469564795_4_0,9.16,8.23,11.3
306.5,430,car,:1177160573_7_0,14.44,11.11,30.0
306.5,443,twowheeler,102690982#2_0,12.69,11.11,14.3
307.0,299,twowheeler,-102688627#1_0,12.51,11.11,12.6
307.0,429,twowheeler,:6469564795_4_0,9.41,8.23,14.3
307.0,430,car,102688627#1_0,14.17,11.11,27.5
307.0,443,twowheeler,:663943275_7_0,13.26,11.11,19.4
307.5,429,twowheeler,:6469564795_4_0,9.53,8.23,15.8
307.5,430,car,102688627#1_0,14.26,11.11,28.4
307.5,443,twowheeler,102690982#3_0,12.84,11.11,15.6
308.0,134,autorickshaw,52097266#6_0,12.24,11.11,10.2
308.0,277,twowheeler,-1198952555#3_0,12.23,11.11,10.0
308.0,299,twowheeler,-102688627#1_0,12.55,11.11,13.0
308.0,430,car,102688627#1_0,14.05,11.11,26.4
308.0,443,twowheeler,102690982#3_0,12.66,11.11,13.9
308.5,134,autorickshaw,52097266#6_0,12.36,11.11,11.2
308.5,277,twowheeler,-1198952555#3_0,13.04,11.11,17.3
308.5,37,twowheeler,103230568_0,3.13,2.78,12.7
308.5,430,car,102688627#1_0,14.51,11.11,30.6
308.5,443,twowheeler,102690982#3_0,13.58,11.11,22.3
308.5,463,twowheeler,1251129390#3_0,12.66,11.11,14.0
309.0,277,twowheeler,-1198952555#3_0,13.22,11.11,19.0
309.0,430,car,102688627#1_0,14.51,11.11,30.6
309.0,443,twowheeler,102690982#3_0,12.84,11.11,15.6
309.0,463,twowheeler,1251129390#3_0,12.52,11.11,12.7
309.5,277,twowheeler,:1186025305_4_0,13.18,11.11,18.7
309.5,299,twowheeler,:1177160573_0_0,12.6,11.11,13.4
309.5,430,car,102688627#1_0,14.45,11.11,30.0
309.5,443,twowheeler,102690982#3_0,13.12,11.11,18.1
309.5,463,twowheeler,1251129390#3_0,12.71,11.11,14.4
310.0,430,car,:1177161508_6_0,14.51,11.11,30.6
310.0,443,twowheeler,102690982#3_0,12.77,11.11,15.0
310.0,457,twowheeler,:1190128211_0_0,8.59,7.81,10.0
310.5,277,twowheeler,-1198952555#2_0,12.91,11.11,16.2
310.5,299,twowheeler,-102688627#0_0,12.23,11.11,10.1
310.5,430,car,:1177161508_6_0,14.47,11.11,30.3
310.5,443,twowheeler,102690982#3_0,13.2,11.11,18.8
310.5,463,twowheeler,1251129390#3_0,12.72,11.11,14.5
311.0,134,autorickshaw,52097266#6_0,12.35,11.11,11.2
311.0,277,twowheeler,-1198952555#2_0,12.48,11.11,12.3
311.0,299,twowheeler,-102688627#0_0,12.53,11.11,12.8
311.0,430,car,102688627#2_0,14.09,11.11,26.9
311.0,443,twowheeler,102690982#3_0,12.52,11.11,12.7
311.5,134,autorickshaw,52097266#6_0,12.26,11.11,10.3
311.5,430,car,102688627#2_0,14.58,11.11,31.2
311.5,443,twowheeler,102690982#3_0,12.79,11.11,15.1
311.5,463,twowheeler,1251129390#3_0,12.34,11.11,11.0
312.0,277,twowheeler,-1198952555#2_0,12.31,11.11,10.8
312.0,429,twowheeler,:1176978389_3_0,8.47,6.91,22.5
312.0,430,car,:1177160687_7_0,14.18,11.11,27.6
312.5,277,twowheeler,-1198952555#2_0,12.6,11.11,13.4
312.5,429,twowheeler,:1176978389_3_0,7.88,6.91,14.0
312.5,430,car,:1177160687_7_0,14.23,11.11,28.1
312.5,463,twowheeler,1251129390#3_0,12.23,11.11,10.0
313.0,277,twowheeler,-1198952555#2_0,13.05,11.11,17.5
313.0,430,car,102688627#3_0,14.11,11.11,27.0
313.5,277,twowheeler,-1198952555#2_0,13.11,11.11,18.0
313.5,299,twowheeler,-102688627#0_0,12.73,11.11,14.6
313.5,430,car,102688627#3_0,14.21,11.11,27.9
313.5,447,twowheeler,50219794#7_0,12.27,11.11,10.4
313.5,463,twowheeler,1251129390#3_0,12.39,11.11,11.5
314.0,136,car,:cluster_1191863963_1191864049_10_0,8.77,7.95,10.3
314.0,277,twowheeler,-1198952555#2_0,13.24,11.11,19.2
314.0,430,car,102688627#3_0,14.09,11.11,26.9
314.0,447,twowheeler,50219794#7_0,12.27,11.11,10.4
314.0,463,twowheeler,1251129390#3_0,12.55,11.11,12.9
314.5,116,car,:10281958933_2_0,6.63,6.01,10.3
314.5,277,twowheeler,-1198952555#2_0,13.34,11.11,20.1
314.5,299,twowheeler,-102688627#0_0,12.45,11.11,12.1
314.5,430,car,102688627#3_0,14.26,11.11,28.3
314.5,447,twowheeler,50219794#7_0,12.54,11.11,12.9
314.5,460,car,1251129390#3_1,12.35,11.11,11.1
315.0,116,car,:10281958933_2_0,6.72,6.01,11.8
315.0,277,twowheeler,-1198952555#2_0,13.03,11.11,17.3
315.0,430,car,102688627#3_0,13.68,11.11,23.1
315.0,447,twowheeler,:1177161634_3_0,12.38,11.11,11.4
315.0,460,car,1251129390#3_1,12.27,11.11,10.5
315.5,277,twowheeler,-1198952555#2_0,13.24,11.11,19.2
315.5,430,car,102688627#3_0,14.42,11.11,29.8
315.5,443,twowheeler,:663943276_3_0,8.37,6.77,23.7
315.5,447,twowheeler,:1177161634_3_0,12.7,11.11,14.3
315.5,463,twowheeler,:cluster_10279701142_664471710_0_0,12.41,11.11,11.7
316.0,277,twowheeler,-1198952555#2_0,12.38,11.11,11.4
316.0,430,car,102688627#3_0,14.11,11.11,27.0
316.0,447,twowheeler,50219794#8_0,12.66,11.11,14.0
316.0,460,car,1251129390#3_1,12.31,11.11,10.8
316.5,136,car,:1191863915_3_0,7.51,6.72,11.7
316.5,277,twowheeler,-1198952555#2_0,12.45,11.11,12.1
316.5,299,twowheeler,-102688627#0_0,12.79,11.11,15.1
316.5,430,car,:1177161154_13_0,14.54,11.11,30.8
316.5,447,twowheeler,50219794#8_0,12.32,11.11,10.9
316.5,509,twowheeler,:cluster_663842376_663944135_3_0,10.96,9.92,10.5
317.0,277,twowheeler,-1198952555#2_0,12.42,11.11,11.8
317.0,430,car,:1177161154_13_0,14.24,11.11,28.2
317.0,447,twowheeler,:1176978438_2_0,12.61,11.11,13.5
317.5,277,twowheeler,:11125046588_4_0,13.15,11.11,18.4
317.5,430,car,102688627#4_0,14.06,11.11,26.6
317.5,447,twowheeler,50219794#9_0,12.72,11.11,14.5
317.5,460,car,1251129390#3_1,12.32,11.11,10.9
318.0,277,twowheeler,:11125046588_4_0,12.8,11.11,15.2
318.0,430,car,102688627#4_0,13.0,11.11,17.0
318.0,447,twowheeler,50219794#9_0,12.41,11.11,11.7
318.0,463,twowheeler,-102688627#5_0,12.76,11.11,14.8
318.5,277,twowheeler,-1198952555#1_0,12.66,11.11,14.0
318.5,37,twowheeler,103230568_0,3.22,2.78,15.9
318.5,447,twowheeler,50219794#9_0,13.16,11.11,18.5
318.5,509,twowheeler,52087627#0_0,12.23,11.11,10.1
319.0,447,twowheeler,50219794#9_0,12.33,11.11,11.0
319.5,277,twowheeler,-1198952555#1_0,12.24,11.11,10.2
319.5,429,twowheeler,:1176977453_4_0,9.38,7.88,19.1
319.5,447,twowheeler,50219794#9_0,12.66,11.11,13.9
320.0,429,twowheeler,:1176977453_4_0,9.32,7.88,18.3
320.0,447,twowheeler,50219794#9_0,13.09,11.11,17.8
320.5,37,twowheeler,103230568_0,3.26,2.78,17.2
320.5,447,twowheeler,50219794#9_0,13.07,11.11,17.6
320.5,521,twowheeler,:cluster_1177211367_9189383185_0_0,7.12,6.41,11.1
321.0,447,twowheeler,50219794#9_0,12.71,11.11,14.4
321.0,509,twowheeler,52087627#0_0,12.38,11.11,11.4
321.5,116,car,103230607#0_0,16.23,13.89,16.9
322.0,116,car,103230607#0_0,15.85,13.89,14.1
322.0,37,twowheeler,103230568_0,3.18,2.78,14.3
322.0,460,car,1251129391_0,12.26,11.11,10.4
322.5,429,twowheeler,-52097266#0_0,13.09,11.11,17.8
322.5,447,twowheeler,50219794#10_0,13.1,11.11,17.9
323.0,37,twowheeler,103230568_0,3.18,2.78,14.3
323.0,429,twowheeler,-52097266#0_0,12.72,11.11,14.5
323.0,447,twowheeler,50219794#10_0,12.5,11.11,12.5
323.5,136,car,103230552#1_0,15.4,13.89,10.9
323.5,429,twowheeler,-52097266#0_0,13.55,11.11,22.0
323.5,447,twowheeler,50219794#10_0,12.6,11.11,13.4
323.5,509,twowheeler,52087627#0_0,12.24,11.11,10.2
324.0,429,twowheeler,-52097266#0_0,12.68,11.11,14.1
324.0,509,twowheeler,52087627#0_0,12.23,11.11,10.0
324.5,116,car,:1189036932_0_0,8.41,7.5,12.1
324.5,429,twowheeler,-52097266#0_0,12.44,11.11,12.0
324.5,447,twowheeler,:663804415_3_0,12.33,11.11,11.0
325.0,116,car,:1189036932_0_0,8.26,7.5,10.1
325.0,429,twowheeler,-52097266#0_0,13.29,11.11,19.7
325.0,443,twowheeler,:664472662_0_0,8.8,7.19,22.3
325.5,395,twowheeler,-101972912#0_0,15.36,13.89,10.6
325.5,429,twowheeler,-52097266#0_0,12.97,11.11,16.8
325.5,447,twowheeler,50219794#11_0,13.0,11.11,17.1
325.5,460,car,1251129391_0,12.26,11.11,10.4
325.5,540,car,-103082313#1_0,3.2,2.78,15.0
326.0,429,twowheeler,-52097266#0_0,12.92,11.11,16.3
326.0,447,twowheeler,50219794#11_0,12.54,11.11,12.9
326.5,37,twowheeler,103230568_0,3.19,2.78,14.8
326.5,416,car,52087627#0_0,12.45,11.11,12.0
326.5,429,twowheeler,-52097266#0_0,12.65,11.11,13.8
326.5,447,twowheeler,50219794#11_0,13.29,11.11,19.6
326.5,540,car,-103082313#1_0,3.25,2.78,17.0
327.0,299,twowheeler,-1198952555#3_0,12.76,11.11,14.8
327.0,416,car,52087627#0_0,12.3,11.11,10.7
327.0,429,twowheeler,-52097266#0_0,12.77,11.11,14.9
327.0,447,twowheeler,50219794#11_0,12.41,11.11,11.7
327.0,460,car,1251129391_0,12.46,11.11,12.2
327.0,540,car,-103082313#1_0,3.25,2.78,17.0
327.5,429,twowheeler,-52097266#0_0,13.3,11.11,19.7
327.5,447,twowheeler,50219794#11_0,12.64,11.11,13.7
328.0,429,twowheeler,-52097266#0_0,12.75,11.11,14.8
328.0,447,twowheeler,50219794#11_0,13.21,11.11,18.9
328.0,460,car,:cluster_10279701141_664472702_0_0,12.24,11.11,10.2
328.5,336,car,:cluster_1186025344_13298747727_13298747728_13298747738_#3more_8_0,12.29,11.11,10.6
328.5,540,car,:1190128349_5_0,3.07,2.78,10.6
329.0,299,twowheeler,:1186025305_4_0,12.67,11.11,14.1
329.0,336,car,:cluster_1186025344_13298747727_13298747728_13298747738_#3more_8_0,12.35,11.11,11.1
329.0,509,twowheeler,52087627#0_0,12.43,11.11,11.9
329.5,336,car,:cluster_1186025344_13298747727_13298747728_13298747738_#3more_8_0,12.56,11.11,13.1
329.5,365,twowheeler,:10680197995_8_0,4.08,3.65,11.8
329.5,447,twowheeler,:1177160599_3_0,11.16,9.6,16.3
330.0,336,car,:cluster_1186025344_13298747727_13298747728_13298747738_#3more_8_0,12.46,11.11,12.2
330.0,416,car,52087627#0_0,12.5,11.11,12.5
330.5,365,twowheeler,:10680197995_11_0,4.03,3.65,10.4
330.5,416,car,52087627#0_0,12.28,11.11,10.5
330.5,460,car,1288011209_0,12.34,11.11,11.1
330.5,509,twowheeler,52087627#0_0,12.49,11.11,12.4
331.0,299,twowheeler,-1198952555#2_0,12.46,11.11,12.1
331.0,460,car,1288011209_0,12.22,11.11,10.0
331.5,299,twowheeler,-1198952555#2_0,12.66,11.11,14.0
331.5,460,car,1288011209_0,12.45,11.11,12.0
332.0,299,twowheeler,-1198952555#2_0,12.74,11.11,14.7
332.0,416,car,52087627#0_0,12.34,11.11,11.1
332.0,540,car,103082313#1_0,3.17,2.78,14.0
332.5,299,twowheeler,-1198952555#2_0,12.82,11.11,15.4
333.0,299,twowheeler,-1198952555#2_0,12.24,11.11,10.2
333.0,416,car,52087627#0_0,12.47,11.11,12.2
333.0,460,car,1288011209_0,12.37,11.11,11.3
333.0,509,twowheeler,52087627#0_0,12.24,11.11,10.2
333.5,336,car,:1174832699_2_0,4.24,3.65,16.1
333.5,370,car,1312946259#3_0,12.24,11.11,10.2
333.5,509,twowheeler,52087627#0_0,12.42,11.11,11.8
334.0,299,twowheeler,-1198952555#2_0,12.32,11.11,10.9
334.0,395,twowheeler,-101972960#0_0,15.58,13.89,12.1
334.5,116,car,:1189036584_5_0,4.27,3.65,16.9
334.5,37,twowheeler,103230568_0,3.25,2.78,16.9
334.5,395,twowheeler,-101972960#0_0,15.59,13.89,12.2
334.5,416,car,52087627#0_0,12.44,11.11,12.0
334.5,555,twowheeler,-995139946_0,3.13,2.78,12.6
335.0,299,twowheeler,-1198952555#2_0,12.42,11.11,11.8
335.0,541,twowheeler,:1177211896_6_0,15.53,13.89,11.8
335.5,299,twowheeler,-1198952555#2_0,12.67,11.11,14.0
335.5,395,twowheeler,:1177211571_4_0,15.48,13.89,11.5
336.5,37,twowheeler,103230568_0,3.26,2.78,17.2
337.0,416,car,52087627#0_0,12.24,11.11,10.2
337.0,509,twowheeler,:cluster_663943516_664446119_4_0,12.31,11.11,10.8
337.5,299,twowheeler,:11125046588_4_0,12.6,11.11,13.4
338.0,299,twowheeler,:11125046588_4_0,12.53,11.11,12.8
338.5,145,twowheeler,-52097653#2_0,12.33,11.11,11.0
338.5,299,twowheeler,-1198952555#1_0,12.62,11.11,13.6
338.5,37,twowheeler,103230568_0,3.16,2.78,13.6
338.5,416,car,52087627#0_0,12.36,11.11,11.3
339.0,145,twowheeler,-52097653#2_0,12.29,11.11,10.6
339.0,416,car,52087627#0_0,12.26,11.11,10.4
339.0,555,twowheeler,-995139946_0,3.07,2.78,10.6
339.5,299,twowheeler,-1198952555#1_0,12.81,11.11,15.3
339.5,416,car,:cluster_663943516_664446119_4_0,12.27,11.11,10.5
340.0,37,twowheeler,103230568_0,3.15,2.78,13.3
340.0,555,twowheeler,-995139946_0,3.1,2.78,11.6
340.5,145,twowheeler,-52097653#2_0,12.61,11.11,13.5
341.0,269,twowheeler,:1191863802_15_0,4.61,3.65,26.2
341.0,37,twowheeler,103230568_0,3.09,2.78,11.1
341.5,269,twowheeler,:1191863802_19_0,4.29,3.65,17.5
341.5,299,twowheeler,-1198952555#0_0,12.62,11.11,13.6
341.5,555,twowheeler,-995139946_0,3.07,2.78,10.3
342.5,145,twowheeler,-52097653#2_0,12.48,11.11,12.4
342.5,299,twowheeler,:664472751_2_0,12.31,11.11,10.8
343.5,145,twowheeler,-52097653#2_0,12.54,11.11,12.9
344.0,145,twowheeler,-52097653#2_0,12.41,11.11,11.7
344.0,299,twowheeler,749341589#0_0,12.57,11.11,13.1
344.0,570,car,101966494_0,16.03,13.89,15.4
344.5,570,car,101966494_0,16.39,13.89,18.0
345.0,299,twowheeler,749341589#0_0,12.68,11.11,14.1
345.0,395,twowheeler,101972898#2_0,15.42,13.89,11.0
345.0,570,car,101966494_0,16.27,13.89,17.1
345.5,555,twowheeler,-995139946_0,3.13,2.78,12.4
345.5,570,car,101966494_0,16.29,13.89,17.3
346.0,299,twowheeler,:1190100064_0_0,12.67,11.11,14.0
346.0,395,twowheeler,:1190128241_0_0,15.73,13.89,13.2
346.5,555,twowheeler,-995139946_0,3.08,2.78,10.7
347.0,299,twowheeler,749341589#1_0,12.79,11.11,15.1
348.0,145,twowheeler,-52097653#2_0,12.3,11.11,10.7
348.0,530,car,-52155750#2_0,15.31,13.89,10.2
348.5,299,twowheeler,749341589#1_0,12.23,11.11,10.1
348.5,339,twowheeler,1251129390#3_1,12.49,11.11,12.4
348.5,395,twowheeler,101972898#3_0,15.68,13.89,12.9
348.5,530,car,-52155750#2_0,16.04,13.89,15.5
349.0,145,twowheeler,-52097653#2_0,12.56,11.11,13.1
349.0,530,car,-52155750#2_0,16.1,13.89,15.9
349.5,339,twowheeler,1251129390#3_1,12.8,11.11,15.2
349.5,530,car,-52155750#2_0,16.69,13.89,20.1
350.0,339,twowheeler,1251129390#3_1,12.3,11.11,10.7
350.0,530,car,-52155750#2_0,16.58,13.89,19.4
350.0,570,car,:1177161468_6_0,7.84,6.52,20.2
350.5,530,car,-52155750#2_0,16.11,13.89,15.9
351.0,530,car,-52155750#2_0,16.31,13.89,17.4
351.5,530,car,-52155750#2_0,16.56,13.89,19.2
352.0,339,twowheeler,1251129390#3_1,12.43,11.11,11.9
352.0,530,car,:1177161675_0_0,16.37,13.89,17.8
352.5,339,twowheeler,1251129390#3_1,12.26,11.11,10.4
352.5,530,car,:1177161675_0_0,16.09,13.89,15.8
353.0,339,twowheeler,1251129390#3_0,12.42,11.11,11.8
353.0,530,car,-52155750#1_0,16.2,13.89,16.6
353.5,339,twowheeler,:cluster_10279701142_664471710_1_0,12.25,11.11,10.3
353.5,530,car,-52155750#1_0,16.08,13.89,15.8
354.0,530,car,-52155750#1_0,16.43,13.89,18.3
354.5,339,twowheeler,:cluster_10279701142_664471710_1_0,12.46,11.11,12.2
354.5,530,car,-52155750#1_0,16.51,13.89,18.8
355.0,299,twowheeler,:cluster_10560867453_663943486_2_0,12.57,11.11,13.1
355.0,530,car,:1177160471_0_0,16.35,13.89,17.7
355.0,570,car,:1177161549_1_0,8.61,7.63,12.9
355.5,395,twowheeler,1251129390#3_0,12.52,11.11,12.7
355.5,570,car,:1177161549_1_0,9.42,7.63,23.5
355.5,592,autorickshaw,-52152323#7_0,12.29,11.11,10.6
356.0,339,twowheeler,1251129391_0,12.7,11.11,14.3
356.0,395,twowheeler,1251129390#3_0,12.38,11.11,11.5
356.0,555,twowheeler,-995139946_0,3.15,2.78,13.3
356.5,299,twowheeler,102688631#1_0,12.69,11.11,14.3
356.5,339,twowheeler,1251129391_0,12.88,11.11,15.9
356.5,395,twowheeler,1251129390#3_0,12.34,11.11,11.1
356.5,486,car,:1177211724_6_0,8.06,6.61,22.0
356.5,555,twowheeler,-995139946_0,3.15,2.78,13.3
357.0,299,twowheeler,102688631#1_0,12.73,11.11,14.6
357.0,395,twowheeler,1251129390#3_0,12.65,11.11,13.9
357.0,486,car,:1177211724_6_0,7.81,6.61,18.1
357.0,592,autorickshaw,-52152323#7_0,12.33,11.11,11.0
357.5,249,twowheeler,102690997#3_0,15.4,13.89,10.8
357.5,299,twowheeler,102688631#1_0,12.48,11.11,12.3
357.5,592,autorickshaw,-52152323#7_0,12.37,11.11,11.3
358.0,339,twowheeler,1251129391_0,12.44,11.11,12.0
358.5,145,twowheeler,52152314#0_0,15.37,13.89,10.7
358.5,249,twowheeler,102690997#3_0,15.44,13.89,11.1
358.5,299,twowheeler,102688631#1_0,12.8,11.11,15.2
358.5,339,twowheeler,1251129391_0,12.89,11.11,16.0
358.5,555,twowheeler,:1177211991_7_0,3.09,2.78,11.2
359.0,339,twowheeler,1251129391_0,12.67,11.11,14.0
359.0,395,twowheeler,1251129390#3_0,12.52,11.11,12.7
359.5,145,twowheeler,:1190100298_1_0,15.29,13.89,10.1
359.5,299,twowheeler,102688631#1_0,12.35,11.11,11.1
359.5,339,twowheeler,1251129391_0,12.46,11.11,12.2
359.5,592,autorickshaw,-52152323#7_0,12.35,11.11,11.2
360.0,395,twowheeler,1251129390#3_0,12.28,11.11,10.5
360.0,530,car,:cluster_1177160373_664472773_2_0,11.76,10.62,10.7
360.5,299,twowheeler,:1190100199_0_0,12.61,11.11,13.5
360.5,339,twowheeler,1251129391_0,12.89,11.11,16.0
360.5,592,autorickshaw,-52152323#7_0,12.4,11.11,11.6
361.0,145,twowheeler,52152314#1_0,15.35,13.89,10.5
361.0,592,autorickshaw,-52152323#7_0,12.5,11.11,12.5
361.5,592,autorickshaw,-52152323#7_0,12.31,11.11,10.8
362.0,145,twowheeler,52152314#1_0,15.8,13.89,13.8
362.0,299,twowheeler,102688631#2_0,12.23,11.11,10.0
362.0,493,twowheeler,101757312#0_0,15.42,13.89,11.0
362.0,592,autorickshaw,-52152323#7_0,12.25,11.11,10.2
362.5,339,twowheeler,1288011209_0,12.73,11.11,14.6
362.5,530,car,:1177160598_7_0,15.45,13.89,11.2
363.0,145,twowheeler,52152314#1_0,15.84,13.89,14.1
363.0,339,twowheeler,1288011209_0,12.9,11.11,16.1
363.0,530,car,:1177160598_7_0,15.96,13.89,14.9
363.5,145,twowheeler,52152314#1_0,15.63,13.89,12.5
363.5,530,car,103050330#1_0,16.34,13.89,17.6
363.5,592,autorickshaw,-52152323#7_0,12.39,11.11,11.6
364.0,395,twowheeler,-102688627#5_0,12.49,11.11,12.4
364.0,493,twowheeler,101757312#0_0,15.37,13.89,10.7
364.0,530,car,:1177161698_6_0,16.14,13.89,16.2
364.5,314,autorickshaw,:1177161154_5_0,12.25,11.11,10.3
364.5,395,twowheeler,-102688627#5_0,12.64,11.11,13.8
364.5,493,twowheeler,101757312#0_0,15.47,13.89,11.4
364.5,530,car,:1177161698_6_0,16.6,13.89,19.5
364.5,555,twowheeler,103212688#2_0,3.11,2.78,11.7
364.5,592,autorickshaw,-52152323#7_0,12.25,11.11,10.2
365.0,339,twowheeler,1288011209_0,12.56,11.11,13.0
365.0,493,twowheeler,101757312#0_0,15.69,13.89,13.0
365.0,530,car,103050330#2_0,16.06,13.89,15.6
365.5,145,twowheeler,52152314#1_0,15.31,13.89,10.2
365.5,299,twowheeler,102688631#3_0,12.3,11.11,10.7
365.5,395,twowheeler,:1177160765_4_0,12.63,11.11,13.7
365.5,530,car,103050330#2_0,16.42,13.89,18.2
366.0,339,twowheeler,1288011209_0,12.78,11.11,15.0
366.0,395,twowheeler,:1177160765_4_0,12.62,11.11,13.6
366.0,493,twowheeler,101757312#0_0,15.43,13.89,11.1
366.0,530,car,:1189868590_6_0,16.08,13.89,15.7
366.0,592,autorickshaw,-52152323#7_0,12.5,11.11,12.5
366.5,145,twowheeler,52152314#1_0,15.72,13.89,13.2
366.5,395,twowheeler,-102688627#4_0,12.42,11.11,11.8
366.5,493,twowheeler,101757312#0_0,15.6,13.89,12.3
366.5,530,car,:1189868590_6_0,16.35,13.89,17.7
367.0,493,twowheeler,101757312#0_0,15.56,13.89,12.0
367.5,592,autorickshaw,-52152323#7_0,12.36,11.11,11.2
367.5,611,twowheeler,52152369#1_0,15.57,13.89,12.1
368.0,395,twowheeler,-102688627#4_0,12.48,11.11,12.3
368.0,592,autorickshaw,-52152323#7_0,12.48,11.11,12.4
368.5,299,twowheeler,:6469974905_3_0,12.8,11.11,15.2
368.5,592,autorickshaw,-52152323#7_0,12.26,11.11,10.3
368.5,611,twowheeler,52152369#1_0,15.42,13.89,11.0
369.0,299,twowheeler,102688631#5_0,12.29,11.11,10.6
369.0,395,twowheeler,-102688627#4_0,12.3,11.11,10.8
369.0,493,twowheeler,101757312#0_0,15.32,13.89,10.3
369.0,592,autorickshaw,:1190100514_7_0,12.22,11.11,10.0
369.5,299,twowheeler,102688631#5_0,12.55,11.11,13.0
370.0,299,twowheeler,102688631#5_0,12.56,11.11,13.1
370.0,395,twowheeler,:1177161154_5_0,12.27,11.11,10.4
370.5,145,twowheeler,:664447004_1_0,8.89,7.98,11.4
370.5,530,car,:1177161371_12_0,6.58,5.89,11.7
370.5,592,autorickshaw,-52152323#6_0,12.4,11.11,11.6
371.0,299,twowheeler,102688631#5_0,12.37,11.11,11.4
371.0,395,twowheeler,:1177161154_5_0,12.51,11.11,12.6
371.0,530,car,:1177161371_12_0,6.93,5.89,17.7
371.0,592,autorickshaw,-52152323#6_0,12.38,11.11,11.4
371.0,595,twowheeler,103212697_0,3.06,2.78,10.1
371.5,395,twowheeler,-102688627#3_0,12.24,11.11,10.2
372.0,299,twowheeler,102688631#5_0,12.8,11.11,15.2
372.0,395,twowheeler,-102688627#3_0,12.5,11.11,12.5
372.5,299,twowheeler,102688631#5_0,12.58,11.11,13.3
373.5,395,twowheeler,-102688627#3_0,12.56,11.11,13.0
373.5,592,autorickshaw,:664447004_6_0,12.23,11.11,10.1
374.0,592,autorickshaw,-52152323#5_0,12.28,11.11,10.6
374.5,395,twowheeler,-102688627#3_0,12.41,11.11,11.7
374.5,555,twowheeler,103212688#2_0,3.07,2.78,10.5
374.5,623,twowheeler,1198952555#2_0,12.3,11.11,10.8
375.0,486,car,:1177211769_6_0,9.36,7.64,22.5
375.5,486,car,:1177211769_6_0,9.35,7.64,22.4
375.5,623,twowheeler,1198952555#2_0,12.26,11.11,10.4
376.0,395,twowheeler,:1177160687_0_0,12.39,11.11,11.5
376.0,592,autorickshaw,-52152323#4_0,12.31,11.11,10.8
376.5,395,twowheeler,-102688627#2_0,12.47,11.11,12.3
376.5,592,autorickshaw,-52152323#4_0,12.5,11.11,12.5
377.5,395,twowheeler,-102688627#2_0,12.27,11.11,10.5
377.5,592,autorickshaw,-52152323#3_0,12.46,11.11,12.1
378.0,395,twowheeler,:1177161508_4_0,12.26,11.11,10.3
378.0,623,twowheeler,1198952555#2_0,12.33,11.11,11.0
378.5,395,twowheeler,:1177161508_4_0,12.52,11.11,12.7
378.5,592,autorickshaw,-52152323#3_0,12.29,11.11,10.6
379.0,395,twowheeler,-102688627#1_0,12.22,11.11,10.0
379.0,592,autorickshaw,-52152323#3_0,12.44,11.11,12.0
380.0,620,car,50219794#4_0,12.69,11.11,14.2
380.0,623,twowheeler,1198952555#2_0,12.43,11.11,11.9
380.5,395,twowheeler,-102688627#1_0,12.37,11.11,11.4
380.5,555,twowheeler,103212688#2_0,3.15,2.78,13.3
380.5,592,autorickshaw,:11282869379_6_0,12.33,11.11,11.0
380.5,620,car,50219794#4_0,13.08,11.11,17.7
381.0,555,twowheeler,103212688#2_0,3.15,2.78,13.3
381.0,592,autorickshaw,-52152323#2_0,12.42,11.11,11.8
381.0,620,car,50219794#4_0,12.91,11.11,16.2
381.0,623,twowheeler,1198952555#2_0,12.33,11.11,11.0
381.5,395,twowheeler,-102688627#1_0,12.54,11.11,12.9
381.5,620,car,50219794#4_0,12.79,11.11,15.1
382.0,620,car,50219794#4_0,12.83,11.11,15.5
382.0,635,twowheeler,-103212684#0_0,15.54,13.89,11.9
382.5,395,twowheeler,:1177160573_0_0,12.51,11.11,12.6
382.5,509,twowheeler,:664472751_1_0,8.71,7.8,11.6
382.5,592,autorickshaw,-52152323#2_0,12.39,11.11,11.5
382.5,620,car,50219794#4_0,12.47,11.11,12.3
383.0,314,autorickshaw,-102688627#0_0,12.24,11.11,10.2
383.0,395,twowheeler,:1177160573_0_0,12.62,11.11,13.6
383.0,611,twowheeler,:1176977542_0_0,7.13,6.35,12.2
383.0,620,car,50219794#4_0,13.03,11.11,17.3
384.5,623,twowheeler,1198952555#3_0,12.26,11.11,10.3
385.0,395,twowheeler,-102688627#0_0,12.38,11.11,11.5
385.5,560,car,:664472751_1_0,8.66,7.8,11.0
385.5,592,autorickshaw,:cluster_10943717330_6470135655_9_0,12.47,11.11,12.2
386.0,592,autorickshaw,:cluster_10943717330_6470135655_9_0,12.31,11.11,10.8
386.5,395,twowheeler,-102688627#0_0,12.34,11.11,11.1
386.5,592,autorickshaw,-52152323#0_0,12.36,11.11,11.3
387.0,395,twowheeler,-102688627#0_0,12.42,11.11,11.8
387.0,460,car,:1177160403_1_0,7.28,6.47,12.5
387.5,592,autorickshaw,-52152323#0_0,12.4,11.11,11.6
388.0,395,twowheeler,-102688627#0_0,12.35,11.11,11.2
388.5,395,twowheeler,-102688627#0_0,12.56,11.11,13.0
388.5,560,car,:1177160807_7_0,12.27,11.11,10.5
389.0,595,twowheeler,103212697_0,3.1,2.78,11.6
389.5,509,twowheeler,1198952555#2_0,12.35,11.11,11.2
389.5,560,car,1198952555#1_0,12.24,11.11,10.2
389.5,595,twowheeler,103212697_0,3.1,2.78,11.6
390.0,560,car,1198952555#1_0,12.25,11.11,10.2
390.0,623,twowheeler,102688627#0_0,12.3,11.11,10.7
390.0,635,twowheeler,-101972876#0_0,15.48,13.89,11.4
391.0,509,twowheeler,1198952555#2_0,12.27,11.11,10.4
391.0,560,car,:11125046588_6_0,12.48,11.11,12.3
391.5,509,twowheeler,1198952555#2_0,12.25,11.11,10.3
391.5,560,car,:11125046588_6_0,12.26,11.11,10.4
392.0,460,car,1196271501#2_0,12.36,11.11,11.3
392.0,560,car,1198952555#2_0,12.34,11.11,11.1
392.5,509,twowheeler,1198952555#2_0,12.27,11.11,10.4
392.5,560,car,1198952555#2_0,12.25,11.11,10.3
392.5,635,twowheeler,-101972876#0_0,15.56,13.89,12.0
393.0,460,car,1196271501#2_0,12.36,11.11,11.3
393.0,560,car,1198952555#2_0,12.31,11.11,10.8
393.5,509,twowheeler,1198952555#2_0,12.46,11.11,12.1
393.5,560,car,1198952555#2_0,12.57,11.11,13.1
394.0,395,twowheeler,-1198952555#3_0,12.46,11.11,12.1
394.0,509,twowheeler,1198952555#2_0,12.28,11.11,10.5
394.5,362,autorickshaw,1128043714#2_0,12.22,11.11,10.0
394.5,395,twowheeler,-1198952555#3_0,12.5,11.11,12.5
394.5,560,car,1198952555#2_0,12.55,11.11,13.0
395.0,395,twowheeler,-1198952555#3_0,12.49,11.11,12.4
395.0,416,car,1198952555#2_0,12.28,11.11,10.6
395.0,560,car,1198952555#2_0,12.48,11.11,12.3
395.0,623,twowheeler,102688627#0_0,12.37,11.11,11.3
395.5,395,twowheeler,-1198952555#3_0,12.45,11.11,12.1
395.5,635,twowheeler,:1190128211_0_0,8.72,7.81,11.6
396.0,261,twowheeler,1251129390#0_1,12.55,11.11,12.9
396.0,395,twowheeler,-1198952555#3_0,12.4,11.11,11.7
396.0,635,twowheeler,:1190128211_0_0,8.79,7.81,12.5
396.5,261,twowheeler,1251129390#0_1,12.47,11.11,12.3
396.5,395,twowheeler,-1198952555#3_0,12.32,11.11,10.9
396.5,416,car,1198952555#2_0,12.46,11.11,12.1
396.5,560,car,1198952555#2_0,12.33,11.11,11.0
396.5,623,twowheeler,102688627#0_0,12.42,11.11,11.8
397.0,395,twowheeler,-1198952555#3_0,12.53,11.11,12.8
397.0,560,car,1198952555#2_0,12.4,11.11,11.6
397.5,261,twowheeler,1251129390#0_1,12.23,11.11,10.1
397.5,395,twowheeler,:1186025305_4_0,12.45,11.11,12.1
397.5,560,car,1198952555#2_0,12.34,11.11,11.1
397.5,623,twowheeler,:1177160573_7_0,12.51,11.11,12.6
398.0,395,twowheeler,-1198952555#2_0,12.55,11.11,13.0
398.0,560,car,1198952555#2_0,12.56,11.11,13.0
398.0,623,twowheeler,102688627#1_0,12.39,11.11,11.5
398.5,410,car,1128043714#3_0,12.22,11.11,10.0
398.5,509,twowheeler,1198952555#3_0,12.32,11.11,10.9
398.5,560,car,1198952555#2_0,12.36,11.11,11.3
399.0,560,car,1198952555#2_0,12.32,11.11,10.9
399.5,416,car,1198952555#2_0,12.3,11.11,10.8
400.0,346,car,:1177161631_3_0,7.56,6.84,10.5
400.5,314,autorickshaw,-1198952555#2_0,12.26,11.11,10.3
400.5,410,car,1128043714#4_0,12.23,11.11,10.0
400.5,493,twowheeler,1198952555#1_0,12.46,11.11,12.2
401.0,261,twowheeler,1251129390#0_1,12.39,11.11,11.6
401.0,416,car,1198952555#2_0,12.41,11.11,11.7
401.0,447,twowheeler,-103050337_0,15.64,13.89,12.6
401.0,493,twowheeler,1198952555#1_0,12.27,11.11,10.4
401.0,623,twowheeler,102688627#1_0,12.46,11.11,12.1
401.5,395,twowheeler,-1198952555#2_0,12.42,11.11,11.8
401.5,447,twowheeler,-103050337_0,15.89,13.89,14.4
402.0,395,twowheeler,-1198952555#2_0,12.45,11.11,12.1
402.0,447,twowheeler,-103050337_0,16.44,13.89,18.4
402.0,620,car,50219794#7_0,12.43,11.11,11.9
402.0,623,twowheeler,:1177161508_6_0,12.33,11.11,11.0
402.5,416,car,:1186025305_5_0,12.38,11.11,11.4
402.5,447,twowheeler,-103050337_0,15.77,13.89,13.6
402.5,620,car,:1177161634_3_0,13.11,11.11,18.0
403.0,299,twowheeler,:cluster_5424222000_664446587_5_0,7.05,6.19,13.9
403.0,395,twowheeler,-1198952555#2_0,12.29,11.11,10.6
403.0,416,car,1198952555#3_0,12.45,11.11,12.1
403.0,620,car,:1177161634_3_0,12.97,11.11,16.7
403.5,499,twowheeler,52152366#0_0,12.34,11.11,11.1
403.5,620,car,50219794#8_0,12.74,11.11,14.7
403.5,671,twowheeler,-52155750#1_0,15.4,13.89,10.8
404.0,410,car,1128043714#4_0,12.24,11.11,10.2
404.0,499,twowheeler,52152366#0_0,13.49,11.11,21.4
404.0,620,car,50219794#8_0,12.78,11.11,15.0
404.0,623,twowheeler,102688627#2_0,12.23,11.11,10.1
404.0,671,twowheeler,-52155750#1_0,15.34,13.89,10.4
404.5,499,twowheeler,52152366#0_0,12.54,11.11,12.9
404.5,620,car,:1176978438_2_0,12.73,11.11,14.6
404.5,671,twowheeler,:1177160471_0_0,15.62,13.89,12.5
405.0,299,twowheeler,:cluster_5424222000_664446587_11_0,7.01,6.19,13.3
405.0,499,twowheeler,52152366#0_0,13.36,11.11,20.3
405.0,620,car,50219794#9_0,13.11,11.11,18.0
405.5,261,twowheeler,1251129390#1_1,12.51,11.11,12.6
405.5,395,twowheeler,:11125046588_4_0,12.53,11.11,12.8
405.5,499,twowheeler,52152366#0_0,13.35,11.11,20.1
405.5,620,car,50219794#9_0,12.47,11.11,12.3
405.5,623,twowheeler,102688627#3_0,12.3,11.11,10.7
406.0,314,autorickshaw,:1177160807_0_0,12.24,11.11,10.2
406.0,493,twowheeler,1198952555#2_0,12.31,11.11,10.8
406.0,499,twowheeler,52152366#0_0,12.53,11.11,12.8
406.0,620,car,50219794#9_0,13.08,11.11,17.7
406.5,447,twowheeler,:1177161154_2_0,9.17,8.3,10.5
406.5,499,twowheeler,52152366#0_0,12.9,11.11,16.1
406.5,560,car,:663825934_7_0,7.82,7.03,11.2
406.5,620,car,50219794#9_0,12.89,11.11,16.0
407.0,261,twowheeler,1251129390#1_1,12.52,11.11,12.7
407.0,314,autorickshaw,-1198952555#0_0,12.25,11.11,10.2
407.0,499,twowheeler,52152366#0_0,12.56,11.11,13.1
407.0,620,car,50219794#9_0,12.94,11.11,16.5
407.0,623,twowheeler,102688627#3_0,12.49,11.11,12.4
407.0,676,car,1419352712_0,12.28,11.11,10.5
407.5,499,twowheeler,52152366#0_0,12.71,11.11,14.4
407.5,620,car,50219794#9_0,12.76,11.11,14.9
408.0,249,twowheeler,1126633510#0_0,12.23,11.11,10.1
408.0,499,twowheeler,52152366#0_0,13.27,11.11,19.5
408.0,620,car,50219794#9_0,12.89,11.11,16.1
408.5,447,twowheeler,102688627#4_0,13.06,11.11,17.5
408.5,499,twowheeler,52152366#0_0,12.7,11.11,14.3
408.5,620,car,50219794#9_0,13.03,11.11,17.3
409.0,499,twowheeler,52152366#0_0,13.72,11.11,23.5
409.0,620,car,50219794#9_0,12.96,11.11,16.6
409.0,623,twowheeler,102688627#3_0,12.44,11.11,12.0
409.0,676,car,1419352712_0,12.51,11.11,12.6
409.5,395,twowheeler,-1198952555#0_0,12.55,11.11,13.0
409.5,447,twowheeler,102688627#4_0,12.31,11.11,10.8
409.5,499,twowheeler,52152366#0_0,12.97,11.11,16.7
409.5,620,car,:1189036870_3_0,12.7,11.11,14.3
410.0,395,twowheeler,-1198952555#0_0,12.29,11.11,10.7
410.0,499,twowheeler,52152366#0_0,12.48,11.11,12.3
410.0,620,car,50219794#10_0,12.83,11.11,15.4
410.0,676,car,1419352712_0,12.48,11.11,12.3
410.0,681,twowheeler,:1177160524_8_0,4.12,3.65,13.0
410.5,395,twowheeler,-1198952555#0_0,12.23,11.11,10.1
410.5,509,twowheeler,:664472776_3_0,6.69,6.02,11.1
410.5,620,car,50219794#10_0,12.77,11.11,14.9
410.5,676,car,1419352712_0,12.23,11.11,10.1
411.0,416,car,102688627#0_0,12.32,11.11,10.9
411.0,620,car,50219794#10_0,13.06,11.11,17.6
411.0,676,car,1419352712_0,12.5,11.11,12.5
411.5,416,car,102688627#0_0,12.4,11.11,11.6
411.5,620,car,50219794#10_0,12.7,11.11,14.3
411.5,623,twowheeler,102688627#4_0,12.33,11.11,11.0
411.5,676,car,1419352712_0,12.46,11.11,12.2
412.0,249,twowheeler,1126633510#0_0,12.31,11.11,10.8
412.0,620,car,:663804415_3_0,12.86,11.11,15.8
412.5,393,twowheeler,:cluster_10943433501_10943433503_17_0,11.21,10.03,11.8
412.5,395,twowheeler,749341589#0_0,12.6,11.11,13.4
412.5,416,car,102688627#0_0,12.27,11.11,10.5
412.5,620,car,:663804415_3_0,12.88,11.11,15.9
412.5,671,twowheeler,-103050337_0,15.37,13.89,10.7
413.0,249,twowheeler,1126633510#0_0,12.31,11.11,10.8
413.0,395,twowheeler,749341589#0_0,12.25,11.11,10.3
413.0,416,car,102688627#0_0,12.51,11.11,12.6
413.0,620,car,50219794#11_0,12.5,11.11,12.5
413.5,395,twowheeler,749341589#0_0,12.35,11.11,11.2
413.5,499,twowheeler,-103230526#1_0,3.44,2.78,23.6
413.5,620,car,50219794#11_0,12.79,11.11,15.2
413.5,623,twowheeler,102688627#4_0,12.31,11.11,10.8
413.5,676,car,1419352712_0,12.41,11.11,11.7
414.0,395,twowheeler,749341589#0_0,12.28,11.11,10.6
414.0,499,twowheeler,-103230526#1_0,3.44,2.78,23.6
414.0,620,car,50219794#11_0,13.08,11.11,17.7
414.0,671,twowheeler,-103050337_0,15.62,13.89,12.5
414.5,395,twowheeler,:1190100064_0_0,12.5,11.11,12.5
414.5,592,autorickshaw,:1190100107_2_0,12.4,11.11,11.6
414.5,620,car,50219794#11_0,12.56,11.11,13.1
415.0,416,car,102688627#0_0,12.34,11.11,11.0
415.0,592,autorickshaw,102690992#1_0,12.5,11.11,12.5
415.0,620,car,50219794#11_0,12.73,11.11,14.6
415.0,663,twowheeler,1546903355_0,12.8,11.11,15.2
415.0,676,car,1419352712_0,12.31,11.11,10.8
415.0,687,twowheeler,103082314#1_0,12.33,11.11,10.9
415.5,395,twowheeler,749341589#1_0,12.61,11.11,13.5
415.5,416,car,102688627#0_0,12.24,11.11,10.2
415.5,499,twowheeler,:1191863830_8_0,3.26,2.78,17.2
415.5,620,car,50219794#11_0,12.49,11.11,12.4
415.5,663,twowheeler,1546903355_0,13.08,11.11,17.8
415.5,676,car,1419352712_0,12.35,11.11,11.2
416.0,395,twowheeler,749341589#1_0,12.5,11.11,12.5
416.0,416,car,102688627#0_0,12.25,11.11,10.3
416.0,620,car,:1177160599_3_0,11.02,9.6,14.7
416.0,663,twowheeler,1546903355_0,13.11,11.11,18.0
416.0,676,car,1419352712_0,12.46,11.11,12.2
416.5,416,car,102688627#0_0,12.27,11.11,10.4
416.5,620,car,:1177160599_3_0,10.72,9.6,11.7
416.5,663,twowheeler,1546903355_0,12.92,11.11,16.3
417.0,249,twowheeler,:10560867456_0_0,12.26,11.11,10.3
417.0,499,twowheeler,103230526#1_0,3.36,2.78,20.9
417.0,620,car,:1177160599_3_0,11.09,9.6,15.5
417.0,663,twowheeler,1546903355_0,12.96,11.11,16.6
417.5,393,twowheeler,-1178005978#0_0,15.32,13.89,10.3
417.5,663,twowheeler,1546903355_0,12.88,11.11,16.0
418.0,592,autorickshaw,102690992#1_0,12.5,11.11,12.5
418.0,663,twowheeler,1546903355_0,12.74,11.11,14.7
418.5,416,car,102688627#1_0,12.26,11.11,10.4
418.5,509,twowheeler,52155752#0_0,15.6,13.89,12.3
418.5,676,car,1419352711#0_0,12.29,11.11,10.6
419.0,416,car,102688627#1_0,12.42,11.11,11.8
419.0,663,twowheeler,1546903355_0,12.85,11.11,15.7
419.0,676,car,1419352711#0_0,12.41,11.11,11.7
419.5,393,twowheeler,-1178005978#0_0,15.32,13.89,10.3
419.5,416,car,102688627#1_0,12.34,11.11,11.1
419.5,592,autorickshaw,102690992#1_0,12.49,11.11,12.4
419.5,676,car,1419352711#0_0,12.36,11.11,11.3
420.0,663,twowheeler,:1177160399_3_0,12.31,11.11,10.8
420.5,560,car,52155752#0_0,15.67,13.89,12.8
420.5,676,car,1419352711#0_0,12.5,11.11,12.6
421.0,416,car,102688627#1_0,12.24,11.11,10.2
421.0,663,twowheeler,102690982#1_0,13.16,11.11,18.5
421.0,676,car,1419352711#0_0,12.39,11.11,11.5
421.5,560,car,52155752#0_0,15.33,13.89,10.4
421.5,687,twowheeler,:1190128225_11_0,4.03,3.65,10.5
422.0,391,twowheeler,:cluster_1177211428_1177211911_15_0,4.38,3.95,10.9
422.0,416,car,:1177161508_6_0,12.39,11.11,11.5
422.0,663,twowheeler,102690982#1_0,12.32,11.11,10.9
422.0,676,car,1419352711#0_0,12.46,11.11,12.2
422.5,509,twowheeler,52155752#0_0,15.53,13.89,11.8
422.5,560,car,52155752#0_0,15.38,13.89,10.7
422.5,663,twowheeler,102690982#1_0,12.24,11.11,10.2
422.5,676,car,1419352711#0_0,12.47,11.11,12.2
423.0,249,twowheeler,1126633510#1_0,12.25,11.11,10.3
423.0,560,car,52155752#0_0,15.47,13.89,11.4
423.0,592,autorickshaw,102690992#2_0,12.45,11.11,12.0
423.0,676,car,1419352711#0_0,12.33,11.11,11.0
423.5,509,twowheeler,:1177161573_13_0,15.4,13.89,10.9
423.5,560,car,52155752#0_0,15.48,13.89,11.4
424.0,560,car,52155752#0_0,15.69,13.89,12.9
424.0,592,autorickshaw,102690992#2_0,12.25,11.11,10.3
424.0,663,twowheeler,:1190100498_2_0,12.95,11.11,16.5
424.0,676,car,1419352711#0_0,12.45,11.11,12.1
424.5,509,twowheeler,52155752#1_0,15.4,13.89,10.9
424.5,560,car,52155752#0_0,15.61,13.89,12.4
424.5,663,twowheeler,102690982#2_0,12.33,11.11,11.0
425.0,509,twowheeler,52155752#1_0,15.31,13.89,10.2
425.0,663,twowheeler,102690982#2_0,12.56,11.11,13.1
425.0,676,car,1419352711#0_0,12.29,11.11,10.6
425.5,560,car,52155752#0_0,15.34,13.89,10.5
425.5,663,twowheeler,102690982#2_0,13.01,11.11,17.1
426.0,416,car,102688627#3_0,12.25,11.11,10.3
426.0,560,car,:1177161573_13_0,15.63,13.89,12.5
426.0,663,twowheeler,102690982#2_0,13.02,11.11,17.2
426.0,676,car,1419352711#0_0,12.51,11.11,12.6
426.5,592,autorickshaw,102690992#2_0,12.27,11.11,10.4
426.5,663,twowheeler,102690982#2_0,12.29,11.11,10.6
427.0,560,car,52155752#1_0,15.37,13.89,10.7
427.0,592,autorickshaw,102690992#2_0,12.44,11.11,12.0
427.0,676,car,:1190100277_0_0,12.44,11.11,12.0
427.5,416,car,102688627#3_0,12.47,11.11,12.3
427.5,560,car,52155752#1_0,15.58,13.89,12.1
427.5,663,twowheeler,102690982#2_0,12.59,11.11,13.3
427.5,676,car,1419352711#1_0,12.49,11.11,12.5
427.5,711,twowheeler,1178006786_0,15.7,13.89,13.0
428.0,560,car,52155752#1_0,15.6,13.89,12.3
428.0,592,autorickshaw,102690992#2_0,12.42,11.11,11.8
428.0,663,twowheeler,102690982#2_0,12.7,11.11,14.3
428.5,560,car,52155752#1_0,15.63,13.89,12.5
428.5,711,twowheeler,1178006786_0,15.54,13.89,11.9
429.0,509,twowheeler,52155752#1_0,15.38,13.89,10.7
429.0,560,car,52155752#1_0,15.36,13.89,10.6
429.0,663,twowheeler,102690982#2_0,12.49,11.11,12.4
429.5,509,twowheeler,52155752#1_0,15.4,13.89,10.8
429.5,663,twowheeler,102690982#2_0,12.31,11.11,10.8
429.5,676,car,1419352711#1_0,12.37,11.11,11.3
430.0,509,twowheeler,52155752#1_0,15.54,13.89,11.9
430.0,715,twowheeler,102961717#0_0,15.71,13.89,13.1
430.5,560,car,52155752#1_0,15.7,13.89,13.0
431.0,416,car,102688627#4_0,12.43,11.11,11.9
431.0,509,twowheeler,:cluster_1177160373_664472773_13_0,15.39,13.89,10.8
431.0,663,twowheeler,102690982#2_0,12.76,11.11,14.8
431.0,687,twowheeler,-103082314#1_0,12.23,11.11,10.1
431.5,249,twowheeler,102688631#1_0,12.31,11.11,10.8
431.5,416,car,102688627#4_0,12.46,11.11,12.2
431.5,460,car,:1190100058_0_0,7.71,6.88,12.0
431.5,715,twowheeler,102961717#0_0,15.35,13.89,10.5
432.0,663,twowheeler,:663943275_7_0,12.66,11.11,14.0
432.0,711,twowheeler,:10943435169_0_0,7.23,6.42,12.6
432.0,715,twowheeler,102961717#0_0,15.55,13.89,11.9
432.5,509,twowheeler,103050330#0_0,15.61,13.89,12.4
432.5,711,twowheeler,:10943435169_0_0,7.06,6.42,10.0
432.5,715,twowheeler,102961717#0_0,15.51,13.89,11.6
433.0,663,twowheeler,102690982#3_0,12.32,11.11,10.9
433.5,227,twowheeler,:1191863749_2_0,7.18,6.49,10.6
433.5,443,twowheeler,:cluster_10281958925_10281958926_6508834064_6508834065_#1more_9_0,9.47,8.03,17.9
433.5,663,twowheeler,102690982#3_0,13.02,11.11,17.2
434.0,715,twowheeler,102961717#0_0,15.57,13.89,12.1
434.5,496,car,1126633510#0_0,12.28,11.11,10.5
434.5,663,twowheeler,102690982#3_0,13.02,11.11,17.2
435.0,460,car,52152323#0_0,12.23,11.11,10.1
435.0,663,twowheeler,102690982#3_0,12.48,11.11,12.3
435.5,249,twowheeler,:1190100199_0_0,12.32,11.11,10.9
435.5,443,twowheeler,:cluster_10281958925_10281958926_6508834064_6508834065_#1more_17_0,9.32,8.03,16.1
435.5,663,twowheeler,102690982#3_0,12.48,11.11,12.4
436.0,443,twowheeler,:cluster_10281958925_10281958926_6508834064_6508834065_#1more_17_0,9.12,8.03,13.5
436.0,460,car,:cluster_10943717330_6470135655_4_0,12.43,11.11,11.9
436.0,715,twowheeler,102961717#0_0,15.51,13.89,11.7
436.5,460,car,:cluster_10943717330_6470135655_4_0,12.38,11.11,11.4
436.5,663,twowheeler,102690982#3_0,12.38,11.11,11.4
437.0,715,twowheeler,102961717#0_0,15.56,13.89,12.0
438.0,249,twowheeler,102688631#2_0,12.25,11.11,10.3
438.0,460,car,:cluster_10943717330_6470135655_4_0,12.39,11.11,11.5
438.0,509,twowheeler,:1177161698_10_0,8.72,7.79,12.0
438.0,663,twowheeler,102690982#3_0,12.39,11.11,11.5
438.5,687,twowheeler,1435087429_0,12.32,11.11,10.9
438.5,711,twowheeler,1087118362#8_0,12.41,11.11,11.7
438.5,715,twowheeler,102961717#0_0,15.89,13.89,14.4
439.0,249,twowheeler,102688631#3_0,12.29,11.11,10.6
439.0,555,twowheeler,:cluster_1177211838_13300645525_13300645528_0_0,6.86,6.14,11.8
439.0,689,twowheeler,:cluster_10281958922_663940594_1_1,16.27,13.89,17.2
439.5,496,car,1126633510#0_0,12.22,11.11,10.0
439.5,555,twowheeler,:cluster_1177211838_13300645525_13300645528_0_0,6.86,6.14,11.7
439.5,560,car,52155750#1_0,15.31,13.89,10.2
439.5,689,twowheeler,:cluster_10281958922_663940594_1_1,15.53,13.89,11.8
439.5,711,twowheeler,1087118362#8_0,12.44,11.11,12.0
439.5,715,twowheeler,:10680197981_1_0,15.54,13.89,11.9
439.5,717,twowheeler,:1177211334_5_0,4.28,3.65,17.3
439.5,731,twowheeler,:664446125_0_0,12.86,11.11,15.7
440.0,689,twowheeler,1251129390#0_1,13.19,11.11,18.7
440.0,717,twowheeler,:1177211334_5_0,4.12,3.65,12.9
440.5,249,twowheeler,102688631#3_0,12.28,11.11,10.6
440.5,496,car,1126633510#0_0,12.25,11.11,10.3
440.5,560,car,52155750#1_0,15.69,13.89,13.0
440.5,689,twowheeler,1251129390#0_1,12.8,11.11,15.2
440.5,711,twowheeler,:1177160716_0_0,12.33,11.11,11.0
440.5,715,twowheeler,102961717#1_0,15.74,13.89,13.4
441.0,496,car,1126633510#0_0,12.26,11.11,10.4
441.0,560,car,:1177161675_7_0,15.42,13.89,11.0
441.0,689,twowheeler,1251129390#0_1,13.01,11.11,17.1
441.0,711,twowheeler,1087118362#9_0,12.22,11.11,10.0
441.0,715,twowheeler,102961717#1_0,15.61,13.89,12.4
441.5,687,twowheeler,1435087429_0,12.24,11.11,10.2
441.5,689,twowheeler,1251129390#0_1,13.24,11.11,19.2
442.0,249,twowheeler,102688631#4_0,12.25,11.11,10.3
442.0,496,car,1126633510#0_0,12.24,11.11,10.2
442.0,689,twowheeler,1251129390#0_1,12.37,11.11,11.4
442.0,711,twowheeler,1087118362#9_0,12.37,11.11,11.3
442.0,715,twowheeler,:10680197991_1_0,15.89,13.89,14.4
442.0,731,twowheeler,:664446124_1_0,12.41,11.11,11.7
442.5,663,twowheeler,102690982#4_0,12.96,11.11,16.7
442.5,689,twowheeler,1251129390#0_1,12.48,11.11,12.4
442.5,731,twowheeler,:664446124_1_0,13.66,11.11,22.9
443.0,314,autorickshaw,102688631#1_0,12.28,11.11,10.5
443.0,460,car,52152323#3_0,12.33,11.11,10.9
443.0,560,car,52155750#2_0,15.28,13.89,10.0
443.0,676,car,102690992#0_0,12.33,11.11,11.0
443.0,689,twowheeler,1251129390#0_1,13.18,11.11,18.6
443.0,731,twowheeler,52152219#1_0,13.41,11.11,20.7
443.5,314,autorickshaw,102688631#1_0,12.26,11.11,10.3
443.5,460,car,52152323#3_0,12.23,11.11,10.1
443.5,560,car,52155750#2_0,15.61,13.89,12.4
443.5,689,twowheeler,1251129390#0_1,12.36,11.11,11.3
443.5,731,twowheeler,52152219#1_0,13.55,11.11,22.0
444.0,663,twowheeler,102690982#4_0,12.32,11.11,10.9
444.0,689,twowheeler,1251129390#0_1,12.77,11.11,15.0
444.0,731,twowheeler,52152219#1_0,14.21,11.11,27.9
444.5,249,twowheeler,102688631#5_0,12.27,11.11,10.4
444.5,560,car,52155750#2_0,15.28,13.89,10.0
444.5,663,twowheeler,102690982#4_0,12.26,11.11,10.3
444.5,689,twowheeler,1251129390#0_1,12.38,11.11,11.4
444.5,731,twowheeler,52152219#1_0,13.83,11.11,24.5
445.0,555,twowheeler,-101972912#0_0,15.41,13.89,11.0
445.0,663,twowheeler,102690982#4_0,12.99,11.11,17.0
445.0,676,car,102690992#1_0,12.27,11.11,10.4
445.0,689,twowheeler,1251129390#0_1,13.4,11.11,20.6
445.0,711,twowheeler,1087118362#9_0,12.31,11.11,10.8
445.0,731,twowheeler,52152219#1_0,14.11,11.11,27.0
445.5,663,twowheeler,102690982#4_0,12.62,11.11,13.6
445.5,689,twowheeler,1251129390#0_1,12.81,11.11,15.3
445.5,711,twowheeler,1087118362#9_0,12.61,11.11,13.5
445.5,715,twowheeler,:10680197995_0_0,15.46,13.89,11.3
445.5,731,twowheeler,52152219#1_0,14.31,11.11,28.8
446.0,663,twowheeler,102690982#4_0,12.93,11.11,16.3
446.0,676,car,102690992#1_0,12.3,11.11,10.7
446.0,689,twowheeler,1251129390#0_1,12.56,11.11,13.1
446.0,711,twowheeler,:1177161703_3_0,12.57,11.11,13.1
446.0,731,twowheeler,52152219#1_0,14.33,11.11,29.0
446.0,737,twowheeler,102961717#2_0,15.45,13.89,11.2
446.5,663,twowheeler,102690982#4_0,13.02,11.11,17.2
446.5,676,car,102690992#1_0,12.46,11.11,12.1
446.5,689,twowheeler,1251129390#0_1,12.86,11.11,15.8
446.5,715,twowheeler,:10680197995_0_0,15.89,13.89,14.4
446.5,731,twowheeler,52152219#1_0,14.44,11.11,30.0
447.0,346,car,103230607#5_0,15.36,13.89,10.6
447.0,663,twowheeler,102690982#4_0,12.48,11.11,12.3
447.0,676,car,102690992#1_0,12.47,11.11,12.2
447.0,689,twowheeler,1251129390#0_1,13.48,11.11,21.4
447.0,731,twowheeler,52152219#1_0,14.53,11.11,30.8
447.5,663,twowheeler,102690982#4_0,12.88,11.11,15.9
447.5,676,car,102690992#1_0,12.26,11.11,10.3
447.5,689,twowheeler,1251129390#0_1,12.93,11.11,16.4
447.5,731,twowheeler,52152219#1_0,13.87,11.11,24.8
448.0,460,car,52152323#5_0,12.48,11.11,12.4
448.0,496,car,1126633510#1_0,12.25,11.11,10.3
448.0,663,twowheeler,102690982#4_0,12.23,11.11,10.1
448.0,676,car,102690992#1_0,12.45,11.11,12.1
448.0,689,twowheeler,1251129390#0_1,13.42,11.11,20.8
448.0,715,twowheeler,102961717#3_0,15.62,13.89,12.5
448.0,731,twowheeler,52152219#1_0,14.44,11.11,30.0
448.0,737,twowheeler,102961717#3_0,15.53,13.89,11.8
448.5,496,car,1126633510#1_0,12.29,11.11,10.6
448.5,676,car,102690992#1_0,12.41,11.11,11.7
448.5,689,twowheeler,1251129390#0_1,12.23,11.11,10.1
448.5,737,twowheeler,102961717#3_0,15.46,13.89,11.3
449.0,395,twowheeler,102688631#2_0,12.44,11.11,12.0
449.0,689,twowheeler,1251129390#0_1,13.24,11.11,19.2
449.0,717,twowheeler,:1177211468_6_0,16.14,13.89,16.2
449.5,676,car,102690992#1_0,12.29,11.11,10.6
449.5,689,twowheeler,:1177211539_0_1,12.38,11.11,11.4
449.5,715,twowheeler,102961717#3_0,15.58,13.89,12.1
449.5,717,twowheeler,:1177211468_6_0,15.86,13.89,14.2
450.0,689,twowheeler,1251129390#1_1,13.45,11.11,21.0
450.0,717,twowheeler,101972960#1_0,15.88,13.89,14.3
450.5,346,car,103230607#5_0,15.35,13.89,10.5
450.5,676,car,:cluster_11942000232_664472748_13_0,12.31,11.11,10.8
450.5,689,twowheeler,1251129390#1_1,12.63,11.11,13.7
450.5,715,twowheeler,:1189036766_0_0,15.28,13.89,10.0
451.0,676,car,:cluster_11942000232_664472748_13_0,12.39,11.11,11.6
451.0,689,twowheeler,1251129390#1_1,12.5,11.11,12.5
451.0,711,twowheeler,1087118362#11_0,12.25,11.11,10.3
451.0,715,twowheeler,102961717#4_0,15.78,13.89,13.6
451.5,689,twowheeler,1251129390#1_1,13.02,11.11,17.2
451.5,711,twowheeler,1087118362#11_0,12.28,11.11,10.6
451.5,717,twowheeler,:1177211769_6_0,8.85,7.64,15.9
452.0,395,twowheeler,102688631#3_0,12.26,11.11,10.3
452.0,689,twowheeler,1251129390#1_1,12.84,11.11,15.6
452.0,717,twowheeler,:1177211769_6_0,8.93,7.64,16.9
452.5,314,autorickshaw,102688631#4_0,12.24,11.11,10.2
452.5,395,twowheeler,102688631#3_0,12.51,11.11,12.6
452.5,521,twowheeler,1251129390#3_1,12.28,11.11,10.5
452.5,689,twowheeler,1251129390#1_1,12.87,11.11,15.9
452.5,731,twowheeler,:cluster_13298747750_13298747754_7007141699_3_0,11.7,9.93,17.9
453.0,731,twowheeler,:cluster_13298747750_13298747754_7007141699_3_0,12.94,9.93,30.3
453.5,711,twowheeler,1087118362#11_0,12.56,11.11,13.0
453.5,731,twowheeler,1126633510#0_0,12.86,11.11,15.7
454.0,521,twowheeler,1251129390#3_1,12.26,11.11,10.4
454.0,711,twowheeler,1087118362#11_0,12.4,11.11,11.6
454.0,731,twowheeler,1126633510#0_0,14.11,11.11,27.0
454.5,227,twowheeler,-103230574_0,3.07,2.78,10.5
454.5,395,twowheeler,:6469974905_3_0,12.28,11.11,10.5
454.5,555,twowheeler,:1177211571_4_0,15.52,13.89,11.7
454.5,731,twowheeler,1126633510#0_0,13.72,11.11,23.5
455.0,395,twowheeler,:6469974905_3_0,12.64,11.11,13.7
455.0,521,twowheeler,1251129390#3_1,12.27,11.11,10.5
455.0,676,car,102690992#2_0,12.45,11.11,12.1
455.0,731,twowheeler,1126633510#0_0,14.1,11.11,26.9
455.5,676,car,102690992#2_0,12.46,11.11,12.2
455.5,731,twowheeler,1126633510#0_0,13.42,11.11,20.8
455.5,750,car,1275560131_0,3.06,2.78,10.2
456.0,227,twowheeler,-103230574_0,3.07,2.78,10.6
456.0,395,twowheeler,102688631#5_0,12.48,11.11,12.4
456.0,731,twowheeler,1126633510#0_0,14.48,11.11,30.3
456.5,395,twowheeler,102688631#5_0,12.42,11.11,11.8
456.5,731,twowheeler,1126633510#0_0,14.07,11.11,26.7
456.5,750,car,1275560131_0,3.16,2.78,13.6
457.0,395,twowheeler,102688631#5_0,12.58,11.11,13.2
457.0,681,twowheeler,-52155750#2_0,15.65,13.89,12.6
457.0,731,twowheeler,1126633510#0_0,13.56,11.11,22.0
457.0,750,car,1275560131_0,3.16,2.78,13.6
457.5,676,car,102690992#2_0,12.4,11.11,11.6
457.5,681,twowheeler,-52155750#2_0,15.66,13.89,12.7
457.5,731,twowheeler,1126633510#0_0,13.75,11.11,23.8
458.0,486,car,:cluster_10917990606_663844223_5_0,6.61,5.75,15.0
458.0,731,twowheeler,1126633510#0_0,14.56,11.11,31.1
458.5,486,car,:cluster_10917990606_663844223_5_0,7.08,5.75,23.1
458.5,496,car,102688631#1_0,12.25,11.11,10.3
458.5,731,twowheeler,1126633510#0_0,13.55,11.11,21.9
459.0,486,car,:cluster_10917990606_663844223_5_0,6.49,5.75,12.9
459.0,731,twowheeler,1126633510#0_0,13.46,11.11,21.2
459.5,496,car,102688631#1_0,12.26,11.11,10.3
459.5,731,twowheeler,1126633510#0_0,14.12,11.11,27.1
460.0,731,twowheeler,1126633510#0_0,13.85,11.11,24.7
460.5,227,twowheeler,-103230574_0,3.08,2.78,11.0
460.5,521,twowheeler,1251129391_0,12.27,11.11,10.5
460.5,731,twowheeler,1126633510#0_0,14.43,11.11,29.8
461.0,227,twowheeler,-103230574_0,3.08,2.78,11.0
461.0,496,car,102688631#2_0,12.23,11.11,10.1
461.0,731,twowheeler,1126633510#0_0,13.74,11.11,23.7
461.5,521,twowheeler,1251129391_0,12.23,11.11,10.1
461.5,635,twowheeler,1251129390#3_0,12.25,11.11,10.3
461.5,731,twowheeler,1126633510#0_0,14.49,11.11,30.4
462.0,540,car,:cluster_13300645520_13300645530_663844204_5_0,8.48,7.61,11.5
462.0,635,twowheeler,1251129390#3_0,12.36,11.11,11.2
462.0,731,twowheeler,1126633510#0_0,14.23,11.11,28.1
462.0,750,car,:11843639556_4_0,3.11,2.78,12.0
462.5,540,car,:cluster_13300645520_13300645530_663844204_5_0,8.53,7.61,12.1
462.5,635,twowheeler,1251129390#3_0,12.34,11.11,11.1
462.5,731,twowheeler,1126633510#0_0,13.32,11.11,19.9
463.0,635,twowheeler,1251129390#3_0,12.54,11.11,12.9
463.0,731,twowheeler,1126633510#0_0,14.44,11.11,29.9
463.0,767,twowheeler,1275560131_0,3.16,2.78,13.8
463.5,635,twowheeler,1251129390#3_0,12.45,11.11,12.1
463.5,731,twowheeler,1126633510#1_0,14.28,11.11,28.5
463.5,767,twowheeler,1275560131_0,3.16,2.78,13.8
464.0,687,twowheeler,:1177211334_6_0,6.97,6.28,11.0
464.0,731,twowheeler,1126633510#1_0,14.33,11.11,29.0
464.5,731,twowheeler,1126633510#1_0,14.11,11.11,27.0
465.0,496,car,102688631#3_0,12.23,11.11,10.1
465.0,731,twowheeler,1126633510#1_0,14.12,11.11,27.1
465.0,773,twowheeler,-101966397#1_0,15.62,13.89,12.4
465.5,346,car,50219794#10_1,12.24,11.11,10.1
465.5,731,twowheeler,1126633510#1_0,14.56,11.11,31.1
465.5,775,twowheeler,50219794#13_0,12.41,11.11,11.7
466.0,731,twowheeler,1126633510#1_0,13.53,11.11,21.8
466.0,773,twowheeler,-101966397#1_0,15.47,13.89,11.4
466.0,775,twowheeler,50219794#13_0,12.68,11.11,14.1
466.5,731,twowheeler,1126633510#1_0,13.74,11.11,23.7
467.0,540,car,1128043714#1_0,12.29,11.11,10.6
467.0,731,twowheeler,1126633510#1_0,13.89,11.11,25.0
467.0,767,twowheeler,:11843639556_4_0,3.06,2.78,10.0
467.0,773,twowheeler,:1189868591_6_0,15.74,13.89,13.3
467.5,540,car,1128043714#1_0,12.56,11.11,13.1
467.5,555,twowheeler,101972898#2_0,15.48,13.89,11.5
467.5,731,twowheeler,1126633510#1_0,13.53,11.11,21.8
468.0,731,twowheeler,1126633510#1_0,13.6,11.11,22.5
468.0,775,twowheeler,50219794#13_0,12.23,11.11,10.1
468.5,540,car,1128043714#2_0,12.39,11.11,11.5
468.5,731,twowheeler,1126633510#1_0,14.32,11.11,28.9
469.0,227,twowheeler,103230574_0,3.07,2.78,10.4
469.0,731,twowheeler,1126633510#1_0,14.11,11.11,27.0
469.5,731,twowheeler,1126633510#1_0,13.68,11.11,23.1
469.5,750,car,-1178018200#0_0,3.08,2.78,10.8
469.5,761,twowheeler,-52155752#1_0,15.53,13.89,11.8
469.5,767,twowheeler,-1178018200#0_0,3.16,2.78,13.7
469.5,773,twowheeler,-101966397#0_0,15.38,13.89,10.7
470.0,731,twowheeler,1126633510#1_0,13.81,11.11,24.3
470.0,750,car,-1178018200#0_0,3.11,2.78,11.9
470.5,346,car,50219794#11_1,12.28,11.11,10.6
470.5,555,twowheeler,101972898#3_0,15.33,13.89,10.4
470.5,750,car,-1178018200#0_0,3.16,2.78,13.6
470.5,761,twowheeler,-52155752#1_0,15.42,13.89,11.0
471.0,496,car,102688631#5_0,12.28,11.11,10.5
471.0,687,twowheeler,101972960#0_0,15.33,13.89,10.4
471.0,750,car,-1178018200#0_0,3.16,2.78,13.6
471.0,773,twowheeler,-101966397#0_0,15.76,13.89,13.4
471.0,775,twowheeler,50219794#13_0,12.56,11.11,13.0
471.5,761,twowheeler,-52155752#1_0,15.4,13.89,10.9
471.5,767,twowheeler,-1178018200#0_0,3.14,2.78,13.0
471.5,773,twowheeler,-101966397#0_0,15.64,13.89,12.6
472.5,773,twowheeler,-101966397#0_0,15.66,13.89,12.7
472.5,775,twowheeler,50219794#14_0,12.43,11.11,11.9
473.0,731,twowheeler,:cluster_10560867453_663943486_6_0,9.99,8.58,16.5
473.0,773,twowheeler,-101966397#0_0,15.69,13.89,13.0
473.0,775,twowheeler,50219794#14_0,12.33,11.11,11.0
473.5,715,twowheeler,:664446557_4_0,7.45,6.73,10.7
473.5,775,twowheeler,:1189036644_3_0,12.49,11.11,12.4
474.0,656,car,1128043714#2_0,12.22,11.11,10.0
474.5,773,twowheeler,-101966397#0_0,15.5,13.89,11.6
474.5,775,twowheeler,50219794#15_0,12.56,11.11,13.0
475.0,410,car,1087118362#5_0,12.24,11.11,10.2
475.0,773,twowheeler,:1177161553_6_0,14.3,12.89,11.0
475.0,775,twowheeler,50219794#15_0,12.62,11.11,13.6
475.5,731,twowheeler,102688631#1_0,13.01,11.11,17.1
475.5,775,twowheeler,50219794#15_0,12.36,11.11,11.3
476.0,731,twowheeler,102688631#1_0,13.76,11.11,23.8
476.5,731,twowheeler,102688631#1_0,14.07,11.11,26.6
477.0,656,car,1128043714#2_0,12.23,11.11,10.1
477.0,731,twowheeler,102688631#1_0,13.89,11.11,25.0
477.0,773,twowheeler,-101966430#2_0,15.74,13.89,13.3
477.5,227,twowheeler,103230574_0,3.08,2.78,10.8
477.5,731,twowheeler,102688631#1_0,14.27,11.11,28.5
478.0,731,twowheeler,:1190100199_0_0,14.0,11.11,26.0
478.0,767,twowheeler,-1178018200#0_0,3.16,2.78,13.8
478.5,731,twowheeler,:1190100199_0_0,14.14,11.11,27.3
478.5,750,car,-1198952554#0_0,12.41,11.11,11.7
478.5,767,twowheeler,-1178018200#0_0,3.16,2.78,13.8
478.5,773,twowheeler,-101966430#1_0,15.44,13.89,11.2
478.5,775,twowheeler,50219794#15_0,12.37,11.11,11.4
479.0,731,twowheeler,102688631#2_0,14.17,11.11,27.6
479.0,750,car,-1198952554#0_0,12.33,11.11,11.0
479.0,773,twowheeler,-101966430#1_0,15.59,13.89,12.3
479.5,715,twowheeler,:1174832811_0_0,12.24,11.11,10.2
479.5,731,twowheeler,102688631#2_0,13.04,11.11,17.4
479.5,761,twowheeler,:10907806554_7_0,15.58,13.89,12.2
480.0,620,car,:1189868561_0_0,12.53,11.11,12.8
480.0,731,twowheeler,102688631#2_0,14.45,11.11,30.1
480.0,750,car,-1198952554#0_0,12.24,11.11,10.2
480.0,773,twowheeler,-101966430#1_0,15.74,13.89,13.3
480.5,362,autorickshaw,1087118362#8_0,12.23,11.11,10.1
480.5,620,car,1087118362#6_0,12.56,11.11,13.1
480.5,715,twowheeler,1387728842#1_0,12.36,11.11,11.3
480.5,731,twowheeler,102688631#2_0,14.29,11.11,28.6
480.5,761,twowheeler,101966430#2_0,15.48,13.89,11.4
480.5,775,twowheeler,1192799365_0,12.31,11.11,10.8
481.0,620,car,1087118362#6_0,12.47,11.11,12.3
481.0,715,twowheeler,:664446125_0_0,12.5,11.11,12.5
481.0,761,twowheeler,101966430#2_0,15.61,13.89,12.4
481.0,775,twowheeler,1192799365_0,12.28,11.11,10.5
481.5,620,car,:10943435169_3_0,12.59,11.11,13.3
481.5,750,car,-1198952554#0_0,12.3,11.11,10.7
482.0,410,car,1087118362#8_0,12.23,11.11,10.1
482.0,620,car,:10943435169_3_0,12.98,11.11,16.8
482.0,715,twowheeler,52152219#0_0,12.5,11.11,12.5
482.5,620,car,1087118362#7_0,12.8,11.11,15.2
482.5,761,twowheeler,:1177161553_4_0,15.53,13.89,11.8
483.0,620,car,1087118362#7_0,13.11,11.11,18.0
483.0,761,twowheeler,:1177161553_4_0,15.3,13.89,10.1
483.5,620,car,1087118362#7_0,12.49,11.11,12.5
483.5,761,twowheeler,101966430#3_0,15.35,13.89,10.5
484.0,620,car,1087118362#7_0,12.94,11.11,16.5
484.0,715,twowheeler,:664446124_0_0,9.1,8.21,10.9
484.0,775,twowheeler,:cluster_10281958932_663804338_7_0,11.92,10.76,10.8
484.5,620,car,1087118362#7_0,12.6,11.11,13.4
484.5,761,twowheeler,101966430#3_0,15.5,13.89,11.6
485.0,249,twowheeler,:cluster_5424222009_664446539_2_0,9.56,8.61,11.1
485.0,620,car,:10907705738_0_0,12.91,11.11,16.2
485.0,761,twowheeler,101966430#3_0,15.66,13.89,12.7
485.5,410,car,1087118362#9_0,12.23,11.11,10.1
485.5,620,car,1087118362#8_0,13.0,11.11,17.0
485.5,767,twowheeler,-1198952554#0_0,12.39,11.11,11.5
486.0,620,car,1087118362#8_0,12.75,11.11,14.8
486.0,767,twowheeler,-1198952554#0_0,12.47,11.11,12.2
486.5,620,car,1087118362#8_0,12.5,11.11,12.5
487.0,620,car,1087118362#8_0,12.53,11.11,12.8
487.0,809,twowheeler,-101966430#2_0,15.69,13.89,13.0
487.5,620,car,1087118362#8_0,12.56,11.11,13.1
488.0,620,car,1087118362#8_0,12.48,11.11,12.3
488.0,761,twowheeler,101966430#3_0,15.31,13.89,10.2
488.0,767,twowheeler,-1198952554#0_0,12.43,11.11,11.8
488.0,809,twowheeler,:10907806554_0_0,15.53,13.89,11.8
488.5,620,car,:1177160716_0_0,12.82,11.11,15.4
488.5,807,twowheeler,:10281958930_2_0,6.81,5.89,15.6
489.0,620,car,1087118362#9_0,13.01,11.11,17.1
489.0,767,twowheeler,-1198952554#0_0,12.32,11.11,10.9
489.5,620,car,1087118362#9_0,13.09,11.11,17.8
489.5,761,twowheeler,101966430#3_0,15.51,13.89,11.7
489.5,809,twowheeler,-101966430#1_0,15.73,13.89,13.3
490.0,457,twowheeler,135461188#0_0,12.27,11.11,10.5
490.0,620,car,1087118362#9_0,12.83,11.11,15.4
490.0,809,twowheeler,-101966430#1_0,15.55,13.89,11.9
490.5,496,car,52085869#0_0,12.24,11.11,10.2
490.5,620,car,1087118362#9_0,12.89,11.11,16.0
490.5,809,twowheeler,-101966430#1_0,15.57,13.89,12.1
491.0,620,car,1087118362#9_0,12.58,11.11,13.3
491.0,773,twowheeler,:1177161508_0_0,6.84,6.0,14.0
491.0,815,twowheeler,-103082325#3_0,15.72,13.89,13.2
491.5,620,car,1087118362#9_0,12.65,11.11,13.9
491.5,815,twowheeler,-103082325#3_0,15.71,13.89,13.1
492.0,620,car,1087118362#9_0,12.64,11.11,13.8
492.5,620,car,1087118362#9_0,13.1,11.11,17.9
492.5,635,twowheeler,:1177160573_1_0,8.57,7.56,13.3
493.0,620,car,1087118362#9_0,12.48,11.11,12.3
493.0,635,twowheeler,:1177160573_9_0,8.34,7.56,10.4
493.0,815,twowheeler,-103082325#3_0,15.28,13.89,10.0
493.5,620,car,1087118362#9_0,12.74,11.11,14.6
493.5,815,twowheeler,-103082325#3_0,15.42,13.89,11.0
494.0,620,car,:1177161703_3_0,12.65,11.11,13.9
494.5,620,car,1087118362#10_0,12.74,11.11,14.6
494.5,807,twowheeler,:1177161043_4_0,9.25,8.17,13.2
495.0,620,car,1087118362#10_0,12.94,11.11,16.4
495.5,620,car,:13619904153_0_0,12.52,11.11,12.7
495.5,632,autorickshaw,1251129390#3_1,12.24,11.11,10.2
496.0,620,car,:13619904153_0_0,12.58,11.11,13.3
496.5,620,car,1087118362#11_0,12.92,11.11,16.3
496.5,825,twowheeler,-101757288#1_0,15.46,13.89,11.3
497.0,620,car,1087118362#11_0,12.73,11.11,14.6
497.0,773,twowheeler,-102688627#1_0,12.4,11.11,11.6
497.5,620,car,1087118362#11_0,12.82,11.11,15.4
497.5,825,twowheeler,-101757288#1_0,15.31,13.89,10.2
498.0,620,car,1087118362#11_0,13.08,11.11,17.7
498.0,773,twowheeler,:1177160573_0_0,12.39,11.11,11.5
498.0,809,twowheeler,-101966430#0_0,15.49,13.89,11.5
498.5,620,car,1087118362#11_0,12.55,11.11,13.0
498.5,773,twowheeler,-102688627#0_0,12.28,11.11,10.6
499.0,620,car,1087118362#11_0,12.66,11.11,13.9
499.5,595,twowheeler,1251129390#3_0,12.29,11.11,10.7
499.5,620,car,1087118362#11_0,13.1,11.11,17.9
499.5,711,twowheeler,1312946259#3_0,12.32,11.11,10.9
499.5,773,twowheeler,-102688627#0_0,12.32,11.11,10.9
500.0,620,car,1087118362#11_0,12.81,11.11,15.3
500.0,711,twowheeler,1312946259#3_0,12.38,11.11,11.4
